kieu	ids	kind	CharacterType	ResFilePath	normal_res	spr_info	nguon_hang	actions	path	uid	trang_thai	sua	ghi_chu
passerby410	2467,2476	co	NormalNpc	spr\npcres\passerby\passerby410	co	co	JX1	FightStand,NormalStand1,NormalStand2	\spr\npcres\passerby\passerby410\passerby410_st01.spr	4C33B8F2	JX1:updatejx15.pak		
boss202	2607	co	NormalNpc	spr\npcres\boss\boss202	co	co	JX1	FightStand	\spr\npcres\boss\boss202\boss202_st01.spr	5F4D1DF7	JX1:updatejx16.pak		
boss202	2607	co	NormalNpc	spr\npcres\boss\boss202	co	co	JX1	NormalStand1,NormalStand2,SitDown	\spr\npcres\boss\boss202\boss202_st02.spr	5863FBA2	JX1:updatejx16.pak		
boss202	2607	co	NormalNpc	spr\npcres\boss\boss202	co	co	JX1	FightWalk,NormalWalk,FightRun,NormalRun,JunpFly	\spr\npcres\boss\boss202\boss202_wlk.spr	3F8608F9	JX1:updatejx16.pak		
boss202	2607	co	NormalNpc	spr\npcres\boss\boss202	co	co	JX1	Wound	\spr\npcres\boss\boss202\boss202_bat.spr	0D47718E	JX1:updatejx16.pak		
boss202	2607	co	NormalNpc	spr\npcres\boss\boss202	co	co	JX1	Die	\spr\npcres\boss\boss202\boss202_die.spr	F2E29DD9	JX1:updatejx16.pak		
boss202	2607	co	NormalNpc	spr\npcres\boss\boss202	co	co	JX1	Attack1	\spr\npcres\boss\boss202\boss202_at01.spr	DD4A0268	JX1:updatejx16.pak		
boss202	2607	co	NormalNpc	spr\npcres\boss\boss202	co	co	JX1	Attack2,Magic	\spr\npcres\boss\boss202\boss202_at02.spr	DE68E023	JX1:updatejx16.pak		
passerby404	2468	co	NormalNpc	spr\npcres\passerby\passerby404	co	co	JX1	FightStand,NormalStand1,NormalStand2	\spr\npcres\passerby\passerby404\passerby404_st01.spr	B79AD93B	JX1:updatejx15.pak		
passerby406	2469	co	NormalNpc	spr\npcres\passerby\passerby406	co	co	JX1	FightStand,NormalStand1,NormalStand2	\spr\npcres\passerby\passerby406\passerby406_st01.spr	ED59EB83	JX1:updatejx15.pak		
passerby408	2470	co	NormalNpc	spr\npcres\passerby\passerby408	co	co	JX1	FightStand,NormalStand1,NormalStand2	\spr\npcres\passerby\passerby408\passerby408_st01.spr	D423598A	JX1:updatejx15.pak		
passerby180	2471	co	NormalNpc	spr\npcres\passerby\passerby180	co	co	JX1	FightStand,NormalStand1,SitDown	\spr\npcres\passerby\passerby180\passerby180_st.spr	50B79BF8	JX1:spr.pak		
passerby180	2471	co	NormalNpc	spr\npcres\passerby\passerby180	co	co	JX1	NormalStand2	\spr\npcres\passerby\passerby180\passerby180_pst.spr	C1AEEA45	JX1:spr.pak		
passerby319	2472	co	NormalNpc	spr\npcres\passerby\passerby319	co	co	JX1	FightStand	\spr\npcres\passerby\passerby319\qinglvhupizhuang(nan)_st01.spr	173057DE	JX1:updatejx15.pak		
passerby319	2472	co	NormalNpc	spr\npcres\passerby\passerby319	co	co	JX1	NormalStand1,NormalStand2,SitDown	\spr\npcres\passerby\passerby319\qinglvhupizhuang(nan)_st02.spr	12319683	JX1:updatejx15.pak		
passerby319	2472	co	NormalNpc	spr\npcres\passerby\passerby319	co	co	JX1	FightWalk,NormalWalk,FightRun,NormalRun,JunpFly	\spr\npcres\passerby\passerby319\qinglvhupizhuang(nan)_wlk.spr	2D8574A4	JX1:updatejx15.pak		
passerby319	2472	co	NormalNpc	spr\npcres\passerby\passerby319	co	co	JX1	Wound	\spr\npcres\passerby\passerby319\qinglvhupizhuang(nan)_bat.spr	7A1C3B04	JX1:updatejx15.pak		
passerby319	2472	co	NormalNpc	spr\npcres\passerby\passerby319	co	co	JX1	Die	\spr\npcres\passerby\passerby319\qinglvhupizhuang(nan)_die.spr	1CBC16AD	JX1:updatejx15.pak		
passerby319	2472	co	NormalNpc	spr\npcres\passerby\passerby319	co	co	JX1	Attack1	\spr\npcres\passerby\passerby319\qinglvhupizhuang(nan)_at01.spr	4929E5BD	JX1:updatejx15.pak		
passerby319	2472	co	NormalNpc	spr\npcres\passerby\passerby319	co	co	JX1	Attack2,Magic	\spr\npcres\passerby\passerby319\qinglvhupizhuang(nan)_at02.spr	442B2562	JX1:updatejx15.pak		
passerby403	2473,2600	co	NormalNpc	spr\npcres\passerby\passerby403	co	co	JX1	FightStand,NormalStand1,NormalStand2	\spr\npcres\passerby\passerby403\passerby403_st01.spr	BC4B32BB	JX1:updatejx15.pak		
passerby409	2474	co	NormalNpc	spr\npcres\passerby\passerby409	co	co	JX1	FightStand,NormalStand1,NormalStand2	\spr\npcres\passerby\passerby409\passerby409_st01.spr	F6EBA342	JX1:updatejx15.pak		
passerby345	2475	co	NormalNpc	spr\npcres\passerby\passerby345	co	co	JX1	FightStand	\spr\npcres\passerby\passerby345\passerby345_st01.spr	0858CD16	JX1:updatejx15.pak		
passerby345	2475	co	NormalNpc	spr\npcres\passerby\passerby345	co	co	JX1	NormalStand1,NormalStand2,SitDown	\spr\npcres\passerby\passerby345\passerby345_st02.spr	04735795	JX1:updatejx15.pak		
passerby345	2475	co	NormalNpc	spr\npcres\passerby\passerby345	co	co	JX1	FightWalk,NormalWalk,FightRun,NormalRun,JunpFly	\spr\npcres\passerby\passerby345\passerby345_wlk.spr	C6757EB2	JX1:updatejx15.pak		
passerby345	2475	co	NormalNpc	spr\npcres\passerby\passerby345	co	co	JX1	Wound	\spr\npcres\passerby\passerby345\passerby345_bat.spr	00513A0D	JX1:updatejx15.pak		
passerby345	2475	co	NormalNpc	spr\npcres\passerby\passerby345	co	co	JX1	Die	\spr\npcres\passerby\passerby345\passerby345_die.spr	301044A4	JX1:updatejx15.pak		
passerby345	2475	co	NormalNpc	spr\npcres\passerby\passerby345	co	co	JX1	Attack1	\spr\npcres\passerby\passerby345\passerby345_at01.spr	D8636B35	JX1:updatejx15.pak		
passerby345	2475	co	NormalNpc	spr\npcres\passerby\passerby345	co	co	JX1	Attack2,Magic	\spr\npcres\passerby\passerby345\passerby345_at02.spr	D405F5B4	JX1:updatejx15.pak		
passerby027	2480	co	NormalNpc	spr\npcres\passerby\passerby027	co	co	JX1	FightStand,NormalStand1,SitDown	\spr\npcres\passerby\passerby027\passerby027z.spr	FE9FBDA0	JX1:spr.pak		
passerby027	2480	co	NormalNpc	spr\npcres\passerby\passerby027	co	co	JX1	NormalStand2	\spr\npcres\passerby\passerby027\passerby027s.spr	15602BFB	JX1:spr.pak		
passerby175	2481	co	NormalNpc	spr\npcres\passerby\passerby175	co	co	JX1	FightStand,NormalStand1,SitDown	\spr\npcres\passerby\passerby175\passerby175_st.spr	6D438F02	JX1:spr.pak		
passerby175	2481	co	NormalNpc	spr\npcres\passerby\passerby175	co	co	JX1	NormalStand2	\spr\npcres\passerby\passerby175\passerby175_pst.spr	D551A6DB	JX1:spr.pak		
passerby320	2482	co	NormalNpc	spr\npcres\passerby\passerby320	co	co	JX1	FightStand	\spr\npcres\passerby\passerby320\qinglvhupizhuang(nv)_st01.spr	367650A5	THIEU CA HAI		
passerby320	2482	co	NormalNpc	spr\npcres\passerby\passerby320	co	co	JX1	NormalStand1,NormalStand2,SitDown	\spr\npcres\passerby\passerby320\qinglvhupizhuang(nv)_st02.spr	0D6D26FB	THIEU CA HAI		
passerby320	2482	co	NormalNpc	spr\npcres\passerby\passerby320	co	co	JX1	FightWalk,NormalWalk,FightRun,NormalRun,JunpFly	\spr\npcres\passerby\passerby320\qinglvhupizhuang(nv)_wlk.spr	A20CFCDD	THIEU CA HAI		
passerby320	2482	co	NormalNpc	spr\npcres\passerby\passerby320	co	co	JX1	Wound	\spr\npcres\passerby\passerby320\qinglvhupizhuang(nv)_bat.spr	759C2BED	THIEU CA HAI		
passerby320	2482	co	NormalNpc	spr\npcres\passerby\passerby320	co	co	JX1	Die	\spr\npcres\passerby\passerby320\qinglvhupizhuang(nv)_die.spr	A01F3336	THIEU CA HAI		
passerby320	2482	co	NormalNpc	spr\npcres\passerby\passerby320	co	co	JX1	Attack1	\spr\npcres\passerby\passerby320\qinglvhupizhuang(nv)_at01.spr	A4A2E9EC	THIEU CA HAI		
passerby320	2482	co	NormalNpc	spr\npcres\passerby\passerby320	co	co	JX1	Attack2,Magic	\spr\npcres\passerby\passerby320\qinglvhupizhuang(nv)_at02.spr	A39A7F42	THIEU CA HAI		
passerby297	2483,2294	co	NormalNpc	spr\npcres\passerby\passerby297	co	co	JX1	FightStand,NormalStand1,NormalStand2	\spr\npcres\passerby\passerby297\passerby297_st01.spr	079C41A1	JX1:updatejx14.pak		
enemy088	2490	co	NormalNpc	spr\npcres\enemy\enemy088	co	co	JX1	FightStand,NormalStand1,FightWalk,NormalWalk,FightRun,NormalRun,Wound,Die,SitDown,JunpFly	\spr\npcres\enemy\enemy088\enemy088_st.spr	F21B9557	JX1:spr.pak		
enemy088	2490	co	NormalNpc	spr\npcres\enemy\enemy088	co	co	JX1	NormalStand2	\spr\npcres\enemy\enemy088\enemy088_pst.spr	9E1A867B	JX1:spr.pak		
enemy088	2490	co	NormalNpc	spr\npcres\enemy\enemy088	co	co	JX1	Attack1,Attack2	\spr\npcres\enemy\enemy088\enemy088_at.spr	303516AD	JX1:spr.pak		
passerby388	2494,2268,2276,2283	co	NormalNpc	spr\npcres\passerby\passerby388	co	co	JX1	FightStand,NormalStand1,NormalStand2,SitDown	\spr\npcres\passerby\passerby388\passerby388_st.spr	0B1A76B7	JX1:updatejx14.pak		
passerby044	1846	co	NormalNpc	spr\npcres\passerby\passerby044	co	co	JX1	FightStand,NormalStand1,NormalStand2,SitDown	\spr\npcres\passerby\passerby044\passerby044z.spr	A7479F98	JX1:spr.pak		
passerby198	625	co	NormalNpc	spr\npcres\passerby\passerby198	co	co	JX1	FightStand,NormalStand1,NormalStand2,SitDown	\spr\npcres\passerby\passerby198\passerby198.spr	DEC99228	JX1:update01.pak		
passerby438	2608	co	NormalNpc	spr\npcres\passerby\passerby438	co	co	JX1	FightStand,NormalStand1,NormalStand2	\spr\npcres\passerby\passerby438\passerby438.spr	17D61C88	JX1:updatejx16.pak		
passerby436	2609	co	NormalNpc	spr\npcres\passerby\passerby436	co	co	JX1	FightStand,NormalStand1,NormalStand2	\spr\npcres\passerby\passerby436\passerby436.spr	BE380105	JX1:updatejx16.pak		
passerby437	2610	co	NormalNpc	spr\npcres\passerby\passerby437	co	co	JX1	FightStand,NormalStand1,NormalStand2	\spr\npcres\passerby\passerby437\passerby437.spr	093DBEC9	JX1:updatejx16.pak		
passerby431	2611	co	NormalNpc	spr\npcres\passerby\passerby431	co	co	JX1	FightStand,NormalStand1,NormalStand2	\spr\npcres\passerby\passerby431\passerby431.spr	A84E63A7	JX1:updatejx16.pak		
passerby439	2612	co	NormalNpc	spr\npcres\passerby\passerby439	co	co	JX1	FightStand,NormalStand1,NormalStand2	\spr\npcres\passerby\passerby439\passerby439.spr	4A362EEC	JX1:updatejx16.pak		
passerby432	2613	co	NormalNpc	spr\npcres\passerby\passerby432	co	co	JX1	FightStand,NormalStand1,NormalStand2	\spr\npcres\passerby\passerby432\passerby432_st01.spr	708EEDBB	JX1:updatejx16.pak		
passerby432	2613	co	NormalNpc	spr\npcres\passerby\passerby432	co	co	JX1	FightWalk,NormalWalk,FightRun,NormalRun,JunpFly	\spr\npcres\passerby\passerby432\passerby432_wlk.spr	96815FF3	JX1:updatejx16.pak		
passerby433	2614	co	NormalNpc	spr\npcres\passerby\passerby433	co	co	JX1	FightStand,NormalStand1,NormalStand2	\spr\npcres\passerby\passerby433\passerby433_st01.spr	C3C72650	JX1:updatejx16.pak		
passerby433	2614	co	NormalNpc	spr\npcres\passerby\passerby433	co	co	JX1	FightWalk,NormalWalk,FightRun,NormalRun,JunpFly	\spr\npcres\passerby\passerby433\passerby433_wlk.spr	4AB02F3D	JX1:updatejx16.pak		
boss130	2185	co	NormalNpc	spr\npcres\boss\boss130	co	co	JX1	FightStand	\spr\npcres\boss\boss130\boss130_st01.spr	11B64F7B	JX1:updatejx14.pak		
boss130	2185	co	NormalNpc	spr\npcres\boss\boss130	co	co	JX1	NormalStand1,NormalStand2,SitDown	\spr\npcres\boss\boss130\boss130_st02.spr	12542D36	JX1:updatejx14.pak		
boss130	2185	co	NormalNpc	spr\npcres\boss\boss130	co	co	JX1	FightWalk,NormalWalk,FightRun,NormalRun,Wound,JunpFly	\spr\npcres\boss\boss130\boss130_wlk.spr	20386985	JX1:updatejx14.pak		
boss130	2185	co	NormalNpc	spr\npcres\boss\boss130	co	co	JX1	Die	\spr\npcres\boss\boss130\boss130_die.spr	F704C23F	JX1:updatejx14.pak		
boss130	2185	co	NormalNpc	spr\npcres\boss\boss130	co	co	JX1	Attack1	\spr\npcres\boss\boss130\boss130_at01.spr	97BC5772	JX1:updatejx14.pak		
boss130	2185	co	NormalNpc	spr\npcres\boss\boss130	co	co	JX1	Attack2,Magic	\spr\npcres\boss\boss130\boss130_at02.spr	9052352D	JX1:updatejx14.pak		
enemy076	2186,2209,2326,2327,2341,2390,2391,2405	co	NormalNpc	spr\npcres\enemy\enemy076	co	co	JX1	FightStand,NormalStand1,SitDown	\spr\npcres\enemy\enemy076\enemy076_st.spr	B7F66E19	JX1:spr.pak		
enemy076	2186,2209,2326,2327,2341,2390,2391,2405	co	NormalNpc	spr\npcres\enemy\enemy076	co	co	JX1	NormalStand2	\spr\npcres\enemy\enemy076\enemy076_pst.spr	7F4151C9	JX1:spr.pak		
enemy076	2186,2209,2326,2327,2341,2390,2391,2405	co	NormalNpc	spr\npcres\enemy\enemy076	co	co	JX1	FightWalk,NormalWalk,FightRun,NormalRun,JunpFly	\spr\npcres\enemy\enemy076\enemy076_wlk.spr	DFE58726	JX1:spr.pak		
enemy076	2186,2209,2326,2327,2341,2390,2391,2405	co	NormalNpc	spr\npcres\enemy\enemy076	co	co	JX1	Wound	\spr\npcres\enemy\enemy076\enemy076_bat.spr	009F2553	JX1:spr.pak		
enemy076	2186,2209,2326,2327,2341,2390,2391,2405	co	NormalNpc	spr\npcres\enemy\enemy076	co	co	JX1	Die	\spr\npcres\enemy\enemy076\enemy076_die.spr	759181FD	JX1:spr.pak		
enemy076	2186,2209,2326,2327,2341,2390,2391,2405	co	NormalNpc	spr\npcres\enemy\enemy076	co	co	JX1	Attack1,Attack2,Magic	\spr\npcres\enemy\enemy076\enemy076_at.spr	F5A7E07F	JX1:spr.pak		
enemy079	2187,2188,2189,2190,2191,2192,2193,2194,2210,2211,2212,2213,2214,2215,2216,2217,2222,2223,2224,2225,2226,2227,2316	co	NormalNpc	spr\npcres\enemy\enemy079	co	co	JX1	FightStand,NormalStand1,SitDown	\spr\npcres\enemy\enemy079\enemy079_st.spr	27540A49	JX1:spr.pak		
enemy079	2187,2188,2189,2190,2191,2192,2193,2194,2210,2211,2212,2213,2214,2215,2216,2217,2222,2223,2224,2225,2226,2227,2316	co	NormalNpc	spr\npcres\enemy\enemy079	co	co	JX1	NormalStand2	\spr\npcres\enemy\enemy079\enemy079_pst.spr	71C0F1E4	JX1:spr.pak		
enemy079	2187,2188,2189,2190,2191,2192,2193,2194,2210,2211,2212,2213,2214,2215,2216,2217,2222,2223,2224,2225,2226,2227,2316	co	NormalNpc	spr\npcres\enemy\enemy079	co	co	JX1	FightWalk,NormalWalk,FightRun,NormalRun,JunpFly	\spr\npcres\enemy\enemy079\enemy079_wlk.spr	D6652A81	JX1:spr.pak		
enemy079	2187,2188,2189,2190,2191,2192,2193,2194,2210,2211,2212,2213,2214,2215,2216,2217,2222,2223,2224,2225,2226,2227,2316	co	NormalNpc	spr\npcres\enemy\enemy079	co	co	JX1	Wound	\spr\npcres\enemy\enemy079\enemy079_bat.spr	1B1F456E	JX1:spr.pak		
enemy079	2187,2188,2189,2190,2191,2192,2193,2194,2210,2211,2212,2213,2214,2215,2216,2217,2222,2223,2224,2225,2226,2227,2316	co	NormalNpc	spr\npcres\enemy\enemy079	co	co	JX1	Die	\spr\npcres\enemy\enemy079\enemy079_die.spr	4C112382	JX1:spr.pak		
enemy079	2187,2188,2189,2190,2191,2192,2193,2194,2210,2211,2212,2213,2214,2215,2216,2217,2222,2223,2224,2225,2226,2227,2316	co	NormalNpc	spr\npcres\enemy\enemy079	co	co	JX1	Attack1,Attack2,Magic	\spr\npcres\enemy\enemy079\enemy079_at.spr	65058FAF	JX1:spr.pak		
enemy059	2195,2218,2321,2385,2435,2454	co	NormalNpc	spr\npcres\enemy\enemy059	co	co	JX1	FightStand,NormalStand1,SitDown	\spr\npcres\enemy\enemy059\enemy059_st.spr	3FB6AC6A	JX1:spr.pak		
enemy059	2195,2218,2321,2385,2435,2454	co	NormalNpc	spr\npcres\enemy\enemy059	co	co	JX1	NormalStand2	\spr\npcres\enemy\enemy059\enemy059_pst.spr	FB9C7DD3	JX1:spr.pak		
enemy059	2195,2218,2321,2385,2435,2454	co	NormalNpc	spr\npcres\enemy\enemy059	co	co	JX1	FightWalk,NormalWalk,FightRun,NormalRun,JunpFly	\spr\npcres\enemy\enemy059\enemy059_wlk.spr	58315770	JX1:spr.pak		
enemy059	2195,2218,2321,2385,2435,2454	co	NormalNpc	spr\npcres\enemy\enemy059	co	co	JX1	Wound	\spr\npcres\enemy\enemy059\enemy059_bat.spr	9CEAC15D	JX1:spr.pak		
enemy059	2195,2218,2321,2385,2435,2454	co	NormalNpc	spr\npcres\enemy\enemy059	co	co	JX1	Die	\spr\npcres\enemy\enemy059\enemy059_die.spr	F1ECAC71	JX1:spr.pak		
enemy059	2195,2218,2321,2385,2435,2454	co	NormalNpc	spr\npcres\enemy\enemy059	co	co	JX1	Attack1,Attack2,Magic	\spr\npcres\enemy\enemy059\enemy059_at.spr	7D6021C0	JX1:spr.pak		
enemy023	2196,2219,2301,2504	co	NormalNpc	spr\npcres\enemy\enemy023	co	co	JX1	FightStand,NormalStand1,SitDown	\spr\npcres\enemy\enemy023\enemy023_st.spr	B2E9EA5A	JX1:spr.pak		
enemy023	2196,2219,2301,2504	co	NormalNpc	spr\npcres\enemy\enemy023	co	co	JX1	NormalStand2	\spr\npcres\enemy\enemy023\enemy023_pst.spr	D2951198	JX1:spr.pak		
enemy023	2196,2219,2301,2504	co	NormalNpc	spr\npcres\enemy\enemy023	co	co	JX1	FightWalk,NormalWalk,FightRun,NormalRun,JunpFly	\spr\npcres\enemy\enemy023\enemy023_wlk.spr	32CA47F5	JX1:spr.pak		
enemy023	2196,2219,2301,2504	co	NormalNpc	spr\npcres\enemy\enemy023	co	co	JX1	Wound	\spr\npcres\enemy\enemy023\enemy023_bat.spr	77E3F1D2	JX1:spr.pak		
enemy023	2196,2219,2301,2504	co	NormalNpc	spr\npcres\enemy\enemy023	co	co	JX1	Die	\spr\npcres\enemy\enemy023\enemy023_die.spr	A8E65CF6	JX1:spr.pak		
enemy023	2196,2219,2301,2504	co	NormalNpc	spr\npcres\enemy\enemy023	co	co	JX1	Attack1,Attack2,Magic	\spr\npcres\enemy\enemy023\enemy023_at.spr	709B6CFB	JX1:spr.pak		
passerby341_jin	2197,2220,2331,2395	co	NormalNpc	spr\npcres\passerby\passerby341_zhuzi	co	co	JX1	FightStand,NormalStand1,NormalStand2,FightWalk,NormalWalk,FightRun,NormalRun,Wound,Die,Attack1,Attack2,Magic,SitDown,JunpFly	\spr\npcres\passerby\passerby341_zhuzi\½ðÉ«.spr	A3BE7D7C	JX1:updatejx08.pak		
ani066	2198,2221,2239,2320,2384	co	NormalNpc	spr\npcres\animal\ani066	co	co	JX1	FightStand,NormalStand1,SitDown	\spr\npcres\animal\ani066\ani066_st.spr	6DE5F156	JX1:spr.pak		
ani066	2198,2221,2239,2320,2384	co	NormalNpc	spr\npcres\animal\ani066	co	co	JX1	NormalStand2	\spr\npcres\animal\ani066\ani066_pst.spr	BF5A2F57	JX1:spr.pak		
ani066	2198,2221,2239,2320,2384	co	NormalNpc	spr\npcres\animal\ani066	co	co	JX1	FightWalk,NormalWalk,FightRun,NormalRun,JunpFly	\spr\npcres\animal\ani066\ani066_wlk.spr	3963D66D	JX1:spr.pak		
ani066	2198,2221,2239,2320,2384	co	NormalNpc	spr\npcres\animal\ani066	co	co	JX1	Wound	\spr\npcres\animal\ani066\ani066_bat.spr	8F2C68ED	JX1:spr.pak		
ani066	2198,2221,2239,2320,2384	co	NormalNpc	spr\npcres\animal\ani066	co	co	JX1	Die	\spr\npcres\animal\ani066\ani066_die.spr	CC4FB7FD	JX1:spr.pak		
ani066	2198,2221,2239,2320,2384	co	NormalNpc	spr\npcres\animal\ani066	co	co	JX1	Attack1,Attack2,Magic	\spr\npcres\animal\ani066\ani066_at.spr	1D67B532	JX1:spr.pak		
enemy081	2199,2200,2235,2236,2420,2511	co	NormalNpc	spr\npcres\enemy\enemy081	co	co	JX1	FightStand,NormalStand1,SitDown	\spr\npcres\enemy\enemy081\enemy081_st.spr	904DBB92	JX1:spr.pak		
enemy081	2199,2200,2235,2236,2420,2511	co	NormalNpc	spr\npcres\enemy\enemy081	co	co	JX1	NormalStand2	\spr\npcres\enemy\enemy081\enemy081_pst.spr	5775AC2B	JX1:spr.pak		
enemy081	2199,2200,2235,2236,2420,2511	co	NormalNpc	spr\npcres\enemy\enemy081	co	co	JX1	FightWalk,NormalWalk,FightRun,NormalRun,JunpFly	\spr\npcres\enemy\enemy081\enemy081_wlk.spr	B7AA94F2	JX1:spr.pak		
enemy081	2199,2200,2235,2236,2420,2511	co	NormalNpc	spr\npcres\enemy\enemy081	co	co	JX1	Wound	\spr\npcres\enemy\enemy081\enemy081_bat.spr	784C2440	JX1:spr.pak		
enemy081	2199,2200,2235,2236,2420,2511	co	NormalNpc	spr\npcres\enemy\enemy081	co	co	JX1	Die	\spr\npcres\enemy\enemy081\enemy081_die.spr	AD468364	JX1:spr.pak		
enemy081	2199,2200,2235,2236,2420,2511	co	NormalNpc	spr\npcres\enemy\enemy081	co	co	JX1	Attack1,Attack2,Magic	\spr\npcres\enemy\enemy081\enemy081_at.spr	567F3CAD	JX1:spr.pak		
boss115	2201	co	NormalNpc	spr\npcres\boss\boss115	co	co	JX1	FightStand	\spr\npcres\boss\boss115\boss115_st01.spr	78FD8CA9	JX1:updatejx14.pak		
boss115	2201	co	NormalNpc	spr\npcres\boss\boss115	co	co	JX1	NormalStand1,NormalStand2,SitDown	\spr\npcres\boss\boss115\boss115_st02.spr	759C6B64	JX1:updatejx14.pak		
boss115	2201	co	NormalNpc	spr\npcres\boss\boss115	co	co	JX1	FightWalk,NormalWalk,FightRun,NormalRun,JunpFly	\spr\npcres\boss\boss115\boss115_wlk.spr	F299F727	JX1:updatejx14.pak		
boss115	2201	co	NormalNpc	spr\npcres\boss\boss115	co	co	JX1	Wound	\spr\npcres\boss\boss115\boss115_bat.spr	C05A095C	JX1:updatejx14.pak		
boss115	2201	co	NormalNpc	spr\npcres\boss\boss115	co	co	JX1	Die	\spr\npcres\boss\boss115\boss115_die.spr	81E65721	JX1:updatejx14.pak		
boss115	2201	co	NormalNpc	spr\npcres\boss\boss115	co	co	JX1	Attack1	\spr\npcres\boss\boss115\boss115_at01.spr	FEFBE150	JX1:updatejx14.pak		
boss115	2201	co	NormalNpc	spr\npcres\boss\boss115	co	co	JX1	Attack2,Magic	\spr\npcres\boss\boss115\boss115_at02.spr	FB9A4F0B	JX1:updatejx14.pak		
passerby386	2202	co	NormalNpc	spr\npcres\passerby\passerby386	co	co	JX1	FightStand,NormalStand1,NormalStand2	\spr\npcres\passerby\passerby386\passerby386_st01.spr	87F47D25	JX1:updatejx14.pak		
passerby387	2203	co	NormalNpc	spr\npcres\passerby\passerby387	co	co	JX1	FightStand,NormalStand1,NormalStand2	\spr\npcres\passerby\passerby387\passerby387_st01.spr	8506758C	JX1:updatejx14.pak		
boss034	2204	co	NormalNpc	spr\npcres\boss\boss034	co	co	JX1	FightStand	\spr\npcres\boss\boss034\partner_waterchildren_st01.spr	4D6C77AA	JX1:update03.pak		
boss034	2204	co	NormalNpc	spr\npcres\boss\boss034	co	co	JX1	NormalStand1,NormalStand2,SitDown	\spr\npcres\boss\boss034\partner_waterchildren_st02.spr	493365D7	JX1:update03.pak		
boss034	2204	co	NormalNpc	spr\npcres\boss\boss034	co	co	JX1	FightWalk,NormalWalk,FightRun,NormalRun,JunpFly	\spr\npcres\boss\boss034\partner_waterchildren_wlk.spr	10386D67	JX1:update03.pak		
boss034	2204	co	NormalNpc	spr\npcres\boss\boss034	co	co	JX1	Wound	\spr\npcres\boss\boss034\partner_waterchildren_bat.spr	B0757355	JX1:update03.pak		
boss034	2204	co	NormalNpc	spr\npcres\boss\boss034	co	co	JX1	Die	\spr\npcres\boss\boss034\partner_waterchildren_die.spr	7B8DC990	JX1:update03.pak		
boss034	2204	co	NormalNpc	spr\npcres\boss\boss034	co	co	JX1	Attack1,Attack2,Magic	\spr\npcres\boss\boss034\partner_waterchildren_at.spr	EF673D06	JX1:update03.pak		
boss140	2205	THIEU			co	co	JX1				(khong co o)		kind THIEU (VLTK co, nhung tep VLTK cung khong pak nao co)
boss141	2206	THIEU			co	co	JX1				(khong co o)		kind THIEU (VLTK co, nhung tep VLTK cung khong pak nao co)
boss011	2207	co	NormalNpc	spr\npcres\boss\boss011	co	co	JX1	FightStand,NormalStand1,NormalStand2,SitDown	\spr\npcres\boss\boss011\boss011_st.spr	A7F5873D	JX1:spr.pak		
boss011	2207	co	NormalNpc	spr\npcres\boss\boss011	co	co	JX1	FightWalk,NormalWalk,FightRun,NormalRun,JunpFly	\spr\npcres\boss\boss011\boss011_wlk.spr	0450E331	JX1:spr.pak		
boss011	2207	co	NormalNpc	spr\npcres\boss\boss011	co	co	JX1	Wound	\spr\npcres\boss\boss011\boss011_bat.spr	1A112576	JX1:spr.pak		
boss011	2207	co	NormalNpc	spr\npcres\boss\boss011	co	co	JX1	Die	\spr\npcres\boss\boss011\boss011_die.spr	DBBD433B	JX1:spr.pak		
boss011	2207	co	NormalNpc	spr\npcres\boss\boss011	co	co	JX1	Attack1	\spr\npcres\boss\boss011\boss011_at01.spr	499C6086	JX1:spr.pak		
boss011	2207	co	NormalNpc	spr\npcres\boss\boss011	co	co	JX1	Attack2,Magic	\spr\npcres\boss\boss011\boss011_at02.spr	4AB2CF31	JX1:spr.pak		
passerby354r	2208	co	NormalNpc	spr\npcres\passerby\passerby354	co	co	JX1	FightStand,NormalStand1,NormalStand2	\spr\npcres\passerby\passerby354\mu02.spr	DC27695C	JX1:updatejx10.pak		
boss120	2228	co	NormalNpc	spr\npcres\boss\boss120	co	co	JX1	NormalStand1,NormalStand2	\spr\npcres\boss\boss120\boss120_st.spr	9A5E66B4	THIEU CA HAI		
boss120	2228	co	NormalNpc	spr\npcres\boss\boss120	co	co	JX1	NormalWalk	\spr\npcres\boss\boss120\boss120_wlk.spr	8B023FC5	THIEU CA HAI		
boss120	2228	co	NormalNpc	spr\npcres\boss\boss120	co	co	JX1	NormalRun	\spr\npcres\boss\boss120\boss120_run.spr	81101DA8	THIEU CA HAI		
boss068	2229	co	NormalNpc	spr\npcres\boss\boss068	co	co	JX1	FightStand,NormalStand1,NormalStand2,SitDown	\spr\npcres\boss\boss068\boss068_st01.spr	5496F46B	JX1:update03.pak		
boss068	2229	co	NormalNpc	spr\npcres\boss\boss068	co	co	JX1	FightWalk,NormalWalk,FightRun,NormalRun,JunpFly	\spr\npcres\boss\boss068\boss068_wlk.spr	92D87A30	THIEU CA HAI		
boss068	2229	co	NormalNpc	spr\npcres\boss\boss068	co	co	JX1	Wound	\spr\npcres\boss\boss068\boss068_bat.spr	6098BC75	THIEU CA HAI		
boss068	2229	co	NormalNpc	spr\npcres\boss\boss068	co	co	JX1	Die	\spr\npcres\boss\boss068\boss068_die.spr	2624DBC0	THIEU CA HAI		
boss068	2229	co	NormalNpc	spr\npcres\boss\boss068	co	co	JX1	Attack1,Magic	\spr\npcres\boss\boss068\boss068_at01.spr	DA9C273C	THIEU CA HAI		
boss068	2229	co	NormalNpc	spr\npcres\boss\boss068	co	co	JX1	Attack2	\spr\npcres\boss\boss068\boss068_at02.spr	D7B285F7	THIEU CA HAI		
passerby179	2230,2231,2635,2636	co	NormalNpc	spr\npcres\passerby\passerby179	co	co	JX1	FightStand,NormalStand1,SitDown	\spr\npcres\passerby\passerby179\passerby179_st.spr	23E698FD	JX1:spr.pak		
passerby179	2230,2231,2635,2636	co	NormalNpc	spr\npcres\passerby\passerby179	co	co	JX1	NormalStand2	\spr\npcres\passerby\passerby179\passerby179_pst.spr	FD6FFC90	JX1:spr.pak		
passerby354b	2232	co	NormalNpc	spr\npcres\passerby\passerby354	co	co	JX1	FightStand,NormalStand1,NormalStand2	\spr\npcres\passerby\passerby354\jin02.spr	246103C6	JX1:updatejx10.pak		
enemy244	2233	co	NormalNpc	spr\npcres\enemy\enemy244	co	co	JX1	FightStand,NormalStand1,NormalStand2	\spr\npcres\enemy\enemy244\enemy244_st01.spr	B93448AE	JX1:updatejx14.pak		
enemy244	2233	co	NormalNpc	spr\npcres\enemy\enemy244	co	co	JX1	FightWalk,NormalWalk	\spr\npcres\enemy\enemy244\enemy244.spr	62AFB753	JX1:updatejx14.pak		
enemy244	2233	co	NormalNpc	spr\npcres\enemy\enemy244	co	co	JX1	Die	\spr\npcres\enemy\enemy244\enemy244_die.spr	C9EE27D2	JX1:updatejx14.pak		
boss142	2234	THIEU			co	co	JX1				(khong co o)		kind THIEU (VLTK co, nhung tep VLTK cung khong pak nao co)
passerby382	2237,2566	THIEU			THIEU	THIEU	JX1				(khong co o)		kind THIEU (VLTK co, nhung tep VLTK cung khong pak nao co)
enemy172	2238	co	NormalNpc	spr\npcres\enemy\enemy172	co	co	JX1	FightStand,NormalStand1,SitDown	\spr\npcres\enemy\enemy172\enemy172_st.spr	5AB2E458	JX1:spr.pak		
enemy172	2238	co	NormalNpc	spr\npcres\enemy\enemy172	co	co	JX1	NormalStand2	\spr\npcres\enemy\enemy172\enemy172_pst.spr	0C5CA4C5	JX1:spr.pak		
enemy172	2238	co	NormalNpc	spr\npcres\enemy\enemy172	co	co	JX1	FightWalk,NormalWalk,FightRun,NormalRun,JunpFly	\spr\npcres\enemy\enemy172\enemy172_wlk.spr	6CF1EC8C	JX1:spr.pak		
enemy172	2238	co	NormalNpc	spr\npcres\enemy\enemy172	co	co	JX1	Wound	\spr\npcres\enemy\enemy172\enemy172_bat.spr	51AB3CDA	JX1:spr.pak		
enemy172	2238	co	NormalNpc	spr\npcres\enemy\enemy172	co	co	JX1	Die	\spr\npcres\enemy\enemy172\enemy172_die.spr	0AAD9839	JX1:spr.pak		
enemy172	2238	co	NormalNpc	spr\npcres\enemy\enemy172	co	co	JX1	Attack1,Attack2,Magic	\spr\npcres\enemy\enemy172\enemy172_at.spr	186C7973	JX1:spr.pak		
ani065	2240	co	NormalNpc	spr\npcres\animal\ani065	co	co	JX1	FightStand,NormalStand1,SitDown	\spr\npcres\animal\ani065\ani065_st.spr	61601A69	JX1:spr.pak		
ani065	2240	co	NormalNpc	spr\npcres\animal\ani065	co	co	JX1	NormalStand2	\spr\npcres\animal\ani065\ani065_pst.spr	93F5D064	JX1:spr.pak		
ani065	2240	co	NormalNpc	spr\npcres\animal\ani065	co	co	JX1	FightWalk,NormalWalk,FightRun,NormalRun,JunpFly	\spr\npcres\animal\ani065\ani065_wlk.spr	ED9EDB7A	JX1:spr.pak		
ani065	2240	co	NormalNpc	spr\npcres\animal\ani065	co	co	JX1	Wound	\spr\npcres\animal\ani065\ani065_bat.spr	E35F1CBF	JX1:spr.pak		
ani065	2240	co	NormalNpc	spr\npcres\animal\ani065	co	co	JX1	Die	\spr\npcres\animal\ani065\ani065_die.spr	A0FAB80A	JX1:spr.pak		
ani065	2240	co	NormalNpc	spr\npcres\animal\ani065	co	co	JX1	Attack1,Attack2,Magic	\spr\npcres\animal\ani065\ani065_at.spr	10E2DE55	JX1:spr.pak		
ani060	2241	co	NormalNpc	spr\npcres\animal\ani060	co	co	JX1	FightStand,NormalStand1,SitDown	\spr\npcres\animal\ani060\ani060_st.spr	4019247C	JX1:spr.pak		
ani060	2241	co	NormalNpc	spr\npcres\animal\ani060	co	co	JX1	NormalStand2	\spr\npcres\animal\ani060\ani060_pst.spr	A7625681	JX1:spr.pak		
ani060	2241	co	NormalNpc	spr\npcres\animal\ani060	co	co	JX1	FightWalk,NormalWalk,FightRun,NormalRun,JunpFly	\spr\npcres\animal\ani060\ani060_wlk.spr	210B51A7	JX1:spr.pak		
ani060	2241	co	NormalNpc	spr\npcres\animal\ani060	co	co	JX1	Wound	\spr\npcres\animal\ani060\ani060_bat.spr	36CBEF8C	JX1:spr.pak		
ani060	2241	co	NormalNpc	spr\npcres\animal\ani060	co	co	JX1	Die	\spr\npcres\animal\ani060\ani060_die.spr	F4570A51	JX1:spr.pak		
ani060	2241	co	NormalNpc	spr\npcres\animal\ani060	co	co	JX1	Attack1,Attack2,Magic	\spr\npcres\animal\ani060\ani060_at.spr	739BF8A3	JX1:spr.pak		
boss085	2242	co	NormalNpc	spr\npcres\boss\boss085_shewang	co	co	JX1	FightStand	\spr\npcres\boss\boss085_shewang\shewang_st01.spr	EF8582DE	JX1:updatejx07_jxf06.pak		
boss085	2242	co	NormalNpc	spr\npcres\boss\boss085_shewang	co	co	JX1	NormalStand1,NormalStand2,SitDown	\spr\npcres\boss\boss085_shewang\shewang_st02.spr	EBD6B211	JX1:updatejx07_jxf06.pak		
boss085	2242	co	NormalNpc	spr\npcres\boss\boss085_shewang	co	co	JX1	FightWalk,NormalWalk,FightRun,NormalRun,JunpFly	\spr\npcres\boss\boss085_shewang\shewang_wlk.spr	8D594AD2	JX1:updatejx07_jxf06.pak		
boss085	2242	co	NormalNpc	spr\npcres\boss\boss085_shewang	co	co	JX1	Wound	\spr\npcres\boss\boss085_shewang\shewang_bat.spr	8B446674	JX1:updatejx07_jxf06.pak		
boss085	2242	co	NormalNpc	spr\npcres\boss\boss085_shewang	co	co	JX1	Die	\spr\npcres\boss\boss085_shewang\shewang_die.spr	AB8F7C5C	JX1:updatejx07_jxf06.pak		
boss085	2242	co	NormalNpc	spr\npcres\boss\boss085_shewang	co	co	JX1	Attack1	\spr\npcres\boss\boss085_shewang\shewang_at01.spr	8C64D18B	JX1:updatejx07_jxf06.pak		
boss085	2242	co	NormalNpc	spr\npcres\boss\boss085_shewang	co	co	JX1	Attack2,Magic	\spr\npcres\boss\boss085_shewang\shewang_at02.spr	88B5C1CE	JX1:updatejx07_jxf06.pak		
ani067	2243	co	NormalNpc	spr\npcres\animal\ani067	co	co	JX1	FightStand,NormalStand1,SitDown	\spr\npcres\animal\ani067\ani067_st.spr	64BDC2C8	JX1:spr.pak		
ani067	2243	co	NormalNpc	spr\npcres\animal\ani067	co	co	JX1	NormalStand2	\spr\npcres\animal\ani067\ani067_pst.spr	5903E5F5	JX1:spr.pak		
ani067	2243	co	NormalNpc	spr\npcres\animal\ani067	co	co	JX1	FightWalk,NormalWalk,FightRun,NormalRun,JunpFly	\spr\npcres\animal\ani067\ani067_wlk.spr	DB14F8BB	JX1:spr.pak		
ani067	2243	co	NormalNpc	spr\npcres\animal\ani067	co	co	JX1	Wound	\spr\npcres\animal\ani067\ani067_bat.spr	A8D52E40	JX1:spr.pak		
ani067	2243	co	NormalNpc	spr\npcres\animal\ani067	co	co	JX1	Die	\spr\npcres\animal\ani067\ani067_die.spr	6E714D9B	JX1:spr.pak		
ani067	2243	co	NormalNpc	spr\npcres\animal\ani067	co	co	JX1	Attack1,Attack2,Magic	\spr\npcres\animal\ani067\ani067_at.spr	143F86B4	JX1:spr.pak		
boss143	2244	co	NormalNpc	spr\npcres\boss\boss143	co	co	JX1	FightStand,NormalStand1	\spr\npcres\boss\boss143\boss143_st01.spr	ACD8FFB8	JX1:updatejx14.pak		
boss143	2244	co	NormalNpc	spr\npcres\boss\boss143	co	co	JX1	NormalStand2,SitDown	\spr\npcres\boss\boss143\boss143_st02.spr	A9FF5A73	JX1:updatejx14.pak		
boss143	2244	co	NormalNpc	spr\npcres\boss\boss143	co	co	JX1	FightWalk,NormalWalk,FightRun,NormalRun,JunpFly	\spr\npcres\boss\boss143\boss143_wlk.spr	EBEC9418	JX1:updatejx14.pak		
boss143	2244	co	NormalNpc	spr\npcres\boss\boss143	co	co	JX1	Wound	\spr\npcres\boss\boss143\boss143_bat.spr	F9ADDB33	JX1:updatejx14.pak		
boss143	2244	co	NormalNpc	spr\npcres\boss\boss143	co	co	JX1	Die	\spr\npcres\boss\boss143\boss143_die.spr	BEC979F8	JX1:updatejx14.pak		
boss143	2244	co	NormalNpc	spr\npcres\boss\boss143	co	co	JX1	Attack1	\spr\npcres\boss\boss143\boss143_at01.spr	52C5F0E9	JX1:updatejx14.pak		
boss143	2244	co	NormalNpc	spr\npcres\boss\boss143	co	co	JX1	Attack2,Magic	\spr\npcres\boss\boss143\boss143_at02.spr	2FE45EA4	JX1:updatejx14.pak		
boss148	2245	co	NormalNpc	spr\npcres\boss\boss148	co	co	JX1	FightStand,NormalStand1	\spr\npcres\boss\boss148\boss148_st01.spr	C7870ADB	JX1:updatejx14.pak		
boss148	2245	co	NormalNpc	spr\npcres\boss\boss148	co	co	JX1	NormalStand2,SitDown	\spr\npcres\boss\boss148\boss148_st02.spr	C0A5E896	JX1:updatejx14.pak		
boss148	2245	co	NormalNpc	spr\npcres\boss\boss148	co	co	JX1	FightWalk,NormalWalk,FightRun,NormalRun,JunpFly	\spr\npcres\boss\boss148\boss148_wlk.spr	AE71DCD5	JX1:updatejx14.pak		
boss148	2245	co	NormalNpc	spr\npcres\boss\boss148	co	co	JX1	Wound	\spr\npcres\boss\boss148\boss148_bat.spr	BC326ABA	JX1:updatejx14.pak		
boss148	2245	co	NormalNpc	spr\npcres\boss\boss148	co	co	JX1	Die	\spr\npcres\boss\boss148\boss148_die.spr	7D5D888F	JX1:updatejx14.pak		
boss148	2245	co	NormalNpc	spr\npcres\boss\boss148	co	co	JX1	Attack1	\spr\npcres\boss\boss148\boss148_at01.spr	C58DA897	JX1:updatejx14.pak		
boss148	2245	co	NormalNpc	spr\npcres\boss\boss148	co	co	JX1	Attack2,Magic	\spr\npcres\boss\boss148\boss148_at02.spr	C6AC3742	JX1:updatejx14.pak		
boss149	2246	co	NormalNpc	spr\npcres\boss\boss149	co	co	JX1	FightStand,NormalStand1	\spr\npcres\boss\boss149\boss149_st01.spr	B92237E8	JX1:updatejx14.pak		
boss149	2246	co	NormalNpc	spr\npcres\boss\boss149	co	co	JX1	NormalStand2,SitDown	\spr\npcres\boss\boss149\boss149_st02.spr	B5C095A3	JX1:updatejx14.pak		
boss149	2246	co	NormalNpc	spr\npcres\boss\boss149	co	co	JX1	FightWalk,NormalWalk,FightRun,NormalRun,JunpFly	\spr\npcres\boss\boss149\boss149_wlk.spr	A50BE1E3	JX1:updatejx14.pak		
boss149	2246	co	NormalNpc	spr\npcres\boss\boss149	co	co	JX1	Wound	\spr\npcres\boss\boss149\boss149_bat.spr	BB342318	JX1:updatejx14.pak		
boss149	2246	co	NormalNpc	spr\npcres\boss\boss149	co	co	JX1	Die	\spr\npcres\boss\boss149\boss149_die.spr	785041ED	JX1:updatejx14.pak		
boss149	2246	co	NormalNpc	spr\npcres\boss\boss149	co	co	JX1	Attack1	\spr\npcres\boss\boss149\boss149_at01.spr	3F281FEF	JX1:updatejx14.pak		
boss149	2246	co	NormalNpc	spr\npcres\boss\boss149	co	co	JX1	Attack2,Magic	\spr\npcres\boss\boss149\boss149_at02.spr	3BCEFD9A	JX1:updatejx14.pak		
boss150	2247	co	NormalNpc	spr\npcres\boss\boss150	co	co	JX1	FightStand,NormalStand1	\spr\npcres\boss\boss150\boss150_st01.spr	06FC0885	JX1:updatejx14.pak		
boss150	2247	co	NormalNpc	spr\npcres\boss\boss150	co	co	JX1	NormalStand2,SitDown	\spr\npcres\boss\boss150\boss150_st02.spr	03929730	JX1:updatejx14.pak		
boss150	2247	co	NormalNpc	spr\npcres\boss\boss150	co	co	JX1	FightWalk,NormalWalk,FightRun,NormalRun,JunpFly	\spr\npcres\boss\boss150\boss150_wlk.spr	00DDA58B	JX1:updatejx14.pak		
boss150	2247	co	NormalNpc	spr\npcres\boss\boss150	co	co	JX1	Wound	\spr\npcres\boss\boss150\boss150_bat.spr	169EEB10	JX1:updatejx14.pak		
boss150	2247	co	NormalNpc	spr\npcres\boss\boss150	co	co	JX1	Die	\spr\npcres\boss\boss150\boss150_die.spr	D43A376B	JX1:updatejx14.pak		
boss150	2247	co	NormalNpc	spr\npcres\boss\boss150	co	co	JX1	Attack1	\spr\npcres\boss\boss150\boss150_at01.spr	84F922DC	JX1:updatejx14.pak		
boss150	2247	co	NormalNpc	spr\npcres\boss\boss150	co	co	JX1	Attack2,Magic	\spr\npcres\boss\boss150\boss150_at02.spr	819F8097	JX1:updatejx14.pak		
boss151	2248	co	NormalNpc	spr\npcres\boss\boss151	co	co	JX1	FightStand,NormalStand1	\spr\npcres\boss\boss151\boss151_st01.spr	0FE1B0F8	JX1:updatejx14.pak		
boss151	2248	co	NormalNpc	spr\npcres\boss\boss151	co	co	JX1	NormalStand2,SitDown	\spr\npcres\boss\boss151\boss151_st02.spr	08801EB3	JX1:updatejx14.pak		
boss151	2248	co	NormalNpc	spr\npcres\boss\boss151	co	co	JX1	FightWalk,NormalWalk,FightRun,NormalRun,JunpFly	\spr\npcres\boss\boss151\boss151_wlk.spr	9166C423	JX1:updatejx14.pak		
boss151	2248	co	NormalNpc	spr\npcres\boss\boss151	co	co	JX1	Wound	\spr\npcres\boss\boss151\boss151_bat.spr	E7270AF3	JX1:updatejx14.pak		
boss151	2248	co	NormalNpc	spr\npcres\boss\boss151	co	co	JX1	Die	\spr\npcres\boss\boss151\boss151_die.spr	2442A903	JX1:updatejx14.pak		
boss151	2248	co	NormalNpc	spr\npcres\boss\boss151	co	co	JX1	Attack1	\spr\npcres\boss\boss151\boss151_at01.spr	8DEEB979	JX1:updatejx14.pak		
boss151	2248	co	NormalNpc	spr\npcres\boss\boss151	co	co	JX1	Attack2,Magic	\spr\npcres\boss\boss151\boss151_at02.spr	8E8D0734	JX1:updatejx14.pak		
boss144	2249	co	NormalNpc	spr\npcres\boss\boss144	co	co	JX1	FightStand,NormalStand1	\spr\npcres\boss\boss144\boss144_st01.spr	D1449DD6	JX1:updatejx14.pak		
boss144	2249	co	NormalNpc	spr\npcres\boss\boss144	co	co	JX1	NormalStand2,SitDown	\spr\npcres\boss\boss144\boss144_st02.spr	D27B7B81	JX1:updatejx14.pak		
boss144	2249	co	NormalNpc	spr\npcres\boss\boss144	co	co	JX1	FightWalk,NormalWalk,FightRun,NormalRun,JunpFly	\spr\npcres\boss\boss144\boss144_wlk.spr	F8B1E460	JX1:updatejx14.pak		
boss144	2249	co	NormalNpc	spr\npcres\boss\boss144	co	co	JX1	Wound	\spr\npcres\boss\boss144\boss144_bat.spr	4E72395A	JX1:updatejx14.pak		
boss144	2249	co	NormalNpc	spr\npcres\boss\boss144	co	co	JX1	Die	\spr\npcres\boss\boss144\boss144_die.spr	8F9E446A	JX1:updatejx14.pak		
boss144	2249	co	NormalNpc	spr\npcres\boss\boss144	co	co	JX1	Attack1	\spr\npcres\boss\boss144\boss144_at01.spr	5742CCA7	JX1:updatejx14.pak		
boss144	2249	co	NormalNpc	spr\npcres\boss\boss144	co	co	JX1	Attack2,Magic	\spr\npcres\boss\boss144\boss144_at02.spr	5060AB52	JX1:updatejx14.pak		
enemy179	2250,2318,2382	co	NormalNpc	spr\npcres\enemy\enemy179	co	co	JX1	FightStand,NormalStand1,NormalStand2,FightWalk,NormalWalk,FightRun,NormalRun,Attack1,Attack2,Magic,SitDown,JunpFly	\spr\npcres\enemy\enemy179\enemy179_st.spr	874E5077	JX1:spr.pak		
enemy179	2250,2318,2382	co	NormalNpc	spr\npcres\enemy\enemy179	co	co	JX1	Wound,Die	\spr\npcres\enemy\enemy179\enemy179_bat.spr	35429CE5	JX1:spr.pak		
boss145	2251	co	NormalNpc	spr\npcres\boss\boss145	co	co	JX1	FightStand,NormalStand1	\spr\npcres\boss\boss145\boss145_st01.spr	D4DECB9E	JX1:updatejx14.pak		
boss145	2251	co	NormalNpc	spr\npcres\boss\boss145	co	co	JX1	NormalStand2,SitDown	\spr\npcres\boss\boss145\boss145_st02.spr	D1FD5649	JX1:updatejx14.pak		
boss145	2251	co	NormalNpc	spr\npcres\boss\boss145	co	co	JX1	FightWalk,NormalWalk,FightRun,NormalRun,JunpFly	\spr\npcres\boss\boss145\boss145_wlk.spr	49761CDD	JX1:updatejx14.pak		
boss145	2251	co	NormalNpc	spr\npcres\boss\boss145	co	co	JX1	Wound	\spr\npcres\boss\boss145\boss145_bat.spr	5F3743E8	JX1:updatejx14.pak		
boss145	2251	co	NormalNpc	spr\npcres\boss\boss145	co	co	JX1	Die	\spr\npcres\boss\boss145\boss145_die.spr	1C52E1BD	JX1:updatejx14.pak		
boss145	2251	co	NormalNpc	spr\npcres\boss\boss145	co	co	JX1	Attack1	\spr\npcres\boss\boss145\boss145_at01.spr	5ADBF01F	JX1:updatejx14.pak		
boss145	2251	co	NormalNpc	spr\npcres\boss\boss145	co	co	JX1	Attack2,Magic	\spr\npcres\boss\boss145\boss145_at02.spr	57FA5ECA	JX1:updatejx14.pak		
boss146	2252	co	NormalNpc	spr\npcres\boss\boss146	co	co	JX1	FightStand,NormalStand1	\spr\npcres\boss\boss146\boss146_st01.spr	952FEC5B	JX1:updatejx14.pak		
boss146	2252	co	NormalNpc	spr\npcres\boss\boss146	co	co	JX1	NormalStand2,SitDown	\spr\npcres\boss\boss146\boss146_st02.spr	91CE4A16	JX1:updatejx14.pak		
boss146	2252	co	NormalNpc	spr\npcres\boss\boss146	co	co	JX1	FightWalk,NormalWalk,FightRun,NormalRun,JunpFly	\spr\npcres\boss\boss146\boss146_wlk.spr	2B69D355	JX1:updatejx14.pak		
boss146	2252	co	NormalNpc	spr\npcres\boss\boss146	co	co	JX1	Wound	\spr\npcres\boss\boss146\boss146_bat.spr	392A148A	JX1:updatejx14.pak		
boss146	2252	co	NormalNpc	spr\npcres\boss\boss146	co	co	JX1	Die	\spr\npcres\boss\boss146\boss146_die.spr	FEB5B35F	JX1:updatejx14.pak		
boss146	2252	co	NormalNpc	spr\npcres\boss\boss146	co	co	JX1	Attack1	\spr\npcres\boss\boss146\boss146_at01.spr	1B15F452	JX1:updatejx14.pak		
boss146	2252	co	NormalNpc	spr\npcres\boss\boss146	co	co	JX1	Attack2,Magic	\spr\npcres\boss\boss146\boss146_at02.spr	1434520D	JX1:updatejx14.pak		
boss152	2253	co	NormalNpc	spr\npcres\boss\boss152	co	co	JX1	FightStand,NormalStand1	\spr\npcres\boss\boss152\boss152_st01.spr	599AFA16	JX1:updatejx14.pak		
boss152	2253	co	NormalNpc	spr\npcres\boss\boss152	co	co	JX1	NormalStand2,SitDown	\spr\npcres\boss\boss152\boss152_st02.spr	5AB958C1	JX1:updatejx14.pak		
boss152	2253	co	NormalNpc	spr\npcres\boss\boss152	co	co	JX1	FightWalk,NormalWalk,FightRun,NormalRun,JunpFly	\spr\npcres\boss\boss152\boss152_wlk.spr	63A54AE5	JX1:updatejx14.pak		
boss152	2253	co	NormalNpc	spr\npcres\boss\boss152	co	co	JX1	Wound	\spr\npcres\boss\boss152\boss152_bat.spr	71658C1A	JX1:updatejx14.pak		
boss152	2253	co	NormalNpc	spr\npcres\boss\boss152	co	co	JX1	Die	\spr\npcres\boss\boss152\boss152_die.spr	B6812B2A	JX1:updatejx14.pak		
boss152	2253	co	NormalNpc	spr\npcres\boss\boss152	co	co	JX1	Attack1	\spr\npcres\boss\boss152\boss152_at01.spr	DF80C20D	JX1:updatejx14.pak		
boss152	2253	co	NormalNpc	spr\npcres\boss\boss152	co	co	JX1	Attack2,Magic	\spr\npcres\boss\boss152\boss152_at02.spr	D8A6A0B8	JX1:updatejx14.pak		
boss153	2254,2311	co	NormalNpc	spr\npcres\boss\boss153	co	co	JX1	FightStand,NormalStand1	\spr\npcres\boss\boss153\boss153_st01.spr	2AE93FB2	JX1:updatejx14.pak		
boss153	2254,2311	co	NormalNpc	spr\npcres\boss\boss153	co	co	JX1	NormalStand2,SitDown	\spr\npcres\boss\boss153\boss153_st02.spr	278F9A6D	JX1:updatejx14.pak		
boss153	2254,2311	co	NormalNpc	spr\npcres\boss\boss153	co	co	JX1	FightWalk,NormalWalk,FightRun,NormalRun,JunpFly	\spr\npcres\boss\boss153\boss153_wlk.spr	82FECF79	JX1:updatejx14.pak		
boss153	2254,2311	co	NormalNpc	spr\npcres\boss\boss153	co	co	JX1	Wound	\spr\npcres\boss\boss153\boss153_bat.spr	90BF00BE	JX1:updatejx14.pak		
boss153	2254,2311	co	NormalNpc	spr\npcres\boss\boss153	co	co	JX1	Die	\spr\npcres\boss\boss153\boss153_die.spr	51DAAE83	JX1:updatejx14.pak		
boss153	2254,2311	co	NormalNpc	spr\npcres\boss\boss153	co	co	JX1	Attack1	\spr\npcres\boss\boss153\boss153_at01.spr	A8D712D3	JX1:updatejx14.pak		
boss153	2254,2311	co	NormalNpc	spr\npcres\boss\boss153	co	co	JX1	Attack2,Magic	\spr\npcres\boss\boss153\boss153_at02.spr	A5F5F08E	JX1:updatejx14.pak		
boss154	2255	co	NormalNpc	spr\npcres\boss\boss154	co	co	JX1	FightStand,NormalStand1	\spr\npcres\boss\boss154\boss154_st01.spr	BA7108B0	JX1:updatejx14.pak		
boss154	2255	co	NormalNpc	spr\npcres\boss\boss154	co	co	JX1	NormalStand2,SitDown	\spr\npcres\boss\boss154\boss154_st02.spr	B717976B	JX1:updatejx14.pak		
boss154	2255	co	NormalNpc	spr\npcres\boss\boss154	co	co	JX1	FightWalk,NormalWalk,FightRun,NormalRun,JunpFly	\spr\npcres\boss\boss154\boss154_wlk.spr	FE2A80E6	JX1:updatejx14.pak		
boss154	2255	co	NormalNpc	spr\npcres\boss\boss154	co	co	JX1	Wound	\spr\npcres\boss\boss154\boss154_bat.spr	4FEBC5D0	JX1:updatejx14.pak		
boss154	2255	co	NormalNpc	spr\npcres\boss\boss154	co	co	JX1	Die	\spr\npcres\boss\boss154\boss154_die.spr	8D7760E0	JX1:updatejx14.pak		
boss154	2255	co	NormalNpc	spr\npcres\boss\boss154	co	co	JX1	Attack1	\spr\npcres\boss\boss154\boss154_at01.spr	387F7B81	JX1:updatejx14.pak		
boss154	2255	co	NormalNpc	spr\npcres\boss\boss154	co	co	JX1	Attack2,Magic	\spr\npcres\boss\boss154\boss154_at02.spr	351DC63C	JX1:updatejx14.pak		
boss155	2256	co	NormalNpc	spr\npcres\boss\boss155	co	co	JX1	FightStand,NormalStand1	\spr\npcres\boss\boss155\boss155_st01.spr	7D1AC17E	JX1:updatejx14.pak		
boss155	2256	co	NormalNpc	spr\npcres\boss\boss155	co	co	JX1	NormalStand2,SitDown	\spr\npcres\boss\boss155\boss155_st02.spr	7E38AF29	JX1:updatejx14.pak		
boss155	2256	co	NormalNpc	spr\npcres\boss\boss155	co	co	JX1	FightWalk,NormalWalk,FightRun,NormalRun,JunpFly	\spr\npcres\boss\boss155\boss155_wlk.spr	B98295FD	JX1:updatejx14.pak		
boss155	2256	co	NormalNpc	spr\npcres\boss\boss155	co	co	JX1	Wound	\spr\npcres\boss\boss155\boss155_bat.spr	8F43D732	JX1:updatejx14.pak		
boss155	2256	co	NormalNpc	spr\npcres\boss\boss155	co	co	JX1	Die	\spr\npcres\boss\boss155\boss155_die.spr	CCEF7242	JX1:updatejx14.pak		
boss155	2256	co	NormalNpc	spr\npcres\boss\boss155	co	co	JX1	Attack1	\spr\npcres\boss\boss155\boss155_at01.spr	E300304F	JX1:updatejx14.pak		
boss155	2256	co	NormalNpc	spr\npcres\boss\boss155	co	co	JX1	Attack2,Magic	\spr\npcres\boss\boss155\boss155_at02.spr	FC269EFA	JX1:updatejx14.pak		
boss156	2257	co	NormalNpc	spr\npcres\boss\boss156	co	co	JX1	FightStand,NormalStand1	\spr\npcres\boss\boss156\boss156_st01.spr	1028B33A	JX1:updatejx14.pak		
boss156	2257	co	NormalNpc	spr\npcres\boss\boss156	co	co	JX1	NormalStand2,SitDown	\spr\npcres\boss\boss156\boss156_st02.spr	ECCF11F5	JX1:updatejx14.pak		
boss156	2257	co	NormalNpc	spr\npcres\boss\boss156	co	co	JX1	FightWalk,NormalWalk,FightRun,NormalRun,JunpFly	\spr\npcres\boss\boss156\boss156_wlk.spr	45F28B71	JX1:updatejx14.pak		
boss156	2257	co	NormalNpc	spr\npcres\boss\boss156	co	co	JX1	Wound	\spr\npcres\boss\boss156\boss156_bat.spr	5BB3CCB6	JX1:updatejx14.pak		
boss156	2257	co	NormalNpc	spr\npcres\boss\boss156	co	co	JX1	Die	\spr\npcres\boss\boss156\boss156_die.spr	18DF6B7B	JX1:updatejx14.pak		
boss156	2257	co	NormalNpc	spr\npcres\boss\boss156	co	co	JX1	Attack1	\spr\npcres\boss\boss156\boss156_at01.spr	96169B31	JX1:updatejx14.pak		
boss156	2257	co	NormalNpc	spr\npcres\boss\boss156	co	co	JX1	Attack2,Magic	\spr\npcres\boss\boss156\boss156_at02.spr	933579EC	JX1:updatejx14.pak		
boss158	2258	co	NormalNpc	spr\npcres\boss\boss158	co	co	JX1	FightStand,NormalStand1	\spr\npcres\boss\boss158\boss158_st01.spr	87432E45	JX1:updatejx14.pak		
boss158	2258	co	NormalNpc	spr\npcres\boss\boss158	co	co	JX1	NormalStand2,SitDown	\spr\npcres\boss\boss158\boss158_st02.spr	80618CF0	JX1:updatejx14.pak		
boss158	2258	co	NormalNpc	spr\npcres\boss\boss158	co	co	JX1	FightWalk,NormalWalk,FightRun,NormalRun,JunpFly	\spr\npcres\boss\boss158\boss158_wlk.spr	08537901	JX1:updatejx14.pak		
boss158	2258	co	NormalNpc	spr\npcres\boss\boss158	co	co	JX1	Wound	\spr\npcres\boss\boss158\boss158_bat.spr	9E13BAFB	JX1:updatejx14.pak		
boss158	2258	co	NormalNpc	spr\npcres\boss\boss158	co	co	JX1	Die	\spr\npcres\boss\boss158\boss158_die.spr	DFBFD90B	JX1:updatejx14.pak		
boss158	2258	co	NormalNpc	spr\npcres\boss\boss158	co	co	JX1	Attack1	\spr\npcres\boss\boss158\boss158_at01.spr	05491116	JX1:updatejx14.pak		
boss158	2258	co	NormalNpc	spr\npcres\boss\boss158	co	co	JX1	Attack2,Magic	\spr\npcres\boss\boss158\boss158_at02.spr	066FFFC1	JX1:updatejx14.pak		
boss147	2259,2307	co	NormalNpc	spr\npcres\boss\boss147	co	co	JX1	FightStand,NormalStand1	\spr\npcres\boss\boss147\boss147_st01.spr	F9A3BE93	JX1:updatejx14.pak		
boss147	2259,2307	co	NormalNpc	spr\npcres\boss\boss147	co	co	JX1	NormalStand2,SitDown	\spr\npcres\boss\boss147\boss147_st02.spr	FA421D4E	JX1:updatejx14.pak		
boss147	2259,2307	co	NormalNpc	spr\npcres\boss\boss147	co	co	JX1	FightWalk,NormalWalk,FightRun,NormalRun,JunpFly	\spr\npcres\boss\boss147\boss147_wlk.spr	CB2DAC9D	JX1:updatejx14.pak		
boss147	2259,2307	co	NormalNpc	spr\npcres\boss\boss147	co	co	JX1	Wound	\spr\npcres\boss\boss147\boss147_bat.spr	D8EEEED2	JX1:updatejx14.pak		
boss147	2259,2307	co	NormalNpc	spr\npcres\boss\boss147	co	co	JX1	Die	\spr\npcres\boss\boss147\boss147_die.spr	9E0A0CA7	JX1:updatejx14.pak		
boss147	2259,2307	co	NormalNpc	spr\npcres\boss\boss147	co	co	JX1	Attack1	\spr\npcres\boss\boss147\boss147_at01.spr	7FA9933A	JX1:updatejx14.pak		
boss147	2259,2307	co	NormalNpc	spr\npcres\boss\boss147	co	co	JX1	Attack2,Magic	\spr\npcres\boss\boss147\boss147_at02.spr	784871F5	JX1:updatejx14.pak		
passerby263	2260	co	NormalNpc	spr\npcres\passerby\passerby263	co	co	JX1	FightStand,NormalStand1,NormalStand2	\spr\npcres\passerby\passerby263\passerby263.spr	A7E96BD2	JX1:updatejx14.pak		
passerby342	2261,2349	co	NormalNpc	spr\npcres\passerby\passerby342_zhizhuwang	co	co	JX1	FightStand,NormalStand1,NormalStand2,FightWalk,NormalWalk,FightRun,NormalRun,Wound,Attack1,Attack2,Magic,SitDown,JunpFly	\spr\npcres\passerby\passerby342_zhizhuwang\Ö©ÖëÍø_st01.spr	F88F8EA4	JX1:updatejx07_jxf06.pak		
passerby342	2261,2349	co	NormalNpc	spr\npcres\passerby\passerby342_zhizhuwang	co	co	JX1	Die	\spr\npcres\passerby\passerby342_zhizhuwang\Ö©ÖëÍø_die.spr	37CDFE66	JX1:updatejx07_jxf06.pak		
boss113	2262,2263,2264,2265,2266,2267,2358,2512	co	NormalNpc	spr\npcres\boss\boss113	co	co	JX1	FightStand	\spr\npcres\boss\boss113\boss113_st01.spr	E2009585	JX1:updatejx12.pak		
boss113	2262,2263,2264,2265,2266,2267,2358,2512	co	NormalNpc	spr\npcres\boss\boss113	co	co	JX1	NormalStand1,NormalStand2,SitDown	\spr\npcres\boss\boss113\boss113_st02.spr	FF277030	JX1:updatejx12.pak		
boss113	2262,2263,2264,2265,2266,2267,2358,2512	co	NormalNpc	spr\npcres\boss\boss113	co	co	JX1	FightWalk,NormalWalk,FightRun,NormalRun,JunpFly	\spr\npcres\boss\boss113\boss113_wlk.spr	211A888B	JX1:updatejx12.pak		
boss113	2262,2263,2264,2265,2266,2267,2358,2512	co	NormalNpc	spr\npcres\boss\boss113	co	co	JX1	Wound	\spr\npcres\boss\boss113\boss113_bat.spr	36DBFE10	JX1:updatejx12.pak		
boss113	2262,2263,2264,2265,2266,2267,2358,2512	co	NormalNpc	spr\npcres\boss\boss113	co	co	JX1	Die	\spr\npcres\boss\boss113\boss113_die.spr	74671D20	JX1:updatejx12.pak		
boss113	2262,2263,2264,2265,2266,2267,2358,2512	co	NormalNpc	spr\npcres\boss\boss113	co	co	JX1	Attack1	\spr\npcres\boss\boss113\boss113_at01.spr	600D9A06	JX1:updatejx14.pak		
boss113	2262,2263,2264,2265,2266,2267,2358,2512	co	NormalNpc	spr\npcres\boss\boss113	co	co	JX1	Attack2,Magic	\spr\npcres\boss\boss113\boss113_at02.spr	7D2C78B1	JX1:updatejx12.pak		
boss157	2269	co	NormalNpc	spr\npcres\boss\boss157	co	co	JX1	FightStand,NormalStand1	\spr\npcres\boss\boss157\boss157_st01.spr	14958FE8	JX1:updatejx14.pak		
boss157	2269	co	NormalNpc	spr\npcres\boss\boss157	co	co	JX1	NormalStand2,SitDown	\spr\npcres\boss\boss157\boss157_st02.spr	11B46DA3	JX1:updatejx14.pak		
boss157	2269	co	NormalNpc	spr\npcres\boss\boss157	co	co	JX1	FightWalk,NormalWalk,FightRun,NormalRun,JunpFly	\spr\npcres\boss\boss157\boss157_wlk.spr	5A47E9E3	JX1:updatejx14.pak		
boss157	2269	co	NormalNpc	spr\npcres\boss\boss157	co	co	JX1	Wound	\spr\npcres\boss\boss157\boss157_bat.spr	28002B18	JX1:updatejx14.pak		
boss157	2269	co	NormalNpc	spr\npcres\boss\boss157	co	co	JX1	Die	\spr\npcres\boss\boss157\boss157_die.spr	E9AC49ED	JX1:updatejx14.pak		
boss157	2269	co	NormalNpc	spr\npcres\boss\boss157	co	co	JX1	Attack1	\spr\npcres\boss\boss157\boss157_at01.spr	9A9397EF	JX1:updatejx14.pak		
boss157	2269	co	NormalNpc	spr\npcres\boss\boss157	co	co	JX1	Attack2,Magic	\spr\npcres\boss\boss157\boss157_at02.spr	97B2759A	JX1:updatejx14.pak		
boss159	2270	co	NormalNpc	spr\npcres\boss\boss159	co	co	JX1	FightStand,NormalStand1	\spr\npcres\boss\boss159\boss159_st01.spr	3D3E6082	JX1:updatejx14.pak		
boss159	2270	co	NormalNpc	spr\npcres\boss\boss159	co	co	JX1	NormalStand2,SitDown	\spr\npcres\boss\boss159\boss159_st02.spr	39DCCF3D	JX1:updatejx14.pak		
boss159	2270	co	NormalNpc	spr\npcres\boss\boss159	co	co	JX1	FightWalk,NormalWalk,FightRun,NormalRun,JunpFly	\spr\npcres\boss\boss159\boss159_wlk.spr	617438A9	JX1:updatejx14.pak		
boss159	2270	co	NormalNpc	spr\npcres\boss\boss159	co	co	JX1	Wound	\spr\npcres\boss\boss159\boss159_bat.spr	77354908	JX1:updatejx14.pak		
boss159	2270	co	NormalNpc	spr\npcres\boss\boss159	co	co	JX1	Die	\spr\npcres\boss\boss159\boss159_die.spr	34509563	JX1:updatejx14.pak		
boss159	2270	co	NormalNpc	spr\npcres\boss\boss159	co	co	JX1	Attack1	\spr\npcres\boss\boss159\boss159_at01.spr	A324B3C9	JX1:updatejx14.pak		
boss159	2270	co	NormalNpc	spr\npcres\boss\boss159	co	co	JX1	Attack2,Magic	\spr\npcres\boss\boss159\boss159_at02.spr	BFDB1184	JX1:updatejx14.pak		
boss103	2271,2272	co	NormalNpc	spr\npcres\boss\boss103	co	co	JX1	FightStand	\spr\npcres\boss\boss103\boss103_st01.spr	589869B5	JX1:updatejx14.pak		
boss103	2271,2272	co	NormalNpc	spr\npcres\boss\boss103	co	co	JX1	NormalStand1,NormalStand2,SitDown	\spr\npcres\boss\boss103\boss103_st02.spr	55BEF460	JX1:updatejx14.pak		
boss103	2271,2272	co	NormalNpc	spr\npcres\boss\boss103	co	co	JX1	FightWalk,NormalWalk,FightRun,NormalRun,JunpFly	\spr\npcres\boss\boss103\boss103_wlk.spr	E394065B	JX1:updatejx14.pak		
boss103	2271,2272	co	NormalNpc	spr\npcres\boss\boss103	co	co	JX1	Wound	\spr\npcres\boss\boss103\boss103_bat.spr	F1554D76	JX1:updatejx14.pak		
boss103	2271,2272	co	NormalNpc	spr\npcres\boss\boss103	co	co	JX1	Die	\spr\npcres\boss\boss103\boss103_die.spr	B6F0E7EB	JX1:updatejx14.pak		
boss103	2271,2272	co	NormalNpc	spr\npcres\boss\boss103	co	co	JX1	Attack1	\spr\npcres\boss\boss103\boss103_at01.spr	DE851E36	JX1:updatejx14.pak		
boss103	2271,2272	co	NormalNpc	spr\npcres\boss\boss103	co	co	JX1	Attack2,Magic	\spr\npcres\boss\boss103\boss103_at02.spr	DBBBFCE1	JX1:updatejx14.pak		
boss138	2273,2306	co	NormalNpc	spr\npcres\boss\boss138	co	co	JX1	FightStand	\spr\npcres\boss\boss138\boss138_st01.spr	5BC53411	JX1:updatejx14.pak		
boss138	2273,2306	co	NormalNpc	spr\npcres\boss\boss138	co	co	JX1	NormalStand1,NormalStand2,SitDown	\spr\npcres\boss\boss138\boss138_st02.spr	54FB92CC	JX1:updatejx14.pak		
boss138	2273,2306	co	NormalNpc	spr\npcres\boss\boss138	co	co	JX1	FightWalk,NormalWalk,FightRun,NormalRun,Wound,JunpFly	\spr\npcres\boss\boss138\boss138_wlk.spr	8CEC2D2A	JX1:updatejx14.pak		
boss138	2273,2306	co	NormalNpc	spr\npcres\boss\boss138	co	co	JX1	Die	\spr\npcres\boss\boss138\boss138_die.spr	C3C8862F	JX1:updatejx14.pak		
boss138	2273,2306	co	NormalNpc	spr\npcres\boss\boss138	co	co	JX1	Attack1	\spr\npcres\boss\boss138\boss138_at01.spr	D9CC4758	JX1:updatejx14.pak		
boss138	2273,2306	co	NormalNpc	spr\npcres\boss\boss138	co	co	JX1	Attack2,Magic	\spr\npcres\boss\boss138\boss138_at02.spr	DAE22513	JX1:updatejx14.pak		
boss022	2274	co	NormalNpc	spr\npcres\boss\boss022	co	co	JX1	FightStand,NormalStand1,NormalStand2,SitDown	\spr\npcres\boss\boss022\boss022_st01.spr	8D471D2D	JX1:updatejx14.pak		
boss022	2274	co	NormalNpc	spr\npcres\boss\boss022	co	co	JX1	FightWalk,NormalWalk,FightRun,NormalRun,JunpFly	\spr\npcres\boss\boss022\boss022_wlk.spr	25DAA363	JX1:updatejx14.pak		
boss022	2274	co	NormalNpc	spr\npcres\boss\boss022	co	co	JX1	Wound	\spr\npcres\boss\boss022\boss022_bat.spr	3B9BE8E8	JX1:updatejx14.pak		
boss022	2274	co	NormalNpc	spr\npcres\boss\boss022	co	co	JX1	Die	\spr\npcres\boss\boss022\boss022_die.spr	F9273443	JX1:updatejx14.pak		
boss022	2274	co	NormalNpc	spr\npcres\boss\boss022	co	co	JX1	Attack1	\spr\npcres\boss\boss022\boss022_at01.spr	334C05AE	JX1:updatejx14.pak		
boss022	2274	co	NormalNpc	spr\npcres\boss\boss022	co	co	JX1	Attack2,Magic	\spr\npcres\boss\boss022\boss022_at02.spr	0C62E059	JX1:updatejx14.pak		
ani038	2275	co	NormalNpc	spr\npcres\animal\ani038	co	co	JX1	FightStand,NormalStand1,SitDown	\spr\npcres\animal\ani038\ani038_st.spr	C910E4CF	JX1:spr.pak		
ani038	2275	co	NormalNpc	spr\npcres\animal\ani038	co	co	JX1	NormalStand2	\spr\npcres\animal\ani038\ani038_pst.spr	0EDEE223	JX1:spr.pak		
ani038	2275	co	NormalNpc	spr\npcres\animal\ani038	co	co	JX1	FightWalk,NormalWalk,FightRun,NormalRun,JunpFly	\spr\npcres\animal\ani038\ani038_wlk.spr	88E7EACF	JX1:spr.pak		
ani038	2275	co	NormalNpc	spr\npcres\animal\ani038	co	co	JX1	Wound	\spr\npcres\animal\ani038\ani038_bat.spr	9EA02C04	JX1:spr.pak		
ani038	2275	co	NormalNpc	spr\npcres\animal\ani038	co	co	JX1	Die	\spr\npcres\animal\ani038\ani038_die.spr	5FCC4AC9	JX1:spr.pak		
ani038	2275	co	NormalNpc	spr\npcres\animal\ani038	co	co	JX1	Attack1,Attack2,Magic	\spr\npcres\animal\ani038\ani038_at.spr	7892B8AB	JX1:spr.pak		
passerby288	2277	co	NormalNpc	spr\npcres\passerby\passerby288	co	co	JX1	FightStand,NormalStand1,NormalStand2	\spr\npcres\passerby\passerby288\passerby288.spr	3EDB9C29	JX1:updatejx03.pak		
passerby286	2278	co	NormalNpc	spr\npcres\passerby\passerby286	co	co	JX1	FightStand,NormalStand1,NormalStand2,FightWalk,NormalWalk,FightRun,NormalRun,Wound,Die,Attack1,Attack2,Magic,SitDown,JunpFly	\spr\npcres\passerby\passerby286\passerby286.spr	9DB028EC	JX1:updatejx13.pak		
passerby290	2279	co	NormalNpc	spr\npcres\passerby\passerby290	co	co	JX1	FightStand,NormalStand1,NormalStand2	\spr\npcres\passerby\passerby290\passerby290.spr	D84CD283	JX1:updatejx03.pak		
passerby193	2280	co	NormalNpc	spr\npcres\passerby\passerby193	co	co	JX1	FightStand,NormalStand1,NormalStand2,SitDown	\spr\npcres\passerby\passerby193\passerby193.spr	78FFE7FE	JX1:update01.pak		
passerby195	2281	co	NormalNpc	spr\npcres\passerby\passerby195	co	co	JX1	FightStand,NormalStand1,NormalStand2,SitDown	\spr\npcres\passerby\passerby195\passerby195.spr	7D3707FA	JX1:update01.pak		
passerby194	2282	co	NormalNpc	spr\npcres\passerby\passerby194	co	co	JX1	FightStand,NormalStand1,NormalStand2,SitDown	\spr\npcres\passerby\passerby194\passerby194.spr	93AC3D21	JX1:update01.pak		
boss048	2284	co	NormalNpc	spr\npcres\boss\boss048	co	co	JX1	FightStand,NormalStand1,NormalStand2,SitDown	\spr\npcres\boss\boss048\boss048_st.spr	895D7D4F	JX1:updatejx08.pak		
boss048	2284	co	NormalNpc	spr\npcres\boss\boss048	co	co	JX1	FightWalk,NormalWalk,FightRun,NormalRun,JunpFly	\spr\npcres\boss\boss048\boss048_wlk.spr	C473919F	JX1:updatejx08.pak		
boss048	2284	co	NormalNpc	spr\npcres\boss\boss048	co	co	JX1	Wound	\spr\npcres\boss\boss048\boss048_bat.spr	DA3C2F84	JX1:updatejx08.pak		
boss048	2284	co	NormalNpc	spr\npcres\boss\boss048	co	co	JX1	Die	\spr\npcres\boss\boss048\boss048_die.spr	1B584A94	JX1:updatejx08.pak		
boss048	2284	co	NormalNpc	spr\npcres\boss\boss048	co	co	JX1	Attack1,Attack2,Magic	\spr\npcres\boss\boss048\boss048_at.spr	38DF312B	JX1:updatejx08.pak		
boss053	2285	co	NormalNpc	spr\npcres\boss\boss053	co	co	JX1	FightStand,NormalStand1,NormalStand2,SitDown	\spr\npcres\boss\boss053\boss053_st.spr	D94F46D7	JX1:updatejx08.pak		
boss053	2285	co	NormalNpc	spr\npcres\boss\boss053	co	co	JX1	FightWalk,NormalWalk,FightRun,NormalRun,JunpFly	\spr\npcres\boss\boss053\boss053_wlk.spr	B7232947	JX1:updatejx08.pak		
boss053	2285	co	NormalNpc	spr\npcres\boss\boss053	co	co	JX1	Wound	\spr\npcres\boss\boss053\boss053_bat.spr	84ED591C	JX1:updatejx08.pak		
boss053	2285	co	NormalNpc	spr\npcres\boss\boss053	co	co	JX1	Die	\spr\npcres\boss\boss053\boss053_die.spr	4A08E577	JX1:updatejx08.pak		
boss053	2285	co	NormalNpc	spr\npcres\boss\boss053	co	co	JX1	Attack1,Attack2,Magic	\spr\npcres\boss\boss053\boss053_at.spr	C8C91618	JX1:updatejx08.pak		
boss040	2286,2289,2464	co	NormalNpc	spr\npcres\boss\boss040	co	co	JX1	FightStand	\spr\npcres\boss\boss040\partner_dustpeople_st01.spr	7180A563	JX1:update03.pak		
boss040	2286,2289,2464	co	NormalNpc	spr\npcres\boss\boss040	co	co	JX1	NormalStand1,NormalStand2,SitDown	\spr\npcres\boss\boss040\partner_dustpeople_st02.spr	4D915593	JX1:update03.pak		
boss040	2286,2289,2464	co	NormalNpc	spr\npcres\boss\boss040	co	co	JX1	FightWalk,NormalWalk,FightRun,NormalRun,JunpFly	\spr\npcres\boss\boss040\partner_dustpeople_wlk.spr	87171526	JX1:update03.pak		
boss040	2286,2289,2464	co	NormalNpc	spr\npcres\boss\boss040	co	co	JX1	Wound	\spr\npcres\boss\boss040\partner_dustpeople_bat.spr	F00B6CB0	JX1:update03.pak		
boss040	2286,2289,2464	co	NormalNpc	spr\npcres\boss\boss040	co	co	JX1	Die	\spr\npcres\boss\boss040\partner_dustpeople_die.spr	8414A3F7	JX1:update03.pak		
boss040	2286,2289,2464	co	NormalNpc	spr\npcres\boss\boss040	co	co	JX1	Attack1,Attack2,Magic	\spr\npcres\boss\boss040\partner_dustpeople_at.spr	91FA86F2	JX1:update03.pak		
passerby285	2287,2290	co	NormalNpc	spr\npcres\passerby\passerby285	co	co	JX1	FightStand,NormalStand1,NormalStand2,SitDown	\spr\npcres\passerby\passerby285\passerby285_st01.spr	AD5522F7	JX1:updatejx14.pak		
passerby285	2287,2290	co	NormalNpc	spr\npcres\passerby\passerby285	co	co	JX1	FightWalk,NormalWalk,FightRun,NormalRun,JunpFly	\spr\npcres\passerby\passerby285\passerby285_wlk.spr	6D758B57	JX1:updatejx14.pak		
passerby285	2287,2290	co	NormalNpc	spr\npcres\passerby\passerby285	co	co	JX1	Wound	\spr\npcres\passerby\passerby285\passerby285_bat.spr	2F5277ED	JX1:updatejx14.pak		
passerby285	2287,2290	co	NormalNpc	spr\npcres\passerby\passerby285	co	co	JX1	Die	\spr\npcres\passerby\passerby285\passerby285_die.spr	5F1090FE	JX1:updatejx14.pak		
passerby285	2287,2290	co	NormalNpc	spr\npcres\passerby\passerby285	co	co	JX1	Attack1,Attack2	\spr\npcres\passerby\passerby285\passerby285_at01.spr	FD7F197B	JX1:updatejx14.pak		
passerby285	2287,2290	co	NormalNpc	spr\npcres\passerby\passerby285	co	co	JX1	Magic	\spr\npcres\passerby\passerby285\passerby285_at02.spr	F911E3FA	JX1:updatejx14.pak		
passerby337	2288,2291	co	NormalNpc	spr\npcres\passerby\passerby337	co	co	JX1	FightStand	\spr\npcres\passerby\passerby337\guyue_st02.spr	83332E8C	JX1:updatejx04.pak		
passerby337	2288,2291	co	NormalNpc	spr\npcres\passerby\passerby337	co	co	JX1	NormalStand1,NormalStand2,SitDown	\spr\npcres\passerby\passerby337\guyue_st01.spr	869F42F7	JX1:updatejx04.pak		
passerby337	2288,2291	co	NormalNpc	spr\npcres\passerby\passerby337	co	co	JX1	FightWalk,NormalWalk,FightRun,NormalRun,JunpFly	\spr\npcres\passerby\passerby337\guyue_wlk.spr	CF1F7D50	JX1:updatejx04.pak		
passerby337	2288,2291	co	NormalNpc	spr\npcres\passerby\passerby337	co	co	JX1	Wound	\spr\npcres\passerby\passerby337\guyue_bat.spr	E729E8A6	JX1:updatejx04.pak		
passerby337	2288,2291	co	NormalNpc	spr\npcres\passerby\passerby337	co	co	JX1	Die	\spr\npcres\passerby\passerby337\guyue_die.spr	CF9AB409	JX1:updatejx04.pak		
passerby337	2288,2291	co	NormalNpc	spr\npcres\passerby\passerby337	co	co	JX1	Attack1	\spr\npcres\passerby\passerby337\guyue_at01.spr	3F967577	JX1:updatejx04.pak		
passerby337	2288,2291	co	NormalNpc	spr\npcres\passerby\passerby337	co	co	JX1	Attack2,Magic	\spr\npcres\passerby\passerby337\guyue_at02.spr	3BCAD10C	JX1:updatejx04.pak		
enemy034	2292	co	NormalNpc	spr\npcres\enemy\enemy034	co	co	JX1	FightStand,NormalStand1,SitDown	\spr\npcres\enemy\enemy034\enemy034_st.spr	0EF6DE50	JX1:spr.pak		
enemy034	2292	co	NormalNpc	spr\npcres\enemy\enemy034	co	co	JX1	NormalStand2	\spr\npcres\enemy\enemy034\enemy034_pst.spr	145BEA4D	JX1:spr.pak		
enemy034	2292	co	NormalNpc	spr\npcres\enemy\enemy034	co	co	JX1	FightWalk,NormalWalk,FightRun,NormalRun,JunpFly	\spr\npcres\enemy\enemy034\enemy034_wlk.spr	74F8D214	JX1:spr.pak		
enemy034	2292	co	NormalNpc	spr\npcres\enemy\enemy034	co	co	JX1	Wound	\spr\npcres\enemy\enemy034\enemy034_bat.spr	B9924CF1	JX1:spr.pak		
enemy034	2292	co	NormalNpc	spr\npcres\enemy\enemy034	co	co	JX1	Die	\spr\npcres\enemy\enemy034\enemy034_die.spr	1294289B	JX1:spr.pak		
enemy034	2292	co	NormalNpc	spr\npcres\enemy\enemy034	co	co	JX1	Attack1,Attack2,Magic	\spr\npcres\enemy\enemy034\enemy034_at.spr	CCA050F1	JX1:spr.pak		
enemy028	2293,2302,2359	co	NormalNpc	spr\npcres\enemy\enemy028	co	co	JX1	FightStand,NormalStand1,SitDown	\spr\npcres\enemy\enemy028\enemy028_st.spr	54825503	JX1:spr.pak		
enemy028	2293,2302,2359	co	NormalNpc	spr\npcres\enemy\enemy028	co	co	JX1	NormalStand2	\spr\npcres\enemy\enemy028\enemy028_pst.spr	2F70DDCA	JX1:spr.pak		
enemy028	2293,2302,2359	co	NormalNpc	spr\npcres\enemy\enemy028	co	co	JX1	FightWalk,NormalWalk,FightRun,NormalRun,JunpFly	\spr\npcres\enemy\enemy028\enemy028_wlk.spr	8F950591	JX1:spr.pak		
enemy028	2293,2302,2359	co	NormalNpc	spr\npcres\enemy\enemy028	co	co	JX1	Wound	\spr\npcres\enemy\enemy028\enemy028_bat.spr	704EA009	JX1:spr.pak		
enemy028	2293,2302,2359	co	NormalNpc	spr\npcres\enemy\enemy028	co	co	JX1	Die	\spr\npcres\enemy\enemy028\enemy028_die.spr	25410C68	JX1:spr.pak		
enemy028	2293,2302,2359	co	NormalNpc	spr\npcres\enemy\enemy028	co	co	JX1	Attack1,Attack2,Magic	\spr\npcres\enemy\enemy028\enemy028_at.spr	9AB3D759	JX1:spr.pak		
passerby389	2295	co	NormalNpc	spr\npcres\passerby\passerby389	co	co	JX1	FightStand,NormalStand1,NormalStand2	\spr\npcres\passerby\passerby389\passerby389_st01.spr	767EBC40	JX1:updatejx14.pak		
passerby390	2296	co	NormalNpc	spr\npcres\passerby\passerby390	co	co	JX1	FightStand,NormalStand1,NormalStand2	\spr\npcres\passerby\passerby390\passerby390_st01.spr	93D9CDE8	JX1:updatejx14.pak		
enemy017	2297	co	NormalNpc	spr\npcres\enemy\enemy017	co	co	JX1	FightStand,NormalStand1,SitDown	\spr\npcres\enemy\enemy017\enemy017_st.spr	D4F5DDA8	JX1:spr.pak		
enemy017	2297	co	NormalNpc	spr\npcres\enemy\enemy017	co	co	JX1	NormalStand2	\spr\npcres\enemy\enemy017\enemy017_pst.spr	2EB42B2A	JX1:spr.pak		
enemy017	2297	co	NormalNpc	spr\npcres\enemy\enemy017	co	co	JX1	FightWalk,NormalWalk,FightRun,NormalRun,JunpFly	\spr\npcres\enemy\enemy017\enemy017_wlk.spr	8EE91087	JX1:spr.pak		
enemy017	2297	co	NormalNpc	spr\npcres\enemy\enemy017	co	co	JX1	Wound	\spr\npcres\enemy\enemy017\enemy017_bat.spr	7382A34F	JX1:spr.pak		
enemy017	2297	co	NormalNpc	spr\npcres\enemy\enemy017	co	co	JX1	Die	\spr\npcres\enemy\enemy017\enemy017_die.spr	24850EAE	JX1:spr.pak		
enemy017	2297	co	NormalNpc	spr\npcres\enemy\enemy017	co	co	JX1	Attack1,Attack2,Magic	\spr\npcres\enemy\enemy017\enemy017_at.spr	9AA75EC3	JX1:spr.pak		
enemy026	2298	co	NormalNpc	spr\npcres\enemy\enemy026	co	co	JX1	FightStand,NormalStand1,SitDown	\spr\npcres\enemy\enemy026\enemy026_st.spr	38E13DB0	JX1:spr.pak		
enemy026	2298	co	NormalNpc	spr\npcres\enemy\enemy026	co	co	JX1	NormalStand2	\spr\npcres\enemy\enemy026\enemy026_pst.spr	051AC8ED	JX1:spr.pak		
enemy026	2298	co	NormalNpc	spr\npcres\enemy\enemy026	co	co	JX1	FightWalk,NormalWalk,FightRun,NormalRun,JunpFly	\spr\npcres\enemy\enemy026\enemy026_wlk.spr	65BF0D64	JX1:spr.pak		
enemy026	2298	co	NormalNpc	spr\npcres\enemy\enemy026	co	co	JX1	Wound	\spr\npcres\enemy\enemy026\enemy026_bat.spr	AE515C77	JX1:spr.pak		
enemy026	2298	co	NormalNpc	spr\npcres\enemy\enemy026	co	co	JX1	Die	\spr\npcres\enemy\enemy026\enemy026_die.spr	036B3A8B	JX1:spr.pak		
enemy026	2298	co	NormalNpc	spr\npcres\enemy\enemy026	co	co	JX1	Attack1,Attack2,Magic	\spr\npcres\enemy\enemy026\enemy026_at.spr	7E92BF16	JX1:spr.pak		
enemy004	2299,2513	co	NormalNpc	spr\npcres\enemy\enemy004	co	co	JX1	FightStand,NormalStand1,SitDown	\spr\npcres\enemy\enemy004\enemy004_st.spr	A1C939CA	JX1:spr.pak		
enemy004	2299,2513	co	NormalNpc	spr\npcres\enemy\enemy004	co	co	JX1	NormalStand2	\spr\npcres\enemy\enemy004\enemy004_pst.spr	69B20D28	JX1:spr.pak		
enemy004	2299,2513	co	NormalNpc	spr\npcres\enemy\enemy004	co	co	JX1	FightWalk,NormalWalk,FightRun,NormalRun,JunpFly	\spr\npcres\enemy\enemy004\enemy004_wlk.spr	C9D77285	JX1:spr.pak		
enemy004	2299,2513	co	NormalNpc	spr\npcres\enemy\enemy004	co	co	JX1	Wound	\spr\npcres\enemy\enemy004\enemy004_bat.spr	3288ED62	JX1:spr.pak		
enemy004	2299,2513	co	NormalNpc	spr\npcres\enemy\enemy004	co	co	JX1	Die	\spr\npcres\enemy\enemy004\enemy004_die.spr	67834B86	JX1:spr.pak		
enemy004	2299,2513	co	NormalNpc	spr\npcres\enemy\enemy004	co	co	JX1	Attack1,Attack2,Magic	\spr\npcres\enemy\enemy004\enemy004_at.spr	67FAB86B	JX1:spr.pak		
enemy024	2300,2322,2386,2503	co	NormalNpc	spr\npcres\enemy\enemy024	co	co	JX1	FightStand,NormalStand1,SitDown	\spr\npcres\enemy\enemy024\enemy024_st.spr	F74CF22D	JX1:spr.pak		
enemy024	2300,2322,2386,2503	co	NormalNpc	spr\npcres\enemy\enemy024	co	co	JX1	NormalStand2	\spr\npcres\enemy\enemy024\enemy024_pst.spr	20638A05	JX1:spr.pak		
enemy024	2300,2322,2386,2503	co	NormalNpc	spr\npcres\enemy\enemy024	co	co	JX1	FightWalk,NormalWalk,FightRun,NormalRun,JunpFly	\spr\npcres\enemy\enemy024\enemy024_wlk.spr	8080F052	JX1:spr.pak		
enemy024	2300,2322,2386,2503	co	NormalNpc	spr\npcres\enemy\enemy024	co	co	JX1	Wound	\spr\npcres\enemy\enemy024\enemy024_bat.spr	45BA1ECA	JX1:spr.pak		
enemy024	2300,2322,2386,2503	co	NormalNpc	spr\npcres\enemy\enemy024	co	co	JX1	Die	\spr\npcres\enemy\enemy024\enemy024_die.spr	3EBCFA29	JX1:spr.pak		
enemy024	2300,2322,2386,2503	co	NormalNpc	spr\npcres\enemy\enemy024	co	co	JX1	Attack1,Attack2,Magic	\spr\npcres\enemy\enemy024\enemy024_at.spr	357E7783	JX1:spr.pak		
enemy006	2303,2505	co	NormalNpc	spr\npcres\enemy\enemy006	co	co	JX1	FightStand,NormalStand1,SitDown	\spr\npcres\enemy\enemy006\enemy006_st.spr	36D5BD0D	JX1:spr.pak		
enemy006	2303,2505	co	NormalNpc	spr\npcres\enemy\enemy006	co	co	JX1	NormalStand2	\spr\npcres\enemy\enemy006\enemy006_pst.spr	6E6E7260	JX1:spr.pak		
enemy006	2303,2505	co	NormalNpc	spr\npcres\enemy\enemy006	co	co	JX1	FightWalk,NormalWalk,FightRun,NormalRun,JunpFly	\spr\npcres\enemy\enemy006\enemy006_wlk.spr	CE82AF0D	JX1:spr.pak		
enemy006	2303,2505	co	NormalNpc	spr\npcres\enemy\enemy006	co	co	JX1	Wound	\spr\npcres\enemy\enemy006\enemy006_bat.spr	33A4D9EA	JX1:spr.pak		
enemy006	2303,2505	co	NormalNpc	spr\npcres\enemy\enemy006	co	co	JX1	Die	\spr\npcres\enemy\enemy006\enemy006_die.spr	64BEA40E	JX1:spr.pak		
enemy006	2303,2505	co	NormalNpc	spr\npcres\enemy\enemy006	co	co	JX1	Attack1,Attack2,Magic	\spr\npcres\enemy\enemy006\enemy006_at.spr	74873F63	JX1:spr.pak		
boss095	2304	co	NormalNpc	spr\npcres\boss\boss095	co	co	JX1	FightStand	\spr\npcres\boss\boss095\boss095_st01.spr	40FCE826	JX1:updatejx10.pak		
boss095	2304	co	NormalNpc	spr\npcres\boss\boss095	co	co	JX1	NormalStand1,NormalStand2,SitDown	\spr\npcres\boss\boss095\boss095_st02.spr	5D9376D1	JX1:updatejx10.pak		
boss095	2304	co	NormalNpc	spr\npcres\boss\boss095	co	co	JX1	FightWalk,NormalWalk,FightRun,NormalRun,JunpFly	\spr\npcres\boss\boss095\boss095_wlk.spr	92016E9F	JX1:updatejx10.pak		
boss095	2304	co	NormalNpc	spr\npcres\boss\boss095	co	co	JX1	Wound	\spr\npcres\boss\boss095\boss095_bat.spr	E3C1A11F	JX1:updatejx10.pak		
boss095	2304	co	NormalNpc	spr\npcres\boss\boss095	co	co	JX1	Die	\spr\npcres\boss\boss095\boss095_die.spr	216DCC2F	JX1:updatejx10.pak		
boss095	2304	co	NormalNpc	spr\npcres\boss\boss095	co	co	JX1	Attack1	\spr\npcres\boss\boss095\boss095_at01.spr	C6FAF01D	JX1:updatejx10.pak		
boss095	2304	co	NormalNpc	spr\npcres\boss\boss095	co	co	JX1	Attack2,Magic	\spr\npcres\boss\boss095\boss095_at02.spr	C3995EC8	JX1:updatejx10.pak		
boss128	2305	co	NormalNpc	spr\npcres\boss\boss128	co	co	JX1	FightStand,NormalStand1	\spr\npcres\boss\boss128\boss128_st01.spr	D1379DB1	THIEU CA HAI		
boss128	2305	co	NormalNpc	spr\npcres\boss\boss128	co	co	JX1	NormalStand2,SitDown	\spr\npcres\boss\boss128\boss128_st02.spr	ADD6786C	THIEU CA HAI		
boss128	2305	co	NormalNpc	spr\npcres\boss\boss128	co	co	JX1	FightWalk,NormalWalk,FightRun,NormalRun,Wound,JunpFly	\spr\npcres\boss\boss128\boss128_wlk.spr	858D1EDA	THIEU CA HAI		
boss128	2305	co	NormalNpc	spr\npcres\boss\boss128	co	co	JX1	Die	\spr\npcres\boss\boss128\boss128_die.spr	58E9FEE4	THIEU CA HAI		
boss128	2305	co	NormalNpc	spr\npcres\boss\boss128	co	co	JX1	Attack1	\spr\npcres\boss\boss128\boss128_at01.spr	573DCC82	THIEU CA HAI		
boss128	2305	co	NormalNpc	spr\npcres\boss\boss128	co	co	JX1	Attack2,Magic	\spr\npcres\boss\boss128\boss128_at02.spr	53D3AB3D	THIEU CA HAI		
enemy242	2308	co	NormalNpc	spr\npcres\enemy\enemy242	co	co	JX1	FightStand	\spr\npcres\enemy\enemy242\enemy242_st01.spr	6A1FEF2B	JX1:updatejx11.pak		
enemy242	2308	co	NormalNpc	spr\npcres\enemy\enemy242	co	co	JX1	NormalStand1,NormalStand2,SitDown	\spr\npcres\enemy\enemy242\enemy242_st02.spr	66FD4AD3	JX1:updatejx11.pak		
enemy242	2308	co	NormalNpc	spr\npcres\enemy\enemy242	co	co	JX1	FightWalk,NormalWalk,FightRun,NormalRun,JunpFly	\spr\npcres\enemy\enemy242\enemy242_wlk.spr	A7C09D63	JX1:updatejx11.pak		
enemy242	2308	co	NormalNpc	spr\npcres\enemy\enemy242	co	co	JX1	Wound	\spr\npcres\enemy\enemy242\enemy242_bat.spr	68FA378B	JX1:updatejx11.pak		
enemy242	2308	co	NormalNpc	spr\npcres\enemy\enemy242	co	co	JX1	Die	\spr\npcres\enemy\enemy242\enemy242_die.spr	DDFC92AF	JX1:updatejx11.pak		
enemy242	2308	co	NormalNpc	spr\npcres\enemy\enemy242	co	co	JX1	Attack1	\spr\npcres\enemy\enemy242\enemy242_at01.spr	579F26FC	JX1:updatejx11.pak		
enemy242	2308	co	NormalNpc	spr\npcres\enemy\enemy242	co	co	JX1	Attack2,Magic	\spr\npcres\enemy\enemy242\enemy242_at02.spr	507C85A4	JX1:updatejx11.pak		
boss094	2309	co	NormalNpc	spr\npcres\boss\boss094	co	co	JX1	FightStand	\spr\npcres\boss\boss094\boss094_st01.spr	03822348	JX1:updatejx10.pak		
boss094	2309	co	NormalNpc	spr\npcres\boss\boss094	co	co	JX1	NormalStand1,NormalStand2,SitDown	\spr\npcres\boss\boss094\boss094_st02.spr	1CA08103	JX1:updatejx10.pak		
boss094	2309	co	NormalNpc	spr\npcres\boss\boss094	co	co	JX1	FightWalk,NormalWalk,FightRun,NormalRun,JunpFly	\spr\npcres\boss\boss094\boss094_wlk.spr	B0131C23	JX1:updatejx10.pak		
boss094	2309	co	NormalNpc	spr\npcres\boss\boss094	co	co	JX1	Wound	\spr\npcres\boss\boss094\boss094_bat.spr	01D3ADCD	JX1:updatejx10.pak		
boss094	2309	co	NormalNpc	spr\npcres\boss\boss094	co	co	JX1	Die	\spr\npcres\boss\boss094\boss094_die.spr	477FC8DD	JX1:updatejx10.pak		
boss094	2309	co	NormalNpc	spr\npcres\boss\boss094	co	co	JX1	Attack1	\spr\npcres\boss\boss094\boss094_at01.spr	81880B4F	JX1:updatejx10.pak		
boss094	2309	co	NormalNpc	spr\npcres\boss\boss094	co	co	JX1	Attack2,Magic	\spr\npcres\boss\boss094\boss094_at02.spr	82AEE9FA	JX1:updatejx10.pak		
boss096	2310	co	NormalNpc	spr\npcres\boss\boss096	co	co	JX1	FightStand	\spr\npcres\boss\boss096\boss096_st01.spr	BFFBB6AE	JX1:updatejx10.pak		
boss096	2310	co	NormalNpc	spr\npcres\boss\boss096	co	co	JX1	NormalStand1,NormalStand2,SitDown	\spr\npcres\boss\boss096\boss096_st02.spr	B89A1559	JX1:updatejx10.pak		
boss096	2310	co	NormalNpc	spr\npcres\boss\boss096	co	co	JX1	FightWalk,NormalWalk,FightRun,NormalRun,JunpFly	\spr\npcres\boss\boss096\boss096_wlk.spr	DF9910D2	JX1:updatejx10.pak		
boss096	2310	co	NormalNpc	spr\npcres\boss\boss096	co	co	JX1	Wound	\spr\npcres\boss\boss096\boss096_bat.spr	AD5A5217	JX1:updatejx10.pak		
boss096	2310	co	NormalNpc	spr\npcres\boss\boss096	co	co	JX1	Die	\spr\npcres\boss\boss096\boss096_die.spr	92E5FE62	JX1:updatejx10.pak		
boss096	2310	co	NormalNpc	spr\npcres\boss\boss096	co	co	JX1	Attack1	\spr\npcres\boss\boss096\boss096_at01.spr	3DE1E67F	JX1:updatejx10.pak		
boss096	2310	co	NormalNpc	spr\npcres\boss\boss096	co	co	JX1	Attack2,Magic	\spr\npcres\boss\boss096\boss096_at02.spr	3E80442A	JX1:updatejx10.pak		
boss100	2312	co	NormalNpc	spr\npcres\boss\boss100	co	co	JX1	FightStand,NormalStand1,NormalStand2	\spr\npcres\boss\boss100\boss100_st01.spr	41E484EE	THIEU CA HAI		
boss100	2312	co	NormalNpc	spr\npcres\boss\boss100	co	co	JX1	FightWalk,NormalWalk,FightRun,NormalRun,Wound,JunpFly	\spr\npcres\boss\boss100\boss100_wlk.spr	1211E692	THIEU CA HAI		
boss100	2312	co	NormalNpc	spr\npcres\boss\boss100	co	co	JX1	Die	\spr\npcres\boss\boss100\boss100_die.spr	A17E4422	THIEU CA HAI		
boss100	2312	co	NormalNpc	spr\npcres\boss\boss100	co	co	JX1	Attack1,Attack2,Magic,SitDown	\spr\npcres\boss\boss100\boss100_at01.spr	C7E18D6F	THIEU CA HAI		
passerby354m	2313	co	NormalNpc	spr\npcres\passerby\passerby354	co	co	JX1	FightStand,NormalStand1,NormalStand2	\spr\npcres\passerby\passerby354\tong02.spr	086FA7B4	JX1:updatejx10.pak		
enemy153	2314	co	NormalNpc	spr\npcres\enemy\enemy153	co	co	JX1	FightStand,NormalStand1,SitDown	\spr\npcres\enemy\enemy153\enemy153_st.spr	80DA0338	JX1:spr.pak		
enemy153	2314	co	NormalNpc	spr\npcres\enemy\enemy153	co	co	JX1	NormalStand2	\spr\npcres\enemy\enemy153\enemy153_pst.spr	BFB34A9A	JX1:spr.pak		
ani063	2315	co	NormalNpc	spr\npcres\animal\ani063	co	co	JX1	FightStand,NormalStand1,SitDown	\spr\npcres\animal\ani063\ani063_st.spr	0C248A57	JX1:spr.pak		
ani063	2315	co	NormalNpc	spr\npcres\animal\ani063	co	co	JX1	NormalStand2	\spr\npcres\animal\ani063\ani063_pst.spr	390FA266	JX1:spr.pak		
ani063	2315	co	NormalNpc	spr\npcres\animal\ani063	co	co	JX1	FightWalk,NormalWalk,FightRun,NormalRun,JunpFly	\spr\npcres\animal\ani063\ani063_wlk.spr	BB10AD7C	JX1:spr.pak		
ani063	2315	co	NormalNpc	spr\npcres\animal\ani063	co	co	JX1	Wound	\spr\npcres\animal\ani063\ani063_bat.spr	88D19397	JX1:spr.pak		
ani063	2315	co	NormalNpc	spr\npcres\animal\ani063	co	co	JX1	Die	\spr\npcres\animal\ani063\ani063_die.spr	CE7D3EA7	JX1:spr.pak		
ani063	2315	co	NormalNpc	spr\npcres\animal\ani063	co	co	JX1	Attack1,Attack2,Magic	\spr\npcres\animal\ani063\ani063_at.spr	3FA741E8	JX1:spr.pak		
enemy224	2317,2337,2401	co	NormalNpc	spr\npcres\enemy\enemy224	co	co	JX1	FightStand	\spr\npcres\enemy\enemy224\enemy224_st01.spr	9879D979	JX1:update01.pak		
enemy224	2317,2337,2401	co	NormalNpc	spr\npcres\enemy\enemy224	co	co	JX1	NormalStand1,NormalStand2,SitDown	\spr\npcres\enemy\enemy224\enemy224_st02.spr	94DEA421	JX1:update01.pak		
enemy224	2317,2337,2401	co	NormalNpc	spr\npcres\enemy\enemy224	co	co	JX1	FightWalk,NormalWalk,FightRun,NormalRun,JunpFly	\spr\npcres\enemy\enemy224\enemy224_wlk.spr	6A93D485	JX1:update01.pak		
enemy224	2317,2337,2401	co	NormalNpc	spr\npcres\enemy\enemy224	co	co	JX1	Wound	\spr\npcres\enemy\enemy224\enemy224_bat.spr	2FB573FD	JX1:update01.pak		
enemy224	2317,2337,2401	co	NormalNpc	spr\npcres\enemy\enemy224	co	co	JX1	Die	\spr\npcres\enemy\enemy224\enemy224_die.spr	004FDF5C	JX1:update01.pak		
enemy224	2317,2337,2401	co	NormalNpc	spr\npcres\enemy\enemy224	co	co	JX1	Attack1	\spr\npcres\enemy\enemy224\enemy224_at01.spr	45F825AA	JX1:update01.pak		
enemy224	2317,2337,2401	co	NormalNpc	spr\npcres\enemy\enemy224	co	co	JX1	Attack2,Magic	\spr\npcres\enemy\enemy224\enemy224_at02.spr	465D8152	JX1:update01.pak		
enemy171	2319,2383,2567,2599	co	NormalNpc	spr\npcres\enemy\enemy171	co	co	JX1	FightStand,NormalStand1,SitDown	\spr\npcres\enemy\enemy171\enemy171_st.spr	8B0C768A	JX1:spr.pak		
enemy171	2319,2383,2567,2599	co	NormalNpc	spr\npcres\enemy\enemy171	co	co	JX1	NormalStand2	\spr\npcres\enemy\enemy171\enemy171_pst.spr	5094C068	JX1:spr.pak		
enemy171	2319,2383,2567,2599	co	NormalNpc	spr\npcres\enemy\enemy171	co	co	JX1	FightWalk,NormalWalk,FightRun,NormalRun,JunpFly	\spr\npcres\enemy\enemy171\enemy171_wlk.spr	B0C909C5	JX1:spr.pak		
enemy171	2319,2383,2567,2599	co	NormalNpc	spr\npcres\enemy\enemy171	co	co	JX1	Wound	\spr\npcres\enemy\enemy171\enemy171_bat.spr	F5E358C8	JX1:spr.pak		
enemy171	2319,2383,2567,2599	co	NormalNpc	spr\npcres\enemy\enemy171	co	co	JX1	Die	\spr\npcres\enemy\enemy171\enemy171_die.spr	2EE527EC	JX1:spr.pak		
enemy171	2319,2383,2567,2599	co	NormalNpc	spr\npcres\enemy\enemy171	co	co	JX1	Attack1,Attack2,Magic	\spr\npcres\enemy\enemy171\enemy171_at.spr	493DCBA5	JX1:spr.pak		
ani019	2323,2387	co	NormalNpc	spr\npcres\animal\ani019	co	co	JX1	FightStand,NormalStand1,SitDown	\spr\npcres\animal\ani019\ani019_st.spr	94BCFC54	JX1:spr.pak		
ani019	2323,2387	co	NormalNpc	spr\npcres\animal\ani019	co	co	JX1	NormalStand2	\spr\npcres\animal\ani019\ani019_pst.spr	A97313EE	JX1:spr.pak		
ani019	2323,2387	co	NormalNpc	spr\npcres\animal\ani019	co	co	JX1	FightWalk,NormalWalk,FightRun,NormalRun,JunpFly	\spr\npcres\animal\ani019\ani019_wlk.spr	AB041B4F	JX1:spr.pak		
ani019	2323,2387	co	NormalNpc	spr\npcres\animal\ani019	co	co	JX1	Wound	\spr\npcres\animal\ani019\ani019_bat.spr	38C5411F	JX1:spr.pak		
ani019	2323,2387	co	NormalNpc	spr\npcres\animal\ani019	co	co	JX1	Die	\spr\npcres\animal\ani019\ani019_die.spr	7E60EC2F	JX1:spr.pak		
ani019	2323,2387	co	NormalNpc	spr\npcres\animal\ani019	co	co	JX1	Attack1,Attack2,Magic	\spr\npcres\animal\ani019\ani019_at.spr	843EB3F5	JX1:spr.pak		
boss083	2324,2388	co	NormalNpc	spr\npcres\boss\boss083_ciweiwang	co	co	JX1	FightStand	\spr\npcres\boss\boss083_ciweiwang\ciweiwang_st01.spr	CC8B5B9A	JX1:updatejx07_jxf06.pak		
boss083	2324,2388	co	NormalNpc	spr\npcres\boss\boss083_ciweiwang	co	co	JX1	NormalStand1,NormalStand2,SitDown	\spr\npcres\boss\boss083_ciweiwang\ciweiwang_st02.spr	C8AD2219	JX1:updatejx07_jxf06.pak		
boss083	2324,2388	co	NormalNpc	spr\npcres\boss\boss083_ciweiwang	co	co	JX1	FightWalk,NormalWalk,FightRun,NormalRun,JunpFly	\spr\npcres\boss\boss083_ciweiwang\ciweiwang_wlk.spr	B8A2E074	JX1:updatejx07_jxf06.pak		
boss083	2324,2388	co	NormalNpc	spr\npcres\boss\boss083_ciweiwang	co	co	JX1	Wound	\spr\npcres\boss\boss083_ciweiwang\ciweiwang_bat.spr	7A8EAC0A	JX1:updatejx07_jxf06.pak		
boss083	2324,2388	co	NormalNpc	spr\npcres\boss\boss083_ciweiwang	co	co	JX1	Die	\spr\npcres\boss\boss083_ciweiwang\ciweiwang_die.spr	6A4DC91B	JX1:updatejx07_jxf06.pak		
boss083	2324,2388	co	NormalNpc	spr\npcres\boss\boss083_ciweiwang	co	co	JX1	Attack1	\spr\npcres\boss\boss083_ciweiwang\ciweiwang_at01.spr	1C9CBE2E	JX1:updatejx07_jxf06.pak		
boss083	2324,2388	co	NormalNpc	spr\npcres\boss\boss083_ciweiwang	co	co	JX1	Attack2,Magic	\spr\npcres\boss\boss083_ciweiwang\ciweiwang_at02.spr	18B718AD	JX1:updatejx07_jxf06.pak		
passerby341_tu	2325,2335,2389,2399	co	NormalNpc	spr\npcres\passerby\passerby341_zhuzi	co	co	JX1	FightStand,NormalStand1,NormalStand2,FightWalk,NormalWalk,FightRun,NormalRun,Wound,Die,Attack1,Attack2,Magic,SitDown,JunpFly	\spr\npcres\passerby\passerby341_zhuzi\ÍÁÉ«.spr	567B7563	JX1:updatejx08.pak		
enemy231	2328,2336,2392,2400	co	NormalNpc	spr\npcres\enemy\enemy231	co	co	JX1	FightStand,NormalStand1,NormalStand2,FightWalk,NormalWalk,FightRun,NormalRun,Wound,Die,SitDown,JunpFly	\spr\npcres\enemy\enemy231\enemy231_st01.spr	3CDE24B6	JX1:update04.pak		
enemy231	2328,2336,2392,2400	co	NormalNpc	spr\npcres\enemy\enemy231	co	co	JX1	Attack1,Attack2,Magic	\spr\npcres\enemy\enemy231\enemy231_at01.spr	EE5D1D97	JX1:update04.pak		
boss086	2329,2393	co	NormalNpc	spr\npcres\boss\boss086_powaner	co	co	JX1	FightStand	\spr\npcres\boss\boss086_powaner\powaner_st01.spr	E0776F59	JX1:updatejx07_jxf06.pak		
boss086	2329,2393	co	NormalNpc	spr\npcres\boss\boss086_powaner	co	co	JX1	NormalStand1,NormalStand2,SitDown	\spr\npcres\boss\boss086_powaner\powaner_st02.spr	FC401E9C	JX1:updatejx07_jxf06.pak		
boss086	2329,2393	co	NormalNpc	spr\npcres\boss\boss086_powaner	co	co	JX1	FightWalk,NormalWalk,FightRun,NormalRun,JunpFly	\spr\npcres\boss\boss086_powaner\powaner_wlk.spr	833E62A7	JX1:updatejx07_jxf06.pak		
boss086	2329,2393	co	NormalNpc	spr\npcres\boss\boss086_powaner	co	co	JX1	Wound	\spr\npcres\boss\boss086_powaner\powaner_bat01.spr	FF2E7978	JX1:updatejx07_jxf06.pak		
boss086	2329,2393	co	NormalNpc	spr\npcres\boss\boss086_powaner	co	co	JX1	Die	\spr\npcres\boss\boss086_powaner\powaner_die.spr	B96C1871	JX1:updatejx07_jxf06.pak		
boss086	2329,2393	co	NormalNpc	spr\npcres\boss\boss086_powaner	co	co	JX1	Attack1	\spr\npcres\boss\boss086_powaner\powaner_at01.spr	80D54EE0	JX1:updatejx07_jxf06.pak		
boss086	2329,2393	co	NormalNpc	spr\npcres\boss\boss086_powaner	co	co	JX1	Attack2,Magic	\spr\npcres\boss\boss086_powaner\powaner_at02.spr	9D267E23	JX1:updatejx07_jxf06.pak		
boss016	2330,2394	co	NormalNpc	spr\npcres\boss\boss016	co	co	JX1	FightStand,NormalStand1,NormalStand2,SitDown	\spr\npcres\boss\boss016\boss016_st.spr	D5513806	JX1:spr.pak		
boss016	2330,2394	co	NormalNpc	spr\npcres\boss\boss016	co	co	JX1	FightWalk,NormalWalk,FightRun,NormalRun,JunpFly	\spr\npcres\boss\boss016\boss016_wlk.spr	F8B312F8	JX1:spr.pak		
boss016	2330,2394	co	NormalNpc	spr\npcres\boss\boss016	co	co	JX1	Wound	\spr\npcres\boss\boss016\boss016_bat.spr	CE7C5B8D	JX1:spr.pak		
boss016	2330,2394	co	NormalNpc	spr\npcres\boss\boss016	co	co	JX1	Die	\spr\npcres\boss\boss016\boss016_die.spr	8F9FE7D8	JX1:spr.pak		
boss016	2330,2394	co	NormalNpc	spr\npcres\boss\boss016	co	co	JX1	Attack1	\spr\npcres\boss\boss016\boss016_at01.spr	576F5859	JX1:spr.pak		
boss016	2330,2394	co	NormalNpc	spr\npcres\boss\boss016	co	co	JX1	Attack2,Magic	\spr\npcres\boss\boss016\boss016_at02.spr	500D2614	JX1:spr.pak		
passerby341_mu	2332,2396	co	NormalNpc	spr\npcres\passerby\passerby341_zhuzi	co	co	JX1	FightStand,NormalStand1,NormalStand2,FightWalk,NormalWalk,FightRun,NormalRun,Wound,Die,Attack1,Attack2,Magic,SitDown,JunpFly	\spr\npcres\passerby\passerby341_zhuzi\ÂÌÉ«.spr	19048DC3	JX1:updatejx08.pak		
passerby341_shui	2333,2397	co	NormalNpc	spr\npcres\passerby\passerby341_zhuzi	co	co	JX1	FightStand,NormalStand1,NormalStand2,FightWalk,NormalWalk,FightRun,NormalRun,Wound,Die,Attack1,Attack2,Magic,SitDown,JunpFly	\spr\npcres\passerby\passerby341_zhuzi\±ùÉ«.spr	C44FF73B	JX1:updatejx08.pak		
passerby341_huo	2334,2339,2398,2403	co	NormalNpc	spr\npcres\passerby\passerby341_zhuzi	co	co	JX1	FightStand,NormalStand1,NormalStand2,FightWalk,NormalWalk,FightRun,NormalRun,Wound,Die,Attack1,Attack2,Magic,SitDown,JunpFly	\spr\npcres\passerby\passerby341_zhuzi\»ðÉ«.spr	50BD1967	JX1:updatejx08.pak		
boss070	2338,2402,2425,2603,2639	co	NormalNpc	spr\npcres\boss\boss070	co	co	JX1	FightStand,NormalStand1,NormalStand2,SitDown	\spr\npcres\boss\boss070\boss070_st01.spr	DC5F915F	JX1:updatejx06.pak		
boss070	2338,2402,2425,2603,2639	co	NormalNpc	spr\npcres\boss\boss070	co	co	JX1	FightWalk,NormalWalk,FightRun,NormalRun,JunpFly	\spr\npcres\boss\boss070\boss070_wlk.spr	0539D211	JX1:updatejx06.pak		
boss070	2338,2402,2425,2603,2639	co	NormalNpc	spr\npcres\boss\boss070	co	co	JX1	Wound	\spr\npcres\boss\boss070\boss070_bat.spr	1AFA1456	JX1:updatejx06.pak		
boss070	2338,2402,2425,2603,2639	co	NormalNpc	spr\npcres\boss\boss070	co	co	JX1	Die	\spr\npcres\boss\boss070\boss070_die.spr	5805B366	JX1:updatejx06.pak		
boss070	2338,2402,2425,2603,2639	co	NormalNpc	spr\npcres\boss\boss070	co	co	JX1	Attack1,Attack2,Magic	\spr\npcres\boss\boss070\boss070_at.spr	241F4639	JX1:updatejx06.pak		
boss079	2340,2404	co	NormalNpc	spr\npcres\boss\boss079	co	co	JX1	FightStand,NormalStand2,SitDown	\spr\npcres\boss\boss079\cretter011_st02.spr	9204919B	JX1:updatejx03.pak		
boss079	2340,2404	co	NormalNpc	spr\npcres\boss\boss079	co	co	JX1	NormalStand1	\spr\npcres\boss\boss079\cretter011_st01.spr	91A732F3	JX1:updatejx03.pak		
boss079	2340,2404	co	NormalNpc	spr\npcres\boss\boss079	co	co	JX1	FightWalk,NormalWalk,FightRun,NormalRun,JunpFly	\spr\npcres\boss\boss079\cretter011_wlk.spr	D66C4A6B	JX1:updatejx03.pak		
boss079	2340,2404	co	NormalNpc	spr\npcres\boss\boss079	co	co	JX1	Wound	\spr\npcres\boss\boss079\cretter011_bat.spr	9B05E8E3	JX1:updatejx03.pak		
boss079	2340,2404	co	NormalNpc	spr\npcres\boss\boss079	co	co	JX1	Die	\spr\npcres\boss\boss079\cretter011_die.spr	CC187707	JX1:updatejx03.pak		
boss079	2340,2404	co	NormalNpc	spr\npcres\boss\boss079	co	co	JX1	Attack1,Attack2,Magic	\spr\npcres\boss\boss079\cretter011_at01.spr	C3261C6F	JX1:updatejx03.pak		
passerby389_jin	2342,2406	co	NormalNpc	spr\item\songjin	co	co	JX1	FightStand,NormalStand1,NormalStand2,FightWalk,NormalWalk,FightRun,NormalRun,Wound,Die,Attack1,Attack2,Magic,SitDown,JunpFly	\spr\item\songjin\pneuma_jin.spr	CB592F30	JX1:update01.pak		
passerby389_mu	2343,2407	co	NormalNpc	spr\item\songjin	co	co	JX1	FightStand,NormalStand1,NormalStand2,FightWalk,NormalWalk,FightRun,NormalRun,Wound,Die,Attack1,Attack2,Magic,SitDown,JunpFly	\spr\item\songjin\pneuma_mu.spr	D433F091	JX1:update01.pak		
passerby389_shui	2344,2408	co	NormalNpc	spr\item\songjin	co	co	JX1	FightStand,NormalStand1,NormalStand2,FightWalk,NormalWalk,FightRun,NormalRun,Wound,Die,Attack1,Attack2,Magic,SitDown,JunpFly	\spr\item\songjin\pneuma_shui.spr	A3192315	JX1:update01.pak		
passerby389_huo	2345,2409,2568	co	NormalNpc	spr\item\songjin	co	co	JX1	FightStand,NormalStand1,NormalStand2,FightWalk,NormalWalk,FightRun,NormalRun,Wound,Die,Attack1,Attack2,Magic,SitDown,JunpFly	\spr\item\songjin\pneuma_huo.spr	B3313C5C	JX1:update01.pak		
passerby389_tu	2346,2410	co	NormalNpc	spr\item\songjin	co	co	JX1	FightStand,NormalStand1,NormalStand2,FightWalk,NormalWalk,FightRun,NormalRun,Wound,Die,Attack1,Attack2,Magic,SitDown,JunpFly	\spr\item\songjin\pneuma_tu.spr	D9D443A7	JX1:update01.pak		
boss123	2347	co	NormalNpc	spr\npcres\boss\boss123	co	co	JX1	NormalStand1,NormalStand2	\spr\npcres\boss\boss123\boss123_st.spr	E381C356	THIEU CA HAI		
boss123	2347	co	NormalNpc	spr\npcres\boss\boss123	co	co	JX1	NormalWalk	\spr\npcres\boss\boss123\boss123_wlk.spr	0900E4A8	THIEU CA HAI		
boss123	2347	co	NormalNpc	spr\npcres\boss\boss123	co	co	JX1	NormalRun	\spr\npcres\boss\boss123\boss123_run.spr	0716F471	THIEU CA HAI		
passerby344	2348	co	NormalNpc	spr\npcres\passerby\passerby344_xuelingzhu	co	co	JX1	FightStand,NormalStand1,NormalStand2	\spr\npcres\passerby\passerby344_xuelingzhu\Ñ©ÁéÖé.spr	64AC48DC	JX1:updatejx14.pak		
passerby383	2350	co	NormalNpc	spr\npcres\passerby\passerby383	co	co	JX1	FightStand,NormalStand1,NormalStand2	\spr\npcres\passerby\passerby383\passerby383_st01.spr	A604C06D	JX1:updatejx14.pak		
passerby384	2351	co	NormalNpc	spr\npcres\passerby\passerby384	co	co	JX1	FightStand,NormalStand1,NormalStand2	\spr\npcres\passerby\passerby384\passerby384_st01.spr	53DA2D99	JX1:updatejx14.pak		
passerby385	2352	co	NormalNpc	spr\npcres\passerby\passerby385	co	co	JX1	FightStand,NormalStand1,NormalStand2	\spr\npcres\passerby\passerby385\passerby385_st01.spr	A95AC550	JX1:updatejx14.pak		
passerby178	2353	co	NormalNpc	spr\npcres\passerby\passerby178	co	co	JX1	FightStand,NormalStand1,SitDown	\spr\npcres\passerby\passerby178\passerby178_st.spr	D3886CDC	JX1:spr.pak		
passerby178	2353	co	NormalNpc	spr\npcres\passerby\passerby178	co	co	JX1	NormalStand2	\spr\npcres\passerby\passerby178\passerby178_pst.spr	F2EF2A66	JX1:spr.pak		
passerby394	2354	co	NormalNpc	spr\npcres\passerby\passerby394	co	co	JX1	FightStand,NormalStand1,NormalStand2	\spr\npcres\passerby\passerby394\passerby394_st01.spr	A9AA313A	JX1:updatejx14.pak		
passerby395	2355,2357	co	NormalNpc	spr\npcres\passerby\passerby395	co	co	JX1	FightStand,NormalStand1,NormalStand2	\spr\npcres\passerby\passerby395\passerby395_st01.spr	67C3A526	JX1:updatejx14.pak		
passerby397	2356	co	NormalNpc	spr\npcres\passerby\passerby397	co	co	JX1	FightStand,NormalStand1,NormalStand2	\spr\npcres\passerby\passerby397\passerby397_st01.spr	D4BE090D	JX1:updatejx14.pak		
boss073	2360	co	NormalNpc	spr\npcres\boss\boss073	co	co	JX1	FightStand,NormalStand1,NormalStand2,SitDown	\spr\npcres\boss\boss073\boss073_st01.spr	F263D422	JX1:updatejx06.pak		
boss073	2360	co	NormalNpc	spr\npcres\boss\boss073	co	co	JX1	FightWalk,NormalWalk,FightRun,NormalRun,JunpFly	\spr\npcres\boss\boss073\boss073_wlk.spr	FAE62F1E	JX1:updatejx06.pak		
boss073	2360	co	NormalNpc	spr\npcres\boss\boss073	co	co	JX1	Wound	\spr\npcres\boss\boss073\boss073_bat.spr	C8A76153	JX1:updatejx06.pak		
boss073	2360	co	NormalNpc	spr\npcres\boss\boss073	co	co	JX1	Die	\spr\npcres\boss\boss073\boss073_die.spr	09C28C63	JX1:updatejx06.pak		
boss073	2360	co	NormalNpc	spr\npcres\boss\boss073	co	co	JX1	Attack1,Attack2,Magic	\spr\npcres\boss\boss073\boss073_at.spr	2AD7686C	JX1:updatejx06.pak		
passerby399	2361	co	NormalNpc	spr\npcres\passerby\passerby399	co	co	JX1	FightStand,NormalStand1,NormalStand2	\spr\npcres\passerby\passerby399\passerby399_st01.spr	AE103B25	JX1:updatejx14.pak		
enemy134	2362,2363,2364,2365,2366,2367,2368,2369,2370,2371,2372,2373,2374,2375,2376,2377,2378,2379	co	NormalNpc	spr\npcres\enemy\enemy134	co	co	JX1	FightStand,NormalStand1,NormalStand2	\spr\npcres\enemy\enemy134\enemy134_pst.spr	5EF39BFF	JX1:spr.pak		
enemy134	2362,2363,2364,2365,2366,2367,2368,2369,2370,2371,2372,2373,2374,2375,2376,2377,2378,2379	co	NormalNpc	spr\npcres\enemy\enemy134	co	co	JX1	FightWalk,NormalWalk,FightRun,NormalRun,JunpFly	\spr\npcres\enemy\enemy134\enemy134_wlk.spr	BF179526	JX1:spr.pak		
enemy134	2362,2363,2364,2365,2366,2367,2368,2369,2370,2371,2372,2373,2374,2375,2376,2377,2378,2379	co	NormalNpc	spr\npcres\enemy\enemy134	co	co	JX1	Wound	\spr\npcres\enemy\enemy134\enemy134_bat.spr	E3CA6F79	JX1:spr.pak		
enemy134	2362,2363,2364,2365,2366,2367,2368,2369,2370,2371,2372,2373,2374,2375,2376,2377,2378,2379	co	NormalNpc	spr\npcres\enemy\enemy134	co	co	JX1	Die	\spr\npcres\enemy\enemy134\enemy134_die.spr	54CCCD9D	JX1:spr.pak		
enemy134	2362,2363,2364,2365,2366,2367,2368,2369,2370,2371,2372,2373,2374,2375,2376,2377,2378,2379	co	NormalNpc	spr\npcres\enemy\enemy134	co	co	JX1	Attack1,Attack2,Magic	\spr\npcres\enemy\enemy134\enemy134_at.spr	6ABA81E4	JX1:spr.pak		
enemy134	2362,2363,2364,2365,2366,2367,2368,2369,2370,2371,2372,2373,2374,2375,2376,2377,2378,2379	co	NormalNpc	spr\npcres\enemy\enemy134	co	co	JX1	SitDown	\spr\npcres\enemy\enemy134\enemy134_st.spr	A4893019	JX1:spr.pak		
passerby401	2380	co	NormalNpc	spr\npcres\passerby\passerby401	co	co	JX1	FightStand,NormalStand1,NormalStand2	\spr\npcres\passerby\passerby401\passerby401_st01.spr	A7EF7F02	JX1:updatejx15.pak		
passerby402	2381	co	NormalNpc	spr\npcres\passerby\passerby402	co	co	JX1	FightStand,NormalStand1,NormalStand2	\spr\npcres\passerby\passerby402\passerby402_st01.spr	A4540039	JX1:updatejx15.pak		
npc050111011	2411	co	NormalNpc	spr\npcres\event\npc050111011	co	co	JX1	FightStand,NormalStand1,NormalStand2,SitDown	\spr\npcres\event\npc050111011\npc050111011_st.spr	B4BF5E79	JX1:updatejx08.pak		
passerby222	2412	co	NormalNpc	spr\npcres\passerby\passerby222	co	co	JX1	FightStand,NormalStand1,NormalStand2	\spr\npcres\passerby\passerby222\passerby222_at01.spr	0E6035AF	JX1:update03.pak		
passerby223	2413	co	NormalNpc	spr\npcres\passerby\passerby223	co	co	JX1	FightStand,NormalStand1,NormalStand2	\spr\npcres\passerby\passerby223\passerby223_at01.spr	EC9A7119	JX1:update03.pak		
passerby224	2414,2415	co	NormalNpc	spr\npcres\passerby\passerby224	co	co	JX1	FightStand,NormalStand1,NormalStand2	\spr\npcres\passerby\passerby224\passerby224_at01.spr	D5872501	JX1:update03.pak		
passerby225	2416	co	NormalNpc	spr\npcres\passerby\passerby225	co	co	JX1	FightStand,NormalStand1,NormalStand2	\spr\npcres\passerby\passerby225\passerby225_at01.spr	5201D83C	JX1:update03.pak		
enemy036	2417,2624	co	NormalNpc	spr\npcres\enemy\enemy036	co	co	JX1	FightStand,NormalStand1,SitDown	\spr\npcres\enemy\enemy036\enemy036_st.spr	BB89CD3C	JX1:spr.pak		
enemy036	2417,2624	co	NormalNpc	spr\npcres\enemy\enemy036	co	co	JX1	NormalStand2	\spr\npcres\enemy\enemy036\enemy036_pst.spr	3BF720E6	JX1:spr.pak		
enemy036	2417,2624	co	NormalNpc	spr\npcres\enemy\enemy036	co	co	JX1	FightWalk,NormalWalk,FightRun,NormalRun,JunpFly	\spr\npcres\enemy\enemy036\enemy036_wlk.spr	98141633	JX1:spr.pak		
enemy036	2417,2624	co	NormalNpc	spr\npcres\enemy\enemy036	co	co	JX1	Wound	\spr\npcres\enemy\enemy036\enemy036_bat.spr	DCCDB460	JX1:spr.pak		
enemy036	2417,2624	co	NormalNpc	spr\npcres\enemy\enemy036	co	co	JX1	Die	\spr\npcres\enemy\enemy036\enemy036_die.spr	31C0100A	JX1:spr.pak		
enemy036	2417,2624	co	NormalNpc	spr\npcres\enemy\enemy036	co	co	JX1	Attack1,Attack2,Magic	\spr\npcres\enemy\enemy036\enemy036_at.spr	F9BB4E92	JX1:spr.pak		
enemy135	2418,2509	co	NormalNpc	spr\npcres\enemy\enemy135	co	co	JX1	FightStand,NormalStand1,SitDown	\spr\npcres\enemy\enemy135\enemy135_st.spr	C35D0128	JX1:spr.pak		
enemy135	2418,2509	co	NormalNpc	spr\npcres\enemy\enemy135	co	co	JX1	NormalStand2	\spr\npcres\enemy\enemy135\enemy135_pst.spr	956FAFAA	JX1:spr.pak		
enemy135	2418,2509	co	NormalNpc	spr\npcres\enemy\enemy135	co	co	JX1	FightWalk,NormalWalk,FightRun,NormalRun,JunpFly	\spr\npcres\enemy\enemy135\enemy135_wlk.spr	F58C9507	JX1:spr.pak		
enemy135	2418,2509	co	NormalNpc	spr\npcres\enemy\enemy135	co	co	JX1	Wound	\spr\npcres\enemy\enemy135\enemy135_bat.spr	BEA6307F	JX1:spr.pak		
enemy135	2418,2509	co	NormalNpc	spr\npcres\enemy\enemy135	co	co	JX1	Die	\spr\npcres\enemy\enemy135\enemy135_die.spr	93B89FDE	JX1:spr.pak		
enemy135	2418,2509	co	NormalNpc	spr\npcres\enemy\enemy135	co	co	JX1	Attack1,Attack2,Magic	\spr\npcres\enemy\enemy135\enemy135_at.spr	010E828E	JX1:spr.pak		
boss031	2419,2510	co	NormalNpc	spr\npcres\boss\boss031	co	co	JX1	FightStand	\spr\npcres\boss\boss031\boss31_pst.spr	DD3C680E	JX1:update04.pak		
boss031	2419,2510	co	NormalNpc	spr\npcres\boss\boss031	co	co	JX1	NormalStand1,NormalStand2,SitDown	\spr\npcres\boss\boss031\boss31_st.spr	BC9BD714	JX1:update04.pak		
boss031	2419,2510	co	NormalNpc	spr\npcres\boss\boss031	co	co	JX1	FightWalk,NormalWalk,FightRun,NormalRun,JunpFly	\spr\npcres\boss\boss031\boss31_wlk.spr	13410DCF	JX1:update04.pak		
boss031	2419,2510	co	NormalNpc	spr\npcres\boss\boss031	co	co	JX1	Wound	\spr\npcres\boss\boss031\boss31_bat.spr	10198E93	JX1:update04.pak		
boss031	2419,2510	co	NormalNpc	spr\npcres\boss\boss031	co	co	JX1	Die	\spr\npcres\boss\boss031\boss31_die.spr	F580C7C9	JX1:update04.pak		
boss031	2419,2510	co	NormalNpc	spr\npcres\boss\boss031	co	co	JX1	Attack1,Attack2,Magic	\spr\npcres\boss\boss031\boss31_at.spr	CA2307E7	JX1:update04.pak		
boss069	2421,2601,2637	co	NormalNpc	spr\npcres\boss\boss069	co	co	JX1	FightStand,NormalStand1,NormalStand2,SitDown	\spr\npcres\boss\boss069\boss069_st01.spr	C11F602E	JX1:updatejx06.pak		
boss069	2421,2601,2637	co	NormalNpc	spr\npcres\boss\boss069	co	co	JX1	FightWalk,NormalWalk,FightRun,NormalRun,JunpFly	\spr\npcres\boss\boss069\boss069_wlk.spr	48BD9F4D	JX1:updatejx06.pak		
boss069	2421,2601,2637	co	NormalNpc	spr\npcres\boss\boss069	co	co	JX1	Wound	\spr\npcres\boss\boss069\boss069_bat.spr	5E7EC258	JX1:updatejx06.pak		
boss069	2421,2601,2637	co	NormalNpc	spr\npcres\boss\boss069	co	co	JX1	Die	\spr\npcres\boss\boss069\boss069_die.spr	1F9A602D	JX1:updatejx06.pak		
boss069	2421,2601,2637	co	NormalNpc	spr\npcres\boss\boss069	co	co	JX1	Attack1,Attack2,Magic	\spr\npcres\boss\boss069\boss069_at.spr	7C5B5D17	JX1:updatejx06.pak		
boss063	2422	co	NormalNpc	spr\npcres\boss\boss063	co	co	JX1	FightStand,NormalStand1,NormalStand2,SitDown	\spr\npcres\boss\boss063\boss063_st01.spr	FD6D7F63	JX1:updatejx06.pak		
boss063	2422	co	NormalNpc	spr\npcres\boss\boss063	co	co	JX1	FightWalk,NormalWalk,FightRun,NormalRun,JunpFly	\spr\npcres\boss\boss063\boss063_wlk.spr	E4CBDBCD	JX1:updatejx06.pak		
boss063	2422	co	NormalNpc	spr\npcres\boss\boss063	co	co	JX1	Wound	\spr\npcres\boss\boss063\boss063_bat.spr	FAF41D02	JX1:updatejx06.pak		
boss063	2422	co	NormalNpc	spr\npcres\boss\boss063	co	co	JX1	Die	\spr\npcres\boss\boss063\boss063_die.spr	B817BBD7	JX1:updatejx06.pak		
boss063	2422	co	NormalNpc	spr\npcres\boss\boss063	co	co	JX1	Attack1,Attack2,Magic	\spr\npcres\boss\boss063\boss063_at.spr	916D59CD	JX1:updatejx06.pak		
enemy105	2423	co	NormalNpc	spr\npcres\enemy\enemy105	co	co	JX1	FightStand,NormalStand1,SitDown	\spr\npcres\enemy\enemy105\enemy105_st.spr	63EBDA6E	JX1:spr.pak		
enemy105	2423	co	NormalNpc	spr\npcres\enemy\enemy105	co	co	JX1	NormalStand2	\spr\npcres\enemy\enemy105\enemy105_pst.spr	4DB62F1F	JX1:spr.pak		
enemy105	2423	co	NormalNpc	spr\npcres\enemy\enemy105	co	co	JX1	FightWalk,NormalWalk,FightRun,NormalRun,JunpFly	\spr\npcres\enemy\enemy105\enemy105_wlk.spr	ADEB17E6	JX1:spr.pak		
enemy105	2423	co	NormalNpc	spr\npcres\enemy\enemy105	co	co	JX1	Wound	\spr\npcres\enemy\enemy105\enemy105_bat.spr	968CB25E	THIEU CA HAI		
enemy105	2423	co	NormalNpc	spr\npcres\enemy\enemy105	co	co	JX1	Die	\spr\npcres\enemy\enemy105\enemy105_die.spr	CB871EF8	THIEU CA HAI		
enemy105	2423	co	NormalNpc	spr\npcres\enemy\enemy105	co	co	JX1	Attack1,Attack2,Magic	\spr\npcres\enemy\enemy105\enemy105_at.spr	A1855FC4	JX1:spr.pak		
boss059	2424	co	NormalNpc	spr\npcres\boss\boss059	co	co	JX1	FightStand,NormalStand1,NormalStand2,SitDown	\spr\npcres\boss\boss059\boss059_st01.spr	CDB5DA23	JX1:updatejx06.pak		
boss059	2424	co	NormalNpc	spr\npcres\boss\boss059	co	co	JX1	FightWalk,NormalWalk,FightRun,NormalRun,JunpFly	\spr\npcres\boss\boss059\boss059_wlk.spr	E5DA480D	JX1:updatejx06.pak		
boss059	2424	co	NormalNpc	spr\npcres\boss\boss059	co	co	JX1	Wound	\spr\npcres\boss\boss059\boss059_bat.spr	FB9A8A42	JX1:updatejx06.pak		
boss059	2424	co	NormalNpc	spr\npcres\boss\boss059	co	co	JX1	Die	\spr\npcres\boss\boss059\boss059_die.spr	B9262817	JX1:updatejx06.pak		
boss059	2424	co	NormalNpc	spr\npcres\boss\boss059	co	co	JX1	Attack1,Attack2,Magic	\spr\npcres\boss\boss059\boss059_at.spr	553A9C8D	JX1:updatejx06.pak		
enemy072	2426	co	NormalNpc	spr\npcres\enemy\enemy072	co	co	JX1	FightStand,NormalStand1,SitDown	\spr\npcres\enemy\enemy072\enemy072_st.spr	362E2BC4	JX1:spr.pak		
enemy072	2426	co	NormalNpc	spr\npcres\enemy\enemy072	co	co	JX1	NormalStand2	\spr\npcres\enemy\enemy072\enemy072_pst.spr	9BAC3B19	JX1:spr.pak		
enemy072	2426	co	NormalNpc	spr\npcres\enemy\enemy072	co	co	JX1	FightWalk,NormalWalk,FightRun,NormalRun,JunpFly	\spr\npcres\enemy\enemy072\enemy072_wlk.spr	FBC17F90	JX1:spr.pak		
enemy072	2426	co	NormalNpc	spr\npcres\enemy\enemy072	co	co	JX1	Wound	\spr\npcres\enemy\enemy072\enemy072_bat.spr	3CFA8EA3	JX1:spr.pak		
enemy072	2426	co	NormalNpc	spr\npcres\enemy\enemy072	co	co	JX1	Die	\spr\npcres\enemy\enemy072\enemy072_die.spr	91FD6DC7	JX1:spr.pak		
enemy072	2426	co	NormalNpc	spr\npcres\enemy\enemy072	co	co	JX1	Attack1,Attack2,Magic	\spr\npcres\enemy\enemy072\enemy072_at.spr	77DFAD1A	JX1:spr.pak		
boss071	2427,2602,2638	co	NormalNpc	spr\npcres\boss\boss071	co	co	JX1	FightStand,NormalStand1,NormalStand2,SitDown	\spr\npcres\boss\boss071\boss071_st01.spr	DFE6E77C	JX1:updatejx06.pak		
boss071	2427,2602,2638	co	NormalNpc	spr\npcres\boss\boss071	co	co	JX1	FightWalk,NormalWalk,FightRun,NormalRun,JunpFly	\spr\npcres\boss\boss071\boss071_wlk.spr	AE887D24	JX1:updatejx06.pak		
boss071	2427,2602,2638	co	NormalNpc	spr\npcres\boss\boss071	co	co	JX1	Wound	\spr\npcres\boss\boss071\boss071_bat.spr	BC48BF59	JX1:updatejx06.pak		
boss071	2427,2602,2638	co	NormalNpc	spr\npcres\boss\boss071	co	co	JX1	Die	\spr\npcres\boss\boss071\boss071_die.spr	FDD4DA69	JX1:updatejx06.pak		
boss071	2427,2602,2638	co	NormalNpc	spr\npcres\boss\boss071	co	co	JX1	Attack1,Attack2,Magic	\spr\npcres\boss\boss071\boss071_at.spr	BE58430B	JX1:updatejx06.pak		
boss067	2428	co	NormalNpc	spr\npcres\boss\boss067	co	co	JX1	FightStand,NormalStand1,NormalStand2,SitDown	\spr\npcres\boss\boss067\boss067_st01.spr	14B923A3	JX1:updatejx06.pak		
boss067	2428	co	NormalNpc	spr\npcres\boss\boss067	co	co	JX1	FightWalk,NormalWalk,FightRun,NormalRun,JunpFly	\spr\npcres\boss\boss067\boss067_wlk.spr	B0FB1B78	JX1:updatejx06.pak		
boss067	2428	co	NormalNpc	spr\npcres\boss\boss067	co	co	JX1	Wound	\spr\npcres\boss\boss067\boss067_bat.spr	86A4400D	JX1:updatejx06.pak		
boss067	2428	co	NormalNpc	spr\npcres\boss\boss067	co	co	JX1	Die	\spr\npcres\boss\boss067\boss067_die.spr	47C7EC58	JX1:updatejx06.pak		
boss067	2428	co	NormalNpc	spr\npcres\boss\boss067	co	co	JX1	Attack1,Attack2,Magic	\spr\npcres\boss\boss067\boss067_at.spr	C92BFF27	JX1:updatejx06.pak		
boss072	2429	co	NormalNpc	spr\npcres\boss\boss072	co	co	JX1	FightStand,NormalStand1,NormalStand2,SitDown	\spr\npcres\boss\boss072\boss072_st01.spr	DADECD8E	JX1:updatejx06.pak		
boss072	2429	co	NormalNpc	spr\npcres\boss\boss072	co	co	JX1	FightWalk,NormalWalk,FightRun,NormalRun,JunpFly	\spr\npcres\boss\boss072\boss072_wlk.spr	DE214BF2	JX1:updatejx06.pak		
boss072	2429	co	NormalNpc	spr\npcres\boss\boss072	co	co	JX1	Wound	\spr\npcres\boss\boss072\boss072_bat.spr	AFE199E7	JX1:updatejx06.pak		
boss072	2429	co	NormalNpc	spr\npcres\boss\boss072	co	co	JX1	Die	\spr\npcres\boss\boss072\boss072_die.spr	ED0D24F7	JX1:updatejx06.pak		
boss072	2429	co	NormalNpc	spr\npcres\boss\boss072	co	co	JX1	Attack1,Attack2,Magic	\spr\npcres\boss\boss072\boss072_at.spr	39B0AE98	JX1:updatejx06.pak		
enemy173	2430,2449,2569,2570,2571,2572,2605,2641	co	NormalNpc	spr\npcres\enemy\enemy173	co	co	JX1	FightStand,NormalStand1,SitDown	\spr\npcres\enemy\enemy173\enemy173_st.spr	3371C106	JX1:spr.pak		
enemy173	2430,2449,2569,2570,2571,2572,2605,2641	co	NormalNpc	spr\npcres\enemy\enemy173	co	co	JX1	NormalStand2	\spr\npcres\enemy\enemy173\enemy173_pst.spr	AB8FE107	JX1:spr.pak		
enemy173	2430,2449,2569,2570,2571,2572,2605,2641	co	NormalNpc	spr\npcres\enemy\enemy173	co	co	JX1	FightWalk,NormalWalk,FightRun,NormalRun,JunpFly	\spr\npcres\enemy\enemy173\enemy173_wlk.spr	082C29CE	JX1:spr.pak		
enemy173	2430,2449,2569,2570,2571,2572,2605,2641	co	NormalNpc	spr\npcres\enemy\enemy173	co	co	JX1	Wound	\spr\npcres\enemy\enemy173\enemy173_bat.spr	4CC67481	JX1:spr.pak		
enemy173	2430,2449,2569,2570,2571,2572,2605,2641	co	NormalNpc	spr\npcres\enemy\enemy173	co	co	JX1	Die	\spr\npcres\enemy\enemy173\enemy173_die.spr	A1D8D3A5	JX1:spr.pak		
enemy173	2430,2449,2569,2570,2571,2572,2605,2641	co	NormalNpc	spr\npcres\enemy\enemy173	co	co	JX1	Attack1,Attack2,Magic	\spr\npcres\enemy\enemy173\enemy173_at.spr	F12343A7	JX1:spr.pak		
enemy003	2431,2450,2488,2517,2606,2642	co	NormalNpc	spr\npcres\enemy\enemy003	co	co	JX1	FightStand,NormalStand1,SitDown	\spr\npcres\enemy\enemy003\enemy003_st.spr	9F53A8FD	JX1:spr.pak		
enemy003	2431,2450,2488,2517,2606,2642	co	NormalNpc	spr\npcres\enemy\enemy003	co	co	JX1	NormalStand2	\spr\npcres\enemy\enemy003\enemy003_pst.spr	9946B670	JX1:spr.pak		
enemy003	2431,2450,2488,2517,2606,2642	co	NormalNpc	spr\npcres\enemy\enemy003	co	co	JX1	FightWalk,NormalWalk,FightRun,NormalRun,JunpFly	\spr\npcres\enemy\enemy003\enemy003_wlk.spr	79FBFE82	JX1:spr.pak		
enemy003	2431,2450,2488,2517,2606,2642	co	NormalNpc	spr\npcres\enemy\enemy003	co	co	JX1	Wound	\spr\npcres\enemy\enemy003\enemy003_bat.spr	A29D1CBF	JX1:spr.pak		
enemy003	2431,2450,2488,2517,2606,2642	co	NormalNpc	spr\npcres\enemy\enemy003	co	co	JX1	Die	\spr\npcres\enemy\enemy003\enemy003_die.spr	1797F959	JX1:spr.pak		
enemy003	2431,2450,2488,2517,2606,2642	co	NormalNpc	spr\npcres\enemy\enemy003	co	co	JX1	Attack1,Attack2,Magic	\spr\npcres\enemy\enemy003\enemy003_at.spr	DD0D2A53	JX1:spr.pak		
enemy056	2432,2451,2604,2640	co	NormalNpc	spr\npcres\enemy\enemy056	co	co	JX1	FightStand,NormalStand1,FightWalk,NormalWalk,FightRun,NormalRun,Wound,Die,SitDown,JunpFly	\spr\npcres\enemy\enemy056\enemy056_st.spr	59A4504A	JX1:spr.pak		
enemy056	2432,2451,2604,2640	co	NormalNpc	spr\npcres\enemy\enemy056	co	co	JX1	NormalStand2	\spr\npcres\enemy\enemy056\enemy056_pst.spr	F8FE0BF3	JX1:spr.pak		
enemy056	2432,2451,2604,2640	co	NormalNpc	spr\npcres\enemy\enemy056	co	co	JX1	Attack1,Attack2,Magic	\spr\npcres\enemy\enemy056\enemy056_at.spr	9F55D5A0	JX1:spr.pak		
enemy050	2433,2452,2617	co	NormalNpc	spr\npcres\enemy\enemy050	co	co	JX1	FightStand,NormalStand1,SitDown	\spr\npcres\enemy\enemy050\enemy050_st.spr	ABD797E9	JX1:spr.pak		
enemy050	2433,2452,2617	co	NormalNpc	spr\npcres\enemy\enemy050	co	co	JX1	NormalStand2	\spr\npcres\enemy\enemy050\enemy050_pst.spr	050EBDF9	JX1:spr.pak		
enemy050	2433,2452,2617	co	NormalNpc	spr\npcres\enemy\enemy050	co	co	JX1	FightWalk,NormalWalk,FightRun,NormalRun,JunpFly	\spr\npcres\enemy\enemy050\enemy050_wlk.spr	65A3E356	JX1:spr.pak		
enemy050	2433,2452,2617	co	NormalNpc	spr\npcres\enemy\enemy050	co	co	JX1	Wound	\spr\npcres\enemy\enemy050\enemy050_bat.spr	AE450083	JX1:spr.pak		
enemy050	2433,2452,2617	co	NormalNpc	spr\npcres\enemy\enemy050	co	co	JX1	Die	\spr\npcres\enemy\enemy050\enemy050_die.spr	035FED2D	JX1:spr.pak		
enemy050	2433,2452,2617	co	NormalNpc	spr\npcres\enemy\enemy050	co	co	JX1	Attack1,Attack2,Magic	\spr\npcres\enemy\enemy050\enemy050_at.spr	E981694F	JX1:spr.pak		
boss003	2434,2453	co	NormalNpc	spr\npcres\boss\boss003	co	co	JX1	FightStand,NormalStand1,NormalStand2,SitDown	\spr\npcres\boss\boss003\boss003_st.spr	08EC90EA	JX1:spr.pak		
boss003	2434,2453	co	NormalNpc	spr\npcres\boss\boss003	co	co	JX1	FightWalk,NormalWalk,FightRun,NormalRun,JunpFly	\spr\npcres\boss\boss003\boss003_wlk.spr	CDEA3C09	JX1:spr.pak		
boss003	2434,2453	co	NormalNpc	spr\npcres\boss\boss003	co	co	JX1	Wound	\spr\npcres\boss\boss003\boss003_bat.spr	C3AB6324	JX1:spr.pak		
boss003	2434,2453	co	NormalNpc	spr\npcres\boss\boss003	co	co	JX1	Die	\spr\npcres\boss\boss003\boss003_die.spr	01368E34	JX1:spr.pak		
boss003	2434,2453	co	NormalNpc	spr\npcres\boss\boss003	co	co	JX1	Attack1	\spr\npcres\boss\boss003\boss003_at1.spr	082505B0	JX1:spr.pak		
boss003	2434,2453	co	NormalNpc	spr\npcres\boss\boss003	co	co	JX1	Attack2,Magic	\spr\npcres\boss\boss003\boss003_at2.spr	0531361C	JX1:spr.pak		
boss017	2436,2455	co	NormalNpc	spr\npcres\boss\boss017	co	co	JX1	FightStand,NormalStand1,NormalStand2,SitDown	\spr\npcres\boss\boss017\boss017_st.spr	45685F79	JX1:spr.pak		
boss017	2436,2455	co	NormalNpc	spr\npcres\boss\boss017	co	co	JX1	FightWalk,NormalWalk,FightRun,NormalRun,JunpFly	\spr\npcres\boss\boss017\boss017_wlk.spr	C913576A	JX1:spr.pak		
boss017	2436,2455	co	NormalNpc	spr\npcres\boss\boss017	co	co	JX1	Wound	\spr\npcres\boss\boss017\boss017_bat.spr	DED3E8AF	JX1:spr.pak		
boss017	2436,2455	co	NormalNpc	spr\npcres\boss\boss017	co	co	JX1	Die	\spr\npcres\boss\boss017\boss017_die.spr	9C7F34FA	JX1:spr.pak		
boss017	2436,2455	co	NormalNpc	spr\npcres\boss\boss017	co	co	JX1	Attack1	\spr\npcres\boss\boss017\boss017_at01.spr	58F41967	JX1:spr.pak		
boss017	2436,2455	co	NormalNpc	spr\npcres\boss\boss017	co	co	JX1	Attack2,Magic	\spr\npcres\boss\boss017\boss017_at02.spr	55AAE712	JX1:spr.pak		
boss024	2437,2456	co	NormalNpc	spr\npcres\boss\boss024	co	co	JX1	FightStand,NormalStand1,NormalStand2,SitDown	\spr\npcres\boss\boss024\boss024_st.spr	4F545EC0	JX1:update01.pak		
boss024	2437,2456	co	NormalNpc	spr\npcres\boss\boss024	co	co	JX1	FightWalk,NormalWalk,FightRun,NormalRun,JunpFly	\spr\npcres\boss\boss024\boss024_wlk.spr	66D75393	JX1:update01.pak		
boss024	2437,2456	co	NormalNpc	spr\npcres\boss\boss024	co	co	JX1	Wound	\spr\npcres\boss\boss024\boss024_bat.spr	749786AE	JX1:update01.pak		
boss024	2437,2456	co	NormalNpc	spr\npcres\boss\boss024	co	co	JX1	Die	\spr\npcres\boss\boss024\boss024_die.spr	3A332573	JX1:update01.pak		
boss024	2437,2456	co	NormalNpc	spr\npcres\boss\boss024	co	co	JX1	Attack1	\spr\npcres\boss\boss024\boss024_at01.spr	877760B9	JX1:update01.pak		
boss024	2437,2456	co	NormalNpc	spr\npcres\boss\boss024	co	co	JX1	Attack2,Magic	\spr\npcres\boss\boss024\boss024_at02.spr	8015CF74	JX1:update01.pak		
boss007	2438,2457	co	NormalNpc	spr\npcres\boss\boss007	co	co	JX1	FightStand,NormalStand1,NormalStand2,SitDown	\spr\npcres\boss\boss007\boss007_st.spr	2C4222C4	JX1:spr.pak		
boss007	2438,2457	co	NormalNpc	spr\npcres\boss\boss007	co	co	JX1	FightWalk,NormalWalk,FightRun,NormalRun,JunpFly	\spr\npcres\boss\boss007\boss007_wlk.spr	90518FDF	JX1:spr.pak		
boss007	2438,2457	co	NormalNpc	spr\npcres\boss\boss007	co	co	JX1	Wound	\spr\npcres\boss\boss007\boss007_bat.spr	6612F2EA	JX1:spr.pak		
boss007	2438,2457	co	NormalNpc	spr\npcres\boss\boss007	co	co	JX1	Die	\spr\npcres\boss\boss007\boss007_die.spr	27BE10BF	JX1:spr.pak		
boss007	2438,2457	co	NormalNpc	spr\npcres\boss\boss007	co	co	JX1	Attack1	\spr\npcres\boss\boss007\boss007_at01.spr	BDA7713D	JX1:spr.pak		
boss007	2438,2457	co	NormalNpc	spr\npcres\boss\boss007	co	co	JX1	Attack2,Magic	\spr\npcres\boss\boss007\boss007_at02.spr	BE45DFE8	JX1:spr.pak		
boss004	2439,2458	co	NormalNpc	spr\npcres\boss\boss004	co	co	JX1	FightStand,NormalStand1,NormalStand2,SitDown	\spr\npcres\boss\boss004\boss004_st.spr	201D806C	JX1:spr.pak		
boss004	2439,2458	co	NormalNpc	spr\npcres\boss\boss004	co	co	JX1	FightWalk,NormalWalk,FightRun,NormalRun,JunpFly	\spr\npcres\boss\boss004\boss004_wlk.spr	414834B7	JX1:spr.pak		
boss004	2439,2458	co	NormalNpc	spr\npcres\boss\boss004	co	co	JX1	Wound	\spr\npcres\boss\boss004\boss004_bat.spr	570976EC	JX1:spr.pak		
boss004	2439,2458	co	NormalNpc	spr\npcres\boss\boss004	co	co	JX1	Die	\spr\npcres\boss\boss004\boss004_die.spr	949495FC	JX1:spr.pak		
boss004	2439,2458	co	NormalNpc	spr\npcres\boss\boss004	co	co	JX1	Attack1	\spr\npcres\boss\boss004\boss004_at1.spr	9F9B160E	JX1:spr.pak		
boss004	2439,2458	co	NormalNpc	spr\npcres\boss\boss004	co	co	JX1	Attack2,Magic	\spr\npcres\boss\boss004\boss004_at2.spr	98971B6A	JX1:spr.pak		
boss005	2440,2459	co	NormalNpc	spr\npcres\boss\boss005	co	co	JX1	FightStand,NormalStand1,NormalStand2,SitDown	\spr\npcres\boss\boss005\boss005_st.spr	D50592F4	JX1:spr.pak		
boss005	2440,2459	co	NormalNpc	spr\npcres\boss\boss005	co	co	JX1	FightWalk,NormalWalk,FightRun,NormalRun,JunpFly	\spr\npcres\boss\boss005\boss005_wlk.spr	FFC1DBEA	JX1:spr.pak		
boss005	2440,2459	co	NormalNpc	spr\npcres\boss\boss005	co	co	JX1	Wound	\spr\npcres\boss\boss005\boss005_bat.spr	CD821D2F	JX1:spr.pak		
boss005	2440,2459	co	NormalNpc	spr\npcres\boss\boss005	co	co	JX1	Die	\spr\npcres\boss\boss005\boss005_die.spr	B32DBBF4	JX1:spr.pak		
boss005	2440,2459	co	NormalNpc	spr\npcres\boss\boss005	co	co	JX1	Attack1	\spr\npcres\boss\boss005\boss005_at1.spr	3A1C086B	JX1:spr.pak		
boss005	2440,2459	co	NormalNpc	spr\npcres\boss\boss005	co	co	JX1	Attack2,Magic	\spr\npcres\boss\boss005\boss005_at2.spr	37283CD7	JX1:spr.pak		
boss013	2441,2460	co	NormalNpc	spr\npcres\boss\boss013	co	co	JX1	FightStand,NormalStand1,NormalStand2,SitDown	\spr\npcres\boss\boss013\boss013_st.spr	4C2D178E	JX1:spr.pak		
boss013	2441,2460	co	NormalNpc	spr\npcres\boss\boss013	co	co	JX1	FightWalk,NormalWalk,FightRun,NormalRun,JunpFly	\spr\npcres\boss\boss013\boss013_wlk.spr	7AA26EB5	JX1:spr.pak		
boss013	2441,2460	co	NormalNpc	spr\npcres\boss\boss013	co	co	JX1	Wound	\spr\npcres\boss\boss013\boss013_bat.spr	4862A0EA	JX1:spr.pak		
boss013	2441,2460	co	NormalNpc	spr\npcres\boss\boss013	co	co	JX1	Die	\spr\npcres\boss\boss013\boss013_die.spr	098ECC45	JX1:spr.pak		
boss013	2441,2460	co	NormalNpc	spr\npcres\boss\boss013	co	co	JX1	Attack1	\spr\npcres\boss\boss013\boss013_at01.spr	7469CA17	JX1:spr.pak		
boss013	2441,2460	co	NormalNpc	spr\npcres\boss\boss013	co	co	JX1	Attack2,Magic	\spr\npcres\boss\boss013\boss013_at02.spr	710FA8C2	JX1:spr.pak		
boss015	2442,2461,2489,2597	co	NormalNpc	spr\npcres\boss\boss015	co	co	JX1	FightStand,NormalStand1,NormalStand2,SitDown	\spr\npcres\boss\boss015\boss015_st.spr	D62F28AF	JX1:spr.pak		
boss015	2442,2461,2489,2597	co	NormalNpc	spr\npcres\boss\boss015	co	co	JX1	FightWalk,NormalWalk,FightRun,NormalRun,JunpFly	\spr\npcres\boss\boss015\boss015_wlk.spr	304478EF	JX1:spr.pak		
boss015	2442,2461,2489,2597	co	NormalNpc	spr\npcres\boss\boss015	co	co	JX1	Wound	\spr\npcres\boss\boss015\boss015_bat.spr	0604BA24	JX1:spr.pak		
boss015	2442,2461,2489,2597	co	NormalNpc	spr\npcres\boss\boss015	co	co	JX1	Die	\spr\npcres\boss\boss015\boss015_die.spr	C7A0D8E9	JX1:spr.pak		
boss015	2442,2461,2489,2597	co	NormalNpc	spr\npcres\boss\boss015	co	co	JX1	Attack1	\spr\npcres\boss\boss015\boss015_at01.spr	9CD03458	JX1:spr.pak		
boss015	2442,2461,2489,2597	co	NormalNpc	spr\npcres\boss\boss015	co	co	JX1	Attack2,Magic	\spr\npcres\boss\boss015\boss015_at02.spr	99F69213	JX1:spr.pak		
boss001	2443,2462	co	NormalNpc	spr\npcres\boss\boss001	co	co	JX1	FightStand,NormalStand1,NormalStand2,SitDown	\spr\npcres\boss\boss001\boss001_st.spr	3A93314A	JX1:spr.pak		
boss001	2443,2462	co	NormalNpc	spr\npcres\boss\boss001	co	co	JX1	FightWalk,NormalWalk,FightRun,NormalRun,JunpFly	\spr\npcres\boss\boss001\boss001_wlk.spr	E711E9A9	JX1:spr.pak		
boss001	2443,2462	co	NormalNpc	spr\npcres\boss\boss001	co	co	JX1	Wound	\spr\npcres\boss\boss001\boss001_bat.spr	F4D22BEE	JX1:spr.pak		
boss001	2443,2462	co	NormalNpc	spr\npcres\boss\boss001	co	co	JX1	Die	\spr\npcres\boss\boss001\boss001_die.spr	3A7E76FE	JX1:spr.pak		
boss001	2443,2462	co	NormalNpc	spr\npcres\boss\boss001	co	co	JX1	Attack1	\spr\npcres\boss\boss001\boss001_at1.spr	3D6CCB00	JX1:spr.pak		
boss001	2443,2462	co	NormalNpc	spr\npcres\boss\boss001	co	co	JX1	Attack2	\spr\npcres\boss\boss001\boss001_at2.spr	3E78FC6C	JX1:spr.pak		
boss001	2443,2462	co	NormalNpc	spr\npcres\boss\boss001	co	co	JX1	Magic	\spr\npcres\boss\boss001\boss001_at3.spr	3B74E0C8	JX1:spr.pak		
boss092	2444,2463	co	NormalNpc	spr\npcres\boss\boss092	co	co	JX1	FightStand	\spr\npcres\boss\boss092\boss092_st01.spr	11280424	JX1:updatejx10.pak		
boss092	2444,2463	co	NormalNpc	spr\npcres\boss\boss092	co	co	JX1	NormalStand1,NormalStand2,SitDown	\spr\npcres\boss\boss092\boss092_st02.spr	EDCEE2DF	JX1:updatejx10.pak		
boss092	2444,2463	co	NormalNpc	spr\npcres\boss\boss092	co	co	JX1	FightWalk,NormalWalk,FightRun,NormalRun,JunpFly	\spr\npcres\boss\boss092\boss092_wlk.spr	5A9C91F7	JX1:updatejx10.pak		
boss092	2444,2463	co	NormalNpc	spr\npcres\boss\boss092	co	co	JX1	Wound	\spr\npcres\boss\boss092\boss092_bat.spr	285DC77C	JX1:updatejx10.pak		
boss092	2444,2463	co	NormalNpc	spr\npcres\boss\boss092	co	co	JX1	Die	\spr\npcres\boss\boss092\boss092_die.spr	E9F962D7	JX1:updatejx10.pak		
boss092	2444,2463	co	NormalNpc	spr\npcres\boss\boss092	co	co	JX1	Attack1	\spr\npcres\boss\boss092\boss092_at01.spr	97150CA5	JX1:updatejx10.pak		
boss092	2444,2463	co	NormalNpc	spr\npcres\boss\boss092	co	co	JX1	Attack2,Magic	\spr\npcres\boss\boss092\boss092_at02.spr	93CBEB50	JX1:updatejx10.pak		
passerby372	2445	co	NormalNpc	spr\npcres\passerby\passerby372	co	co	JX1	FightStand,NormalStand1,NormalStand2	\spr\npcres\passerby\passerby372\passerby372.spr	56CCDC0A	JX1:updatejx14.pak		
passerby_jiuzhuo	2446	co	NormalNpc	spr\item\newyear2010	co	co	JX1	FightStand,NormalStand1,NormalStand2	\spr\item\newyear2010\tuanyuanfanzhuo.spr	A19206E4	JX1:updatejx07_jxf06.pak		
passerby070_3	2447	co	NormalNpc	spr\npcres\passerby\passerby070	co	co	JX1	FightStand,NormalStand1,NormalStand2,SitDown	\spr\npcres\passerby\passerby070\passerby070s3.spr	8018A3F9	JX1:spr.pak		
passerby252	2448	co	NormalNpc	spr\npcres\passerby\passerby252	co	co	JX1	FightStand,NormalStand1	\spr\npcres\passerby\passerby252\passerby252_st02.spr	71F63D8F	JX1:update.pak		
passerby252	2448	co	NormalNpc	spr\npcres\passerby\passerby252	co	co	JX1	NormalStand2	\spr\npcres\passerby\passerby252\passerby252_st03.spr	4DA8840E	JX1:update.pak		
passerby411	2465	co	NormalNpc	spr\npcres\passerby\passerby411	co	co	JX1	FightStand,NormalStand1,NormalStand2	\spr\npcres\passerby\passerby411\passerby411_st01.spr	FEBBA9A3	JX1:updatejx15.pak		
passerby412	2466	co	NormalNpc	spr\npcres\passerby\passerby412	co	co	JX1	FightStand,NormalStand1,NormalStand2	\spr\npcres\passerby\passerby412\passerby412_st01.spr	027CBD2E	JX1:updatejx15.pak		
passerby407	2477	co	NormalNpc	spr\npcres\passerby\passerby407	co	co	JX1	FightStand,NormalStand1,NormalStand2	\spr\npcres\passerby\passerby407\passerby407_st01.spr	3F304C39	JX1:updatejx15.pak		
boss173	2478,2525,2530,2536,2541	co	NormalNpc	spr\npcres\boss\boss173\spr	co	co	JX1	FightStand	\spr\npcres\boss\boss173\spr\boss173_st01.spr	32F3163B	JX1:updatejx15.pak		
boss173	2478,2525,2530,2536,2541	co	NormalNpc	spr\npcres\boss\boss173\spr	co	co	JX1	NormalStand1,NormalStand2,SitDown	\spr\npcres\boss\boss173\spr\boss173_st02.spr	0F7AAF32	JX1:updatejx15.pak		
boss173	2478,2525,2530,2536,2541	co	NormalNpc	spr\npcres\boss\boss173\spr	co	co	JX1	FightWalk,NormalWalk,FightRun,NormalRun,JunpFly	\spr\npcres\boss\boss173\spr\boss173_wlk.spr	AB9EB9F8	JX1:updatejx15.pak		
boss173	2478,2525,2530,2536,2541	co	NormalNpc	spr\npcres\boss\boss173\spr	co	co	JX1	Wound	\spr\npcres\boss\boss173\spr\boss173_bat.spr	7DB88831	JX1:updatejx15.pak		
boss173	2478,2525,2530,2536,2541	co	NormalNpc	spr\npcres\boss\boss173\spr	co	co	JX1	Die	\spr\npcres\boss\boss173\spr\boss173_die.spr	32507AB5	JX1:updatejx15.pak		
boss173	2478,2525,2530,2536,2541	co	NormalNpc	spr\npcres\boss\boss173\spr	co	co	JX1	Attack1	\spr\npcres\boss\boss173\spr\boss173_at01.spr	A02C1204	JX1:updatejx15.pak		
boss173	2478,2525,2530,2536,2541	co	NormalNpc	spr\npcres\boss\boss173\spr	co	co	JX1	Attack2,Magic	\spr\npcres\boss\boss173\spr\boss173_at02.spr	BCABABFB	JX1:updatejx15.pak		
boss169	2479,2524,2529,2535,2540	co	NormalNpc	spr\npcres\boss\boss169\spr	co	co	JX1	FightStand	\spr\npcres\boss\boss169\spr\boss169_st01.spr	3187C863	JX1:updatejx15.pak		
boss169	2479,2524,2529,2535,2540	co	NormalNpc	spr\npcres\boss\boss169\spr	co	co	JX1	NormalStand1,NormalStand2,SitDown	\spr\npcres\boss\boss169\spr\boss169_st02.spr	320F015A	JX1:updatejx15.pak		
boss169	2479,2524,2529,2535,2540	co	NormalNpc	spr\npcres\boss\boss169\spr	co	co	JX1	FightWalk,NormalWalk,FightRun,NormalRun,JunpFly	\spr\npcres\boss\boss169\spr\boss169_wlk.spr	F4984150	JX1:updatejx15.pak		
boss169	2479,2524,2529,2535,2540	co	NormalNpc	spr\npcres\boss\boss169\spr	co	co	JX1	Wound	\spr\npcres\boss\boss169\spr\boss169_bat.spr	0EBA534E	JX1:updatejx15.pak		
boss169	2479,2524,2529,2535,2540	co	NormalNpc	spr\npcres\boss\boss169\spr	co	co	JX1	Die	\spr\npcres\boss\boss169\spr\boss169_die.spr	5F51020D	JX1:updatejx15.pak		
boss169	2479,2524,2529,2535,2540	co	NormalNpc	spr\npcres\boss\boss169\spr	co	co	JX1	Attack1	\spr\npcres\boss\boss169\spr\boss169_at01.spr	A73122CC	JX1:updatejx15.pak		
boss169	2479,2524,2529,2535,2540	co	NormalNpc	spr\npcres\boss\boss169\spr	co	co	JX1	Attack2,Magic	\spr\npcres\boss\boss169\spr\boss169_at02.spr	A3B97BC3	JX1:updatejx15.pak		
enemy080	2484,2485	co	NormalNpc	spr\npcres\enemy\enemy080	co	co	JX1	FightStand,NormalStand1,SitDown	\spr\npcres\enemy\enemy080\enemy080_st.spr	1A57A554	JX1:spr.pak		
enemy080	2484,2485	co	NormalNpc	spr\npcres\enemy\enemy080	co	co	JX1	NormalStand2	\spr\npcres\enemy\enemy080\enemy080_pst.spr	F283F64E	JX1:spr.pak		
enemy080	2484,2485	co	NormalNpc	spr\npcres\enemy\enemy080	co	co	JX1	FightWalk,NormalWalk,FightRun,NormalRun,JunpFly	\spr\npcres\enemy\enemy080\enemy080_wlk.spr	D3203F50	JX1:spr.pak		
enemy080	2484,2485	co	NormalNpc	spr\npcres\enemy\enemy080	co	co	JX1	Wound	\spr\npcres\enemy\enemy080\enemy080_bat.spr	17DA5A13	JX1:spr.pak		
enemy080	2484,2485	co	NormalNpc	spr\npcres\enemy\enemy080	co	co	JX1	Die	\spr\npcres\enemy\enemy080\enemy080_die.spr	48DC3937	JX1:spr.pak		
enemy080	2484,2485	co	NormalNpc	spr\npcres\enemy\enemy080	co	co	JX1	Attack1,Attack2,Magic	\spr\npcres\enemy\enemy080\enemy080_at.spr	580126AA	JX1:spr.pak		
passerby202	2486	co	NormalNpc	spr\obj\box	co	co	JX1	FightStand,NormalStand1,NormalStand2,SitDown	\spr\obj\box\box002.spr	CFBF91DC	JX1:spr.pak		
passerby260	2487	co	NormalNpc	spr\npcres\passerby\passerby260	co	co	JX1	FightStand,NormalStand1,NormalStand2	\spr\npcres\passerby\passerby260\passerby260.spr	1921A88B	JX1:updatejx15.pak		
passerby405	2491	co	NormalNpc	spr\npcres\passerby\passerby405	co	co	JX1	FightStand,NormalStand1,NormalStand2	\spr\npcres\passerby\passerby405\passerby405_st01.spr	C71523D1	JX1:updatejx15.pak		
boss167	2492,2526,2531,2537,2542	co	NormalNpc	spr\npcres\boss\boss167\spr	co	co	JX1	FightStand	\spr\npcres\boss\boss167\spr\boss167_st01.spr	E9D1E965	JX1:updatejx15.pak		
boss167	2492,2526,2531,2537,2542	co	NormalNpc	spr\npcres\boss\boss167\spr	co	co	JX1	NormalStand1,NormalStand2,SitDown	\spr\npcres\boss\boss167\spr\boss167_st02.spr	EA592E5C	JX1:updatejx15.pak		
boss167	2492,2526,2531,2537,2542	co	NormalNpc	spr\npcres\boss\boss167\spr	co	co	JX1	FightWalk,NormalWalk,FightRun,NormalRun,JunpFly	\spr\npcres\boss\boss167\spr\boss167_wlk.spr	1C9D7243	JX1:updatejx15.pak		
boss167	2492,2526,2531,2537,2542	co	NormalNpc	spr\npcres\boss\boss167\spr	co	co	JX1	Wound	\spr\npcres\boss\boss167\spr\boss167_bat.spr	D6BF457C	JX1:updatejx15.pak		
boss167	2492,2526,2531,2537,2542	co	NormalNpc	spr\npcres\boss\boss167\spr	co	co	JX1	Die	\spr\npcres\boss\boss167\spr\boss167_die.spr	675637F0	JX1:updatejx15.pak		
boss167	2492,2526,2531,2537,2542	co	NormalNpc	spr\npcres\boss\boss167\spr	co	co	JX1	Attack1	\spr\npcres\boss\boss167\spr\boss167_at01.spr	1F029269	JX1:updatejx15.pak		
boss167	2492,2526,2531,2537,2542	co	NormalNpc	spr\npcres\boss\boss167\spr	co	co	JX1	Attack2,Magic	\spr\npcres\boss\boss167\spr\boss167_at02.spr	1B8A2B60	JX1:updatejx15.pak		
enemy029	2493	co	NormalNpc	spr\npcres\enemy\enemy029	co	co	JX1	FightStand,NormalStand1,SitDown	\spr\npcres\enemy\enemy029\enemy029_st.spr	E751D32C	JX1:spr.pak		
enemy029	2493	co	NormalNpc	spr\npcres\enemy\enemy029	co	co	JX1	NormalStand2	\spr\npcres\enemy\enemy029\enemy029_pst.spr	31A8BDF6	JX1:spr.pak		
enemy029	2493	co	NormalNpc	spr\npcres\enemy\enemy029	co	co	JX1	FightWalk,NormalWalk,FightRun,NormalRun,JunpFly	\spr\npcres\enemy\enemy029\enemy029_wlk.spr	91CDE343	JX1:spr.pak		
enemy029	2493	co	NormalNpc	spr\npcres\enemy\enemy029	co	co	JX1	Wound	\spr\npcres\enemy\enemy029\enemy029_bat.spr	5AE701BB	JX1:spr.pak		
enemy029	2493	co	NormalNpc	spr\npcres\enemy\enemy029	co	co	JX1	Die	\spr\npcres\enemy\enemy029\enemy029_die.spr	8FF9ECDF	JX1:spr.pak		
enemy029	2493	co	NormalNpc	spr\npcres\enemy\enemy029	co	co	JX1	Attack1,Attack2,Magic	\spr\npcres\enemy\enemy029\enemy029_at.spr	25035482	JX1:spr.pak		
passerby391	2495,2500	co	NormalNpc	spr\npcres\passerby\passerby391	co	co	JX1	FightStand,NormalStand1,NormalStand2	\spr\npcres\passerby\passerby391\passerby391.spr	E1DE2B46	JX1:updatejx15.pak		
enemy109	2496	co	NormalNpc	spr\npcres\enemy\enemy109	co	co	JX1	FightStand,NormalStand1,SitDown	\spr\npcres\enemy\enemy109\enemy109_st.spr	FB5E0541	JX1:spr.pak		
enemy109	2496	co	NormalNpc	spr\npcres\enemy\enemy109	co	co	JX1	NormalStand2	\spr\npcres\enemy\enemy109\enemy109_pst.spr	FD7F6921	JX1:spr.pak		
enemy109	2496	co	NormalNpc	spr\npcres\enemy\enemy109	co	co	JX1	FightWalk,NormalWalk,FightRun,NormalRun,JunpFly	\spr\npcres\enemy\enemy109\enemy109_wlk.spr	5D9C5F7E	JX1:spr.pak		
enemy109	2496	co	NormalNpc	spr\npcres\enemy\enemy109	co	co	JX1	Wound	\spr\npcres\enemy\enemy109\enemy109_bat.spr	06B5FDF6	JX1:spr.pak		
enemy109	2496	co	NormalNpc	spr\npcres\enemy\enemy109	co	co	JX1	Die	\spr\npcres\enemy\enemy109\enemy109_die.spr	FB485955	JX1:spr.pak		
enemy109	2496	co	NormalNpc	spr\npcres\enemy\enemy109	co	co	JX1	Attack1,Attack2,Magic	\spr\npcres\enemy\enemy109\enemy109_at.spr	390F86A7	JX1:spr.pak		
enemy128	2497	co	NormalNpc	spr\npcres\enemy\enemy128	co	co	JX1	FightStand,NormalStand1,SitDown	\spr\npcres\enemy\enemy128\enemy128_st.spr	FD4054E6	JX1:spr.pak		
enemy128	2497	co	NormalNpc	spr\npcres\enemy\enemy128	co	co	JX1	NormalStand2	\spr\npcres\enemy\enemy128\enemy128_pst.spr	9A92CFDC	JX1:spr.pak		
enemy128	2497	co	NormalNpc	spr\npcres\enemy\enemy128	co	co	JX1	FightWalk,NormalWalk,FightRun,NormalRun,JunpFly	\spr\npcres\enemy\enemy128\enemy128_wlk.spr	FB373529	JX1:spr.pak		
enemy128	2497	co	NormalNpc	spr\npcres\enemy\enemy128	co	co	JX1	Wound	\spr\npcres\enemy\enemy128\enemy128_bat.spr	BFE953A1	JX1:spr.pak		
enemy128	2497	co	NormalNpc	spr\npcres\enemy\enemy128	co	co	JX1	Die	\spr\npcres\enemy\enemy128\enemy128_die.spr	90E33F00	JX1:spr.pak		
enemy128	2497	co	NormalNpc	spr\npcres\enemy\enemy128	co	co	JX1	Attack1,Attack2,Magic	\spr\npcres\enemy\enemy128\enemy128_at.spr	2371D63C	JX1:spr.pak		
enemy031	2498	co	NormalNpc	spr\npcres\enemy\enemy031	co	co	JX1	FightStand,NormalStand1,SitDown	\spr\npcres\enemy\enemy031\enemy031_st.spr	BAA54F64	JX1:spr.pak		
enemy031	2498	co	NormalNpc	spr\npcres\enemy\enemy031	co	co	JX1	NormalStand2	\spr\npcres\enemy\enemy031\enemy031_pst.spr	2F8C59EE	JX1:spr.pak		
enemy031	2498	co	NormalNpc	spr\npcres\enemy\enemy031	co	co	JX1	FightWalk,NormalWalk,FightRun,NormalRun,JunpFly	\spr\npcres\enemy\enemy031\enemy031_wlk.spr	8C20B28B	JX1:spr.pak		
enemy031	2498	co	NormalNpc	spr\npcres\enemy\enemy031	co	co	JX1	Wound	\spr\npcres\enemy\enemy031\enemy031_bat.spr	F0DA2D68	JX1:spr.pak		
enemy031	2498	co	NormalNpc	spr\npcres\enemy\enemy031	co	co	JX1	Die	\spr\npcres\enemy\enemy031\enemy031_die.spr	25DC8B8C	JX1:spr.pak		
enemy031	2498	co	NormalNpc	spr\npcres\enemy\enemy031	co	co	JX1	Attack1,Attack2,Magic	\spr\npcres\enemy\enemy031\enemy031_at.spr	7856C105	JX1:spr.pak		
enemy005	2499	co	NormalNpc	spr\npcres\enemy\enemy005	co	co	JX1	FightStand,NormalStand1,SitDown	\spr\npcres\enemy\enemy005\enemy005_st.spr	D4075DF4	JX1:spr.pak		
enemy005	2499	co	NormalNpc	spr\npcres\enemy\enemy005	co	co	JX1	NormalStand2	\spr\npcres\enemy\enemy005\enemy005_pst.spr	57C35884	JX1:spr.pak		
enemy005	2499	co	NormalNpc	spr\npcres\enemy\enemy005	co	co	JX1	FightWalk,NormalWalk,FightRun,NormalRun,JunpFly	\spr\npcres\enemy\enemy005\enemy005_wlk.spr	B4679DFB	JX1:spr.pak		
enemy005	2499	co	NormalNpc	spr\npcres\enemy\enemy005	co	co	JX1	Wound	\spr\npcres\enemy\enemy005\enemy005_bat.spr	79192FC3	JX1:spr.pak		
enemy005	2499	co	NormalNpc	spr\npcres\enemy\enemy005	co	co	JX1	Die	\spr\npcres\enemy\enemy005\enemy005_die.spr	52138B22	JX1:spr.pak		
enemy005	2499	co	NormalNpc	spr\npcres\enemy\enemy005	co	co	JX1	Attack1,Attack2,Magic	\spr\npcres\enemy\enemy005\enemy005_at.spr	9A30DE0F	JX1:spr.pak		
enemy131	2501,2502	co	NormalNpc	spr\npcres\enemy\enemy131	co	co	JX1	FightStand,NormalStand1,SitDown	\spr\npcres\enemy\enemy131\enemy131_st.spr	A06CD288	JX1:spr.pak		
enemy131	2501,2502	co	NormalNpc	spr\npcres\enemy\enemy131	co	co	JX1	NormalStand2	\spr\npcres\enemy\enemy131\enemy131_pst.spr	854DA920	JX1:spr.pak		
enemy131	2501,2502	co	NormalNpc	spr\npcres\enemy\enemy131	co	co	JX1	FightWalk,NormalWalk,FightRun,NormalRun,JunpFly	\spr\npcres\enemy\enemy131\enemy131_wlk.spr	E5E2EDA7	JX1:spr.pak		
enemy131	2501,2502	co	NormalNpc	spr\npcres\enemy\enemy131	co	co	JX1	Wound	\spr\npcres\enemy\enemy131\enemy131_bat.spr	2E843CAA	JX1:spr.pak		
enemy131	2501,2502	co	NormalNpc	spr\npcres\enemy\enemy131	co	co	JX1	Die	\spr\npcres\enemy\enemy131\enemy131_die.spr	839E9BCE	JX1:spr.pak		
enemy131	2501,2502	co	NormalNpc	spr\npcres\enemy\enemy131	co	co	JX1	Attack1,Attack2,Magic	\spr\npcres\enemy\enemy131\enemy131_at.spr	661E57A3	JX1:spr.pak		
boss046	2506	co	NormalNpc	spr\npcres\boss\boss046	co	co	JX1	FightStand,NormalStand1,NormalStand2,SitDown	\spr\npcres\boss\boss046\boss046_st.spr	5D4EB074	JX1:updatejx15.pak		
boss046	2506	co	NormalNpc	spr\npcres\boss\boss046	co	co	JX1	FightWalk,NormalWalk,FightRun,NormalRun,JunpFly	\spr\npcres\boss\boss046\boss046_wlk.spr	732E3605	JX1:updatejx15.pak		
boss046	2506	co	NormalNpc	spr\npcres\boss\boss046	co	co	JX1	Wound	\spr\npcres\boss\boss046\boss046_bat.spr	40EF4764	JX1:updatejx15.pak		
boss046	2506	co	NormalNpc	spr\npcres\boss\boss046	co	co	JX1	Die	\spr\npcres\boss\boss046\boss046_die.spr	060AE2BF	JX1:updatejx15.pak		
boss046	2506	co	NormalNpc	spr\npcres\boss\boss046	co	co	JX1	Attack1,Attack2,Magic	\spr\npcres\boss\boss046\boss046_at.spr	CCC97450	JX1:updatejx15.pak		
boss050	2507	co	NormalNpc	spr\npcres\boss\boss050	co	co	JX1	FightStand,NormalStand1,NormalStand2,SitDown	\spr\npcres\boss\boss050\boss050_st.spr	AC06B859	JX1:updatejx15.pak		
boss050	2507	co	NormalNpc	spr\npcres\boss\boss050	co	co	JX1	FightWalk,NormalWalk,FightRun,NormalRun,JunpFly	\spr\npcres\boss\boss050\boss050_wlk.spr	94D5EBFF	JX1:updatejx15.pak		
boss050	2507	co	NormalNpc	spr\npcres\boss\boss050	co	co	JX1	Wound	\spr\npcres\boss\boss050\boss050_bat.spr	6A96DE0A	JX1:updatejx15.pak		
boss050	2507	co	NormalNpc	spr\npcres\boss\boss050	co	co	JX1	Die	\spr\npcres\boss\boss050\boss050_die.spr	28327CDF	JX1:updatejx15.pak		
boss050	2507	co	NormalNpc	spr\npcres\boss\boss050	co	co	JX1	Attack1,Attack2,Magic	\spr\npcres\boss\boss050\boss050_at.spr	5F817C45	JX1:updatejx15.pak		
boss052	2508	co	NormalNpc	spr\npcres\boss\boss052	co	co	JX1	FightStand,NormalStand1,NormalStand2,SitDown	\spr\npcres\boss\boss052\boss052_st.spr	BDB7A359	JX1:updatejx15.pak		
boss052	2508	co	NormalNpc	spr\npcres\boss\boss052	co	co	JX1	FightWalk,NormalWalk,FightRun,NormalRun,JunpFly	\spr\npcres\boss\boss052\boss052_wlk.spr	92B405D5	JX1:updatejx15.pak		
boss052	2508	co	NormalNpc	spr\npcres\boss\boss052	co	co	JX1	Wound	\spr\npcres\boss\boss052\boss052_bat.spr	6075470A	JX1:updatejx15.pak		
boss052	2508	co	NormalNpc	spr\npcres\boss\boss052	co	co	JX1	Die	\spr\npcres\boss\boss052\boss052_die.spr	A190E21A	JX1:updatejx15.pak		
boss052	2508	co	NormalNpc	spr\npcres\boss\boss052	co	co	JX1	Attack1,Attack2,Magic	\spr\npcres\boss\boss052\boss052_at.spr	AD3266FA	JX1:updatejx15.pak		
enemy190	2514,2598	co	NormalNpc	spr\npcres\enemy\enemy190	co	co	JX1	FightStand,NormalStand1,NormalStand2,FightWalk,NormalWalk,FightRun,NormalRun,Wound,Die,SitDown,JunpFly	\spr\npcres\enemy\enemy190\enemy190_st.spr	6898EDB4	JX1:spr.pak		
passerby416	2515	co	NormalNpc	spr\npcres\passerby\passerby416	co	co	JX1	FightStand,NormalStand1,NormalStand2	\spr\npcres\passerby\passerby416\passerby416_st01.spr	E3E36264	JX1:updatejx15.pak		
passerby417	2516	co	NormalNpc	spr\npcres\passerby\passerby417	co	co	JX1	FightStand,NormalStand1,NormalStand2	\spr\npcres\passerby\passerby417\passerby417_st01.spr	7DD84DE6	JX1:updatejx15.pak		
boss099	2518	co	NormalNpc	spr\npcres\boss\boss099	co	co	JX1	FightStand,NormalStand1,NormalStand2	\spr\npcres\boss\boss099\boss099.spr	E1327CF3	JX1:updatejx10.pak		
passerby329	2519	co	NormalNpc	spr\npcres\passerby\passerby329	co	co	JX1	FightStand,NormalStand1,NormalStand2	\spr\npcres\passerby\passerby329\passerby329.spr	C6DC100E	JX1:updatejx03.pak		
passerby253	2520	co	NormalNpc	spr\npcres\enemy\passerby253	co	co	JX1	FightStand,NormalStand1	\spr\npcres\enemy\passerby253\caishen_st01.spr	3AF95F5D	JX1:update.pak		
passerby253	2520	co	NormalNpc	spr\npcres\enemy\passerby253	co	co	JX1	NormalStand2	\spr\npcres\enemy\passerby253\caishen_st02.spr	370B41A3	JX1:update.pak		
boss166	2521,2522,2523,2528,2534,2539	co	NormalNpc	spr\npcres\boss\boss166\spr	co	co	JX1	FightStand	\spr\npcres\boss\boss166\spr\boss166_st01.spr	4D089483	JX1:updatejx15.pak		
boss166	2521,2522,2523,2528,2534,2539	co	NormalNpc	spr\npcres\boss\boss166\spr	co	co	JX1	NormalStand1,NormalStand2,SitDown	\spr\npcres\boss\boss166\spr\boss166_st02.spr	49F02A7A	JX1:updatejx15.pak		
boss166	2521,2522,2523,2528,2534,2539	co	NormalNpc	spr\npcres\boss\boss166\spr	co	co	JX1	FightWalk,NormalWalk,FightRun,NormalRun,JunpFly	\spr\npcres\boss\boss166\spr\boss166_wlk.spr	A7CA3630	JX1:updatejx15.pak		
boss166	2521,2522,2523,2528,2534,2539	co	NormalNpc	spr\npcres\boss\boss166\spr	co	co	JX1	Wound	\spr\npcres\boss\boss166\spr\boss166_bat.spr	79D41969	JX1:updatejx15.pak		
boss166	2521,2522,2523,2528,2534,2539	co	NormalNpc	spr\npcres\boss\boss166\spr	co	co	JX1	Die	\spr\npcres\boss\boss166\spr\boss166_die.spr	0E83CBED	JX1:updatejx15.pak		
boss166	2521,2522,2523,2528,2534,2539	co	NormalNpc	spr\npcres\boss\boss166\spr	co	co	JX1	Attack1	\spr\npcres\boss\boss166\spr\boss166_at01.spr	E2BAF0C2	JX1:updatejx15.pak		
boss166	2521,2522,2523,2528,2534,2539	co	NormalNpc	spr\npcres\boss\boss166\spr	co	co	JX1	Attack2,Magic	\spr\npcres\boss\boss166\spr\boss166_at02.spr	FF2209B9	JX1:updatejx15.pak		
boss171	2527,2532,2538,2543	co	NormalNpc	spr\npcres\boss\boss171\spr	co	co	JX1	FightStand	\spr\npcres\boss\boss171\spr\boss171_st01.spr	ECB337ED	JX1:updatejx15.pak		
boss171	2527,2532,2538,2543	co	NormalNpc	spr\npcres\boss\boss171\spr	co	co	JX1	NormalStand1,NormalStand2,SitDown	\spr\npcres\boss\boss171\spr\boss171_st02.spr	E93B4CE4	JX1:updatejx15.pak		
boss171	2527,2532,2538,2543	co	NormalNpc	spr\npcres\boss\boss171\spr	co	co	JX1	FightWalk,NormalWalk,FightRun,NormalRun,JunpFly	\spr\npcres\boss\boss171\spr\boss171_wlk.spr	299AE73B	JX1:updatejx15.pak		
boss171	2527,2532,2538,2543	co	NormalNpc	spr\npcres\boss\boss171\spr	co	co	JX1	Wound	\spr\npcres\boss\boss171\spr\boss171_bat.spr	63A4FA0F	JX1:updatejx15.pak		
boss171	2527,2532,2538,2543	co	NormalNpc	spr\npcres\boss\boss171\spr	co	co	JX1	Die	\spr\npcres\boss\boss171\spr\boss171_die.spr	B053ADCE	JX1:updatejx15.pak		
boss171	2527,2532,2538,2543	co	NormalNpc	spr\npcres\boss\boss171\spr	co	co	JX1	Attack1	\spr\npcres\boss\boss171\spr\boss171_at01.spr	9DEC0C66	JX1:updatejx15.pak		
boss171	2527,2532,2538,2543	co	NormalNpc	spr\npcres\boss\boss171\spr	co	co	JX1	Attack2,Magic	\spr\npcres\boss\boss171\spr\boss171_at02.spr	9E54455D	JX1:updatejx15.pak		
passerby354a	2533	co	NormalNpc	spr\npcres\passerby\passerby354	co	co	JX1	FightStand,NormalStand1,NormalStand2	\spr\npcres\passerby\passerby354\jin01.spr	2BB8CBBC	JX1:updatejx10.pak		
enemy085	2544,2549,2554,2559,2577,2582,2587,2592	co	NormalNpc	spr\npcres\enemy\enemy085	co	co	JX1	FightStand,NormalStand1,SitDown	\spr\npcres\enemy\enemy085\enemy085_st.spr	E19BBC2C	JX1:spr.pak		
enemy085	2544,2549,2554,2559,2577,2582,2587,2592	co	NormalNpc	spr\npcres\enemy\enemy085	co	co	JX1	NormalStand2	\spr\npcres\enemy\enemy085\enemy085_pst.spr	529860F6	JX1:spr.pak		
enemy085	2544,2549,2554,2559,2577,2582,2587,2592	co	NormalNpc	spr\npcres\enemy\enemy085	co	co	JX1	FightWalk,NormalWalk,FightRun,NormalRun,JunpFly	\spr\npcres\enemy\enemy085\enemy085_wlk.spr	B33D5643	JX1:spr.pak		
enemy085	2544,2549,2554,2559,2577,2582,2587,2592	co	NormalNpc	spr\npcres\enemy\enemy085	co	co	JX1	Wound	\spr\npcres\enemy\enemy085\enemy085_bat.spr	77D6F4BB	JX1:spr.pak		
enemy085	2544,2549,2554,2559,2577,2582,2587,2592	co	NormalNpc	spr\npcres\enemy\enemy085	co	co	JX1	Die	\spr\npcres\enemy\enemy085\enemy085_die.spr	A8E953DF	JX1:spr.pak		
enemy085	2544,2549,2554,2559,2577,2582,2587,2592	co	NormalNpc	spr\npcres\enemy\enemy085	co	co	JX1	Attack1,Attack2,Magic	\spr\npcres\enemy\enemy085\enemy085_at.spr	27B53182	JX1:spr.pak		
enemy097	2545,2550,2555,2560,2578,2583,2588,2593	co	NormalNpc	spr\npcres\enemy\enemy097	co	co	JX1	FightStand,NormalStand1,SitDown	\spr\npcres\enemy\enemy097\enemy097_st.spr	56D463D4	JX1:spr.pak		
enemy097	2545,2550,2555,2560,2578,2583,2588,2593	co	NormalNpc	spr\npcres\enemy\enemy097	co	co	JX1	NormalStand2	\spr\npcres\enemy\enemy097\enemy097_pst.spr	4E436009	JX1:spr.pak		
enemy097	2545,2550,2555,2560,2578,2583,2588,2593	co	NormalNpc	spr\npcres\enemy\enemy097	co	co	JX1	FightWalk,NormalWalk,FightRun,NormalRun,JunpFly	\spr\npcres\enemy\enemy097\enemy097_wlk.spr	AEE7A8D0	JX1:spr.pak		
enemy097	2545,2550,2555,2560,2578,2583,2588,2593	co	NormalNpc	spr\npcres\enemy\enemy097	co	co	JX1	Wound	\spr\npcres\enemy\enemy097\enemy097_bat.spr	9399F82E	JX1:spr.pak		
enemy097	2545,2550,2555,2560,2578,2583,2588,2593	co	NormalNpc	spr\npcres\enemy\enemy097	co	co	JX1	Die	\spr\npcres\enemy\enemy097\enemy097_die.spr	449C478D	JX1:spr.pak		
enemy097	2545,2550,2555,2560,2578,2583,2588,2593	co	NormalNpc	spr\npcres\enemy\enemy097	co	co	JX1	Attack1,Attack2,Magic	\spr\npcres\enemy\enemy097\enemy097_at.spr	1485E4EF	JX1:spr.pak		
enemy101	2546,2551,2556,2561,2573,2574,2575,2576,2579,2584,2589,2594	co	NormalNpc	spr\npcres\enemy\enemy101	co	co	JX1	FightStand,NormalStand1,SitDown	\spr\npcres\enemy\enemy101\enemy101_st.spr	02967A88	JX1:spr.pak		
enemy101	2546,2551,2556,2561,2573,2574,2575,2576,2579,2584,2589,2594	co	NormalNpc	spr\npcres\enemy\enemy101	co	co	JX1	NormalStand2	\spr\npcres\enemy\enemy101\enemy101_pst.spr	C6A19C95	JX1:spr.pak		
enemy101	2546,2551,2556,2561,2573,2574,2575,2576,2579,2584,2589,2594	co	NormalNpc	spr\npcres\enemy\enemy101	co	co	JX1	FightWalk,NormalWalk,FightRun,NormalRun,JunpFly	\spr\npcres\enemy\enemy101\enemy101_wlk.spr	26C6C55C	JX1:spr.pak		
enemy101	2546,2551,2556,2561,2573,2574,2575,2576,2579,2584,2589,2594	co	NormalNpc	spr\npcres\enemy\enemy101	co	co	JX1	Wound	\spr\npcres\enemy\enemy101\enemy101_bat.spr	6BF8601F	JX1:spr.pak		
enemy101	2546,2551,2556,2561,2573,2574,2575,2576,2579,2584,2589,2594	co	NormalNpc	spr\npcres\enemy\enemy101	co	co	JX1	Die	\spr\npcres\enemy\enemy101\enemy101_die.spr	DCF2CF33	JX1:spr.pak		
enemy101	2546,2551,2556,2561,2573,2574,2575,2576,2579,2584,2589,2594	co	NormalNpc	spr\npcres\enemy\enemy101	co	co	JX1	Attack1,Attack2,Magic	\spr\npcres\enemy\enemy101\enemy101_at.spr	4047FCEE	JX1:spr.pak		
enemy066	2547,2552,2557,2562,2580,2585,2590,2595	co	NormalNpc	spr\npcres\enemy\enemy066	co	co	JX1	FightStand,NormalStand1,SitDown	\spr\npcres\enemy\enemy066\enemy066_st.spr	ABF0D6F6	JX1:spr.pak		
enemy066	2547,2552,2557,2562,2580,2585,2590,2595	co	NormalNpc	spr\npcres\enemy\enemy066	co	co	JX1	NormalStand2	\spr\npcres\enemy\enemy066\enemy066_pst.spr	0B7A6ACC	JX1:spr.pak		
enemy066	2547,2552,2557,2562,2580,2585,2590,2595	co	NormalNpc	spr\npcres\enemy\enemy066	co	co	JX1	FightWalk,NormalWalk,FightRun,NormalRun,JunpFly	\spr\npcres\enemy\enemy066\enemy066_wlk.spr	6B9F5019	JX1:spr.pak		
enemy066	2547,2552,2557,2562,2580,2585,2590,2595	co	NormalNpc	spr\npcres\enemy\enemy066	co	co	JX1	Wound	\spr\npcres\enemy\enemy066\enemy066_bat.spr	ACB0FE56	JX1:spr.pak		
enemy066	2547,2552,2557,2562,2580,2585,2590,2595	co	NormalNpc	spr\npcres\enemy\enemy066	co	co	JX1	Die	\spr\npcres\enemy\enemy066\enemy066_die.spr	014B5AF0	JX1:spr.pak		
enemy066	2547,2552,2557,2562,2580,2585,2590,2595	co	NormalNpc	spr\npcres\enemy\enemy066	co	co	JX1	Attack1,Attack2,Magic	\spr\npcres\enemy\enemy066\enemy066_at.spr	E9A1A84C	JX1:spr.pak		
enemy110	2548,2553,2558,2563,2581,2586,2591,2596	co	NormalNpc	spr\npcres\enemy\enemy110	co	co	JX1	FightStand,NormalStand1,SitDown	\spr\npcres\enemy\enemy110\enemy110_st.spr	0C7924AC	JX1:spr.pak		
enemy110	2548,2553,2558,2563,2581,2586,2591,2596	co	NormalNpc	spr\npcres\enemy\enemy110	co	co	JX1	NormalStand2	\spr\npcres\enemy\enemy110\enemy110_pst.spr	FE0270B1	JX1:spr.pak		
enemy110	2548,2553,2558,2563,2581,2586,2591,2596	co	NormalNpc	spr\npcres\enemy\enemy110	co	co	JX1	FightWalk,NormalWalk,FightRun,NormalRun,JunpFly	\spr\npcres\enemy\enemy110\enemy110_wlk.spr	5EA6B978	JX1:spr.pak		
enemy110	2548,2553,2558,2563,2581,2586,2591,2596	co	NormalNpc	spr\npcres\enemy\enemy110	co	co	JX1	Wound	\spr\npcres\enemy\enemy110\enemy110_bat.spr	8358CB8B	JX1:spr.pak		
enemy110	2548,2553,2558,2563,2581,2586,2591,2596	co	NormalNpc	spr\npcres\enemy\enemy110	co	co	JX1	Die	\spr\npcres\enemy\enemy110\enemy110_die.spr	F4535435	JX1:spr.pak		
enemy110	2548,2553,2558,2563,2581,2586,2591,2596	co	NormalNpc	spr\npcres\enemy\enemy110	co	co	JX1	Attack1,Attack2,Magic	\spr\npcres\enemy\enemy110\enemy110_at.spr	F22AB9C7	JX1:spr.pak		
obj_herb_006	2564	THIEU			THIEU	THIEU	JX1				(khong co o)		kind THIEU o ca JX1 va VLTK
obj_herb_002	2565	co	NormalNpc	spr\obj\prop\	co	co	JX1	FightStand,NormalStand1,NormalStand2	\spr\obj\prop\obj_rw_033.spr	F45F0A39	JX1:spr.pak		
passerby430a	2615	co	NormalNpc	spr\npcres\passerby\passerby430	co	co	JX1	FightStand,NormalStand1,NormalStand2	\spr\npcres\passerby\passerby430\passerby430a.spr	CAD5E537	JX1:updatejx16.pak		
passerby245	2616	co	NormalNpc	spr\npcres\passerby\passerby245	co	co	JX1	FightStand,NormalStand1,NormalStand2,FightWalk,NormalWalk,FightRun,NormalRun,Wound,Die,Attack1,Attack2,Magic,SitDown,JunpFly	\spr\npcres\passerby\passerby245\passerby245.spr	9620C1FB	THIEU CA HAI		
ani068	2618	co	NormalNpc	spr\npcres\animal\ani068	co	co	JX1	FightStand	\spr\npcres\animal\ani068\ani068_st01.spr	B9A57AF1	JX1:update01.pak		
ani068	2618	co	NormalNpc	spr\npcres\animal\ani068	co	co	JX1	NormalStand1,NormalStand2,SitDown	\spr\npcres\animal\ani068\ani068_st02.spr	BA5BD8AC	JX1:update01.pak		
ani068	2618	co	NormalNpc	spr\npcres\animal\ani068	co	co	JX1	FightWalk,NormalWalk,FightRun,NormalRun,JunpFly	\spr\npcres\animal\ani068\ani068_wlk.spr	79D9654A	JX1:update01.pak		
ani068	2618	co	NormalNpc	spr\npcres\animal\ani068	co	co	JX1	Wound	\spr\npcres\animal\ani068\ani068_bat.spr	4F99B33F	JX1:update01.pak		
ani068	2618	co	NormalNpc	spr\npcres\animal\ani068	co	co	JX1	Die	\spr\npcres\animal\ani068\ani068_die.spr	0D25D104	JX1:update01.pak		
ani068	2618	co	NormalNpc	spr\npcres\animal\ani068	co	co	JX1	Attack1,Attack2,Magic	\spr\npcres\animal\ani068\ani068_at.spr	5D7F43C0	JX1:update01.pak		
passerby119	2619	co	NormalNpc	spr\npcres\passerby\passerby119	co	co	JX1	FightStand,NormalStand1,SitDown	\spr\npcres\passerby\passerby119\passerby119_st.spr	130B2EDA	JX1:spr.pak		
passerby119	2619	co	NormalNpc	spr\npcres\passerby\passerby119	co	co	JX1	NormalStand2	\spr\npcres\passerby\passerby119\passerby119_pst.spr	BB100838	JX1:spr.pak		
passerby124	2620	co	NormalNpc	spr\npcres\passerby\passerby124	co	co	JX1	FightStand,NormalStand1,SitDown	\spr\npcres\passerby\passerby124\passerby124_st.spr	5142AAE9	JX1:spr.pak		
passerby124	2620	co	NormalNpc	spr\npcres\passerby\passerby124	co	co	JX1	NormalStand2	\spr\npcres\passerby\passerby124\passerby124_pst.spr	D140CA64	JX1:spr.pak		
enemy144	2621	co	NormalNpc	spr\npcres\enemy\enemy144	co	co	JX1	FightStand,NormalStand1,SitDown	\spr\npcres\enemy\enemy144\enemy144_st.spr	3AD83FF0	JX1:spr.pak		
enemy144	2621	co	NormalNpc	spr\npcres\enemy\enemy144	co	co	JX1	NormalStand2	\spr\npcres\enemy\enemy144\enemy144_pst.spr	259392AD	JX1:spr.pak		
enemy144	2621	co	NormalNpc	spr\npcres\enemy\enemy144	co	co	JX1	FightWalk,NormalWalk,FightRun,NormalRun,JunpFly	\spr\npcres\enemy\enemy144\enemy144_wlk.spr	8A30DB74	JX1:spr.pak		
enemy144	2621	co	NormalNpc	spr\npcres\enemy\enemy144	co	co	JX1	Wound	\spr\npcres\enemy\enemy144\enemy144_bat.spr	CEEA6D87	JX1:spr.pak		
enemy144	2621	co	NormalNpc	spr\npcres\enemy\enemy144	co	co	JX1	Die	\spr\npcres\enemy\enemy144\enemy144_die.spr	23ECF621	JX1:spr.pak		
enemy144	2621	co	NormalNpc	spr\npcres\enemy\enemy144	co	co	JX1	Attack1,Attack2,Magic	\spr\npcres\enemy\enemy144\enemy144_at.spr	F889B00B	JX1:spr.pak		
passerby235	2622	co	NormalNpc	spr\npcres\passerby\passerby235	co	co	JX1	FightStand,NormalStand1,NormalStand2	\spr\npcres\passerby\passerby235\zongnan.spr	D433E0E7	THIEU CA HAI		
passerby169	2623	co	NormalNpc	spr\npcres\passerby\passerby169	co	co	JX1	FightStand,NormalStand1,SitDown	\spr\npcres\passerby\passerby169\passerby169_st.spr	60B58DB7	JX1:spr.pak		
passerby169	2623	co	NormalNpc	spr\npcres\passerby\passerby169	co	co	JX1	NormalStand2	\spr\npcres\passerby\passerby169\passerby169_pst.spr	B18F9E86	JX1:spr.pak		
passerby435	2625	co	NormalNpc	spr\npcres\passerby\passerby435	co	co	JX1	FightStand,NormalStand1,NormalStand2	\spr\npcres\passerby\passerby435\passerby435.spr	01553691	JX1:updatejx16.pak		
boss203	2626	co	NormalNpc	spr\npcres\boss\boss203	co	co	JX1	FightStand	\spr\npcres\boss\boss203\boss203_st01.spr	7CD7ADCF	JX1:updatejx16.pak		
boss203	2626	co	NormalNpc	spr\npcres\boss\boss203	co	co	JX1	NormalStand1,NormalStand2,SitDown	\spr\npcres\boss\boss203\boss203_st02.spr	79F6087A	JX1:updatejx16.pak		
boss203	2626	co	NormalNpc	spr\npcres\boss\boss203	co	co	JX1	FightWalk,NormalWalk,FightRun,NormalRun,JunpFly	\spr\npcres\boss\boss203\boss203_wlk.spr	1FA8AB51	JX1:updatejx16.pak		
boss203	2626	co	NormalNpc	spr\npcres\boss\boss203	co	co	JX1	Wound	\spr\npcres\boss\boss203\boss203_bat.spr	ED6990E6	JX1:updatejx16.pak		
boss203	2626	co	NormalNpc	spr\npcres\boss\boss203	co	co	JX1	Die	\spr\npcres\boss\boss203\boss203_die.spr	D2F53C31	JX1:updatejx16.pak		
boss203	2626	co	NormalNpc	spr\npcres\boss\boss203	co	co	JX1	Attack1	\spr\npcres\boss\boss203\boss203_at01.spr	E2DD9C90	JX1:updatejx16.pak		
boss203	2626	co	NormalNpc	spr\npcres\boss\boss203	co	co	JX1	Attack2,Magic	\spr\npcres\boss\boss203\boss203_at02.spr	FFFC7B4B	JX1:updatejx16.pak		
passerby094	2627	co	NormalNpc	spr\npcres\passerby\passerby094	co	co	JX1	FightStand,NormalStand1,SitDown	\spr\npcres\passerby\passerby094\passerby094_st.spr	091A7E44	JX1:spr.pak		
passerby094	2627	co	NormalNpc	spr\npcres\passerby\passerby094	co	co	JX1	NormalStand2	\spr\npcres\passerby\passerby094\passerby094_pst.spr	E27EE37E	JX1:spr.pak		
passerby442	2628	co	NormalNpc	spr\npcres\passerby\passerby442	co	co	JX1	FightStand,NormalStand1,NormalStand2	\spr\npcres\passerby\passerby442\passerby442_st01.spr	807B5FDA	JX1:sprvlngaothe3.pak		
passerby443	2629	co	NormalNpc	spr\npcres\passerby\passerby443	co	co	JX1	FightStand,NormalStand1,NormalStand2	\spr\npcres\passerby\passerby443\passerby443_st01.spr	D36BAC27	JX1:sprvlngaothe3.pak		
passerby004_1	2630	co	NormalNpc	spr\npcres\passerby\passerby004	co	co	JX1	FightStand,NormalStand1,NormalStand2,SitDown	\spr\npcres\passerby\passerby004\passerby004s1.spr	83302C8A	JX1:spr.pak		
passerby465	2631	co	NormalNpc	spr\npcres\passerby\passerby465	co	co	JX1	FightStand,NormalStand1,NormalStand2	\spr\npcres\passerby\passerby465\passerby465.spr	B12A74C3	VLTK:updatejx16.pak		
passerby466	2632	co	NormalNpc	spr\npcres\passerby\passerby466	co	co	JX1	FightStand,NormalStand1,NormalStand2	\spr\npcres\passerby\passerby466\passerby466.spr	A3A94482	VLTK:updatejx16.pak		
passerby467	2633	co	NormalNpc	spr\npcres\passerby\passerby467	co	co	JX1	FightStand,NormalStand1,NormalStand2	\spr\npcres\passerby\passerby467\passerby467.spr	5B45954C	VLTK:updatejx16.pak		
passerby468	2634	co	NormalNpc	spr\npcres\passerby\passerby468	co	co	JX1	FightStand,NormalStand1,NormalStand2	\spr\npcres\passerby\passerby468\passerby468.spr	702FA5AB	VLTK:updatejx16.pak		
