uid	offset	size	flag	csize	path
0008835F	32	42469	32	35089	\spr\npcres\man\MA_LH_140_AT03.spr
0011B246	35121	25004	32	20943	\spr\npcres\man\MA_RH_128_IJ01.spr
001B86E6	56064	19518	32	12948	\spr\npcres\woman\FM_LH_140_ST02.spr
00292D43	69012	110404	32	96336	\spr\npcres\man\MA_RW_196_HA01.spr
00299B53	165348	59991	32	42963	\spr\npcres\woman\FM_LH_143_HW01.spr
003421B6	208311	4962	32	4732	\spr\item\equip\weapon\obj-shield07.spr
003BA9D5	213043	31956	32	23989	\spr\npcres\woman\FM_HD_135_HW01.spr
0043D0AB	237032	73048	32	63502	\spr\npcres\woman\FM_RW_188_HI01.spr
00472546	300534	141686	32	99893	\spr\npcres\man\MA_LH_130_ST02.spr
006609EE	400427	69614	32	59275	\spr\npcres\man\MA_HR_138_MG04.spr
0072C9BC	459702	151702	32	123913	\spr\npcres\woman\FM_LW_200_HW01.spr
00872B70	583615	23145	32	18092	\spr\npcres\woman\FM_HD_153_RN03.spr
0088208B	601707	55643	32	48363	\spr\npcres\woman\FM_RW_195_HI01.spr
009AEC79	650070	29186	32	24005	\spr\npcres\woman\FM_LH_134_MG01.spr
00A8B563	674075	141601	32	111583	\spr\npcres\woman\FM_BD_131_MG03.spr
00ABBC85	785658	19655	32	14136	\spr\npcres\woman\FM_HD_141_MG03.spr
00BE972B	799794	73480	32	63009	\spr\npcres\woman\FM_RW_200_DE05.spr
00C7D35C	862803	71179	32	61524	\spr\npcres\man\MA_HR_138_AT03.spr
00CD51F2	924327	40783	32	26841	\spr\npcres\woman\FM_RH_142_ST06.spr
00D7D2E4	951168	75249	32	59018	\spr\npcres\woman\FM_RH_135_ZZ01.spr
00DE9D24	1010186	32229	32	25133	\spr\npcres\man\MA_HR_130_RN04.spr
00E23A2E	1035319	83003	32	58444	\spr\npcres\man\MA_LH_138_ST05.spr
00E7791D	1093763	24616	32	20870	\spr\npcres\woman\FM_HD_129_DE03.spr
00FBAD31	1114633	200127	32	168836	\spr\npcres\woman\FM_BD_134_DE05.spr
00FBF3B9	1283469	39081	32	31036	\spr\npcres\man\MA_HR_150_WK04.spr
01030293	1314505	94011	32	74142	\spr\npcres\man\MA_HR_128_ST02.spr
01167B82	1388647	33345	32	25966	\spr\npcres\man\MA_HD_131_WK04.spr
01246213	1414613	33432	32	27348	\spr\npcres\woman\FM_HD_143_HA02.spr
0128873F	1441961	35958	32	30448	\spr\npcres\woman\FM_HR_130_RN01.spr
012F94B4	1472409	39752	32	28181	\spr\npcres\man\MA_HD_135_ST07.spr
0138BDBA	1500590	160395	32	134070	\spr\npcres\man\MA_BD_140_RN02.spr
0150A1AE	1634660	66107	32	55299	\spr\npcres\man\MA_RH_150_RN01.spr
01728664	1689959	51203	32	42939	\spr\npcres\woman\FM_LH_133_JP01.spr
0183F537	1732898	27287	32	21856	\spr\npcres\woman\FM_LH_141_RN01.spr
018C4D90	1754754	87212	32	67384	\spr\npcres\man\MA_RW_192_ST04.spr
01C26E12	1822138	22393	32	18317	\spr\npcres\woman\FM_HD_132_ST01.spr
01C2BD92	1840455	6164	32	5540	\spr\item\equip\armor\obj-ma-cloth147.spr
01C93CA5	1845995	65506	32	52407	\spr\npcres\woman\FM_RH_153_HW01.spr
01D1CD27	1898402	194988	32	159567	\spr\npcres\woman\FM_BD_142_DE01.spr
01EA0846	2057969	58656	32	44641	\spr\npcres\woman\FM_LH_132_ST05.spr
0202CDD2	2102610	57314	32	43894	\spr\npcres\woman\FM_LH_142_AT01.spr
0229B33D	2146504	24958	32	21300	\spr\npcres\woman\FM_HD_129_DE04.spr
024E5348	2167804	70531	32	51281	\spr\npcres\woman\FM_RH_135_ST01.spr
0253D15F	2219085	37434	32	31105	\spr\npcres\woman\FM_HR_130_RN02.spr
025DD9DE	2250190	57266	32	50782	\spr\npcres\man\MA_HR_138_AT04.spr
0276BCFE	2300972	24408	32	18792	\spr\npcres\woman\FM_RH_131_RN01.spr
027820A0	2319764	87667	32	60381	\spr\npcres\man\MA_LH_138_ST06.spr
0289E3EC	2380145	31217	32	26405	\spr\npcres\man\MA_HR_150_HA01.spr
02990915	2406550	68090	32	54004	\spr\npcres\man\MA_HR_128_ST03.spr
02A06695	2460554	53666	32	45007	\spr\npcres\man\MA_LH_132_IJ01.spr
02B6A03C	2505561	160094	32	135809	\spr\npcres\man\MA_BD_140_RN03.spr
02C6186F	2641370	87734	32	67502	\spr\npcres\woman\FM_RH_132_WK01.spr
02EF5420	2708872	69152	32	56596	\spr\npcres\man\MA_RH_150_RN02.spr
03001C96	2765468	22427	32	18376	\spr\npcres\man\MA_HD_139_ZZ01.spr
03040747	2783844	213358	32	174717	\spr\npcres\woman\FM_BD_142_DE02.spr
031D4266	2958561	60199	32	41732	\spr\npcres\woman\FM_LH_132_ST06.spr
03341BE0	3000293	47432	32	37669	\spr\npcres\man\MA_HR_130_MG01.spr
03360F57	3037962	27878	32	22395	\spr\npcres\woman\FM_LH_141_RN02.spr
034E786E	3060357	77080	32	61198	\spr\npcres\man\MA_LH_129_RN03.spr
034F9839	3121555	90006	32	76839	\spr\npcres\man\MA_RW_198_RN02.spr
0353EE45	3198394	54343	32	41511	\spr\npcres\woman\FM_HR_132_HW01.spr
036BAB46	3239905	24224	32	19303	\spr\npcres\woman\FM_LH_131_HA01.spr
0374B832	3259208	18055	32	13839	\spr\npcres\woman\FM_HD_132_ST02.spr
038473AE	3273047	63511	32	54207	\spr\npcres\man\MA_HR_140_DE04.spr
03AFF9E1	3327254	38663	32	30434	\spr\npcres\man\MA_LH_140_MG04.spr
03B15D65	3357688	207560	32	167592	\spr\npcres\woman\FM_BD_129_WK01.spr
03B8BD11	3525280	74889	32	64192	\spr\npcres\man\MA_RH_129_AT07.spr
03C1C6F4	3589472	25409	32	18013	\spr\npcres\woman\FM_RH_129_AT02.spr
03C54391	3607485	78241	32	62595	\spr\npcres\woman\FM_LH_130_HD01.spr
03D3DD50	3670080	67681	32	57108	\spr\npcres\man\MA_LH_139_DE02.spr
03E2071C	3727188	32856	32	26625	\spr\npcres\woman\FM_LH_134_AT04.spr
03F10D02	3753813	236535	32	194795	\spr\npcres\woman\FM_BD_131_AT06.spr
04050E0C	3948608	276340	32	223056	\spr\npcres\man\MA_RW_185_RD01.spr
040632D5	4171664	42541	32	28488	\spr\npcres\woman\FM_RH_140_RD01.spr
04353796	4200152	2023	0	2023	\spr\item\equip\ring\obj-ring119.spr
04542984	4202175	26766	32	22807	\spr\npcres\woman\FM_HD_132_ZZ01.spr
0462F224	4224982	26728	32	22103	\spr\npcres\woman\FM_HD_142_HD01.spr
04683C5E	4247085	95359	32	51121	\spr\npcres\woman\FM_RW_197_MG03.spr
046A2685	4298206	26653	32	22267	\spr\npcres\man\MA_HD_137_IJ04.spr
0494801D	4320473	73304	32	63551	\spr\npcres\man\MA_RH_129_AT05.spr
049BCCED	4384024	32741	32	26670	\spr\npcres\man\MA_LH_140_MG02.spr
04A15B63	4410694	35489	32	29326	\spr\npcres\man\MA_HD_139_HA02.spr
04A7FE26	4440020	91332	32	67136	\spr\npcres\woman\FM_LH_132_ST04.spr
04BA4F6A	4507156	77800	32	64552	\spr\npcres\man\MA_LH_129_RN01.spr
04BAAB56	4571708	11355	32	9496	\spr\npcres\woman\FM_RH_131_IJ04.spr
04C0BCAF	4581204	21644	32	17710	\spr\npcres\woman\FM_HD_133_MG05.spr
04D344C9	4598914	21593	32	16262	\spr\npcres\woman\FM_RH_131_HR01.spr
04D6999A	4615176	86218	32	67547	\spr\npcres\man\MA_LH_139_HM01.spr
04EA519B	4682723	156464	32	138941	\spr\npcres\man\MA_LW_200_HD01.spr
04F046AA	4821664	43382	32	36784	\spr\npcres\man\MA_HR_140_DE02.spr
04FDEFE4	4858448	85079	32	68037	\spr\npcres\woman\FM_RW_200_HM01.spr
051BB9C2	4926485	189139	32	154837	\spr\npcres\woman\FM_BD_131_AT04.spr
052CDFE7	5081322	6054	32	5674	\spr\item\equip\armor\obj-ma-cloth146.spr
053B56C0	5086996	231581	32	162034	\spr\npcres\woman\FM_BD_134_HM01.spr
05433DF9	5249030	194816	32	146789	\spr\npcres\woman\FM_BD_140_HW01.spr
05521CEA	5395819	63781	32	54200	\spr\npcres\man\MA_HR_138_MG02.spr
0564965B	5450019	50342	32	42410	\spr\npcres\man\MA_LH_140_AT01.spr
056C5042	5492429	30585	32	23906	\spr\npcres\woman\FM_HR_141_HM01.spr
0574B3DC	5516335	31817	32	24344	\spr\npcres\woman\FM_LH_134_AT02.spr
057B2544	5540679	151882	32	130620	\spr\npcres\man\MA_RW_187_IJ04.spr
057B36A2	5671299	27183	32	20757	\spr\npcres\woman\FM_LH_140_ZZ01.spr
057CBB85	5692056	34794	32	28187	\spr\npcres\woman\FM_HR_130_MG05.spr
05A1566E	5720243	213905	32	179748	\spr\npcres\man\MA_RW_189_HA02.spr
05BEDBCD	5899991	34608	32	28965	\spr\npcres\man\MA_HD_128_HD01.spr
05CAE020	5928956	32208	32	25138	\spr\npcres\man\MA_HR_130_RN02.spr
05D79B53	5954094	21769	32	17628	\spr\npcres\woman\FM_LH_141_MG05.spr
05D7C6C5	5971722	39049	32	30550	\spr\npcres\man\MA_HR_150_WK02.spr
05DE012A	6002272	88341	32	62543	\spr\npcres\man\MA_LH_138_ST03.spr
05E89124	6064815	39467	32	33383	\spr\npcres\man\MA_HD_130_AT06.spr
05FA2799	6098198	107256	32	88359	\spr\npcres\man\MA_RH_130_HD01.spr
060E4D2C	6186557	58511	32	49432	\spr\npcres\man\MA_HR_140_DE03.spr
0611F36F	6235989	35389	32	29996	\spr\npcres\man\MA_LH_140_MG03.spr
0622B69F	6265985	102562	32	85787	\spr\npcres\man\MA_RH_129_AT06.spr
0622D833	6351772	85167	32	71100	\spr\npcres\man\MA_RW_192_HR01.spr
063075EC	6422872	77827	32	64660	\spr\npcres\man\MA_LH_129_RN02.spr
0645CFAD	6487532	61749	32	50339	\spr\npcres\man\MA_RW_194_IJ02.spr
0645D6DE	6537871	79803	32	64703	\spr\npcres\man\MA_LH_139_DE01.spr
064EF3E2	6602574	175849	32	138800	\spr\npcres\woman\FM_BD_131_AT05.spr
06600223	6741374	90119	32	62637	\spr\npcres\woman\FM_LH_130_RD01.spr
069083C2	6804011	184923	32	157868	\spr\npcres\man\MA_BD_131_ZZ01.spr
069CBD40	6961879	94066	32	69598	\spr\npcres\man\MA_LH_137_HW01.spr
069E8CD4	7031477	20942	32	15836	\spr\npcres\woman\FM_RH_129_AT01.spr
06BFCDFC	7047313	30844	32	25553	\spr\npcres\woman\FM_LH_134_AT03.spr
06C93EC4	7072866	143002	32	102876	\spr\npcres\man\MA_LH_130_ST01.spr
06D14CC6	7175742	24236	32	16362	\spr\npcres\woman\FM_LH_140_ST01.spr
06E12DA7	7192104	74852	32	65863	\spr\npcres\man\MA_LH_150_DE06.spr
06E8036C	7257967	62091	32	53753	\spr\npcres\man\MA_HR_138_MG03.spr
06F29CDD	7311720	47854	32	40114	\spr\npcres\man\MA_LH_140_AT02.spr
06FF1731	7351834	215199	32	190877	\spr\npcres\man\MA_LW_187_DE04.spr
073E3F60	7542711	27311	32	22143	\spr\npcres\man\MA_HR_131_HI01.spr
074096A2	7564854	32447	32	25341	\spr\npcres\man\MA_HR_130_RN03.spr
07492CDA	7590195	80534	32	70128	\spr\npcres\man\MA_HR_138_AT02.spr
075437AC	7660323	91068	32	62324	\spr\npcres\man\MA_LH_138_ST04.spr
075C9150	7722647	23141	32	18105	\spr\npcres\woman\FM_HD_153_RN02.spr
07616365	7740752	23325	32	18159	\spr\npcres\woman\FM_HD_141_MG02.spr
07667B43	7758911	180679	32	142418	\spr\npcres\woman\FM_BD_131_MG02.spr
076687A6	7901329	29596	32	25035	\spr\npcres\man\MA_HD_130_AT07.spr
076D56CD	7926364	45989	32	37417	\spr\npcres\woman\FM_LH_133_RN04.spr
076DCD47	7963781	39112	32	31165	\spr\npcres\man\MA_HR_150_WK03.spr
07706E48	7994946	16290	32	13140	\spr\npcres\woman\FM_RH_134_HI01.spr
0779D19D	8008086	35834	32	25962	\spr\npcres\man\MA_HD_135_RD01.spr
07847B85	8034048	33095	32	26851	\spr\npcres\woman\FM_HR_134_ZZ01.spr
078A83D5	8060899	70363	32	55914	\spr\npcres\man\MA_LH_138_HR01.spr
0791EE32	8116813	29080	32	22632	\spr\npcres\man\MA_HD_135_ST06.spr
07987500	8139445	33347	32	26086	\spr\npcres\man\MA_HD_131_WK03.spr
079A07D2	8165531	42554	32	30318	\spr\npcres\woman\FM_RH_142_ST05.spr
07A2B738	8195849	160821	32	134620	\spr\npcres\man\MA_BD_140_RN01.spr
07ADB683	8330469	221761	32	185305	\spr\npcres\man\MA_RW_186_DE03.spr
07B11311	8515774	142646	32	120529	\spr\npcres\woman\FM_BD_134_DE04.spr
07BC2FFD	8636303	36606	32	30243	\spr\npcres\woman\FM_HD_129_DE02.spr
07F128F3	8666546	28868	32	23933	\spr\npcres\woman\FM_HD_143_HA01.spr
07F51C11	8690479	93533	32	72139	\spr\npcres\man\MA_HR_128_ST01.spr
080E712C	8762618	5292	32	5085	\spr\item\equip\armor\obj-ma-cloth145.spr
081ECA78	8767703	294184	32	245996	\spr\npcres\man\MA_BD_135_HD01.spr
08275E88	9013699	36551	32	23371	\spr\npcres\woman\FM_RH_134_ST07.spr
082AA3EC	9037070	198203	32	164690	\spr\npcres\man\MA_RW_189_HA01.spr
0830874F	9201760	282216	32	229261	\spr\npcres\man\MA_BD_131_HA02.spr
08401AA8	9431021	122363	32	80349	\spr\npcres\man\MA_LH_138_ST02.spr
0852EAA2	9511370	29521	32	25104	\spr\npcres\man\MA_HD_130_AT05.spr
0859D043	9536474	39094	32	31125	\spr\npcres\man\MA_HR_150_WK01.spr
0887AB07	9567599	55459	32	42590	\spr\npcres\woman\FM_HR_143_WK04.spr
088DF53E	9610189	28850	32	22384	\spr\npcres\man\MA_HD_135_ST04.spr
08AD4133	9632573	25212	32	20687	\spr\npcres\woman\FM_LH_141_MG04.spr
08BCFDAE	9653260	32188	32	25220	\spr\npcres\man\MA_HR_130_RN01.spr
08D59F76	9678480	197608	32	161991	\spr\npcres\man\MA_BD_137_RN04.spr
08DB8FD1	9840471	215799	32	179191	\spr\npcres\woman\FM_BD_134_DE02.spr
08F4580C	10019662	33302	32	26087	\spr\npcres\man\MA_HD_131_WK01.spr
08F7C28D	10045749	43116	32	36115	\spr\npcres\woman\FM_LH_133_RN02.spr
090585BA	10081864	36201	32	28692	\spr\npcres\man\MA_HD_139_WK04.spr
0910B64F	10110556	35405	32	28759	\spr\npcres\man\MA_LH_140_RN04.spr
0923ED3E	10139315	186349	32	149972	\spr\npcres\woman\FM_BD_153_HA01.spr
0927CDAB	10289287	81665	32	68946	\spr\npcres\man\MA_RH_129_MG04.spr
092C4167	10358233	26832	32	21665	\spr\npcres\man\MA_HD_135_HR01.spr
092CB392	10379898	42706	32	27068	\spr\npcres\woman\FM_RH_142_ST03.spr
0937736C	10406966	106010	32	85142	\spr\npcres\man\MA_RW_199_HW01.spr
09399F59	10492108	60004	32	47872	\spr\npcres\man\MA_HD_129_DE04.spr
09460D81	10539980	17964	32	15239	\spr\npcres\man\MA_HD_137_IJ02.spr
095CDA8A	10555219	25540	32	18260	\spr\npcres\woman\FM_LH_129_HM01.spr
0961AA1A	10573479	120718	32	97981	\spr\npcres\man\MA_RW_192_ST01.spr
0964516F	10671460	56033	32	47485	\spr\npcres\man\MA_RH_131_DE04.spr
09809719	10718945	85441	32	72916	\spr\npcres\man\MA_RH_129_AT03.spr
098B03F4	10791861	49973	32	40138	\spr\npcres\man\MA_HR_140_HM01.spr
09C856FC	10831999	206639	32	168531	\spr\npcres\man\MA_RW_185_HR01.spr
09CA6AE6	11000530	62268	32	44322	\spr\npcres\woman\FM_LH_132_ST02.spr
09CDC716	11044852	17737	32	13529	\spr\npcres\woman\FM_RH_131_IJ02.spr
09E4A1C3	11058381	77464	32	56701	\spr\npcres\woman\FM_LH_135_HW01.spr
09EF4D6E	11115082	53626	32	44525	\spr\npcres\woman\FM_HR_130_AT06.spr
0A024E8E	11159607	32927	32	23609	\spr\npcres\man\MA_HD_131_WK02.spr
0A0995DD	11183216	31671	32	26076	\spr\npcres\woman\FM_HD_129_DE01.spr
0A0ED9F1	11209292	149368	32	123239	\spr\npcres\woman\FM_BD_134_DE03.spr
0A1BFBB0	11332531	29025	32	22899	\spr\npcres\man\MA_HD_135_ST05.spr
0A2A4730	11355430	22975	32	18161	\spr\npcres\woman\FM_HD_153_RN01.spr
0A332123	11373591	181701	32	149049	\spr\npcres\woman\FM_BD_131_MG01.spr
0A332658	11522640	89507	32	78589	\spr\npcres\man\MA_HR_138_AT01.spr
0A3640A9	11601229	22765	32	17677	\spr\npcres\woman\FM_HR_133_HI01.spr
0A3A1CAD	11618906	41773	32	35372	\spr\npcres\woman\FM_LH_133_RN03.spr
0A3E2945	11654278	23271	32	18812	\spr\npcres\woman\FM_HD_141_MG01.spr
0A56275E	11673090	215074	32	160136	\spr\npcres\woman\FM_BD_153_HA02.spr
0A57CDB2	11833226	64694	32	45758	\spr\npcres\woman\FM_RH_142_ST04.spr
0A8745B7	11878984	2380	32	2301	\Spr\item\equip\bangle\obj-bangle119.spr
0A8BDB22	11881285	10567	32	9092	\spr\npcres\woman\FM_HD_131_HI01.spr
0A8C623A	11890377	61566	32	51712	\spr\npcres\man\MA_HR_139_JP01.spr
0ABDF02D	11942089	99391	32	85207	\spr\npcres\man\MA_RH_129_MG05.spr
0ACBD9C8	12027296	20828	32	17737	\spr\npcres\woman\FM_HD_153_IJ06.spr
0ADC3003	12045033	15656	32	13535	\spr\npcres\man\MA_HD_137_IJ03.spr
0AF8509C	12058568	122155	32	88057	\spr\npcres\man\MA_RW_192_ST02.spr
0B0DC66B	12146625	46351	32	38690	\spr\npcres\man\MA_LH_140_MG01.spr
0B11868E	12185315	40485	32	33978	\spr\npcres\woman\FM_HR_130_AT07.spr
0B1E9D9B	12219293	82934	32	69447	\spr\npcres\man\MA_RH_129_AT04.spr
0B27282F	12288740	226180	32	180688	\spr\npcres\man\MA_RW_185_ST05.spr
0B2B54E1	12469428	30525	32	25401	\spr\npcres\man\MA_HD_139_HA01.spr
0B437878	12494829	68212	32	58784	\spr\npcres\man\MA_RH_137_JP01.spr
0B701136	12553613	12052	32	8790	\spr\npcres\woman\FM_RH_131_IJ03.spr
0B707C42	12562403	128327	32	111377	\spr\npcres\man\MA_RW_196_WK02.spr
0B7A5028	12673780	47486	32	39853	\spr\npcres\man\MA_HR_140_DE01.spr
0B7CA406	12713633	56743	32	41740	\spr\npcres\woman\FM_LH_132_ST03.spr
0B9E628F	12755373	26237	32	20746	\spr\npcres\woman\FM_HD_133_MG04.spr
0BA36F75	12776119	265660	32	225492	\spr\npcres\man\MA_BD_132_DE04.spr
0BC279BC	13001611	30309	32	23288	\spr\npcres\woman\FM_LH_134_AT01.spr
0BC41668	13024899	80903	32	70578	\spr\npcres\man\MA_HR_138_MG01.spr
0BCA6E65	13095477	42549	32	34212	\spr\npcres\woman\FM_HR_130_MG04.spr
0BD16FA2	13129689	190329	32	153168	\spr\npcres\woman\FM_BD_131_AT03.spr
0BDD30A3	13282857	91594	32	80124	\spr\npcres\man\MA_LH_150_DE04.spr
0BEA8B2B	13362981	16715	32	13747	\spr\npcres\woman\FM_LH_129_DE04.spr
0BF4BBBA	13376728	29940	32	25512	\spr\npcres\woman\FM_HR_130_HR01.spr
0BF4F8D6	13402240	26395	32	21614	\spr\npcres\woman\FM_LH_141_AT07.spr
0C0AE0A7	13423854	102543	32	86262	\spr\npcres\man\MA_RH_129_AT02.spr
0C1669F9	13510116	250995	32	210587	\spr\npcres\woman\FM_BD_129_HD01.spr
0C19C720	13720703	36078	32	26652	\spr\npcres\man\MA_HD_128_RD01.spr
0C2A8FA6	13747355	81292	32	65068	\spr\npcres\woman\FM_RW_184_HR01.spr
0C4523FC	13812423	134603	32	96503	\spr\npcres\man\MA_RH_130_RD01.spr
0C53B99C	13908926	95889	32	75892	\spr\npcres\woman\FM_BD_143_IJ04.spr
0C54AF5E	13984818	49166	32	40267	\spr\npcres\woman\FM_RW_292_HA02.spr
0C5E7588	14025085	11789	32	10062	\spr\npcres\woman\FM_HD_153_IJ04.spr
0C7D65F5	14035147	19906	32	15859	\spr\npcres\man\MA_HD_150_ZZ01.spr
0C87D0C6	14051006	74263	32	54503	\spr\npcres\woman\FM_LH_132_ST01.spr
0C8D1FE6	14105509	23918	32	19663	\spr\npcres\man\MA_RH_137_HI01.spr
0C8FF96D	14125172	264894	32	204061	\spr\npcres\man\MA_RW_189_WK03.spr
0C960B60	14329233	298891	32	244475	\spr\npcres\man\MA_BD_131_WK04.spr
0C9A8DF6	14573708	15585	32	12493	\spr\npcres\woman\FM_RH_131_IJ01.spr
0C9F7271	14586201	185044	32	156467	\spr\npcres\man\MA_BD_132_DE02.spr
0CA4334E	14742668	41408	32	34211	\spr\npcres\woman\FM_HR_130_AT05.spr
0CB197C5	14776879	28248	32	22647	\spr\npcres\man\MA_HD_128_ST06.spr
0CC907AF	14799526	64583	32	56791	\spr\npcres\man\MA_LH_150_DE02.spr
0CEDD430	14856317	31601	32	26095	\spr\npcres\man\MA_HD_130_MG04.spr
0CEE0FE7	14882412	136185	32	121391	\spr\npcres\man\MA_LW_187_HM01.spr
0CF450A5	15003803	168122	32	129469	\spr\npcres\woman\FM_BD_143_HR01.spr
0CF67BBB	15133272	19123	32	15560	\spr\npcres\woman\FM_HD_153_HR01.spr
0D1F1496	15148832	26810	32	20888	\spr\npcres\woman\FM_LH_141_AT05.spr
0D209F4F	15169720	26410	32	20221	\spr\npcres\woman\FM_HD_133_MG02.spr
0D2191A0	15189941	23805	32	16889	\spr\npcres\man\MA_HD_150_ST09.spr
0D276A2D	15206830	50783	32	41192	\spr\npcres\man\MA_RW_292_HA02.spr
0D49CB48	15248022	19051	32	14955	\spr\npcres\woman\FM_RH_134_ST05.spr
0D4EF1AE	15262977	34722	32	28615	\spr\npcres\man\MA_HD_130_AT03.spr
0D5188BE	15291592	65588	32	57733	\spr\npcres\man\MA_RH_135_DE04.spr
0D5C9A25	15349325	40768	32	33368	\spr\npcres\woman\FM_HR_130_MG02.spr
0D7B9862	15382693	182552	32	145633	\spr\npcres\woman\FM_BD_131_AT01.spr
0D7D27EB	15528326	27220	32	21098	\spr\npcres\woman\FM_LH_129_DE02.spr
0DA942A5	15549424	109607	32	58752	\spr\npcres\woman\FM_RW_195_ST04.spr
0DAE50D5	15608176	236056	32	172594	\spr\npcres\man\MA_BD_131_ST05.spr
0DBBD8AE	15780770	76330	32	63428	\spr\npcres\man\MA_RH_132_IJ04.spr
0DC1E272	15844198	198742	32	163660	\spr\npcres\man\MA_BD_137_RN02.spr
0DC7C535	16007858	103527	32	71437	\spr\npcres\woman\FM_RH_132_RD01.spr
0DE9F41C	16079295	48686	32	40556	\spr\npcres\man\MA_HD_138_AT06.spr
0DEA41D1	16119851	74838	32	63987	\spr\npcres\man\MA_RH_138_HD01.spr
0DEF2479	16183838	78859	32	62277	\spr\npcres\woman\FM_RH_130_JP01.spr
0DF022B3	16246115	76092	32	63566	\spr\npcres\man\MA_HR_135_AT09.spr
0DF9D83A	16309681	38670	32	29696	\spr\npcres\man\MA_HD_135_ST02.spr
0E1578F3	16339377	257828	32	217265	\spr\npcres\man\MA_BD_132_DE03.spr
0E41AEB6	16556642	34266	32	28489	\spr\npcres\woman\FM_LH_141_AT06.spr
0E470A21	16585131	79790	32	69832	\spr\npcres\man\MA_LH_150_DE03.spr
0E6B296F	16654963	22289	32	15667	\spr\npcres\woman\FM_HD_133_MG03.spr
0E7BDAB2	16670630	39339	32	33561	\spr\npcres\man\MA_HD_130_MG05.spr
0E802DFA	16704191	171482	32	145076	\spr\npcres\man\MA_BD_139_ZZ01.spr
0E83B6B2	16849267	289150	32	192273	\spr\npcres\man\MA_BD_131_RD01.spr
0E845A35	17041540	97385	32	64443	\spr\npcres\woman\FM_RW_188_ST05.spr
0E87D445	17105983	33521	32	27616	\spr\npcres\woman\FM_HR_130_MG03.spr
0EA0710B	17133599	16829	32	13872	\spr\npcres\woman\FM_LH_129_DE03.spr
0EAED582	17147471	186293	32	150777	\spr\npcres\woman\FM_BD_131_AT02.spr
0EBA90CD	17298248	239017	32	199779	\spr\npcres\man\MA_BD_131_HA01.spr
0EC4E420	17498027	29496	32	24876	\spr\npcres\man\MA_HD_130_AT04.spr
0ECA1436	17522903	123097	32	83089	\spr\npcres\man\MA_LH_138_ST01.spr
0EEFBF30	17605992	47375	32	42706	\spr\npcres\man\MA_RH_135_DE05.spr
0EFC0568	17648698	18380	32	11235	\spr\npcres\woman\FM_RH_134_ST06.spr
0F12B788	17659933	186876	32	146390	\spr\npcres\woman\FM_RW_186_RD01.spr
0F244757	17806323	237700	32	169278	\spr\npcres\man\MA_BD_131_ST06.spr
0F2B4D4B	17975601	191148	32	150444	\spr\npcres\man\MA_RW_186_HM01.spr
0F4C896D	18126045	43542	32	36560	\spr\npcres\woman\FM_LH_133_RN01.spr
0F5D11E7	18162605	55516	32	42635	\spr\npcres\woman\FM_HR_143_WK03.spr
0F5F8468	18205240	99936	32	78041	\spr\npcres\woman\FM_RW_193_RD01.spr
0F5FE8F4	18283281	197967	32	164541	\spr\npcres\man\MA_BD_137_RN03.spr
0F67FA9E	18447822	36670	32	30067	\spr\npcres\man\MA_HD_138_AT07.spr
0F77CEBC	18477889	28727	32	22788	\spr\npcres\man\MA_HD_135_ST03.spr
0F7A3713	18500677	20462	32	15398	\spr\npcres\woman\FM_LH_141_MG03.spr
0F85EA99	18516075	36796	32	28890	\spr\npcres\woman\FM_HD_135_HA02.spr
0F8F9F38	18544965	36337	32	28884	\spr\npcres\man\MA_HD_139_WK03.spr
0F9094BA	18573849	32471	32	27204	\spr\npcres\man\MA_RH_140_AT07.spr
0F9175B1	18601053	201080	32	163412	\spr\npcres\woman\FM_BD_134_DE01.spr
0F978991	18764465	108409	32	90105	\spr\npcres\woman\FM_RW_197_AT03.spr
0F9A83CD	18854570	28873	32	23776	\spr\npcres\man\MA_LH_140_RN03.spr
0FA3E8E7	18878346	54589	32	44132	\spr\npcres\man\MA_HD_129_DE03.spr
0FA9C729	18922478	87241	32	71721	\spr\npcres\man\MA_RH_129_MG03.spr
0FC8070F	18994199	20096	32	17367	\spr\npcres\man\MA_HD_137_IJ01.spr
0FCE0DE8	19011566	18258	32	16102	\spr\npcres\man\MA_HR_139_HI01.spr
0FDC0A80	19027668	169522	32	143885	\spr\npcres\woman\FM_LW_200_HA02.spr
0FEDAAED	19171553	50117	32	43219	\spr\npcres\man\MA_RH_131_DE03.spr
0FF28673	19214772	59937	32	46120	\spr\npcres\woman\FM_RW_184_IJ04.spr
0FFA6672	19260892	43671	32	29997	\spr\npcres\woman\FM_RH_142_ST02.spr
1008A79C	19290889	59163	32	45740	\spr\npcres\woman\FM_RH_132_IJ02.spr
100AFB16	19336629	68702	32	59096	\spr\npcres\man\MA_RH_150_MG04.spr
100C8A4A	19395725	39261	32	33004	\spr\npcres\man\MA_HD_150_DE04.spr
100D63F9	19428729	76561	32	60014	\spr\npcres\man\MA_RH_139_RN03.spr
10112A66	19488743	34425	32	23565	\spr\npcres\woman\FM_LH_133_ST02.spr
102147E3	19512308	80698	32	67088	\spr\npcres\man\MA_HR_128_HD01.spr
102149C2	19579396	21675	32	14841	\spr\npcres\woman\FM_HD_140_ST04.spr
10256854	19594237	67701	32	57377	\spr\npcres\woman\FM_HR_131_AT06.spr
1025F3A8	19651614	126983	32	105720	\spr\npcres\man\MA_RW_194_AT02.spr
1027E876	19757334	231521	32	153336	\spr\npcres\woman\FM_BD_130_ST04.spr
10397FD5	19910670	44949	32	37950	\spr\npcres\man\MA_HR_139_HA02.spr
103C1091	19948620	76330	32	65745	\spr\npcres\woman\FM_LH_153_DE02.spr
1051E920	20014365	47968	32	37694	\spr\npcres\man\MA_HR_130_AT06.spr
1082B651	20052059	40656	32	33208	\spr\npcres\man\MA_RW_292_DE02.spr
108B1DCD	20085267	29554	32	19858	\spr\npcres\woman\FM_HR_129_WK01.spr
109104EB	20105125	2668	32	2528	\spr\item\equip\nick\obj-neck121.spr
1097F41D	20107653	243476	32	182400	\spr\npcres\man\MA_BD_131_HM01.spr
10987F72	20290053	70229	32	55811	\spr\npcres\woman\FM_LH_142_AT06.spr
109F0D46	20345864	41725	32	31328	\spr\npcres\man\MA_HR_135_ST05.spr
10A12C5F	20377192	43647	32	38322	\spr\npcres\man\MA_RH_135_IJ04.spr
10A1F92B	20415514	21222	32	15348	\spr\npcres\woman\FM_HD_134_MG03.spr
10A9937D	20430862	70932	32	54606	\spr\npcres\woman\FM_LH_130_WK02.spr
10B38276	20485468	191030	32	159572	\spr\npcres\man\MA_BD_140_AT04.spr
10BA793B	20645040	16852	32	13684	\spr\npcres\woman\FM_RH_129_MG05.spr
10C302FC	20658724	130575	32	108996	\spr\npcres\woman\FM_LW_187_MG05.spr
10C73841	20767720	124724	32	82190	\spr\npcres\woman\FM_RW_189_ST05.spr
10CD7325	20849910	133624	32	106705	\spr\npcres\man\MA_LH_137_JP01.spr
10DBC4E8	20956615	52932	32	37613	\spr\npcres\woman\FM_RH_135_ST06.spr
10DDE401	20994228	41862	32	34997	\spr\npcres\woman\FM_HR_131_MG03.spr
10E9B2A4	21029225	112205	32	91211	\spr\npcres\man\MA_LH_129_MG05.spr
10EB8484	21120436	74882	32	65068	\spr\npcres\man\MA_RH_150_AT03.spr
10F10D4F	21185504	45777	32	34414	\spr\npcres\man\MA_HD_138_ST02.spr
10F87513	21219918	50624	32	41774	\spr\npcres\man\MA_RH_137_HA02.spr
10FA8AF2	21261692	139119	32	112563	\spr\npcres\woman\FM_BD_129_IJ02.spr
10FB8542	21374255	207170	32	165015	\spr\npcres\woman\FM_BD_132_AT02.spr
111ABA7D	21539270	306022	32	259947	\spr\npcres\man\MA_BD_139_DE03.spr
1121FC1B	21799217	46863	32	25308	\spr\npcres\man\MA_RH_140_ST02.spr
11417196	21824525	27979	32	20795	\spr\npcres\man\MA_HD_140_RN04.spr
114B41E8	21845320	76486	32	65578	\spr\npcres\man\MA_LH_129_AT04.spr
116F3CF8	21910898	159503	32	137999	\spr\npcres\woman\FM_RW_187_RD01.spr
119417B2	22048897	103343	32	83814	\spr\npcres\woman\FM_RW_194_RD01.spr
11990D8D	22132711	29351	32	23730	\spr\npcres\woman\FM_LH_134_RN01.spr
119F7FAD	22156441	217318	32	167582	\spr\npcres\man\MA_BD_130_ST03.spr
11B52813	22324023	114998	32	96730	\spr\npcres\man\MA_RW_198_AT03.spr
11B7E6D3	22420753	44834	32	33915	\spr\npcres\woman\FM_LH_142_MG03.spr
11EA92BB	22454668	51292	32	42526	\spr\npcres\woman\FM_RH_130_DE04.spr
11EC0761	22497194	113578	32	94903	\spr\npcres\woman\FM_RW_198_AT03.spr
11EF10A7	22592097	153582	32	126099	\spr\npcres\woman\FM_BD_135_DE01.spr
11F0E8C6	22718196	234228	32	137373	\spr\npcres\man\MA_BD_138_RD01.spr
11F1184A	22855569	183073	32	129958	\spr\npcres\man\MA_RW_188_ST02.spr
12003E21	22985527	50141	32	42056	\spr\npcres\woman\FM_HR_131_MG04.spr
120607CB	23027583	248631	32	214332	\spr\npcres\man\MA_BD_131_DE01.spr
1207873C	23241915	208231	32	170059	\spr\npcres\man\MA_RW_189_HM01.spr
120F33C1	23411974	33632	32	25833	\spr\npcres\man\MA_HD_138_ST03.spr
121533B8	23437807	38967	32	30091	\spr\npcres\man\MA_HR_135_ST06.spr
12181152	23467898	72491	32	58979	\spr\npcres\woman\FM_LH_135_AT01.spr
1228A9CA	23526877	86656	32	73366	\spr\npcres\man\MA_LH_132_MG01.spr
122DC412	23600243	105376	32	82227	\spr\npcres\woman\FM_BD_129_IJ03.spr
122EDF62	23682470	208223	32	170898	\spr\npcres\woman\FM_BD_132_AT03.spr
123E57ED	23853368	29627	32	20124	\spr\npcres\woman\FM_HR_129_WK02.spr
123FD2D1	23873492	49579	32	43896	\spr\npcres\man\MA_RH_135_IJ05.spr
12618B06	23917388	70104	32	59454	\spr\npcres\man\MA_RH_150_AT04.spr
1290A0FF	23976842	309563	32	266012	\spr\npcres\man\MA_BD_139_DE04.spr
12A8464D	24242854	85368	32	73934	\spr\npcres\man\MA_RW_291_HA01.spr
12BFE29D	24316788	25908	32	19490	\spr\npcres\man\MA_RH_140_ST03.spr
12C1746A	24336278	70509	32	60191	\spr\npcres\man\MA_LH_129_AT05.spr
12CC47AD	24396469	29827	32	24112	\spr\npcres\woman\FM_LH_134_RN02.spr
12F035E2	24420581	108779	32	76147	\spr\npcres\man\MA_RW_291_RD01.spr
12FA30F3	24496728	53506	32	41843	\spr\npcres\woman\FM_LH_142_MG04.spr
1311AAC7	24538571	167853	32	140476	\spr\npcres\woman\FM_BD_135_DE02.spr
1315622F	24679047	217524	32	158191	\spr\npcres\man\MA_BD_130_ST04.spr
1344D63A	24837238	95199	32	78603	\spr\npcres\man\MA_RW_194_MG03.spr
134BF0C2	24915841	190509	32	159818	\spr\npcres\man\MA_BD_130_HR01.spr
137B42C8	25075659	15726	32	8947	\spr\npcres\woman\FM_RH_143_ST03.spr
13A0B9BE	25084606	117756	32	100922	\spr\npcres\woman\FM_RW_190_HA01.spr
13D2F8F8	25185528	250579	32	202599	\spr\npcres\man\MA_BD_140_MG05.spr
13E906A9	25388127	201932	32	172566	\spr\npcres\woman\FM_BD_153_HD01.spr
13EBC625	25560693	192467	32	161168	\spr\npcres\man\MA_BD_129_RN04.spr
13EEE43C	25721861	140907	32	111682	\spr\npcres\man\MA_BD_132_IJ02.spr
13F22869	25833543	33399	32	26324	\spr\npcres\woman\FM_RH_140_WK03.spr
13F9E8B0	25859867	45614	32	36445	\spr\npcres\man\MA_HD_138_WK01.spr
1401492B	25896312	260305	32	127937	\spr\npcres\man\MA_BD_130_ST02.spr
140CACB3	26024249	58044	32	44394	\spr\npcres\woman\FM_LH_142_MG02.spr
1418525C	26068643	92193	32	70811	\spr\npcres\man\MA_RH_132_HW01.spr
141C4655	26139454	57047	32	38575	\spr\npcres\woman\FM_RH_133_RD01.spr
142494CF	26178029	27724	32	22096	\spr\npcres\woman\FM_RH_131_JP01.spr
143D5B76	26200125	89028	32	76833	\spr\npcres\man\MA_LH_129_AT03.spr
143F2591	26276958	138259	32	114595	\spr\npcres\man\MA_RW_198_AT02.spr
145F93B2	26391553	17768	32	12569	\spr\npcres\woman\FM_HD_132_ST06.spr
147B15C8	26404122	180676	32	148510	\spr\npcres\man\MA_RW_188_ST01.spr
148DFE88	26552632	22905	32	14935	\spr\npcres\woman\FM_RH_143_ST01.spr
149DB556	26567567	54049	32	42625	\spr\npcres\man\MA_HR_139_WK04.spr
14A0589B	26610192	55584	32	45952	\spr\npcres\woman\FM_RH_130_DE03.spr
14B9CD41	26656144	106327	32	84171	\spr\npcres\woman\FM_RW_198_AT02.spr
14BAA8FC	26740315	73937	32	61037	\spr\npcres\man\MA_RW_291_HR01.spr
14C72D21	26801352	190333	32	160629	\spr\npcres\man\MA_BD_129_RN02.spr
14CECF04	26961981	186449	32	150929	\spr\npcres\man\MA_BD_140_MG03.spr
14EC21D8	27112910	47365	32	37239	\spr\npcres\man\MA_HR_130_MG05.spr
14F4EE38	27150149	130365	32	108489	\spr\npcres\woman\FM_RW_191_DE02.spr
15054429	27258638	36846	32	28602	\spr\npcres\woman\FM_RH_140_WK01.spr
150A8FAC	27287240	36006	32	28142	\spr\npcres\woman\FM_HR_134_HM01.spr
15143E74	27315382	27601	32	21981	\spr\npcres\woman\FM_RH_129_AT06.spr
1518CAF4	27337363	35066	32	28683	\spr\npcres\woman\FM_HD_135_HD01.spr
15357E9C	27366046	64155	32	54002	\spr\npcres\woman\FM_LH_134_AT08.spr
154A0436	27420048	143103	32	94391	\spr\npcres\woman\FM_BD_130_ST02.spr
154A4DA5	27514439	78138	32	67914	\spr\npcres\woman\FM_RW_291_WK06.spr
154BE582	27582353	14374	32	10475	\spr\npcres\woman\FM_HD_140_ST02.spr
154DFC2C	27592828	34880	32	28461	\spr\npcres\man\MA_HR_130_AT04.spr
154F8414	27621289	54599	32	46508	\spr\npcres\woman\FM_HR_131_AT04.spr
15576ADB	27667797	159960	32	141004	\spr\npcres\woman\FM_LW_200_HD01.spr
15594179	27808801	204991	32	150484	\spr\npcres\woman\FM_BD_133_HW01.spr
155AD225	27959285	28845	32	22528	\spr\npcres\woman\FM_HD_143_HW01.spr
155DF5E4	27981813	59404	32	48024	\spr\npcres\man\MA_RH_137_WK04.spr
1566CE12	28029837	60986	32	52455	\spr\npcres\man\MA_RH_150_MG02.spr
156EFE66	28082292	16740	32	10423	\spr\npcres\woman\FM_LH_140_ST06.spr
15715A22	28092715	45961	32	37474	\spr\npcres\woman\FM_LH_133_ZZ01.spr
15789156	28130189	25554	32	21550	\spr\npcres\man\MA_HD_150_DE02.spr
15797605	28151739	73033	32	59705	\spr\npcres\man\MA_RH_139_RN01.spr
1579ADEA	28211444	48402	32	41909	\spr\npcres\man\MA_LH_131_DE03.spr
15865BFB	28253353	51192	32	39811	\spr\npcres\man\MA_RW_292_HM01.spr
158B1042	28293164	40396	32	30848	\spr\npcres\man\MA_HR_135_ST03.spr
159312E5	28324012	44196	32	34922	\spr\npcres\woman\FM_HR_140_HW01.spr
159D335B	28358934	32183	32	27169	\spr\npcres\man\MA_RH_135_IJ02.spr
15AFE972	28386103	250950	32	198721	\spr\npcres\man\MA_BD_140_AT02.spr
15BD220F	28584824	193552	32	173854	\spr\npcres\woman\FM_LW_187_AT06.spr
15C599A0	28758678	77910	32	66002	\spr\npcres\man\MA_LH_129_MG03.spr
15C73A99	28824680	133312	32	95087	\spr\npcres\man\MA_LH_130_RD01.spr
15C7EB80	28919767	98720	32	85127	\spr\npcres\man\MA_RH_150_AT01.spr
15CC95FB	29004894	17642	32	12418	\spr\npcres\woman\FM_RH_129_MG03.spr
15DB48D5	29017312	26688	32	22811	\spr\npcres\woman\FM_HD_132_HM01.spr
15EA02F0	29040123	45023	32	35020	\spr\npcres\woman\FM_HD_153_RN07.spr
15EDC7F9	29075143	23028	32	18888	\spr\npcres\woman\FM_LH_134_MG05.spr
15EF8EA9	29094031	49159	32	40738	\spr\npcres\woman\FM_RW_292_HD01.spr
15FE04B4	29134769	91400	32	74783	\spr\npcres\man\MA_LH_130_HA01.spr
1608D958	29209552	48516	32	41125	\spr\npcres\man\MA_HD_130_JP01.spr
161D609A	29250677	61527	32	51292	\spr\npcres\man\MA_RH_150_RN07.spr
163008A8	29301969	18736	32	12424	\spr\npcres\woman\FM_RH_143_ST02.spr
1644F586	29314393	205879	32	159001	\spr\npcres\man\MA_BD_140_MG04.spr
164F9E49	29473394	37036	32	28609	\spr\npcres\woman\FM_RH_140_WK02.spr
1650F1BA	29502003	156696	32	130023	\spr\npcres\man\MA_BD_132_IJ01.spr
165DD3A3	29632026	191027	32	162301	\spr\npcres\man\MA_BD_129_RN03.spr
165F4B94	29794327	21110	32	17086	\spr\npcres\woman\FM_RH_129_AT07.spr
1674FE61	29811413	208795	32	128431	\spr\npcres\woman\FM_BD_153_RD01.spr
167F88BC	29939844	54414	32	46503	\spr\npcres\woman\FM_LH_134_AT09.spr
1689C771	29986347	73042	32	62271	\spr\npcres\woman\FM_LH_153_DE01.spr
16A34953	30048618	39551	32	33367	\spr\npcres\man\MA_HR_139_HA01.spr
16C66A7C	30081985	59360	32	45398	\spr\npcres\woman\FM_RH_132_IJ01.spr
16DBE2AE	30127383	36216	32	29318	\spr\npcres\man\MA_HR_130_AT05.spr
16E07C2F	30156701	148254	32	129570	\spr\npcres\woman\FM_LW_187_AT07.spr
16EE9046	30286271	43457	32	31627	\spr\npcres\woman\FM_LH_133_ST01.spr
16F0506C	30317898	56863	32	49009	\spr\npcres\man\MA_LH_131_DE04.spr
16F2DE34	30366907	48802	32	42207	\spr\npcres\woman\FM_HR_131_AT05.spr
16F687C8	30409114	34999	32	29460	\spr\npcres\man\MA_HD_150_DE03.spr
16F77C87	30438574	76409	32	61417	\spr\npcres\man\MA_RH_139_RN02.spr
16FCF494	30499991	73711	32	61597	\spr\npcres\man\MA_RH_150_MG03.spr
16FD5E56	30561588	138440	32	83279	\spr\npcres\woman\FM_BD_130_ST03.spr
16FE3FA2	30644867	14611	32	9105	\spr\npcres\woman\FM_HD_140_ST03.spr
170106C4	30653972	38571	32	29773	\spr\npcres\man\MA_HR_135_ST04.spr
17101119	30683745	49670	32	42169	\spr\npcres\woman\FM_LH_134_MG06.spr
17259FF4	30725914	218061	32	180514	\spr\npcres\man\MA_BD_140_AT03.spr
172B39DD	30906428	27281	32	23673	\spr\npcres\man\MA_RH_135_IJ03.spr
17538C22	30930101	76888	32	65589	\spr\npcres\man\MA_LH_129_MG04.spr
17552552	30995690	52759	32	41607	\spr\npcres\woman\FM_LH_142_AT05.spr
175B0231	31037297	123484	32	108151	\spr\npcres\woman\FM_LW_187_HR01.spr
175D38AD	31145448	101233	32	84331	\spr\npcres\man\MA_RW_198_MG03.spr
175D9E02	31229779	85727	32	74426	\spr\npcres\man\MA_RH_150_AT02.spr
17624E91	31304205	41477	32	35219	\spr\npcres\man\MA_RH_137_HA01.spr
1767595D	31339424	72050	32	55192	\spr\npcres\woman\FM_LH_130_WK01.spr
17740B36	31394616	117722	32	94153	\spr\npcres\man\MA_LH_130_HA02.spr
17772F1B	31488769	21533	32	16538	\spr\npcres\woman\FM_RH_129_MG04.spr
177B06CD	31505307	45460	32	29358	\spr\npcres\man\MA_HD_138_ST01.spr
177EAF0B	31534665	25513	32	19910	\spr\npcres\woman\FM_HD_134_MG02.spr
178CB7FB	31554575	220460	32	188817	\spr\npcres\man\MA_BD_139_DE02.spr
17908AC8	31743392	55726	32	42271	\spr\npcres\woman\FM_RH_135_ST05.spr
17A29765	31785663	43439	32	37514	\spr\npcres\man\MA_HR_129_DE04.spr
17A78D8D	31823177	31473	32	25595	\spr\npcres\man\MA_HR_135_HR01.spr
17AAAAE1	31848772	49367	32	41997	\spr\npcres\woman\FM_HR_131_MG02.spr
17ABC999	31890769	47237	32	26563	\spr\npcres\man\MA_RH_140_ST01.spr
17B070D2	31917332	143316	32	108997	\spr\npcres\woman\FM_BD_129_IJ01.spr
17B14B22	32026329	199828	32	162478	\spr\npcres\woman\FM_BD_132_AT01.spr
17CB4B14	32188807	27532	32	20994	\spr\npcres\man\MA_HD_140_RN03.spr
17E5D075	32209801	101069	32	56375	\spr\npcres\woman\FM_RW_196_ST04.spr
1800A862	32266176	17798	32	13795	\spr\npcres\woman\FM_HD_140_ST01.spr
18054AF4	32279971	52491	32	44716	\spr\npcres\woman\FM_HR_131_AT03.spr
18070CD9	32324687	32961	32	29136	\spr\npcres\man\MA_RH_135_IJ01.spr
1807CA16	32353823	178250	32	127875	\spr\npcres\woman\FM_BD_130_ST01.spr
1811E2F0	32481698	278237	32	226007	\spr\npcres\man\MA_BD_140_AT01.spr
1837C9AA	32707705	43542	32	34394	\spr\npcres\man\MA_HR_130_AT03.spr
183BA446	32742099	16214	32	12357	\spr\npcres\woman\FM_LH_140_ST05.spr
184F932E	32754456	74864	32	63181	\spr\npcres\man\MA_LH_129_MG02.spr
187D6DC0	32817637	52444	32	40493	\spr\npcres\man\MA_HR_135_ST02.spr
189A5BDB	32858130	22962	32	17429	\spr\npcres\woman\FM_RH_129_MG02.spr
189EFA61	32875559	29319	32	25188	\spr\npcres\man\MA_HR_129_DE02.spr
18A0C5C5	32900747	30701	32	26073	\spr\npcres\man\MA_HD_131_HD01.spr
18AAA2D5	32926820	46325	32	38996	\spr\npcres\man\MA_LH_140_AT06.spr
18BA8DD9	32965816	27098	32	22419	\spr\npcres\woman\FM_LH_134_MG04.spr
18BC55BC	32988235	32318	32	26519	\spr\npcres\man\MA_RH_128_IJ04.spr
18C8A49F	33014754	37567	32	31165	\spr\npcres\woman\FM_HR_130_RN04.spr
18E1C4BC	33045919	96062	32	70742	\spr\npcres\man\MA_LH_130_ST05.spr
18EC003E	33116661	26289	32	19844	\spr\npcres\woman\FM_RH_131_RN03.spr
18F85112	33136505	58355	32	46599	\spr\npcres\woman\FM_LH_142_AT03.spr
19084C35	33183104	73127	32	60363	\spr\npcres\woman\FM_RW_196_ST02.spr
191EA018	33243467	102801	32	83563	\spr\npcres\woman\FM_RW_199_HW01.spr
19271AE1	33327030	131444	32	104881	\spr\npcres\woman\FM_RW_189_ST02.spr
19275E10	33431911	27953	32	21039	\spr\npcres\man\MA_HD_140_RN01.spr
1928AE72	33452950	113320	32	94464	\spr\npcres\man\MA_LH_129_AT01.spr
193B2688	33547414	56119	32	37535	\spr\npcres\woman\FM_RH_135_ST03.spr
19419A48	33584949	27328	32	22412	\spr\npcres\woman\FM_RH_142_HI01.spr
1961F2D2	33607361	86325	32	74336	\spr\npcres\man\MA_HR_138_AT06.spr
19817F9C	33681697	85465	32	69018	\spr\npcres\woman\FM_RW_193_WK02.spr
19899852	33750715	53939	32	42411	\spr\npcres\man\MA_HR_139_WK02.spr
19A39297	33793126	26162	32	21049	\spr\npcres\woman\FM_LH_141_RN04.spr
19AD2209	33814175	68603	32	54613	\spr\npcres\man\MA_HR_128_ST05.spr
19ADE1DC	33868788	109725	32	94502	\spr\npcres\man\MA_RW_192_HA02.spr
19B3EFAF	33963290	86756	32	66290	\spr\npcres\woman\FM_RH_132_WK03.spr
19B41389	34029580	45189	32	36392	\spr\npcres\man\MA_LH_132_IJ03.spr
19CAF55B	34065972	73176	32	57845	\spr\npcres\woman\FM_RH_130_DE01.spr
19D834E4	34123817	35884	32	28523	\spr\npcres\man\MA_HR_130_MG03.spr
19E20C72	34152340	26251	32	19259	\spr\npcres\woman\FM_HD_132_ST04.spr
19F1EA87	34171599	139206	32	115997	\spr\npcres\woman\FM_BD_142_DE04.spr
19F34124	34287596	66634	32	55685	\spr\npcres\man\MA_RH_150_RN04.spr
1A0F1683	34343281	45684	32	35893	\spr\npcres\man\MA_LH_137_HI01.spr
1A14E0E3	34379174	39635	32	34107	\spr\npcres\man\MA_HR_129_DE03.spr
1A175A5E	34413281	23846	32	18770	\spr\npcres\woman\FM_RH_131_RN04.spr
1A20A957	34432051	36043	32	30279	\spr\npcres\man\MA_LH_140_AT07.spr
1A22EB32	34462330	57492	32	45773	\spr\npcres\woman\FM_LH_142_AT04.spr
1A3415EB	34508103	25478	32	20623	\spr\npcres\woman\FM_HD_134_MG01.spr
1A586BFB	34528726	219069	32	164028	\spr\npcres\man\MA_BD_137_HW01.spr
1A6010C1	34692754	48912	32	41989	\spr\npcres\woman\FM_HR_131_MG01.spr
1A6E70A8	34734743	82216	32	58557	\spr\npcres\woman\FM_RH_135_ST04.spr
1A768179	34793300	233189	32	197475	\spr\npcres\man\MA_BD_139_DE01.spr
1A7FCB3E	34990775	101250	32	74092	\spr\npcres\man\MA_LH_130_ST06.spr
1A8318F6	35064867	85442	32	67205	\spr\npcres\man\MA_HR_128_RD01.spr
1A8B42A9	35132072	260359	32	127536	\spr\npcres\man\MA_BD_130_ST01.spr
1A8F5E02	35259608	169121	32	140364	\spr\npcres\woman\FM_RW_186_WK03.spr
1AA754F4	35399972	100453	32	85729	\spr\npcres\man\MA_LH_129_AT02.spr
1ABD4492	35485701	27978	32	20958	\spr\npcres\man\MA_HD_140_RN02.spr
1AC2060B	35506659	69231	32	58448	\spr\npcres\man\MA_LH_132_IJ04.spr
1AD29756	35565107	65995	32	51212	\spr\npcres\woman\FM_HR_132_RD01.spr
1ADA1293	35616319	58610	32	45457	\spr\npcres\woman\FM_LH_142_MG01.spr
1ADEE0E6	35661776	44459	32	37771	\spr\npcres\woman\FM_HR_130_JP01.spr
1AE639CF	35699547	87986	32	67455	\spr\npcres\woman\FM_RH_132_WK04.spr
1AE6481B	35767002	22907	32	18878	\spr\npcres\man\MA_HR_150_ZZ01.spr
1AFFF954	35785880	59864	32	52477	\spr\npcres\man\MA_HR_138_AT07.spr
1B078ED4	35838357	54523	32	42848	\spr\npcres\man\MA_HR_139_WK03.spr
1B155992	35881205	18049	32	14327	\spr\npcres\woman\FM_HD_132_ST05.spr
1B17A6FA	35895532	25647	32	19060	\spr\npcres\woman\FM_RH_143_ZZ01.spr
1B3B288B	35914592	68507	32	54585	\spr\npcres\man\MA_HR_128_ST06.spr
1B4926AF	35969177	188846	32	159001	\spr\npcres\man\MA_BD_129_RN01.spr
1B4AFCC6	36128178	15050	32	13240	\spr\npcres\man\MA_HD_130_HI01.spr
1B517AC5	36141418	209631	32	168024	\spr\npcres\woman\FM_BD_129_WK04.spr
1B563B66	36309442	39735	32	30871	\spr\npcres\man\MA_HR_130_MG04.spr
1B58AA37	36340313	102727	32	86535	\spr\npcres\man\MA_RW_190_RN02.spr
1B657F82	36426848	96201	32	79157	\spr\npcres\man\MA_LH_138_HD01.spr
1B7D0F7B	36506005	80234	32	64371	\spr\npcres\woman\FM_RH_130_DE02.spr
1B82257C	36570376	28472	32	23606	\spr\npcres\woman\FM_LH_134_AT07.spr
1B9061CF	36593982	39972	32	31591	\spr\npcres\woman\FM_HD_130_RD01.spr
1B90AF46	36625573	38371	32	31991	\spr\npcres\woman\FM_LH_132_HI01.spr
1BB0D882	36657564	188584	32	145316	\spr\npcres\man\MA_BD_140_MG02.spr
1BB1C22E	36802880	31401	32	25513	\spr\npcres\woman\FM_LH_141_JP01.spr
1BBAEF26	36828393	30536	32	26069	\spr\npcres\woman\FM_HR_153_HA02.spr
1BBB1AFA	36854462	167727	32	137657	\spr\npcres\man\MA_BD_138_HR01.spr
1BC7CF62	36992119	55300	32	43639	\spr\npcres\man\MA_RH_137_WK03.spr
1BE1E454	37035758	21303	32	16072	\spr\npcres\woman\FM_RH_129_AT05.spr
1BE2EAD4	37051830	28426	32	23879	\spr\npcres\man\MA_HD_150_DE01.spr
1BE3A768	37075709	38501	32	33184	\spr\npcres\man\MA_LH_131_DE02.spr
1BE8DB90	37108893	86217	32	74816	\spr\npcres\man\MA_RH_150_MG01.spr
1BFC2059	37183709	118980	32	97537	\spr\npcres\woman\FM_LW_184_HA02.spr
1C07966E	37281246	35609	32	29990	\spr\npcres\man\MA_HR_150_HA02.spr
1C09558F	37311236	90886	32	68987	\spr\npcres\woman\FM_RH_132_WK02.spr
1C173F97	37380223	68171	32	53573	\spr\npcres\man\MA_HR_128_ST04.spr
1C17FB5A	37433796	101863	32	87506	\spr\npcres\man\MA_RW_192_HA01.spr
1C3E6D17	37521302	52729	32	43012	\spr\npcres\man\MA_LH_132_IJ02.spr
1C420E62	37564314	35765	32	27864	\spr\npcres\man\MA_HR_130_MG02.spr
1C4F5167	37592178	141639	32	117985	\spr\npcres\woman\FM_BD_142_DE03.spr
1C64C40F	37710163	13881	32	11688	\spr\npcres\woman\FM_HR_141_HI01.spr
1C655AA2	37721851	68596	32	55076	\spr\npcres\man\MA_RH_150_RN03.spr
1C7395D0	37776927	54059	32	42895	\spr\npcres\man\MA_HR_139_WK01.spr
1C7856FF	37819822	112099	32	92205	\spr\npcres\man\MA_RW_192_RD01.spr
1C795977	37912027	27871	32	22377	\spr\npcres\woman\FM_LH_141_RN03.spr
1C9E3D14	37934404	34497	32	29530	\spr\npcres\man\MA_HD_135_HD01.spr
1C9EE566	37963934	28281	32	22427	\spr\npcres\woman\FM_LH_131_HA02.spr
1CA12CAF	37986361	55823	32	46419	\spr\npcres\man\MA_RW_199_HI01.spr
1CB6EB36	38032780	55843	32	45926	\spr\npcres\man\MA_HR_128_HR01.spr
1CBFF252	38078706	17690	32	12186	\spr\npcres\woman\FM_HD_132_ST03.spr
1CC46EE0	38090892	78538	32	64776	\spr\npcres\man\MA_LH_129_RN04.spr
1CE74812	38155668	46080	32	36881	\spr\npcres\man\MA_LH_131_HM01.spr
1CFB9685	38192549	211371	32	171675	\spr\npcres\woman\FM_BD_129_WK02.spr
1D15513C	38364224	28833	32	22601	\spr\npcres\woman\FM_LH_134_AT05.spr
1D23DCB6	38386825	53609	32	43163	\spr\npcres\man\MA_HR_130_AT01.spr
1D244722	38429988	165331	32	137380	\spr\npcres\woman\FM_BD_131_AT07.spr
1D25EC63	38567368	51472	32	40901	\spr\npcres\man\MA_LH_140_MG05.spr
1D33D26E	38608269	59735	32	48364	\spr\npcres\man\MA_RH_137_WK01.spr
1D4ED006	38656633	18322	32	10999	\spr\npcres\woman\FM_LH_140_ST03.spr
1D6910B1	38667632	28103	32	20488	\spr\npcres\woman\FM_HR_129_HD01.spr
1D69C3D2	38688120	88412	32	74924	\spr\npcres\man\MA_LH_139_DE03.spr
1D6E9055	38763044	119287	32	89081	\spr\npcres\woman\FM_RW_184_RN04.spr
1D741014	38852125	24068	32	19054	\spr\npcres\woman\FM_RH_129_AT03.spr
1D8689D1	38871179	34153	32	28746	\spr\npcres\man\MA_LH_140_AT04.spr
1D918185	38899925	33720	32	27656	\spr\npcres\man\MA_HR_129_HM01.spr
1DA7D3C5	38927581	119089	32	104061	\spr\npcres\man\MA_RW_196_HA02.spr
1DAFB8B8	39031642	24995	32	19283	\spr\npcres\man\MA_RH_128_IJ02.spr
1DAFE6B4	39050925	48176	32	41367	\spr\npcres\woman\FM_HR_131_AT01.spr
1DBA02A9	39092292	265804	32	223825	\spr\npcres\man\MA_RW_185_HD01.spr
1DC0100B	39316117	114139	32	77719	\spr\npcres\man\MA_LH_138_RD01.spr
1DCA6490	39393836	23104	32	18028	\spr\npcres\woman\FM_HD_153_RN04.spr
1DCD3999	39411864	27883	32	22144	\spr\npcres\woman\FM_LH_134_MG02.spr
1DD3CE83	39434008	176121	32	134202	\spr\npcres\woman\FM_BD_131_MG04.spr
1DDD2BB8	39568210	102891	32	75297	\spr\npcres\man\MA_LH_130_ST03.spr
1DDEF6A5	39643507	23176	32	18715	\spr\npcres\woman\FM_HD_141_MG04.spr
1DFC3C60	39662222	85447	32	73887	\spr\npcres\man\MA_HR_138_MG05.spr
1DFC6062	39736109	93252	32	72108	\spr\npcres\man\MA_HR_131_JP01.spr
1E2E20A5	39808217	209393	32	167354	\spr\npcres\woman\FM_BD_129_WK03.spr
1E3AD200	39975571	223776	32	191438	\spr\npcres\man\MA_BD_140_MG01.spr
1E499639	40167009	105770	32	86180	\spr\npcres\woman\FM_LW_184_HA01.spr
1E49D8E0	40253189	59050	32	47076	\spr\npcres\man\MA_RH_137_WK02.spr
1E55B0F6	40300265	42760	32	35533	\spr\npcres\man\MA_LH_131_DE01.spr
1E5FEB5C	40335798	36835	32	31143	\spr\npcres\woman\FM_LH_134_AT06.spr
1E705506	40366941	26499	32	22809	\spr\npcres\woman\FM_HR_153_HA01.spr
1E7C5D90	40389750	26514	32	21725	\spr\npcres\man\MA_HD_150_HM01.spr
1EA980A2	40411475	174030	32	141629	\spr\npcres\woman\FM_BD_130_ZZ01.spr
1EAB124E	40553104	21763	32	17709	\spr\npcres\woman\FM_HD_140_ZZ01.spr
1EB9C328	40570813	47987	32	38282	\spr\npcres\man\MA_HR_130_AT02.spr
1EBEAA34	40609095	25105	32	19378	\spr\npcres\woman\FM_RH_129_AT04.spr
1ED230D4	40628473	52006	32	43939	\spr\npcres\woman\FM_HR_131_AT02.spr
1EE7674E	40672412	56687	32	41563	\spr\npcres\man\MA_HR_135_ST01.spr
1EE7F654	40713975	97235	32	82058	\spr\npcres\man\MA_LH_139_DE04.spr
1EF16A26	40796033	28153	32	20102	\spr\npcres\woman\FM_LH_140_ST04.spr
1F00F7EF	40816135	32565	32	27764	\spr\npcres\man\MA_HR_129_DE01.spr
1F0100C5	40843899	19519	32	16015	\spr\npcres\woman\FM_HD_141_MG05.spr
1F0618A3	40859914	150600	32	112809	\spr\npcres\woman\FM_BD_131_MG05.spr
1F1CBC53	40972723	33690	32	28550	\spr\npcres\man\MA_LH_140_AT05.spr
1F25AF3A	41001273	21213	32	17375	\spr\npcres\man\MA_RH_128_IJ03.spr
1F31ECAC	41018648	92756	32	78400	\spr\npcres\man\MA_LH_129_MG01.spr
1F5701BB	41097048	21233	32	17176	\spr\npcres\woman\FM_RH_129_MG01.spr
1F6BDE3A	41114224	106315	32	76462	\spr\npcres\man\MA_LH_130_ST04.spr
1F7073B9	41190686	22292	32	16651	\spr\npcres\woman\FM_LH_134_MG03.spr
1F7B3D50	41207337	207583	32	155181	\spr\npcres\woman\FM_BD_142_HM01.spr
1F866B7F	41362518	37442	32	31065	\spr\npcres\woman\FM_HR_130_RN03.spr
1F891763	41393583	82468	32	65898	\spr\npcres\man\MA_LH_130_HR01.spr
1F8FECBD	41459481	31435	32	25221	\spr\npcres\man\MA_HR_150_WK06.spr
1FB507F2	41484702	56884	32	44331	\spr\npcres\woman\FM_LH_142_AT02.spr
1FB9F61E	41529033	26296	32	19857	\spr\npcres\woman\FM_RH_131_RN02.spr
1FC53215	41548890	91918	32	72823	\spr\npcres\woman\FM_RW_196_ST01.spr
1FCD56BE	41621713	161144	32	133850	\spr\npcres\man\MA_BD_140_RN04.spr
1FDFA0E7	41755563	26483	32	21888	\spr\npcres\woman\FM_HD_153_JP01.spr
1FEBCC50	41777451	59796	32	52646	\spr\npcres\man\MA_HR_138_AT05.spr
1FF0ED68	41830097	56440	32	40484	\spr\npcres\woman\FM_RH_135_ST02.spr
1FFCC0C1	41870581	165569	32	128519	\spr\npcres\woman\FM_RW_189_ST01.spr
20097482	41999100	35544	32	25517	\spr\npcres\woman\FM_RH_141_ST04.spr
2021F80B	42024617	88620	32	72347	\spr\npcres\man\MA_LH_130_AT05.spr
20324821	42096964	128371	32	108964	\spr\npcres\woman\FM_BD_133_DE03.spr
2033D67D	42205928	23156	32	19550	\spr\npcres\woman\FM_HD_143_DE03.spr
205AB14F	42225478	57475	32	46213	\spr\npcres\man\MA_LH_131_WK01.spr
209A8CD5	42271691	58415	32	47026	\spr\npcres\woman\FM_RH_135_MG03.spr
20B34FDF	42318717	188159	32	146517	\spr\npcres\woman\FM_BD_143_WK01.spr
20B6160C	42465234	15001	32	13085	\spr\npcres\man\MA_HD_139_HI01.spr
20B8D80D	42478319	94027	32	78366	\spr\npcres\man\MA_RW_199_RN02.spr
20BE766B	42556685	22596	32	17786	\spr\npcres\woman\FM_HD_153_WK01.spr
20BF4A52	42574471	17493	32	15546	\spr\npcres\woman\FM_HD_130_HI01.spr
20D5DA73	42590017	105666	32	82980	\spr\npcres\man\MA_LH_139_WK04.spr
20DE3638	42672997	27479	32	19831	\spr\npcres\woman\FM_RH_143_AT02.spr
20EF61B4	42692828	68158	32	57019	\spr\npcres\man\MA_HR_128_AT05.spr
210FFB63	42749847	72644	32	60930	\spr\npcres\woman\FM_RW_191_IJ02.spr
21142ED6	42810777	51125	32	43296	\spr\npcres\man\MA_HR_140_HA02.spr
211562C4	42854073	57869	32	45945	\spr\npcres\man\MA_LH_137_IJ02.spr
211A5544	42900018	39331	32	33329	\spr\npcres\man\MA_HD_137_DE04.spr
21269910	42933347	17258	32	9716	\spr\npcres\woman\FM_LH_131_ST03.spr
213AA0E0	42943063	37261	32	27910	\spr\npcres\woman\FM_RH_130_IJ03.spr
21419345	42970973	26361	32	22136	\spr\npcres\woman\FM_HD_132_MG04.spr
2146B87F	42993109	40944	32	32347	\spr\npcres\man\MA_HR_135_MG02.spr
215125B0	43025456	32520	32	20208	\spr\npcres\man\MA_HD_150_ST01.spr
2152CA04	43045664	57923	32	36867	\spr\npcres\man\MA_LH_131_ST02.spr
2175FB88	43082531	40679	32	32358	\spr\npcres\man\MA_HR_129_WK01.spr
219B40BC	43114889	262578	32	214687	\spr\npcres\woman\FM_BD_130_AT03.spr
21A32B20	43329576	30333	32	23956	\spr\npcres\woman\FM_HD_129_RN02.spr
21AF4C83	43353532	78800	32	61666	\spr\npcres\woman\FM_LW_184_ST01.spr
21B66517	43415198	99928	32	82983	\spr\npcres\man\MA_RW_189_HI01.spr
21B8688C	43498181	24357	32	19749	\spr\npcres\woman\FM_LH_140_AT07.spr
21CA281B	43517930	132361	32	105705	\spr\npcres\man\MA_LH_130_MG05.spr
21D9C548	43623635	50918	32	38930	\spr\npcres\man\MA_HR_131_RN04.spr
21E418F6	43662565	199614	32	137895	\spr\npcres\man\MA_BD_150_ST05.spr
21ED7E02	43800460	73061	32	53754	\spr\npcres\man\MA_LH_139_ST05.spr
21F128E5	43854214	102651	32	66313	\spr\npcres\woman\FM_RW_187_ST06.spr
21F5F14C	43920527	46321	32	37455	\spr\npcres\woman\FM_LH_133_AT01.spr
22014058	43957982	26461	32	21274	\spr\npcres\woman\FM_RH_143_AT03.spr
220D62B4	43979256	20535	32	16728	\spr\npcres\woman\FM_HD_131_ZZ01.spr
22126F92	43995984	104716	32	59916	\spr\npcres\woman\FM_RW_196_MG03.spr
2227159E	44055900	26783	32	22557	\spr\npcres\woman\FM_HD_141_HD01.spr
22626DC2	44078457	101453	32	74837	\spr\npcres\woman\FM_BD_135_IJ01.spr
22651436	44153294	95590	32	78485	\spr\npcres\man\MA_HR_128_AT06.spr
2269D330	44231779	26974	32	18683	\spr\npcres\woman\FM_LH_131_ST04.spr
226DFA00	44250462	35324	32	28345	\spr\npcres\woman\FM_RH_130_IJ04.spr
227B286F	44278807	25539	32	17779	\spr\npcres\woman\FM_RH_129_HW01.spr
2283EE0A	44296586	40685	32	31869	\spr\npcres\man\MA_HR_129_WK02.spr
2285E033	44328455	54011	32	43082	\spr\npcres\woman\FM_RH_130_HR01.spr
228CF520	44371537	137870	32	120086	\spr\npcres\woman\FM_LW_187_HW01.spr
22A36946	44491623	50968	32	39594	\spr\npcres\man\MA_LH_137_IJ03.spr
22C354EF	44531217	103309	32	73489	\spr\npcres\man\MA_LH_139_RD01.spr
22CD9ADC	44604706	262288	32	219101	\spr\npcres\woman\FM_BD_130_AT04.spr
22D186A3	44823807	63870	32	47325	\spr\npcres\woman\FM_LW_184_ST02.spr
22D66540	44871132	30323	32	23997	\spr\npcres\woman\FM_HD_129_RN03.spr
22DA7ED3	44895129	265898	32	166825	\spr\npcres\man\MA_BD_150_RD01.spr
22DCAEF1	45061954	40332	32	32344	\spr\npcres\man\MA_HR_135_MG03.spr
22E8F086	45094298	38383	32	29148	\spr\npcres\man\MA_LH_131_ST03.spr
22EE20CA	45123446	201380	32	146362	\spr\npcres\woman\FM_BD_133_HM01.spr
22EF2832	45269808	32516	32	23160	\spr\npcres\man\MA_HD_150_ST02.spr
22F1833E	45292968	217727	32	176387	\spr\npcres\man\MA_BD_150_HA01.spr
22F42D65	45469355	22132	32	18868	\spr\npcres\woman\FM_HD_132_MG05.spr
22F9BEFA	45488223	72323	32	60324	\spr\npcres\man\MA_LH_139_HA01.spr
230C2EC6	45548547	47895	32	40022	\spr\npcres\woman\FM_LH_153_IJ01.spr
2320F236	45588569	45896	32	38027	\spr\npcres\woman\FM_HR_140_HM01.spr
23380B6C	45626596	45521	32	37496	\spr\npcres\woman\FM_LH_133_AT02.spr
2353CFF7	45664092	35125	32	29229	\spr\npcres\man\MA_RH_128_HM01.spr
23720F68	45693321	198929	32	133341	\spr\npcres\man\MA_BD_150_ST06.spr
23765DE2	45826662	84786	32	71718	\spr\npcres\man\MA_RW_194_DE02.spr
237B6484	45898380	77161	32	55517	\spr\npcres\man\MA_LH_139_ST06.spr
2398ED8D	45953897	128353	32	107302	\spr\npcres\man\MA_RH_150_AT11.spr
239B0D83	46061199	19929	32	16069	\spr\npcres\woman\FM_LH_140_MG05.spr
239B36E9	46077268	29625	32	23880	\spr\npcres\man\MA_HR_129_ST03.spr
23BE7D45	46101148	53912	32	43535	\spr\npcres\man\MA_HR_135_AT02.spr
23D35D2D	46144683	71071	32	57699	\spr\npcres\woman\FM_LH_132_RN03.spr
23DCED08	46202382	259990	32	230840	\spr\npcres\man\MA_BD_130_MG01.spr
23E031AF	46433222	21789	32	17750	\spr\npcres\woman\FM_HD_140_MG01.spr
23E225FE	46450972	93708	32	77891	\spr\npcres\woman\FM_RH_135_AT06.spr
23E5D415	46528863	298061	32	172477	\spr\npcres\man\MA_BD_139_ST01.spr
23E6AC03	46701340	245532	32	202041	\spr\npcres\woman\FM_BD_130_MG01.spr
23EF43A7	46903381	182056	32	147283	\spr\npcres\woman\FM_RW_189_AT05.spr
23F9CF89	47050664	26958	32	22351	\spr\npcres\woman\FM_HR_132_HI01.spr
240907B2	47073015	104060	32	85182	\spr\npcres\man\MA_RW_194_HM01.spr
240FDE09	47158197	164187	32	146125	\spr\npcres\man\MA_LW_187_HA02.spr
241EA78E	47304322	43378	32	34786	\spr\npcres\man\MA_HR_140_ST06.spr
241F5925	47339108	22134	32	17213	\spr\npcres\woman\FM_HD_132_MG03.spr
2442C333	47356321	60001	32	53317	\spr\npcres\woman\FM_RH_153_DE06.spr
2443DED6	47409638	50697	32	38891	\spr\npcres\man\MA_HR_131_RN03.spr
2450369C	47448529	258243	32	205263	\spr\npcres\woman\FM_BD_130_AT02.spr
24574B80	47653792	80835	32	57788	\spr\npcres\man\MA_LH_139_ST04.spr
246E1274	47711580	198069	32	133318	\spr\npcres\man\MA_BD_150_ST04.spr
2475DF6C	47844898	31462	32	25730	\spr\npcres\woman\FM_LH_140_AT06.spr
24789100	47870628	30565	32	24294	\spr\npcres\woman\FM_HD_129_RN01.spr
24885B24	47894922	73797	32	64793	\spr\npcres\man\MA_LW_200_HI01.spr
248C95ED	47959715	179076	32	145072	\spr\npcres\man\MA_BD_150_HR01.spr
24A67232	48104787	30463	32	21216	\spr\npcres\woman\FM_RH_133_ST06.spr
24BA7163	48126003	30180	32	24437	\spr\npcres\woman\FM_HD_134_HA02.spr
24BC2599	48150440	93150	32	75867	\spr\npcres\man\MA_LH_130_MG04.spr
24D41291	48226307	27198	32	20994	\spr\npcres\man\MA_HD_131_HW01.spr
24DFEE6F	48247301	146149	32	118132	\spr\npcres\woman\FM_BD_135_WK03.spr
24F1D659	48365433	64648	32	46467	\spr\npcres\man\MA_LH_150_ST09.spr
24F480A9	48411900	65345	32	53213	\spr\npcres\man\MA_LH_139_HR01.spr
24F71DF5	48465113	40202	32	30486	\spr\npcres\man\MA_HR_129_ST01.spr
25062C6A	48495599	192667	32	145980	\spr\npcres\man\MA_RW_186_RD01.spr
251DCF17	48641579	106301	32	86915	\spr\npcres\man\MA_LH_130_AT03.spr
25291864	48728494	32132	32	23950	\spr\npcres\man\MA_HD_129_ZZ01.spr
252DA643	48752444	19138	32	14101	\spr\npcres\woman\FM_LH_140_MG03.spr
253E69FB	48766545	178036	32	141608	\spr\npcres\man\MA_RW_186_HA01.spr
254144A4	48908153	130345	32	117434	\spr\npcres\woman\FM_LW_200_DE05.spr
2544E4E1	49025587	180913	32	151019	\spr\npcres\woman\FM_BD_133_DE01.spr
2546423D	49176606	30068	32	24884	\spr\npcres\woman\FM_HD_143_DE01.spr
2554502E	49201490	115103	32	78398	\spr\npcres\woman\FM_BD_153_ST05.spr
255AC6D1	49279888	119378	32	103220	\spr\npcres\woman\FM_RW_196_AT03.spr
2565C9ED	49383108	76643	32	61273	\spr\npcres\woman\FM_LH_132_RN01.spr
2568FEF8	49444381	227036	32	184702	\spr\npcres\woman\FM_BD_129_HA01.spr
256BDA6A	49629083	32262	32	27057	\spr\npcres\man\MA_RH_131_ZZ01.spr
257551BE	49656140	87465	32	68438	\spr\npcres\woman\FM_RH_135_AT04.spr
2579AB42	49724578	79261	32	63911	\spr\npcres\man\MA_HR_128_MG04.spr
25896457	49788489	59313	32	46534	\spr\npcres\man\MA_HR_140_WK04.spr
2593E142	49835023	24432	32	16279	\spr\npcres\woman\FM_RH_141_ST02.spr
2596C139	49851302	30427	32	25247	\spr\npcres\man\MA_RH_140_IJ04.spr
25B95EB7	49876549	2691	32	2569	\spr\item\equip\waist\obj-waist119.spr
25C1217F	49879118	107920	32	82619	\spr\npcres\man\MA_LH_139_WK02.spr
25DB74B0	49961737	80298	32	66381	\spr\npcres\man\MA_HR_128_AT03.spr
25E6F585	50028118	75816	32	62438	\spr\npcres\man\MA_HD_135_AT08.spr
25E9BC07	50090556	29698	32	24652	\spr\npcres\man\MA_HR_150_MG07.spr
25FA5439	50115208	71021	32	58962	\spr\npcres\woman\FM_LH_153_WK03.spr
26023B8F	50174170	146384	32	118263	\spr\npcres\woman\FM_BD_135_WK04.spr
2602E70B	50292433	57382	32	49621	\spr\npcres\man\MA_RH_150_AT10.spr
260D0077	50342054	39897	32	31749	\spr\npcres\man\MA_HR_129_ST02.spr
262076C3	50373803	58282	32	47800	\spr\npcres\man\MA_HR_135_AT01.spr
262BB379	50421603	210486	32	187205	\spr\npcres\man\MA_RW_187_DE04.spr
2650F063	50608808	23531	32	18848	\spr\npcres\woman\FM_LH_140_MG04.spr
26889C5D	50627656	34463	32	28660	\spr\npcres\woman\FM_HD_143_DE02.spr
268F3E01	50656316	199988	32	169098	\spr\npcres\woman\FM_BD_133_DE02.spr
26930818	50825414	269020	32	209020	\spr\npcres\woman\FM_BD_129_HA02.spr
269EEA4E	51034434	113512	32	76821	\spr\npcres\woman\FM_BD_153_ST06.spr
26A40987	51111255	197087	32	167047	\spr\npcres\woman\FM_RW_189_AT04.spr
26A8030D	51278302	73048	32	59051	\spr\npcres\woman\FM_LH_132_RN02.spr
26ABF589	51337353	92992	32	75596	\spr\npcres\man\MA_LH_130_AT04.spr
26AC01FF	51412949	116598	32	94349	\spr\npcres\woman\FM_RW_199_HM01.spr
26B41C7D	51507298	190122	32	150420	\spr\npcres\man\MA_RW_186_HA02.spr
26BFEBDE	51657718	71289	32	57930	\spr\npcres\woman\FM_RH_135_AT05.spr
26C63B62	51715648	20858	32	12633	\spr\npcres\woman\FM_RH_141_ST03.spr
26F051C4	51728281	93712	32	77580	\spr\npcres\man\MA_HR_128_MG05.spr
26F2D129	51805861	406873	32	340299	\spr\npcres\man\MA_BD_135_JP01.spr
272CEE59	52146160	72130	32	58695	\spr\npcres\woman\FM_LH_153_WK04.spr
275072B5	52204855	78531	32	62059	\spr\npcres\woman\FM_RH_135_MG02.spr
27517B32	52266914	65309	32	55130	\spr\npcres\man\MA_HR_128_AT04.spr
275FD7F1	52322044	101252	32	77283	\spr\npcres\man\MA_LH_139_WK03.spr
277CF807	52399327	61661	32	51748	\spr\npcres\man\MA_HD_135_AT09.spr
2783AEC2	52451075	34905	32	29561	\spr\npcres\man\MA_HD_137_DE03.spr
279E3854	52480636	44424	32	37624	\spr\npcres\man\MA_HR_140_HA01.spr
279F7C42	52518260	60617	32	49413	\spr\npcres\man\MA_LH_137_IJ01.spr
27A88D5E	52567673	99791	32	72829	\spr\npcres\man\MA_LH_138_HW01.spr
27ABFC18	52640502	22923	32	17400	\spr\npcres\woman\FM_RH_143_AT01.spr
27AEB62D	52657902	32182	32	24229	\spr\npcres\woman\FM_LH_134_HW01.spr
27C14CF7	52682131	29252	32	24884	\spr\npcres\man\MA_HR_150_AT07.spr
27C4C782	52707015	57956	32	38951	\spr\npcres\man\MA_LH_131_ST01.spr
27C65562	52745966	122931	32	104330	\spr\npcres\man\MA_BD_131_HI01.spr
27C8B5FD	52850296	53424	32	43362	\spr\npcres\man\MA_HR_135_MG01.spr
27CC735E	52893658	55409	32	46233	\spr\npcres\man\MA_LH_150_ZZ01.spr
27E697E9	52939891	54160	32	42416	\spr\npcres\man\MA_HR_140_RD01.spr
27F016C0	52982307	50882	32	39470	\spr\npcres\woman\FM_RH_130_IJ02.spr
27FC4FF0	53021777	18639	32	11588	\spr\npcres\woman\FM_LH_131_ST02.spr
28178CB1	53033365	112247	32	91655	\spr\npcres\woman\FM_RW_196_AT02.spr
2818DAC7	53125020	19859	32	16414	\spr\npcres\man\MA_RH_140_IJ03.spr
2820C98D	53141434	165106	32	127704	\spr\npcres\man\MA_RW_186_ST05.spr
2821060E	53269138	172388	32	114200	\spr\npcres\woman\FM_BD_153_ST04.spr
2835257B	53383338	42382	32	35217	\spr\npcres\woman\FM_LH_143_DE04.spr
283A1DAC	53418555	23394	32	16473	\spr\npcres\woman\FM_HD_130_ST06.spr
283CF701	53435028	131855	32	106393	\spr\npcres\man\MA_BD_135_HI01.spr
284B3AFD	53541421	104214	32	82836	\spr\npcres\man\MA_LH_139_WK01.spr
284D4E3E	53624257	91466	32	75796	\spr\npcres\man\MA_HR_128_AT02.spr
284DA3AC	53700053	106952	32	92427	\spr\npcres\man\MA_RH_138_JP01.spr
28606FE7	53792480	43937	32	35891	\spr\npcres\man\MA_HD_150_JP01.spr
2868CF03	53828371	31744	32	26090	\spr\npcres\man\MA_HD_135_AT07.spr
28695722	53854461	30036	32	20295	\spr\npcres\woman\FM_RH_141_ST01.spr
287371D5	53874756	59408	32	46960	\spr\npcres\man\MA_HR_140_WK03.spr
28B71A19	53921716	69944	32	58198	\spr\npcres\woman\FM_LH_153_WK02.spr
28C1AD82	53979914	94321	32	73941	\spr\npcres\woman\FM_BD_142_IJ03.spr
28C24AE0	54053855	31091	32	24771	\spr\npcres\man\MA_HD_135_HW01.spr
28C2F3E9	54078626	23373	32	18302	\spr\npcres\woman\FM_HD_141_HW01.spr
28C7C95D	54096928	190893	32	144087	\spr\npcres\woman\FM_BD_131_HW01.spr
28D3FD42	54241015	25814	32	19454	\spr\npcres\woman\FM_LH_131_ZZ01.spr
28E15A46	54260469	57659	32	45748	\spr\npcres\woman\FM_HR_132_HM01.spr
28E6B8F8	54306217	85563	32	73620	\spr\npcres\woman\FM_RW_291_HA01.spr
28EC1BDA	54379837	173117	32	152038	\spr\npcres\man\MA_LW_187_WK04.spr
28F65CC3	54531875	224046	32	195117	\spr\npcres\man\MA_BD_130_IJ04.spr
28FFB5CE	54726992	28366	32	24048	\spr\npcres\man\MA_HD_137_DE01.spr
290A8A8A	54751040	43595	32	34382	\spr\npcres\man\MA_HR_140_ST04.spr
29343840	54785422	24276	32	19603	\spr\npcres\man\MA_RW_292_HI01.spr
293D53F3	54805025	29842	32	25225	\spr\npcres\man\MA_HR_150_AT05.spr
29435E8C	54830250	110534	32	73763	\spr\npcres\man\MA_LH_139_ST02.spr
2949EA33	54904013	66377	32	52696	\spr\npcres\woman\FM_LH_132_MG05.spr
294EA4CB	54956709	86037	32	68199	\spr\npcres\woman\FM_HR_134_WK05.spr
295A7970	55024908	251585	32	134315	\spr\npcres\man\MA_BD_150_ST02.spr
296D90A1	55159223	84269	32	71502	\spr\npcres\man\MA_LH_150_HA02.spr
298BEC37	55230725	50701	32	41460	\spr\npcres\woman\FM_HR_153_RN07.spr
2992BB2C	55272185	244979	32	191389	\spr\npcres\man\MA_RW_186_WK03.spr
29984B2C	55463574	28407	32	22158	\spr\npcres\woman\FM_LH_140_AT04.spr
29A1F5E5	55485732	26414	32	22354	\spr\npcres\woman\FM_HD_132_MG01.spr
29A6D995	55508086	34792	32	30087	\spr\npcres\woman\FM_HD_130_HM01.spr
29A808A5	55538173	89911	32	72386	\spr\npcres\man\MA_LH_130_MG02.spr
29A90A03	55610559	35689	32	30563	\spr\npcres\man\MA_HR_140_HR01.spr
29BF25D2	55641122	50896	32	39054	\spr\npcres\man\MA_HR_131_RN01.spr
29BF782A	55680176	59710	32	45032	\spr\npcres\woman\FM_LH_143_HM01.spr
29C8EEF2	55725208	49976	32	37093	\spr\npcres\woman\FM_RH_133_ST04.spr
29D57FF3	55762301	48566	32	43116	\spr\npcres\woman\FM_RH_153_DE04.spr
29EE5385	55805417	238390	32	194077	\spr\npcres\man\MA_RW_185_HW01.spr
2A29F218	55999494	98451	32	83660	\spr\npcres\woman\FM_RW_291_HA02.spr
2A2D3895	56083154	64796	32	54741	\spr\npcres\woman\FM_RH_135_MG01.spr
2A4935D0	56137895	23042	32	15085	\spr\npcres\woman\FM_LH_131_ST01.spr
2A4B4675	56152980	39872	32	33257	\spr\npcres\man\MA_HR_150_AT06.spr
2A4D6600	56186237	121681	32	102844	\spr\npcres\woman\FM_RW_199_DE02.spr
2A4DDCA0	56289081	50644	32	38712	\spr\npcres\woman\FM_RH_130_IJ01.spr
2A74E7A2	56327793	97629	32	79134	\spr\npcres\woman\FM_BD_142_IJ04.spr
2A75B840	56406927	26626	32	22686	\spr\npcres\man\MA_HD_137_DE02.spr
2A80B10C	56429613	43318	32	35003	\spr\npcres\man\MA_HR_140_ST05.spr
2AACEDD5	56464616	175007	32	138302	\spr\npcres\woman\FM_BD_142_HR01.spr
2AC2854C	56602918	24750	32	18884	\spr\npcres\woman\FM_LH_140_AT05.spr
2AD06FF2	56621802	198023	32	143944	\spr\npcres\man\MA_BD_150_ST03.spr
2AD40F05	56765746	26580	32	22058	\spr\npcres\woman\FM_HD_132_MG02.spr
2AD9450E	56787804	78763	32	57740	\spr\npcres\man\MA_LH_139_ST03.spr
2AD9872C	56845544	159026	32	137030	\spr\npcres\man\MA_LW_187_RD01.spr
2AF12B97	56982574	143621	32	127144	\spr\npcres\man\MA_LW_187_HA01.spr
2B052E4B	57109718	31936	32	27207	\spr\npcres\woman\FM_HR_135_HD01.spr
2B263F27	57136925	91800	32	75004	\spr\npcres\man\MA_LH_130_MG03.spr
2B2DFD7C	57211929	249106	32	200950	\spr\npcres\woman\FM_BD_130_AT01.spr
2B352854	57412879	50987	32	39118	\spr\npcres\man\MA_HR_131_RN02.spr
2B40BC5F	57451997	89344	32	48473	\spr\npcres\woman\FM_RW_194_ST04.spr
2B7257C1	57500470	142841	32	116600	\spr\npcres\man\MA_LW_187_ST06.spr
2B733812	57617070	31431	32	24380	\spr\npcres\woman\FM_RH_133_ST05.spr
2B772743	57641450	26023	32	21312	\spr\npcres\woman\FM_HD_134_HA01.spr
2B7B23E7	57662762	63729	32	49531	\spr\npcres\man\MA_LH_150_ST08.spr
2B841C4F	57712293	30998	32	19844	\spr\npcres\woman\FM_RH_131_RD01.spr
2B87D895	57732137	122642	32	100356	\spr\npcres\man\MA_LH_130_AT02.spr
2B95544F	57832493	153847	32	123932	\spr\npcres\woman\FM_BD_135_WK02.spr
2BC2079E	57956425	77940	32	63191	\spr\npcres\woman\FM_RH_135_AT03.spr
2BC7EA9D	58019616	25015	32	21046	\spr\npcres\woman\FM_HD_135_DE04.spr
2BE3A4C0	58040662	69549	32	57453	\spr\npcres\man\MA_HR_128_MG03.spr
2BE6B35E	58098115	28951	32	24479	\spr\npcres\woman\FM_HD_133_HD01.spr
2BFB6C23	58122594	23864	32	18750	\spr\npcres\woman\FM_LH_140_MG02.spr
2C046AAB	58141344	32659	32	25635	\spr\npcres\woman\FM_HR_134_WK04.spr
2C075013	58166979	72897	32	58780	\spr\npcres\woman\FM_LH_132_MG04.spr
2C120223	58225759	113705	32	93405	\spr\npcres\man\MA_LH_130_MG01.spr
2C1B42CF	58319164	146211	32	129540	\spr\npcres\man\MA_RW_187_HM01.spr
2C34A80A	58448704	111199	32	77480	\spr\npcres\man\MA_LH_139_ST01.spr
2C3F664E	58526184	92100	32	65428	\spr\npcres\man\MA_LH_150_RD01.spr
2C55310C	58591612	26968	32	21665	\spr\npcres\woman\FM_LH_140_AT03.spr
2C5736E3	58613277	69078	32	49650	\spr\npcres\man\MA_LH_150_ST06.spr
2C6231EC	58662927	30341	32	24694	\spr\npcres\man\MA_HD_139_AT07.spr
2C8654D2	58687621	31057	32	20479	\spr\npcres\woman\FM_RH_133_ST03.spr
2C8772C2	58708100	92032	32	76340	\spr\npcres\woman\FM_RW_197_HW01.spr
2C8C0960	58784440	115203	32	101436	\spr\npcres\man\MA_LW_187_HR01.spr
2C9556D2	58885876	277080	32	236622	\spr\npcres\man\MA_BD_137_DE04.spr
2CA225D3	59122498	53329	32	46892	\spr\npcres\woman\FM_RH_153_DE03.spr
2CAEF165	59169390	92396	32	77614	\spr\npcres\woman\FM_RW_187_ST02.spr
2CAF6475	59247004	111538	32	93049	\spr\npcres\woman\FM_RW_190_RN02.spr
2CDE83E7	59340053	83946	32	73222	\spr\npcres\man\MA_RH_132_DE03.spr
2CDF8BCC	59413275	90252	32	75439	\spr\npcres\man\MA_HR_128_MG01.spr
2CE2698E	59488714	34520	32	29214	\spr\npcres\man\MA_HR_135_IJ04.spr
2CEB281F	59517928	65452	32	51451	\spr\npcres\woman\FM_RW_194_ST02.spr
2CFB0891	59569379	57018	32	47482	\spr\npcres\man\MA_HD_135_MG06.spr
2D040F54	59616861	49807	32	33515	\spr\npcres\man\MA_HD_129_RD01.spr
2D0FEBC0	59650376	109811	32	89170	\spr\npcres\woman\FM_RW_191_WK02.spr
2D11A239	59739546	221949	32	181182	\spr\npcres\woman\FM_BD_143_HD01.spr
2D1F2B9E	59920728	54345	32	43668	\spr\npcres\woman\FM_RH_142_AT07.spr
2D2C0B92	59964396	18756	32	15028	\spr\npcres\woman\FM_RH_140_HI01.spr
2D31E056	59979424	83997	32	70766	\spr\npcres\woman\FM_RW_200_IJ05.spr
2D3A62AD	60050190	73116	32	54791	\spr\npcres\woman\FM_RH_130_WK03.spr
2D3C48E5	60104981	43679	32	34502	\spr\npcres\man\MA_HD_129_HA01.spr
2D44D20F	60139483	31393	32	26104	\spr\npcres\man\MA_HD_135_AT05.spr
2D46C15A	60165587	52556	32	36291	\spr\npcres\man\MA_RH_131_RD01.spr
2D4BB2CE	60201878	113192	32	61513	\spr\npcres\woman\FM_BD_153_ST02.spr
2D4CB66C	60263391	34586	32	26074	\spr\npcres\woman\FM_HD_130_ST04.spr
2D4F9C81	60289465	33802	32	27679	\spr\npcres\man\MA_HR_150_MG04.spr
2D532D5E	60317144	32326	32	27329	\spr\npcres\man\MA_HR_139_RN03.spr
2D54B05E	60344473	70779	32	57815	\spr\npcres\woman\FM_RH_135_AT01.spr
2D58513B	60402288	66149	32	52190	\spr\npcres\woman\FM_LH_143_DE02.spr
2D5FEE7D	60454478	98584	32	83562	\spr\npcres\man\MA_RW_192_MG03.spr
2D6A075D	60538040	37079	32	30170	\spr\npcres\woman\FM_HD_135_DE02.spr
2D6F44D1	60568210	59423	32	46985	\spr\npcres\man\MA_HR_140_WK01.spr
2D6F599B	60615195	138867	32	117280	\spr\npcres\woman\FM_BD_140_DE04.spr
2D7421C3	60732475	23463	32	19790	\spr\npcres\man\MA_RH_140_IJ01.spr
2D7A7238	60752265	15699	32	12119	\spr\npcres\woman\FM_HD_129_IJ03.spr
2D7E0AEB	60764384	40614	32	34385	\spr\npcres\man\MA_RH_131_HA01.spr
2D7EADAC	60798769	231275	32	191165	\spr\npcres\woman\FM_BD_134_IJ05.spr
2D884B5A	60989934	35065	32	29285	\spr\npcres\man\MA_RH_138_HI01.spr
2D90131E	61019219	244516	32	196022	\spr\npcres\man\MA_BD_132_WK04.spr
2DA2386B	61215241	13846	32	11977	\spr\npcres\man\MA_HD_150_HI01.spr
2DB1AF95	61227218	44226	32	36995	\spr\npcres\woman\FM_HR_140_ZZ01.spr
2DBCDFE9	61264213	39879	32	28803	\spr\npcres\man\MA_HD_129_ST06.spr
2DE1A3CF	61293016	157557	32	132096	\spr\npcres\man\MA_BD_130_IJ02.spr
2DFE91FF	61425112	37498	32	27848	\spr\npcres\man\MA_RH_131_ST06.spr
2E09D213	61452960	136846	32	111043	\spr\npcres\man\MA_LH_130_AT01.spr
2E4A7F67	61564003	50814	32	39792	\spr\npcres\man\MA_HD_129_HA02.spr
2E54B659	61603795	95929	32	83725	\spr\npcres\man\MA_RH_132_DE04.spr
2E55BE4E	61687520	71723	32	58635	\spr\npcres\man\MA_HR_128_MG02.spr
2E621A2F	61746155	156530	32	126646	\spr\npcres\woman\FM_BD_135_WK01.spr
2E6CBCCD	61872801	73855	32	56669	\spr\npcres\woman\FM_RH_130_WK04.spr
2E781C00	61929470	43373	32	35965	\spr\npcres\man\MA_HR_135_IJ05.spr
2E82D445	61965435	23419	32	18235	\spr\npcres\man\MA_RH_140_IJ02.spr
2E82EB5B	61983670	44104	32	36389	\spr\npcres\woman\FM_LH_143_DE03.spr
2E8D4696	62020059	409075	32	347015	\spr\npcres\man\MA_BD_128_JP01.spr
2E9D517D	62367074	24807	32	20789	\spr\npcres\woman\FM_HD_135_DE03.spr
2E9FCA7E	62387863	68569	32	56586	\spr\npcres\woman\FM_RH_135_AT02.spr
2EAC8C58	62444449	15482	32	13338	\spr\npcres\woman\FM_HD_129_IJ04.spr
2EB0D203	62457787	25071	32	20142	\spr\npcres\woman\FM_LH_140_MG01.spr
2EBE7330	62477929	45656	32	36811	\spr\npcres\woman\FM_HR_130_RD01.spr
2EC4A761	62514740	24979	32	20548	\spr\npcres\woman\FM_HD_129_HR01.spr
2EC58303	62535288	39398	32	33365	\spr\npcres\man\MA_HR_150_MG05.spr
2EC9745A	62568653	149828	32	116086	\spr\npcres\man\MA_RW_186_HR01.spr
2ED2D881	62684739	41370	32	34315	\spr\npcres\man\MA_HD_135_AT06.spr
2EE54B53	62719054	59001	32	45615	\spr\npcres\man\MA_HR_140_WK02.spr
2EE9D3D0	62764669	32396	32	27487	\spr\npcres\man\MA_HR_139_RN04.spr
2EEB01A9	62792156	65481	32	56667	\spr\npcres\man\MA_LH_131_JP01.spr
2EF31E94	62848823	34022	32	26296	\spr\npcres\woman\FM_RH_141_ZZ01.spr
2EF4316D	62875119	48781	32	40136	\spr\npcres\man\MA_RH_131_HA02.spr
2EF7C38C	62915255	23293	32	18740	\spr\npcres\woman\FM_HD_130_ST05.spr
2EFECCEE	62933995	111990	32	67193	\spr\npcres\woman\FM_BD_153_ST03.spr
2F0A50B0	63001188	26332	32	22137	\spr\npcres\man\MA_HD_137_HM01.spr
2F0CC0F9	63023325	71854	32	59253	\spr\npcres\woman\FM_LH_153_WK01.spr
2F0E3016	63082578	31863	32	26470	\spr\npcres\woman\FM_LH_130_HI01.spr
2F375BBC	63109048	101207	32	84426	\spr\npcres\man\MA_HR_128_AT01.spr
2F5E9A7C	63193474	62016	32	53700	\spr\npcres\woman\FM_RH_153_HM01.spr
2F6EFC8C	63247174	81309	32	64469	\spr\npcres\woman\FM_LH_132_AT07.spr
2F785641	63311643	138580	32	117985	\spr\npcres\man\MA_BD_130_IJ03.spr
2F7ACC95	63429628	49786	32	37941	\spr\npcres\woman\FM_RH_142_MG05.spr
2F9F1062	63467569	123486	32	99314	\spr\npcres\woman\FM_BD_142_IJ02.spr
2FA6AD71	63566883	29456	32	24975	\spr\npcres\man\MA_HR_150_AT04.spr
2FA907BE	63591858	41893	32	34462	\spr\npcres\man\MA_RH_137_RN04.spr
2FB6BE6D	63626320	109798	32	96022	\spr\npcres\man\MA_RW_192_AT03.spr
2FCC72FE	63722342	251458	32	133591	\spr\npcres\man\MA_BD_150_ST01.spr
2FD7EA2F	63855933	67300	32	58183	\spr\npcres\man\MA_LH_150_HA01.spr
2FFC8408	63914116	43512	32	35228	\spr\npcres\man\MA_HR_140_ST03.spr
3006B128	63949344	32545	32	23539	\spr\npcres\woman\FM_RH_134_ST04.spr
3017AA53	63972883	237703	32	170393	\spr\npcres\man\MA_BD_131_ST04.spr
30216BD7	64143276	293599	32	235246	\spr\npcres\man\MA_BD_139_HA02.spr
3029680B	64378522	280210	32	237325	\spr\npcres\man\MA_BD_128_HD01.spr
302A4005	64615847	39685	32	33194	\spr\npcres\woman\FM_HR_130_MG01.spr
302DD22C	64649041	49025	32	39870	\spr\npcres\man\MA_RH_132_IJ03.spr
3030CB2C	64688911	39665	32	33138	\spr\npcres\man\MA_HD_130_AT02.spr
304BFFF0	64722049	198277	32	162849	\spr\npcres\man\MA_BD_137_RN01.spr
30502648	64884898	113767	32	94468	\spr\npcres\man\MA_RW_195_MG03.spr
3053C19A	64979366	36828	32	30840	\spr\npcres\man\MA_HD_138_AT05.spr
3063D5B8	65010206	38066	32	25777	\spr\npcres\man\MA_HD_135_ST01.spr
307A3C31	65035983	86099	32	72889	\spr\npcres\man\MA_HR_135_AT08.spr
30852A35	65108872	102208	32	85589	\spr\npcres\man\MA_RH_129_MG01.spr
308CA3D3	65194461	27112	32	22093	\spr\npcres\woman\FM_LH_141_MG01.spr
308CFBC6	65216554	32042	32	26811	\spr\npcres\man\MA_RH_140_AT05.spr
309FFFE3	65243365	41805	32	34446	\spr\npcres\man\MA_HD_129_DE01.spr
30B5F1A6	65277811	199449	32	167222	\spr\npcres\man\MA_BD_131_HR01.spr
30BB5BB3	65445033	27667	32	20021	\spr\npcres\woman\FM_RH_131_WK04.spr
30CDEF72	65465054	13961	32	10470	\spr\npcres\woman\FM_HD_131_ST05.spr
30D9963E	65475524	57773	32	44762	\spr\npcres\woman\FM_RH_142_ZZ01.spr
30D9B1E9	65520286	40891	32	33948	\spr\npcres\man\MA_RH_131_DE01.spr
30E78DA7	65554234	57196	32	43723	\spr\npcres\woman\FM_HR_143_WK01.spr
30F41E26	65597957	56152	32	46816	\spr\npcres\woman\FM_HR_131_RD01.spr
30F696C9	65644773	34929	32	28625	\spr\npcres\man\MA_LH_140_RN01.spr
30FBE244	65673398	36399	32	28876	\spr\npcres\man\MA_HD_139_WK01.spr
3105ABF7	65702274	27004	32	21331	\spr\npcres\man\MA_HD_150_WK06.spr
310F0237	65723605	296783	32	243766	\spr\npcres\man\MA_RW_185_ST01.spr
3131C3C6	65967371	155392	32	129222	\spr\npcres\man\MA_RW_195_AT02.spr
3153247F	66096593	154245	32	132903	\spr\npcres\man\MA_RW_188_AT05.spr
315AB536	66229496	13645	32	10682	\spr\npcres\woman\FM_LH_131_HI01.spr
31655DBE	66240178	29366	32	23328	\spr\npcres\woman\FM_LH_140_JP01.spr
317A7672	66263506	311427	32	265891	\spr\npcres\man\MA_BD_130_AT06.spr
31821E6C	66529397	298947	32	238766	\spr\npcres\man\MA_BD_131_WK02.spr
31923C41	66768163	212819	32	159597	\spr\npcres\man\MA_BD_132_HM01.spr
319A5066	66927760	58087	32	51509	\spr\npcres\woman\FM_LH_153_IJ06.spr
319D7972	66979269	32053	32	26676	\spr\npcres\man\MA_HD_150_HA02.spr
31ADFAC1	67005945	28230	32	22240	\spr\npcres\man\MA_HD_128_ST04.spr
31B5BC0C	67028185	44825	32	36990	\spr\npcres\woman\FM_LH_133_AT07.spr
31B7BDDB	67065175	18438	32	15175	\spr\npcres\woman\FM_RH_143_MG05.spr
31CC618A	67080350	26007	32	21431	\spr\npcres\man\MA_HD_128_HR01.spr
31CEAF0E	67101781	44597	32	36144	\spr\npcres\woman\FM_HR_130_AT03.spr
31D93B3C	67137925	29581	32	24086	\spr\npcres\man\MA_HD_130_MG02.spr
31E0EE48	67162011	15345	32	12903	\spr\npcres\woman\FM_HD_153_IJ02.spr
31E6D25C	67174914	125010	32	98260	\spr\npcres\woman\FM_BD_143_IJ02.spr
320C9D4B	67273174	34988	32	28633	\spr\npcres\man\MA_LH_140_RN02.spr
3213D0B7	67301807	71731	32	60621	\spr\npcres\man\MA_RH_129_MG02.spr
3215E265	67362428	38512	32	32087	\spr\npcres\man\MA_HD_129_DE02.spr
321AEE38	67394515	41146	32	34192	\spr\npcres\man\MA_RH_140_AT06.spr
322AC7C7	67428707	56920	32	43604	\spr\npcres\woman\FM_HR_143_WK02.spr
3237FDF3	67472311	26225	32	20885	\spr\npcres\woman\FM_LH_141_MG02.spr
323D5E44	67493196	27993	32	23696	\spr\npcres\woman\FM_HD_134_HD01.spr
324FF638	67516892	128906	32	109243	\spr\npcres\man\MA_RW_195_AT03.spr
32525A34	67626135	24223	32	20804	\spr\npcres\woman\FM_HR_153_DE06.spr
32535179	67646939	31695	32	25492	\spr\npcres\woman\FM_HD_135_HA01.spr
3257A46B	67672431	38358	32	32692	\spr\npcres\man\MA_RH_131_DE02.spr
326D7C71	67705123	99843	32	78638	\spr\npcres\woman\FM_RW_197_AT02.spr
32703892	67783761	13988	32	8756	\spr\npcres\woman\FM_HD_131_ST06.spr
3271E8C6	67792517	36169	32	26758	\spr\npcres\man\MA_HD_139_WK02.spr
328508A9	67819275	297801	32	215363	\spr\npcres\man\MA_RW_185_ST02.spr
32A9F160	68034638	144182	32	125729	\spr\npcres\woman\FM_LW_200_HA01.spr
32B2062B	68160367	244063	32	161572	\spr\npcres\woman\FM_BD_129_RD01.spr
32B72C52	68321939	54826	32	37955	\spr\npcres\woman\FM_RH_142_ST01.spr
32B87842	68359894	133543	32	113244	\spr\npcres\woman\FM_RW_190_DE02.spr
32E7DD77	68473138	32483	32	26950	\spr\npcres\man\MA_LH_131_ZZ01.spr
32F07CF4	68500088	228167	32	197863	\spr\npcres\man\MA_BD_130_AT07.spr
32FCFA25	68697951	117236	32	97907	\spr\npcres\man\MA_RH_129_AT01.spr
33014FFF	68795858	200410	32	166383	\spr\npcres\man\MA_BD_132_DE01.spr
330E5105	68962241	24372	32	18254	\spr\npcres\woman\FM_HD_142_HW01.spr
331804EE	68980495	299069	32	245974	\spr\npcres\man\MA_BD_131_WK03.spr
331D9B93	69226469	206192	32	153185	\spr\npcres\woman\FM_BD_132_HW01.spr
3322153E	69379654	46501	32	37590	\spr\npcres\woman\FM_RW_292_HA01.spr
33296C7C	69417244	94447	32	72250	\spr\npcres\woman\FM_BD_143_IJ03.spr
33299828	69489494	82199	32	64542	\spr\npcres\woman\FM_LH_132_ZZ01.spr
332B3868	69554036	11451	32	8838	\spr\npcres\woman\FM_HD_153_IJ03.spr
333BE143	69562874	28206	32	22811	\spr\npcres\man\MA_HD_128_ST05.spr
333DDF66	69585685	48070	32	35034	\spr\npcres\woman\FM_HR_133_HM01.spr
334C42B3	69620719	59522	32	43320	\spr\npcres\man\MA_HR_131_HW01.spr
335721BE	69664039	29869	32	24899	\spr\npcres\man\MA_HD_130_MG03.spr
3371F92E	69688938	43485	32	36122	\spr\npcres\woman\FM_HR_130_AT04.spr
33915103	69725060	35569	32	29741	\spr\npcres\woman\FM_LH_133_MG05.spr
339212DA	69754801	24804	32	19634	\spr\npcres\man\MA_HR_129_ZZ01.spr
33A967AB	69774435	48092	32	38610	\spr\npcres\man\MA_RW_292_HA01.spr
33ABEB2E	69813045	24836	32	18425	\spr\npcres\man\MA_HD_150_ST08.spr
33ACD273	69831470	104428	32	88731	\spr\npcres\woman\FM_RW_291_HD01.spr
33B3112D	69920201	71112	32	60824	\spr\npcres\man\MA_LH_150_DE01.spr
33CAEDCB	69981025	23450	32	18294	\spr\npcres\woman\FM_LH_129_DE01.spr
33D4DB76	69999319	30566	32	24411	\spr\npcres\woman\FM_LH_141_AT04.spr
33D88D92	70023730	68475	32	53759	\spr\npcres\woman\FM_RH_130_RN04.spr
33DB823C	70077489	58337	32	51656	\spr\npcres\man\MA_RH_135_DE03.spr
33F2A9DF	70129145	20272	32	16633	\spr\npcres\woman\FM_HD_131_HM01.spr
33FE452F	70145778	26361	32	20855	\spr\npcres\woman\FM_HD_133_MG01.spr
34001B44	70166633	49352	32	41977	\spr\npcres\man\MA_LH_131_HA02.spr
340362EC	70208610	53702	32	45274	\spr\npcres\woman\FM_LH_133_AT06.spr
340772F0	70253884	28284	32	23530	\spr\npcres\man\MA_HD_150_HA01.spr
340D63BB	70277414	23240	32	18050	\spr\npcres\woman\FM_RH_143_MG04.spr
3417F44F	70295464	28405	32	22570	\spr\npcres\man\MA_HD_128_ST03.spr
3424FE23	70318034	81939	32	43988	\spr\npcres\woman\FM_LW_184_ST06.spr
344334BA	70362022	39182	32	33189	\spr\npcres\man\MA_HD_130_MG01.spr
34547A93	70395211	90357	32	75100	\spr\npcres\man\MA_RW_200_HD01.spr
346D072D	70470311	54438	32	47824	\spr\npcres\man\MA_LH_135_HD01.spr
34746BEA	70518135	300195	32	246490	\spr\npcres\man\MA_BD_131_WK01.spr
348415EE	70764625	43531	32	35684	\spr\npcres\woman\FM_HR_130_AT02.spr
3487FE2A	70800309	24983	32	19025	\spr\npcres\man\MA_HD_150_ST06.spr
34B3983C	70819334	126497	32	93659	\spr\npcres\woman\FM_BD_143_IJ01.spr
34BE5428	70912993	15193	32	12747	\spr\npcres\woman\FM_HD_153_IJ01.spr
34C98783	70925740	200186	32	148626	\spr\npcres\woman\FM_BD_130_MG05.spr
34CB692F	71074366	17794	32	14759	\spr\npcres\woman\FM_HD_140_MG05.spr
34EE0B28	71089125	39702	32	31569	\spr\npcres\man\MA_HD_138_MG04.spr
35003AC8	71120694	43710	32	36469	\spr\npcres\man\MA_HD_140_DE04.spr
3503B15F	71157163	296989	32	180992	\spr\npcres\man\MA_BD_131_ST02.spr
35193928	71338155	54951	32	46723	\spr\npcres\man\MA_RH_132_IJ01.spr
351C8671	71384878	27330	32	21897	\spr\npcres\woman\FM_HR_135_WK03.spr
351F2554	71406775	35808	32	27934	\spr\npcres\man\MA_RH_140_MG04.spr
352AD40B	71434709	79843	32	62754	\spr\npcres\man\MA_LH_137_RN04.spr
352D6A1A	71497463	231437	32	180056	\spr\npcres\woman\FM_BD_141_HM01.spr
353350B7	71677519	34917	32	29746	\spr\npcres\man\MA_HR_129_HA02.spr
3537E938	71707265	46952	32	39680	\spr\npcres\man\MA_RH_135_DE01.spr
353BCDC3	71746945	34706	32	28177	\spr\npcres\woman\FM_LH_133_MG03.spr
354FD4A6	71775122	42562	32	33805	\spr\npcres\man\MA_HD_138_AT03.spr
3556033D	71808927	54646	32	43831	\spr\npcres\man\MA_HR_135_AT06.spr
35632652	71852758	71031	32	55577	\spr\npcres\woman\FM_RH_130_RN02.spr
356CD4D7	71908335	48334	32	40013	\spr\npcres\man\MA_RH_128_DE04.spr
357F7736	71948348	29865	32	22527	\spr\npcres\woman\FM_LH_141_AT02.spr
358806A8	71970875	88348	32	75127	\spr\npcres\man\MA_RW_291_MG07.spr
3588A545	72046002	98824	32	75022	\spr\npcres\woman\FM_RW_195_ST01.spr
3593F753	72121024	102150	32	84133	\spr\npcres\woman\FM_RH_153_AT10.spr
359DFA0D	72205157	234275	32	175784	\spr\npcres\man\MA_BD_139_ST05.spr
35A92DE8	72380941	22412	32	15111	\spr\npcres\woman\FM_RH_134_ST02.spr
35B162B5	72396052	127873	32	100106	\spr\npcres\woman\FM_RW_188_ST01.spr
35CDF473	72496158	27788	32	19865	\spr\npcres\woman\FM_RH_131_WK02.spr
35EE610D	72516023	154054	32	129417	\spr\npcres\man\MA_RW_188_MG04.spr
35F4B300	72645440	311666	32	268574	\spr\npcres\man\MA_BD_130_MG05.spr
35F8CEC2	72914014	37864	32	31190	\spr\npcres\man\MA_RH_140_AT03.spr
36084A66	72945204	90792	32	71117	\spr\npcres\man\MA_RH_130_HR01.spr
3647D391	73016321	26965	32	21825	\spr\npcres\woman\FM_HR_135_WK04.spr
364D9FBA	73038146	45317	32	39982	\spr\npcres\man\MA_RH_135_DE02.spr
366431AA	73078128	48857	32	40911	\spr\npcres\man\MA_HD_138_MG05.spr
366E07E3	73119039	41256	32	34651	\spr\npcres\woman\FM_LH_133_MG04.spr
36952BD6	73153690	40335	32	34235	\spr\npcres\man\MA_RH_140_MG05.spr
36967072	73187925	71063	32	55625	\spr\npcres\woman\FM_RH_130_RN03.spr
36972FAA	73243550	57735	32	46211	\spr\npcres\man\MA_RH_132_IJ02.spr
3699A7D1	73289761	238068	32	180621	\spr\npcres\man\MA_BD_131_ST03.spr
36A18156	73470382	28893	32	23753	\spr\npcres\woman\FM_LH_141_AT03.spr
36AB6555	73494135	247727	32	203233	\spr\npcres\man\MA_BD_139_HA01.spr
36BAC4AA	73697368	44298	32	37173	\spr\npcres\man\MA_HD_130_AT01.spr
36C5DB18	73734541	36777	32	30236	\spr\npcres\man\MA_HD_138_AT04.spr
36C60173	73764777	157988	32	134617	\spr\npcres\woman\FM_RH_153_AT11.spr
36CBFB0B	73899394	22583	32	17809	\spr\npcres\woman\FM_HD_153_WK06.spr
36D3C392	73917203	98851	32	81921	\spr\npcres\woman\FM_RW_198_HW01.spr
36DC6708	73999124	18951	32	11703	\spr\npcres\woman\FM_RH_134_ST03.spr
36EA81A9	74010827	49520	32	41542	\spr\npcres\man\MA_HR_150_JP01.spr
36EC09BF	74052369	38583	32	31552	\spr\npcres\man\MA_HR_135_AT07.spr
36F3D0EA	74083921	297069	32	193050	\spr\npcres\man\MA_BD_139_RD01.spr
36FBBCD5	74276971	101222	32	81456	\spr\npcres\woman\FM_RW_188_ST02.spr
36FBF895	74358427	109857	32	90205	\spr\npcres\woman\FM_RW_191_RN02.spr
37042976	74448632	45646	32	36744	\spr\npcres\man\MA_HD_131_JP01.spr
3728AC35	74485376	42564	32	33435	\spr\npcres\man\MA_HD_129_HM01.spr
372BE08F	74518811	233684	32	170765	\spr\npcres\man\MA_BD_139_ST06.spr
3733FF65	74689576	78540	32	61641	\spr\npcres\woman\FM_RW_195_ST02.spr
3757034D	74751217	24560	32	19497	\spr\npcres\woman\FM_LH_140_RN04.spr
376BBBD8	74770714	23334	32	18988	\spr\npcres\woman\FM_RH_143_AT07.spr
37700193	74789702	23241	32	17776	\spr\npcres\woman\FM_RH_131_WK03.spr
3776F544	74807478	33463	32	27631	\spr\npcres\man\MA_RH_140_AT04.spr
377ADAC8	74835109	17965	32	14388	\spr\npcres\woman\FM_RH_141_HI01.spr
379B5552	74849497	20255	32	13867	\spr\npcres\woman\FM_HD_131_ST04.spr
37BBCF91	74863364	159705	32	136706	\spr\npcres\woman\FM_BD_141_DE04.spr
37C531FD	75000070	143645	32	126287	\spr\npcres\man\MA_RW_188_AT04.spr
37D624B6	75126357	31795	32	22733	\spr\npcres\woman\FM_HR_129_HA02.spr
37E4F6F4	75149090	22755	32	19659	\spr\npcres\woman\FM_HR_153_DE04.spr
37EC43F0	75168749	234740	32	201754	\spr\npcres\man\MA_BD_130_AT05.spr
37FD0C1B	75370503	27997	32	22922	\spr\npcres\woman\FM_HR_141_ZZ01.spr
3807F78B	75393425	237778	32	171729	\spr\npcres\man\MA_BD_139_ST04.spr
3814A781	75565154	15372	32	13124	\spr\npcres\man\MA_HR_150_HI01.spr
3825D66F	75578278	29698	32	23726	\spr\npcres\man\MA_HR_129_ST06.spr
38312E24	75602004	48600	32	39347	\spr\npcres\man\MA_HD_138_AT02.spr
38343D16	75641351	28211	32	21664	\spr\npcres\woman\FM_LH_141_AT01.spr
3838EC32	75663015	69085	32	54075	\spr\npcres\woman\FM_RH_130_RN01.spr
3846CCD4	75717090	13972	32	11914	\spr\npcres\man\MA_HD_131_HI01.spr
38536D3F	75729004	184935	32	143708	\spr\npcres\woman\FM_BD_143_WK04.spr
385E17CB	75872712	22573	32	17774	\spr\npcres\woman\FM_HD_153_WK04.spr
3862D840	75890486	43655	32	35421	\spr\npcres\man\MA_RH_140_AT02.spr
386693C8	75925907	27285	32	18760	\spr\npcres\woman\FM_RH_134_ST01.spr
387E8C8E	75944667	257126	32	213367	\spr\npcres\man\MA_BD_130_MG04.spr
389ABA53	76158034	27549	32	20054	\spr\npcres\woman\FM_RH_131_WK01.spr
38A6422E	76178088	206154	32	168073	\spr\npcres\man\MA_BD_139_HR01.spr
38C6A770	76346161	16427	32	9458	\spr\npcres\woman\FM_LH_131_ST06.spr
38CE7851	76355619	232884	32	197122	\spr\npcres\woman\FM_BD_141_DE02.spr
38D83F9F	76552741	25490	32	19788	\spr\npcres\woman\FM_HD_134_HW01.spr
38D856FC	76572529	268134	32	233415	\spr\npcres\man\MA_BD_130_AT03.spr
38DFB7CC	76805944	26843	32	21847	\spr\npcres\man\MA_HD_130_RN03.spr
38DFF102	76827791	79286	32	60807	\spr\npcres\woman\FM_BD_135_IJ03.spr
38E550C5	76888598	57095	32	45740	\spr\npcres\man\MA_LH_131_WK04.spr
38F9BF0D	76934338	26106	32	20489	\spr\npcres\woman\FM_LH_140_RN02.spr
38FB8871	76954827	32650	32	25858	\spr\npcres\man\MA_HD_150_WK03.spr
38FED798	76980685	23326	32	17746	\spr\npcres\woman\FM_RH_143_AT05.spr
3903DB4B	76998431	38433	32	26652	\spr\npcres\man\MA_HD_128_ST01.spr
390F62B4	77025083	32102	32	27238	\spr\npcres\woman\FM_HR_153_DE02.spr
391FD626	77052321	64382	32	51738	\spr\npcres\woman\FM_LH_130_HA01.spr
392DC112	77104059	14017	32	10250	\spr\npcres\woman\FM_HD_131_ST02.spr
39743B75	77114309	49555	32	40702	\spr\npcres\woman\FM_HR_131_HW01.spr
39959EAC	77155011	47393	32	39883	\spr\npcres\woman\FM_LH_133_AT04.spr
39979B0E	77194894	40562	32	32174	\spr\npcres\man\MA_HR_129_WK04.spr
39979C7B	77227068	24819	32	19121	\spr\npcres\woman\FM_RH_143_MG02.spr
39A194F9	77246189	27020	32	22810	\spr\npcres\man\MA_HD_132_HD01.spr
39B4E1D8	77268999	54655	32	47857	\spr\npcres\man\MA_RW_196_HI01.spr
39BB6E1C	77316856	323190	32	266657	\spr\npcres\woman\FM_BD_130_AT06.spr
39DA1E34	77583513	36578	32	28929	\spr\npcres\man\MA_HD_138_MG02.spr
39E15BF5	77612442	53901	32	43324	\spr\npcres\man\MA_HR_135_MG05.spr
39EF1A43	77655766	60536	32	44245	\spr\npcres\woman\FM_LH_142_HW01.spr
39F3C536	77700011	25019	32	18630	\spr\npcres\man\MA_HD_150_ST04.spr
39F9B206	77718641	34580	32	28411	\spr\npcres\woman\FM_LH_153_IJ03.spr
39FCEA7A	77747052	32947	32	25165	\spr\npcres\man\MA_LH_131_ST05.spr
3A020B22	77772217	79357	32	64415	\spr\npcres\woman\FM_BD_135_IJ04.spr
3A2161B8	77836632	30162	32	24285	\spr\npcres\woman\FM_RH_143_AT06.spr
3A2CC92D	77860917	26097	32	20521	\spr\npcres\woman\FM_LH_140_RN03.spr
3A396479	77881438	21889	32	18932	\spr\npcres\woman\FM_HR_140_HI01.spr
3A426046	77900370	75927	32	60590	\spr\npcres\woman\FM_LH_130_HA02.spr
3A501B32	77960960	14054	32	8795	\spr\npcres\woman\FM_HD_131_ST03.spr
3A55BA4E	77969755	26831	32	21596	\spr\npcres\man\MA_HD_130_RN04.spr
3A565D7E	77991351	236964	32	208965	\spr\npcres\man\MA_BD_130_AT04.spr
3A70B271	78200316	158800	32	133822	\spr\npcres\woman\FM_BD_141_DE03.spr
3A71BEF3	78334138	32634	32	25574	\spr\npcres\man\MA_HD_150_WK04.spr
3A8A14C2	78359712	41645	32	35643	\spr\npcres\man\MA_LH_131_HA01.spr
3A99C1CD	78395355	38526	32	29521	\spr\npcres\man\MA_HD_128_ST02.spr
3AA3EA96	78424876	27135	32	19506	\spr\npcres\woman\FM_HR_129_HA01.spr
3AB1BCD4	78444382	22595	32	19423	\spr\npcres\woman\FM_HR_153_DE03.spr
3ABA24A5	78463805	132484	32	98592	\spr\npcres\woman\FM_BD_135_HR01.spr
3AD7A1FF	78562397	60856	32	49395	\spr\npcres\man\MA_LH_139_ZZ01.spr
3AD828CC	78611792	42495	32	35001	\spr\npcres\woman\FM_LH_133_AT05.spr
3ADA299B	78646793	19115	32	13748	\spr\npcres\woman\FM_RH_143_MG03.spr
3AEDB83C	78660541	208088	32	174015	\spr\npcres\woman\FM_BD_130_AT07.spr
3AEF4BE3	78834556	151923	32	128532	\spr\npcres\man\MA_BD_150_ZZ01.spr
3AF7B6AA	78963088	55327	32	44025	\spr\npcres\man\MA_RW_292_WK02.spr
3B09CBA8	79007113	24983	32	19405	\spr\npcres\man\MA_HD_150_ST05.spr
3B0A90FC	79026518	36966	32	27312	\spr\npcres\man\MA_LH_131_ST06.spr
3B2CCC26	79053830	34076	32	29340	\spr\npcres\woman\FM_LH_153_IJ04.spr
3B41598A	79083170	46693	32	41126	\spr\npcres\man\MA_RH_135_HM01.spr
3B5004B6	79124296	36749	32	29538	\spr\npcres\man\MA_HD_138_MG03.spr
3B51DBCE	79153834	39700	32	33276	\spr\npcres\woman\FM_HR_130_AT01.spr
3B590509	79187110	206105	32	158263	\spr\npcres\man\MA_BD_138_HW01.spr
3B7F4E77	79345373	69174	32	58310	\spr\npcres\man\MA_HR_135_MG06.spr
3B80DF0F	79403683	21483	32	17289	\spr\npcres\woman\FM_HD_140_MG04.spr
3B813ED2	79420972	33499	32	27508	\spr\npcres\man\MA_RH_140_MG03.spr
3B874A63	79448480	243393	32	192292	\spr\npcres\woman\FM_BD_130_MG04.spr
3B8A3456	79640772	39413	32	32729	\spr\npcres\man\MA_HD_140_DE03.spr
3B8D19CA	79673501	36541	32	29033	\spr\npcres\man\MA_HR_129_RD01.spr
3B9C2189	79702534	79159	32	60062	\spr\npcres\man\MA_LH_137_RN03.spr
3B9C2EEE	79762596	183692	32	125862	\spr\npcres\man\MA_BD_150_ST09.spr
3BA4AA35	79888458	30580	32	26082	\spr\npcres\man\MA_HR_129_HA01.spr
3BD62E55	79914540	43198	32	36161	\spr\npcres\man\MA_RH_128_DE03.spr
3BD81CBB	79950701	39174	32	32394	\spr\npcres\man\MA_HR_135_AT05.spr
3BEA4C51	79983095	27316	32	21877	\spr\npcres\woman\FM_HR_135_WK02.spr
3BF0B3A3	80004972	44696	32	36362	\spr\npcres\woman\FM_LH_133_MG02.spr
3BF28280	80041334	93268	32	75124	\spr\npcres\woman\FM_RW_184_WK04.spr
3BF58ADD	80116458	297522	32	184284	\spr\npcres\man\MA_BD_131_ST01.spr
3C0F89B0	80300742	253403	32	201563	\spr\npcres\man\MA_BD_150_HA02.spr
3C18BF60	80502305	30381	32	24053	\spr\npcres\woman\FM_HD_129_RN04.spr
3C19948C	80526358	40663	32	32319	\spr\npcres\man\MA_HR_129_WK03.spr
3C1D43F0	80558677	95156	32	77071	\spr\npcres\woman\FM_RW_191_HR01.spr
3C391FB8	80635748	80166	32	64693	\spr\npcres\man\MA_LH_137_IJ04.spr
3C4C6BB2	80700441	48562	32	40487	\spr\npcres\man\MA_HD_138_MG01.spr
3C5494BF	80740928	73516	32	57959	\spr\npcres\man\MA_HR_128_HW01.spr
3C63448C	80798887	45809	32	38635	\spr\npcres\woman\FM_LH_133_AT03.spr
3C65DEB4	80837522	25072	32	19296	\spr\npcres\man\MA_HD_150_ST03.spr
3C66E7F8	80856818	40935	32	28435	\spr\npcres\man\MA_LH_131_ST04.spr
3C6B5573	80885253	46011	32	36103	\spr\npcres\man\MA_HR_135_MG04.spr
3C6D425B	80921356	23369	32	19087	\spr\npcres\woman\FM_RH_143_MG01.spr
3C70D4FC	80940443	239933	32	193077	\spr\npcres\woman\FM_BD_130_AT05.spr
3C77A57C	81133520	92294	32	75427	\spr\npcres\man\MA_LH_139_HA02.spr
3C883495	81208947	79075	32	62369	\spr\npcres\man\MA_LH_137_RN01.spr
3CB778E6	81271316	49152	32	40851	\spr\npcres\woman\FM_LH_153_IJ02.spr
3CC23551	81312167	35094	32	28248	\spr\npcres\man\MA_RH_128_DE01.spr
3CE61B52	81340415	30714	32	25905	\spr\npcres\man\MA_HD_140_DE01.spr
3CFD05DE	81366320	41150	32	34097	\spr\npcres\man\MA_RH_140_MG01.spr
3D05974D	81400417	81770	32	64225	\spr\npcres\woman\FM_LH_132_RN04.spr
3D0E6EA0	81464642	41412	32	34110	\spr\npcres\man\MA_LH_128_HD01.spr
3D113D6B	81498752	29853	32	23396	\spr\npcres\man\MA_HR_129_ST04.spr
3D157F1E	81522148	69919	32	58548	\spr\npcres\woman\FM_RH_135_AT07.spr
3D29E623	81580696	262291	32	208002	\spr\npcres\woman\FM_BD_130_MG02.spr
3D2B4BCF	81788698	21598	32	17050	\spr\npcres\woman\FM_HD_140_MG02.spr
3D3463C7	81805748	47987	32	38606	\spr\npcres\man\MA_HR_135_AT03.spr
3D3A7438	81844354	22318	32	18697	\spr\npcres\woman\FM_RH_133_HI01.spr
3D45B4DB	81863051	65012	32	51713	\spr\npcres\woman\FM_HR_143_HD01.spr
3D4FE83B	81914764	47480	32	35515	\spr\npcres\woman\FM_HR_133_ZZ01.spr
3D648241	81950279	125152	32	108210	\spr\npcres\woman\FM_BD_133_DE04.spr
3D66639D	82058489	23145	32	19727	\spr\npcres\woman\FM_HD_143_DE04.spr
3D6A938A	82078216	235957	32	192733	\spr\npcres\man\MA_BD_130_MG02.spr
3D73DA97	82270949	297865	32	171832	\spr\npcres\man\MA_BD_139_ST02.spr
3D74718E	82442781	148454	32	110556	\spr\npcres\woman\FM_BD_153_ST08.spr
3D9A7599	82553337	72138	32	58654	\spr\npcres\woman\FM_LH_153_WK06.spr
3DA558A9	82611991	23984	32	19336	\spr\npcres\woman\FM_HD_142_HA01.spr
3DB38EA2	82631327	21035	32	16553	\spr\npcres\woman\FM_RH_141_ST05.spr
3DB78894	82647880	23772	32	20194	\spr\npcres\man\MA_HR_129_HR01.spr
3DBFEE8D	82668074	130002	32	104473	\spr\npcres\man\MA_LH_130_AT06.spr
3DCB9AC8	82772547	26820	32	21774	\spr\npcres\man\MA_HD_130_RN01.spr
3DCBBDF8	82794321	342915	32	292750	\spr\npcres\man\MA_BD_130_AT01.spr
3DCDC6F5	83087071	79906	32	61829	\spr\npcres\woman\FM_RH_135_MG04.spr
3DD0A7C1	83148900	58564	32	44542	\spr\npcres\man\MA_LH_131_WK02.spr
3DD79F7D	83193442	32640	32	25929	\spr\npcres\man\MA_HD_150_WK01.spr
3DE0838B	83219371	22587	32	17820	\spr\npcres\woman\FM_HD_153_WK02.spr
3DE1B046	83237191	79815	32	63542	\spr\npcres\man\MA_LH_132_HM01.spr
3DE599FF	83300733	189634	32	148108	\spr\npcres\woman\FM_BD_143_WK02.spr
3E06386C	83448841	198735	32	146644	\spr\npcres\man\MA_BD_150_ST08.spr
3E063B17	83595485	79121	32	62503	\spr\npcres\man\MA_LH_137_RN02.spr
3E0B0850	83657988	29679	32	24043	\spr\npcres\man\MA_RH_140_MG02.spr
3E2EC9D1	83682031	34861	32	28666	\spr\npcres\woman\FM_HD_129_JP01.spr
3E421639	83710697	38021	32	31582	\spr\npcres\man\MA_HR_135_AT04.spr
3E4E7983	83742279	44737	32	37452	\spr\npcres\woman\FM_LH_133_MG01.spr
3E583BD3	83779731	33634	32	27777	\spr\npcres\man\MA_RH_128_DE02.spr
3E5C3043	83807508	178732	32	141817	\spr\npcres\woman\FM_BD_130_MG03.spr
3E5D85EF	83949325	18104	32	13114	\spr\npcres\woman\FM_HD_140_MG03.spr
3E75269B	83962439	69170	32	63330	\spr\npcres\woman\FM_RW_187_HI01.spr
3E7C01D4	84025769	29000	32	24185	\spr\npcres\man\MA_HD_140_DE02.spr
3E895B3A	84049954	30829	32	24173	\spr\npcres\woman\FM_RH_134_ZZ01.spr
3E89C109	84074127	236403	32	179448	\spr\npcres\man\MA_BD_139_ST03.spr
3E912F83	84253575	105034	32	89692	\spr\npcres\man\MA_RW_197_HD01.spr
3EA73231	84343267	27518	32	21534	\spr\npcres\woman\FM_HR_135_WK01.spr
3EAF23ED	84364801	29630	32	23822	\spr\npcres\man\MA_HR_129_ST05.spr
3EB21E55	84388623	45850	32	39571	\spr\npcres\woman\FM_RW_194_HI01.spr
3EBB3BA2	84428194	54536	32	45160	\spr\npcres\man\MA_HD_138_AT01.spr
3EBE8BAE	84473354	155013	32	106727	\spr\npcres\woman\FM_BD_153_ST09.spr
3ED4D5CE	84580081	46847	32	38192	\spr\npcres\man\MA_RH_140_AT01.spr
3EE0860C	84618273	230718	32	199056	\spr\npcres\man\MA_BD_130_MG03.spr
3EE6D8C2	84817329	20870	32	12384	\spr\npcres\woman\FM_RH_141_ST06.spr
3EEF92C9	84829713	27949	32	22410	\spr\npcres\woman\FM_HD_142_HA02.spr
3F12F72E	84852123	94562	32	74489	\spr\npcres\woman\FM_BD_153_HI01.spr
3F186593	84926612	105155	32	88660	\spr\npcres\man\MA_RW_190_DE02.spr
3F28D31F	85015272	184492	32	143254	\spr\npcres\woman\FM_BD_143_WK03.spr
3F2B21BE	85158526	91535	32	73191	\spr\npcres\woman\FM_LH_132_JP01.spr
3F2BDDAB	85231717	22595	32	17896	\spr\npcres\woman\FM_HD_153_WK03.spr
3F35950F	85249613	89798	32	72729	\spr\npcres\man\MA_LH_130_AT07.spr
3F41814A	85322342	26807	32	21735	\spr\npcres\man\MA_HD_130_RN02.spr
3F41A07A	85344077	309350	32	261432	\spr\npcres\man\MA_BD_130_AT02.spr
3F4B9A78	85605509	26905	32	21173	\spr\npcres\woman\FM_RH_143_AT04.spr
3F6D85FF	85626682	32177	32	23293	\spr\npcres\man\MA_HD_150_WK02.spr
3F6EAA43	85649975	47034	32	38386	\spr\npcres\man\MA_LH_131_WK03.spr
3F701015	85688361	65316	32	52145	\spr\npcres\woman\FM_RH_135_MG05.spr
3F744F5E	85740506	48723	32	40214	\spr\npcres\man\MA_HD_139_JP01.spr
3F7C746E	85780720	202123	32	165264	\spr\npcres\woman\FM_RW_189_MG04.spr
3F8A8083	85945984	33275	32	28033	\spr\npcres\man\MA_HR_140_ZZ01.spr
3F94A7E2	85974017	102184	32	82853	\spr\npcres\woman\FM_BD_135_IJ02.spr
3F9B2E31	86056870	214756	32	178650	\spr\npcres\woman\FM_BD_141_DE01.spr
3F9C6D50	86235520	15389	32	11318	\spr\npcres\woman\FM_LH_131_ST05.spr
3FB765ED	86246838	25676	32	19961	\spr\npcres\woman\FM_LH_140_RN01.spr
3FC42894	86266799	27616	32	23895	\spr\npcres\woman\FM_HR_153_DE01.spr
3FF31AA8	86290694	68135	32	56826	\spr\npcres\man\MA_HR_128_AT07.spr
3FFAB7F2	86347520	17119	32	13158	\spr\npcres\woman\FM_HD_131_ST01.spr
4001B11A	86360678	116714	32	99171	\spr\npcres\woman\FM_RW_198_DE02.spr
401CEC2C	86459849	68628	32	61779	\spr\npcres\man\MA_LW_187_HI01.spr
40254D55	86521628	110766	32	70128	\spr\npcres\man\MA_RH_139_ST02.spr
403129EC	86591756	97569	32	80904	\spr\npcres\man\MA_RW_190_HR01.spr
403D378C	86672660	27410	32	23417	\spr\npcres\woman\FM_HR_153_AT07.spr
403ED7E6	86696077	108484	32	88472	\spr\npcres\woman\FM_BD_141_IJ04.spr
404D3AA6	86784549	50082	32	37340	\spr\npcres\man\MA_RH_128_WK02.spr
404FF1D7	86821889	87505	32	70586	\spr\npcres\man\MA_LH_137_DE01.spr
40530667	86892475	37202	32	30268	\spr\npcres\man\MA_HD_150_MG05.spr
4056DD09	86922743	191642	32	157343	\spr\npcres\woman\FM_BD_141_HR01.spr
40588B30	87080086	64099	32	53496	\spr\npcres\man\MA_RW_192_IJ02.spr
405FB74A	87133582	27486	32	23343	\spr\npcres\woman\FM_HR_135_HA01.spr
406E95BF	87156925	25960	32	18495	\spr\npcres\woman\FM_LH_129_WK04.spr
40766949	87175420	111291	32	86043	\spr\npcres\woman\FM_LW_184_AT07.spr
407C8D60	87261463	62391	32	45519	\spr\npcres\woman\FM_LH_130_ST01.spr
407FF4F5	87306982	13342	32	11735	\spr\npcres\woman\FM_HR_153_IJ04.spr
40873F35	87318717	179577	32	148809	\spr\npcres\woman\FM_BD_153_RN04.spr
408D5835	87467526	20285	32	15981	\spr\npcres\woman\FM_HD_131_MG02.spr
40915849	87483507	51600	32	42174	\spr\npcres\man\MA_LH_135_HW01.spr
4097FA18	87525681	21339	32	18314	\spr\npcres\woman\FM_HR_153_HR01.spr
409F886F	87543995	76886	32	61808	\spr\npcres\man\MA_RW_200_HW01.spr
40D4A0C3	87605803	28216	32	23050	\spr\npcres\woman\FM_HR_153_MG04.spr
40DA403F	87628853	38553	32	31270	\spr\npcres\woman\FM_HR_134_HD01.spr
40DFD53C	87660123	326696	32	281726	\spr\npcres\man\MA_BD_131_MG01.spr
40E459C7	87941849	20103	32	17235	\spr\npcres\woman\FM_HD_134_DE04.spr
40E93F5B	87959084	93075	32	72118	\spr\npcres\woman\FM_LW_184_HR01.spr
40F4F9D1	88031202	153015	32	127698	\spr\npcres\woman\FM_LW_200_RN06.spr
40F8D1FA	88158900	28877	32	22677	\spr\npcres\woman\FM_HD_143_RN02.spr
41202D3E	88181577	151943	32	131061	\spr\npcres\man\MA_LW_200_RN05.spr
4126A7F2	88312638	59136	32	44478	\spr\npcres\woman\FM_RH_132_ST05.spr
4139185D	88357116	26804	32	21755	\spr\npcres\woman\FM_HD_133_HA01.spr
413C23D5	88378871	28770	32	23274	\spr\npcres\man\MA_HD_150_AT04.spr
413DC4C9	88402145	37969	32	32679	\spr\npcres\man\MA_LH_131_AT05.spr
4145ECC3	88434824	98161	32	79537	\spr\npcres\man\MA_LH_132_WK01.spr
414E4D09	88514361	91067	32	62467	\spr\npcres\woman\FM_RH_130_RD01.spr
415E8959	88576828	214366	32	172505	\spr\npcres\woman\FM_BD_134_WK02.spr
41691EEA	88749333	284691	32	226389	\spr\npcres\man\MA_BD_139_MG04.spr
41742C15	88975722	86085	32	44914	\spr\npcres\woman\FM_RW_193_ST04.spr
41795A5C	89020636	27265	32	20950	\spr\npcres\man\MA_HD_140_ST03.spr
4187B2DB	89041586	29098	32	22727	\spr\npcres\woman\FM_HR_141_WK02.spr
418AA6E5	89064313	43998	32	36015	\spr\npcres\woman\FM_LH_142_DE04.spr
4191F8E8	89100328	142462	32	98177	\spr\npcres\woman\FM_BD_129_ST05.spr
419CBA51	89198505	91813	32	65066	\spr\npcres\man\MA_RH_150_RD01.spr
41AA0D58	89263571	30018	32	26188	\spr\npcres\woman\FM_HD_132_HD01.spr
41C8D9E1	89289759	120318	32	94199	\spr\npcres\woman\FM_RW_195_AT02.spr
41CA3858	89383958	293112	32	243324	\spr\npcres\man\MA_BD_139_AT03.spr
41DB2112	89627282	27715	32	21217	\spr\npcres\man\MA_HD_139_RN03.spr
41E3AF13	89648499	244805	32	204049	\spr\npcres\man\MA_BD_135_RN06.spr
41E81A3C	89852548	29287	32	25241	\spr\npcres\man\MA_HR_129_AT05.spr
41FB441E	89877789	31565	32	26129	\spr\npcres\woman\FM_RH_134_AT03.spr
421B5E34	89903918	89331	32	75908	\spr\npcres\man\MA_LH_129_HD01.spr
421FFAE3	89979826	23938	32	19686	\spr\npcres\woman\FM_HR_153_MG05.spr
42236B1A	89999512	28877	32	23104	\spr\npcres\woman\FM_HD_143_RN03.spr
422E93E7	90022616	24647	32	20924	\spr\npcres\woman\FM_HD_134_DE05.spr
42379255	90043540	17053	32	12430	\spr\npcres\woman\FM_HD_131_MG03.spr
424AD657	90055970	28232	32	23289	\spr\npcres\man\MA_HD_150_AT05.spr
424BCB4B	90079259	51802	32	44779	\spr\npcres\man\MA_LH_131_AT06.spr
42510A40	90124038	102363	32	72732	\spr\npcres\woman\FM_LW_184_MG05.spr
4255DBBE	90196770	258978	32	206636	\spr\npcres\man\MA_BD_131_MG02.spr
4269F112	90403406	56021	32	41270	\spr\npcres\woman\FM_RH_132_ST06.spr
426C527D	90444676	31469	32	25290	\spr\npcres\woman\FM_HD_133_HA02.spr
42721655	90469966	108412	32	69545	\spr\npcres\woman\FM_RW_186_ST05.spr
4281C379	90539511	209886	32	168786	\spr\npcres\woman\FM_BD_134_WK03.spr
428C9CEB	90708297	30440	32	24286	\spr\npcres\woman\FM_HD_129_WK01.spr
429549A6	90732583	209629	32	175576	\spr\npcres\woman\FM_BD_153_JP01.spr
42964319	90908159	26610	32	21589	\spr\npcres\man\MA_HR_150_RN01.spr
42BED3B0	90929748	152691	32	126573	\spr\npcres\man\MA_LW_200_RN06.spr
42C43208	91056321	139568	32	95109	\spr\npcres\woman\FM_BD_129_ST06.spr
42C61B76	91151430	128901	32	100648	\spr\npcres\woman\FM_RW_191_RD01.spr
42C7EAE6	91252078	25713	32	19490	\spr\npcres\man\MA_HD_131_RN01.spr
42CACCFB	91271568	27234	32	21520	\spr\npcres\woman\FM_HR_141_WK03.spr
42D39345	91293088	101459	32	79416	\spr\npcres\man\MA_LH_132_WK02.spr
42E7056C	91372504	339699	32	280824	\spr\npcres\man\MA_BD_139_MG05.spr
42F740DE	91653328	27332	32	20341	\spr\npcres\man\MA_HD_140_ST04.spr
4309DC47	91673669	25044	32	20334	\spr\npcres\woman\FM_HD_142_DE01.spr
4315F52D	91694003	25450	32	20221	\spr\npcres\man\MA_HD_140_HR01.spr
4319045B	91714224	192630	32	161515	\spr\npcres\woman\FM_BD_132_DE01.spr
432AC6C4	91875739	69475	32	63498	\spr\npcres\woman\FM_LW_187_HI01.spr
432D9E3E	91939237	31914	32	26089	\spr\npcres\woman\FM_RH_134_AT04.spr
432F26B7	91965326	24292	32	18804	\spr\npcres\woman\FM_LH_131_RN01.spr
4335BADC	91984130	377552	32	314611	\spr\npcres\man\MA_BD_131_AT01.spr
43402EDA	92298741	254505	32	211732	\spr\npcres\man\MA_BD_139_AT04.spr
4345F732	92510473	24959	32	17204	\spr\npcres\woman\FM_RH_140_ST02.spr
4351D794	92527677	27782	32	20988	\spr\npcres\man\MA_HD_139_RN04.spr
436600BE	92548665	41042	32	34490	\spr\npcres\man\MA_HR_129_AT06.spr
43700C89	92583155	27186	32	19210	\spr\npcres\woman\FM_RH_143_HW01.spr
43731301	92602365	128220	32	106507	\spr\npcres\woman\FM_RW_195_AT03.spr
4386C188	92708872	346547	32	291655	\spr\npcres\man\MA_BD_132_JP01.spr
43935673	93000527	102867	32	77409	\spr\npcres\man\MA_RW_190_ST04.spr
43BF6CA4	93077936	53144	32	40908	\spr\npcres\man\MA_LH_138_IJ03.spr
43C6669B	93118844	28106	32	23860	\spr\npcres\woman\FM_RH_134_MG01.spr
43E4D3DA	93142704	32432	32	27923	\spr\npcres\man\MA_HD_135_IJ05.spr
44147F39	93170627	217014	32	173925	\spr\npcres\woman\FM_BD_134_WK01.spr
44310F55	93344552	70097	32	57413	\spr\npcres\man\MA_LH_139_AT07.spr
44406CC5	93401965	44582	32	36441	\spr\npcres\woman\FM_LH_142_DE03.spr
444D3A90	93438406	27753	32	21156	\spr\npcres\man\MA_HD_139_RN02.spr
445217BA	93459562	28377	32	24595	\spr\npcres\man\MA_HR_129_AT04.spr
4455B891	93484157	244198	32	203651	\spr\npcres\man\MA_BD_135_RN05.spr
445D78BB	93687808	27750	32	21845	\spr\npcres\woman\FM_HR_141_WK01.spr
446EAEC8	93709653	210084	32	143969	\spr\npcres\woman\FM_BD_129_ST04.spr
447F854F	93853622	96765	32	80438	\spr\npcres\man\MA_RW_199_DE02.spr
448EBD7F	93934060	141255	32	97205	\spr\npcres\man\MA_RW_190_ST02.spr
44A573AE	94031265	35915	32	28044	\spr\npcres\woman\FM_RH_140_ZZ01.spr
44AB73A0	94059309	62605	32	50971	\spr\npcres\man\MA_LH_138_IJ01.spr
44B00AFE	94110280	32804	32	24906	\spr\npcres\woman\FM_RH_134_AT02.spr
44BC35E6	94135186	338214	32	274424	\spr\npcres\man\MA_BD_139_AT02.spr
44C0E946	94409610	106661	32	86991	\spr\npcres\man\MA_BD_132_HI01.spr
44D026E6	94496601	18689	32	15899	\spr\npcres\man\MA_HD_135_IJ03.spr
44E65D97	94512500	110679	32	78774	\spr\npcres\man\MA_LH_129_RD01.spr
44EFE043	94591274	25039	32	20007	\spr\npcres\man\MA_HD_150_RN07.spr
4510D1A6	94611281	23022	32	18507	\spr\npcres\woman\FM_LH_131_AT07.spr
45131275	94629788	25004	32	20780	\spr\npcres\woman\FM_RH_141_MG05.spr
451D7D60	94650568	26610	32	22424	\spr\npcres\man\MA_HD_137_HA01.spr
451E6A2C	94672992	82579	32	61151	\spr\npcres\man\MA_LH_129_ST06.spr
454143A6	94734143	136807	32	111223	\spr\npcres\woman\FM_BD_141_IJ02.spr
4547A04C	94845366	27121	32	23239	\spr\npcres\woman\FM_HR_153_AT05.spr
454835B7	94868605	43126	32	34845	\spr\npcres\man\MA_LH_131_MG04.spr
454F6D63	94903450	27669	32	22380	\spr\npcres\man\MA_HD_150_MG03.spr
4554544E	94925830	232891	32	196750	\spr\npcres\man\MA_BD_131_RN03.spr
457A073B	95122580	112354	32	94091	\spr\npcres\man\MA_RW_194_WK02.spr
458260B5	95216671	18946	32	16027	\spr\npcres\woman\FM_HR_153_IJ02.spr
4598818A	95232698	79915	32	63538	\spr\npcres\man\MA_HR_131_DE04.spr
45B51F21	95296236	75289	32	66480	\spr\npcres\man\MA_RH_135_JP01.spr
45C8A603	95362716	22106	32	17671	\spr\npcres\woman\FM_LH_131_MG04.spr
45CFE23B	95380387	44698	32	32276	\spr\npcres\woman\FM_HR_133_WK04.spr
45D2412F	95412663	214065	32	172311	\spr\npcres\man\MA_BD_150_MG07.spr
45D530FF	95584974	23898	32	19165	\spr\npcres\man\MA_HD_132_HW01.spr
45F10E7F	95604139	25526	32	18431	\spr\npcres\woman\FM_LH_129_WK02.spr
45FC0C7B	95622570	144420	32	120477	\spr\npcres\man\MA_RW_185_IJ03.spr
4612BD12	95743047	30977	32	21621	\spr\npcres\woman\FM_RH_140_ST01.spr
461DCD68	95764668	42144	32	33818	\spr\npcres\man\MA_HR_130_HD01.spr
46216622	95798486	61166	32	48189	\spr\npcres\man\MA_LH_138_IJ02.spr
466E2D58	95846675	31213	32	25997	\spr\npcres\man\MA_HD_135_IJ04.spr
467DEE6A	95872672	116495	32	93287	\spr\npcres\man\MA_RW_198_RD01.spr
4687774C	95965959	66795	32	51725	\spr\npcres\woman\FM_LH_130_ZZ01.spr
468A0DED	96017684	264372	32	198556	\spr\npcres\woman\FM_BD_130_HW01.spr
468AFA6C	96216240	36040	32	30388	\spr\npcres\woman\FM_HR_153_AT06.spr
468B9DC6	96246628	106355	32	84176	\spr\npcres\woman\FM_BD_141_IJ03.spr
4699984C	96330804	52019	32	43503	\spr\npcres\woman\FM_HR_131_HM01.spr
46AB63E2	96374307	30803	32	25870	\spr\npcres\man\MA_HD_137_HA02.spr
46AF46D3	96400177	111140	32	70520	\spr\npcres\man\MA_RH_139_ST01.spr
46C3DF29	96470697	139632	32	113140	\spr\npcres\woman\FM_LW_184_AT06.spr
46C513E5	96583837	29259	32	23409	\spr\npcres\man\MA_HD_150_MG04.spr
46C63829	96607246	57648	32	46916	\spr\npcres\man\MA_LH_131_MG05.spr
46D889F3	96654162	89833	32	68880	\spr\npcres\man\MA_LH_137_HM01.spr
46DB07F7	96723042	186568	32	150942	\spr\npcres\man\MA_RW_189_RN03.spr
46E25AC0	96873984	233367	32	196288	\spr\npcres\man\MA_BD_131_RN04.spr
46F4D9D9	97070272	21545	32	17143	\spr\npcres\woman\FM_HD_140_HW01.spr
47245B9F	97087415	20112	32	15693	\spr\npcres\woman\FM_LH_129_WK03.spr
4734BAD5	97103108	14432	32	12278	\spr\npcres\woman\FM_HR_153_IJ03.spr
47373424	97115386	50039	32	38565	\spr\npcres\man\MA_RH_128_WK01.spr
4741AFB1	97153951	150194	32	130824	\spr\npcres\woman\FM_LW_200_RN05.spr
475A0E15	97284775	20188	32	16334	\spr\npcres\woman\FM_HD_131_MG01.spr
475CE515	97301109	177226	32	148154	\spr\npcres\woman\FM_BD_153_RN03.spr
4773F023	97449263	18764	32	14944	\spr\npcres\woman\FM_LH_131_MG05.spr
477CFD94	97464207	60380	32	45708	\spr\npcres\woman\FM_LH_142_HM01.spr
479F5108	97509915	232157	32	172401	\spr\npcres\woman\FM_BD_143_HA02.spr
47A216A3	97682316	22971	32	18971	\spr\npcres\woman\FM_HR_153_MG03.spr
47A453F5	97701287	2021	0	2021	\spr\item\equip\ring\obj-ring122.spr
47A461A1	97703308	159737	32	141621	\spr\npcres\man\MA_RW_187_HA02.spr
47A63D53	97844929	31057	32	25235	\spr\npcres\man\MA_HD_150_AT03.spr
47A7DE57	97870164	39959	32	34073	\spr\npcres\man\MA_LH_131_AT04.spr
47B10FA7	97904237	19601	32	16758	\spr\npcres\woman\FM_HD_134_DE03.spr
47B587DA	97920995	28727	32	23038	\spr\npcres\woman\FM_HD_143_RN01.spr
47C43DE1	97944033	36707	32	29223	\spr\npcres\woman\FM_HD_135_JP01.spr
47C9111F	97973256	217778	32	178372	\spr\npcres\man\MA_BD_150_AT07.spr
47D36868	98151628	257173	32	211628	\spr\npcres\man\MA_BD_139_MG03.spr
47E357DA	98363256	36528	32	27567	\spr\npcres\man\MA_HD_140_ST02.spr
47F14A4C	98390823	40197	32	34334	\spr\npcres\man\MA_HR_129_MG05.spr
47FC6DD2	98425157	87141	32	64002	\spr\npcres\woman\FM_RH_132_ST04.spr
48029B08	98489159	72116	32	56689	\spr\npcres\man\MA_HR_131_DE03.spr
48125207	98545848	137048	32	123493	\spr\npcres\woman\FM_LW_187_HM01.spr
4818A722	98669341	172055	32	153242	\spr\npcres\man\MA_RW_187_WK04.spr
481D162C	98822583	28695	32	24423	\spr\npcres\woman\FM_HR_153_AT04.spr
481E0986	98847006	139908	32	107592	\spr\npcres\woman\FM_BD_141_IJ01.spr
48217324	98954598	88394	32	71852	\spr\npcres\man\MA_RW_198_HR01.spr
483166E1	99026450	26994	32	21188	\spr\npcres\man\MA_HD_150_MG02.spr
48320F35	99047638	39849	32	34195	\spr\npcres\man\MA_LH_131_MG03.spr
484EF45F	99081833	25547	32	18446	\spr\npcres\woman\FM_LH_129_WK01.spr
485FD695	99100279	19328	32	16206	\spr\npcres\woman\FM_HR_153_IJ01.spr
487DF97E	99116485	2862	32	2644	\Spr\item\equip\bangle\obj-bangle124.spr
4883A950	99119129	31440	32	23964	\spr\npcres\woman\FM_HD_135_RN03.spr
4884A81B	99143093	45160	32	32254	\spr\npcres\woman\FM_HR_133_WK03.spr
4884C72D	99175347	151235	32	126369	\spr\npcres\man\MA_BD_137_ZZ01.spr
48866CE3	99301716	17992	32	13194	\spr\npcres\woman\FM_LH_131_MG03.spr
4892005F	99314910	41217	32	33639	\spr\npcres\man\MA_HD_150_AT01.spr
48932553	99348549	54642	32	46859	\spr\npcres\man\MA_LH_131_AT02.spr
48CF7F74	99395408	308964	32	261627	\spr\npcres\man\MA_BD_139_MG01.spr
48D588AF	99657035	43646	32	37558	\spr\npcres\man\MA_HR_140_AT07.spr
48DBB867	99694593	27820	32	22570	\spr\npcres\woman\FM_HD_134_DE01.spr
48DCD09D	99717163	16506	32	13771	\spr\npcres\woman\FM_RH_129_DE03.spr
48E711D5	99730934	178774	32	148148	\spr\npcres\woman\FM_BD_153_RN01.spr
48ED5148	99879082	29833	32	25469	\spr\npcres\man\MA_HR_129_MG03.spr
48F8C8CB	99904551	42644	32	31868	\spr\npcres\man\MA_HR_130_RD01.spr
48FD6A75	99936419	27451	32	23786	\spr\npcres\woman\FM_LH_134_DE05.spr
49069992	99960205	60789	32	44580	\spr\npcres\woman\FM_RH_132_ST02.spr
49109960	100004785	34326	32	25890	\spr\npcres\man\MA_HR_130_ST06.spr
4925641B	100030675	217371	32	178265	\spr\npcres\man\MA_BD_150_AT05.spr
492D1251	100208940	67645	32	56468	\spr\npcres\man\MA_LH_139_AT05.spr
492F3ED5	100265408	147359	32	111602	\spr\npcres\woman\FM_RW_186_ST01.spr
4931C0CF	100377010	70797	32	53624	\spr\npcres\woman\FM_RH_135_HW01.spr
49348363	100430634	26755	32	22903	\spr\npcres\woman\FM_HR_153_MG01.spr
49418F9D	100453537	229646	32	188432	\spr\npcres\man\MA_BD_135_RN03.spr
494E7AC6	100641969	39279	32	33490	\spr\npcres\man\MA_HR_129_AT02.spr
49540EB5	100675459	79373	32	57458	\spr\npcres\woman\FM_RW_193_ST01.spr
4955B075	100732917	233785	32	155533	\spr\npcres\woman\FM_BD_142_RD01.spr
49734F1F	100888450	116932	32	94475	\spr\npcres\man\MA_RW_199_HM01.spr
498D39C8	100982925	40663	32	33238	\spr\npcres\woman\FM_RH_141_AT06.spr
49B2EBA2	101016163	40413	32	29281	\spr\npcres\man\MA_LH_128_HW01.spr
49CC0DE2	101045444	23616	32	20147	\spr\npcres\man\MA_HD_135_IJ01.spr
49EA9885	101065591	61367	32	47615	\spr\npcres\woman\FM_LH_142_DE01.spr
49F1B2E1	101113206	32805	32	26755	\spr\npcres\man\MA_HD_137_WK03.spr
49F1DA88	101139961	140079	32	87497	\spr\npcres\woman\FM_BD_129_ST02.spr
49F94BE2	101227458	14905	32	12762	\spr\npcres\woman\FM_HD_143_IJ04.spr
49FFEB1C	101240220	90222	32	73939	\spr\npcres\woman\FM_BD_133_IJ04.spr
4A076ABD	101314159	17024	32	13804	\spr\npcres\woman\FM_RH_129_DE04.spr
4A0EF587	101327963	30150	32	25095	\spr\npcres\woman\FM_HD_134_DE02.spr
4A2836D1	101353058	36175	32	29405	\spr\npcres\man\MA_HD_150_AT02.spr
4A292BD5	101382463	48582	32	41317	\spr\npcres\man\MA_LH_131_AT03.spr
4A29ABF5	101423780	179468	32	150221	\spr\npcres\woman\FM_BD_153_RN02.spr
4A2E7B2F	101574001	141194	32	126134	\spr\npcres\man\MA_RW_187_HA01.spr
4A36E370	101700135	31562	32	24138	\spr\npcres\woman\FM_HD_135_RN04.spr
4A4565F6	101724273	258728	32	204102	\spr\npcres\man\MA_BD_139_MG02.spr
4A48A38C	101928375	102697	32	88222	\spr\npcres\woman\FM_RW_196_HW01.spr
4A49D3B2	102016597	59727	32	41344	\spr\npcres\woman\FM_RH_132_ST03.spr
4A5248F5	102057941	116553	32	90730	\spr\npcres\woman\FM_RW_186_ST02.spr
4A5407E8	102148671	198879	32	155961	\spr\npcres\woman\FM_BD_143_HA01.spr
4A54A158	102304632	36560	32	23390	\spr\npcres\man\MA_HD_140_ST01.spr
4A5BD3EE	102328022	60151	32	50093	\spr\npcres\man\MA_RH_132_ZZ01.spr
4A60B888	102378115	183333	32	153804	\spr\npcres\woman\FM_RW_189_HW01.spr
4A7119D5	102531919	2021	0	2021	\spr\item\equip\ring\obj-ring121.spr
4A7B47CA	102533940	34202	32	28296	\spr\npcres\man\MA_HR_129_MG04.spr
4A7FDC83	102562236	27546	32	22568	\spr\npcres\woman\FM_HR_153_MG02.spr
4A9F58D5	102584804	62968	32	47381	\spr\npcres\woman\FM_RW_193_ST02.spr
4AA81F48	102632185	121684	32	109401	\spr\npcres\woman\FM_LW_187_DE04.spr
4AB36A9D	102741586	287308	32	230942	\spr\npcres\man\MA_BD_150_AT06.spr
4ABB18D3	102972528	97105	32	78916	\spr\npcres\man\MA_LH_139_AT06.spr
4AC46138	103051444	35385	32	29966	\spr\npcres\man\MA_HR_129_AT03.spr
4AC57D5F	103081410	95033	32	77099	\spr\npcres\man\MA_RW_197_HW01.spr
4ACAFF69	103158509	229592	32	188165	\spr\npcres\woman\FM_BD_142_HD01.spr
4ADFB21F	103346674	231656	32	193036	\spr\npcres\man\MA_BD_135_RN04.spr
4B0DF0DE	103539710	27749	32	22019	\spr\npcres\woman\FM_RH_134_AT01.spr
4B0FB963	103561729	32664	32	26507	\spr\npcres\man\MA_HD_137_WK04.spr
4B1DD2A5	103588236	66817	32	53007	\spr\npcres\woman\FM_LH_142_DE02.spr
4B2414A8	103641243	140844	32	90910	\spr\npcres\woman\FM_BD_129_ST03.spr
4B260F64	103732153	370855	32	306745	\spr\npcres\man\MA_BD_139_AT01.spr
4B3073E8	104038898	31165	32	26055	\spr\npcres\woman\FM_RH_141_AT07.spr
4B336350	104064953	110535	32	91658	\spr\npcres\woman\FM_RW_190_WK02.spr
4B37341E	104156611	27772	32	21222	\spr\npcres\man\MA_HD_139_RN01.spr
4B472F95	104177833	62043	32	50745	\spr\npcres\man\MA_RH_150_HR01.spr
4B5A3064	104228578	20565	32	17397	\spr\npcres\man\MA_HD_135_IJ02.spr
4B70B6FD	104245975	140350	32	110450	\spr\npcres\man\MA_RW_190_ST01.spr
4B8067AA	104356425	75961	32	57404	\spr\npcres\man\MA_LH_129_ST05.spr
4B81850B	104413829	90777	32	68557	\spr\npcres\man\MA_RW_198_ST04.spr
4B888946	104482386	22147	32	17607	\spr\npcres\woman\FM_RH_129_HM01.spr
4BA08DAB	104499993	197335	32	147660	\spr\npcres\woman\FM_BD_153_MG07.spr
4BDDA1CC	104647653	232795	32	195419	\spr\npcres\man\MA_BD_131_RN02.spr
4BE8D855	104843072	31450	32	25264	\spr\npcres\woman\FM_RH_141_MG04.spr
4BED8786	104868336	29803	32	24312	\spr\npcres\woman\FM_LH_131_AT06.spr
4C1577FE	104892648	33755	32	24458	\spr\npcres\woman\FM_HR_129_JP01.spr
4C2E6588	104917106	124048	32	108321	\spr\npcres\woman\FM_RW_187_MG05.spr
4C2FF07F	105025427	41144	32	33957	\spr\npcres\woman\FM_RW_292_RN02.spr
4C307444	105059384	43412	32	37199	\spr\npcres\man\MA_HR_129_AT01.spr
4C3EC919	105096583	206924	32	168691	\spr\npcres\woman\FM_BD_141_WK04.spr
4C4DC0CD	105265274	25230	32	19051	\spr\npcres\man\MA_HD_150_RN04.spr
4C4E8168	105284325	173217	32	122280	\spr\npcres\woman\FM_BD_129_ST01.spr
4C5AEFA8	105406605	31670	32	24625	\spr\npcres\woman\FM_RH_141_AT05.spr
4C7B8C6F	105431230	32784	32	25306	\spr\npcres\man\MA_HD_137_WK02.spr
4CAB1142	105456536	60904	32	50846	\spr\npcres\man\MA_RH_138_RN04.spr
4CB551FC	105507382	91433	32	71411	\spr\npcres\woman\FM_BD_133_IJ03.spr
4CB5E839	105578793	26176	32	21421	\spr\npcres\woman\FM_HD_132_HW01.spr
4CB631C2	105600214	14667	32	11202	\spr\npcres\woman\FM_HD_143_IJ03.spr
4CC3CA5A	105611416	40014	32	33181	\spr\npcres\man\MA_RW_292_RN02.spr
4CCB266B	105644597	145757	32	106740	\spr\npcres\woman\FM_BD_153_MG05.spr
4CFC4AB6	105751337	83349	32	61747	\spr\npcres\man\MA_LH_129_ST03.spr
4CFC69A9	105813084	159586	32	140424	\spr\npcres\man\MA_RW_291_AT11.spr
4CFDE817	105953508	127296	32	88703	\spr\npcres\man\MA_RW_198_ST02.spr
4D2E1231	106042211	52648	32	44949	\spr\npcres\man\MA_LH_131_MG01.spr
4D3C1704	106087160	32526	32	24921	\spr\npcres\woman\FM_LH_134_HM01.spr
4D44FA3D	106112081	28150	32	20367	\spr\npcres\woman\FM_LH_140_HW01.spr
4D478214	106132448	56783	32	47526	\spr\npcres\man\MA_RH_128_JP01.spr
4D4D2508	106179974	181424	32	130038	\spr\npcres\woman\FM_BD_135_HA02.spr
4D703046	106310012	26824	32	20831	\spr\npcres\woman\FM_LH_131_AT04.spr
4D737415	106330843	32093	32	25699	\spr\npcres\woman\FM_RH_141_MG02.spr
4D7EEE14	106356542	57873	32	45806	\spr\npcres\man\MA_HR_131_DE01.spr
4D8E7EE7	106402348	34952	32	25211	\spr\npcres\woman\FM_HD_129_RD01.spr
4D967916	106427559	255204	32	225315	\spr\npcres\man\MA_BD_138_DE04.spr
4DA782EC	106652874	27957	32	23797	\spr\npcres\woman\FM_HR_153_AT02.spr
4DB7A1A9	106676671	236697	32	184295	\spr\npcres\man\MA_BD_150_MG04.spr
4DB85FEF	106860966	71816	32	59048	\spr\npcres\man\MA_LH_139_MG04.spr
4DC19FAB	106920014	43265	32	37075	\spr\npcres\man\MA_HR_140_AT05.spr
4DC3430B	106957089	149336	32	130824	\spr\npcres\woman\FM_RW_187_AT07.spr
4DD5F0EE	107087913	88850	32	72205	\spr\npcres\woman\FM_RW_199_HR01.spr
4DD8A454	107160118	39232	32	33611	\spr\npcres\man\MA_HR_129_MG01.spr
4DEEFC46	107193729	261868	32	212575	\spr\npcres\man\MA_BD_135_IJ04.spr
4DF0C709	107406304	18278	32	15560	\spr\npcres\man\MA_HD_128_IJ03.spr
4E0A7128	107421864	87138	32	63595	\spr\npcres\man\MA_LH_129_ST04.spr
4E117115	107485459	23871	32	19663	\spr\npcres\woman\FM_HD_143_HR01.spr
4E17914F	107505122	164828	32	129799	\spr\npcres\woman\FM_BD_133_HR01.spr
4E47BB4A	107634921	230613	32	194159	\spr\npcres\man\MA_BD_131_RN01.spr
4E56861D	107829080	42275	32	35148	\spr\npcres\man\MA_LH_140_HD01.spr
4EA418B3	107864228	37935	32	31356	\spr\npcres\man\MA_LH_131_MG02.spr
4EA58E35	107895584	26366	32	19156	\spr\npcres\woman\FM_RH_141_MG03.spr
4EA8E587	107914740	66179	32	54974	\spr\npcres\man\MA_LH_129_HR01.spr
4EBB4A66	107969714	23358	32	17628	\spr\npcres\woman\FM_LH_131_AT05.spr
4EBB706F	107987342	36410	32	30084	\spr\npcres\man\MA_HD_150_MG01.spr
4ECE542B	108017426	290459	32	234133	\spr\npcres\man\MA_BD_150_MG05.spr
4EEADC0C	108251559	28821	32	24339	\spr\npcres\woman\FM_HR_153_AT03.spr
4EF49496	108275898	50837	32	40622	\spr\npcres\man\MA_HR_131_DE02.spr
4EF726DF	108316520	25333	32	21826	\spr\npcres\man\MA_RH_135_HI01.spr
4F053ED1	108338346	56905	32	49138	\spr\npcres\man\MA_LH_131_AT01.spr
4F0ECD8B	108387484	30878	32	25597	\spr\npcres\man\MA_HD_128_IJ04.spr
4F2DDBF0	108413081	72814	32	63865	\spr\npcres\man\MA_HR_138_HD01.spr
4F364261	108476946	104748	32	84175	\spr\npcres\man\MA_LH_139_MG05.spr
4F4AD055	108561121	22508	32	19233	\spr\npcres\woman\FM_LH_134_DE04.spr
4F4AD667	108580354	104208	32	81577	\spr\npcres\man\MA_RH_130_IJ04.spr
4F521EFB	108661931	44534	32	32175	\spr\npcres\woman\FM_HR_133_WK02.spr
4F53D2C3	108694106	22689	32	17620	\spr\npcres\woman\FM_LH_131_MG02.spr
4F56AAD6	108711726	30473	32	25548	\spr\npcres\man\MA_HR_129_MG02.spr
4F591F30	108737274	31422	32	24013	\spr\npcres\woman\FM_HD_135_RN02.spr
4F5F822D	108761287	61406	32	50984	\spr\npcres\man\MA_HR_140_AT06.spr
4F61F412	108812271	2380	32	2312	\Spr\item\equip\bangle\obj-bangle123.spr
4F64E2B8	108814583	279553	32	233730	\spr\npcres\man\MA_BD_135_IJ05.spr
4F976FDF	109048313	73508	32	61037	\spr\npcres\man\MA_LH_139_AT04.spr
4F9A92EE	109109350	33862	32	25521	\spr\npcres\man\MA_HR_130_ST05.spr
4FA9877D	109134871	26652	32	20985	\spr\npcres\woman\FM_RH_129_DE02.spr
4FAF7199	109155856	216792	32	181867	\spr\npcres\man\MA_BD_150_AT04.spr
4FC8B492	109337723	147182	32	129735	\spr\npcres\man\MA_LW_187_AT07.spr
4FCB991B	109467458	229236	32	186655	\spr\npcres\man\MA_BD_135_RN02.spr
4FD67AB3	109654113	119052	32	100089	\spr\npcres\man\MA_LH_132_JP01.spr
4FDC4C72	109754202	75913	32	54604	\spr\npcres\woman\FM_RH_132_ST01.spr
4FE57131	109808806	85853	32	72495	\spr\npcres\man\MA_RH_132_HA02.spr
500178AE	109881301	140943	32	97909	\spr\npcres\woman\FM_BD_153_ST01.spr
5010315A	109979210	19023	32	14818	\spr\npcres\woman\FM_HR_129_DE04.spr
5015071B	109994028	61190	32	48299	\spr\npcres\woman\FM_LH_143_DE01.spr
50152967	110042327	22948	32	19241	\spr\npcres\man\MA_LH_131_HI01.spr
501A6C9C	110061568	242178	32	194510	\spr\npcres\man\MA_BD_132_WK03.spr
501A7C4C	110256078	23469	32	15872	\spr\npcres\woman\FM_HD_130_ST03.spr
50240C7B	110271950	144154	32	112526	\spr\npcres\woman\FM_BD_140_DE03.spr
50262977	110384476	39845	32	29048	\spr\npcres\man\MA_HD_129_ST05.spr
5027CD3D	110413524	33130	32	27010	\spr\npcres\woman\FM_HD_135_DE01.spr
5031960F	110440534	29221	32	24626	\spr\npcres\man\MA_HR_150_MG03.spr
5034138C	110465160	101798	32	82859	\spr\npcres\woman\FM_BD_134_IJ04.spr
50373818	110548019	20400	32	17406	\spr\npcres\woman\FM_HD_129_IJ02.spr
5060EB7D	110565425	37661	32	27405	\spr\npcres\man\MA_RH_131_ST05.spr
506BBD4D	110592830	165096	32	145195	\spr\npcres\man\MA_BD_130_IJ01.spr
506C19BF	110738025	183238	32	139296	\spr\npcres\woman\FM_BD_134_HR01.spr
50856ABA	110877321	42735	32	34766	\spr\npcres\man\MA_RH_137_RN02.spr
508D7955	110912087	45639	32	34169	\spr\npcres\woman\FM_RH_142_MG03.spr
5092B07D	110946256	39288	32	33259	\spr\npcres\man\MA_HR_150_AT02.spr
50DD54BF	110979515	129554	32	105158	\spr\npcres\man\MA_RH_135_WK05.spr
50E5E6FB	111084673	198140	32	166084	\spr\npcres\man\MA_BD_138_IJ04.spr
50E8EB14	111250757	58801	32	44125	\spr\npcres\man\MA_HR_140_ST01.spr
50EA3522	111294882	230759	32	197446	\spr\npcres\man\MA_RW_185_AT04.spr
50F1694C	111492328	74511	32	59708	\spr\npcres\woman\FM_LH_132_AT05.spr
511DEF77	111552036	151609	32	123584	\spr\npcres\man\MA_LW_200_HW01.spr
512A3669	111675620	258877	32	219328	\spr\npcres\man\MA_BD_129_HD01.spr
51431DEF	111894948	72764	32	51831	\spr\npcres\man\MA_LH_150_ST04.spr
515981C9	111946779	169018	32	138769	\spr\npcres\man\MA_LW_187_ST02.spr
515C504C	112085548	27592	32	22371	\spr\npcres\man\MA_RH_128_ZZ01.spr
515E04E8	112107919	30030	32	24986	\spr\npcres\man\MA_HD_139_AT05.spr
51721702	112132905	82310	32	69579	\spr\npcres\man\MA_LH_132_HD01.spr
5177A64D	112202484	22434	32	17884	\spr\npcres\man\MA_HD_140_ZZ01.spr
5180BDDE	112220368	195374	32	168096	\spr\npcres\man\MA_BD_137_DE02.spr
5180E28B	112388464	58271	32	48986	\spr\npcres\woman\FM_LH_135_DE04.spr
51909C80	112437450	52419	32	39419	\spr\npcres\man\MA_HD_129_WK03.spr
51A9CCD3	112476869	80365	32	63462	\spr\npcres\woman\FM_LH_132_MG02.spr
51AE876B	112540331	34215	32	26571	\spr\npcres\woman\FM_HR_134_WK02.spr
51BB03DE	112566902	56556	32	47884	\spr\npcres\woman\FM_RH_134_AT09.spr
51CA96E3	112614786	73853	32	61990	\spr\npcres\man\MA_RH_132_DE01.spr
51D71F9D	112676776	32940	32	26300	\spr\npcres\man\MA_HD_135_MG04.spr
51DE7C8A	112703076	27975	32	22545	\spr\npcres\man\MA_HR_135_IJ02.spr
51E26899	112725621	30476	32	24377	\spr\npcres\man\MA_HD_128_HW01.spr
51E2CBF8	112749998	58805	32	48369	\spr\npcres\man\MA_LH_150_HR01.spr
51EBCED7	112798367	26345	32	21894	\spr\npcres\woman\FM_HR_153_RN04.spr
51FFADCC	112820261	26374	32	19833	\spr\npcres\woman\FM_LH_140_AT01.spr
5213113C	112840094	39860	32	32538	\spr\npcres\man\MA_RH_137_RN03.spr
5228A6FF	112872632	35483	32	29915	\spr\npcres\man\MA_HR_150_AT03.spr
5237B375	112902547	61052	32	45669	\spr\npcres\woman\FM_RH_142_MG04.spr
52388BEB	112948216	132458	32	113533	\spr\npcres\man\MA_RW_192_AT02.spr
5239DB12	113061749	51667	32	42926	\spr\npcres\woman\FM_RW_292_DE02.spr
523BA36C	113104675	94691	32	76621	\spr\npcres\woman\FM_LH_132_AT06.spr
5254C642	113181296	127124	32	96725	\spr\npcres\woman\FM_BD_142_IJ01.spr
52603BA4	113278021	241830	32	203831	\spr\npcres\man\MA_RW_185_AT05.spr
52669196	113481852	59036	32	46181	\spr\npcres\man\MA_HR_140_ST02.spr
52C179F8	113528033	73528	32	64706	\spr\npcres\man\MA_LH_135_JP01.spr
52D09D4A	113592739	200196	32	143309	\spr\npcres\woman\FM_BD_140_HM01.spr
52D1D08B	113736048	32070	32	25478	\spr\npcres\woman\FM_HR_134_WK03.spr
52D40B6A	113761526	38825	32	32180	\spr\npcres\man\MA_HD_139_AT06.spr
52D90061	113793706	63783	32	47942	\spr\npcres\man\MA_LH_150_ST05.spr
52DA4755	113841648	83719	32	70136	\spr\npcres\man\MA_RH_139_HD01.spr
52DC06F3	113911784	62595	32	49509	\spr\npcres\woman\FM_LH_132_MG03.spr
52DC53CC	113961293	109812	32	82492	\spr\npcres\woman\FM_RW_184_RD01.spr
531EA050	114043785	275986	32	234098	\spr\npcres\man\MA_BD_137_DE03.spr
5322E7EC	114277883	27632	32	20525	\spr\npcres\woman\FM_LH_140_AT02.spr
532E8302	114298408	52409	32	39042	\spr\npcres\man\MA_HD_129_WK04.spr
53409D65	114337450	66355	32	58235	\spr\npcres\man\MA_RH_132_DE02.spr
53520215	114395685	27311	32	22242	\spr\npcres\man\MA_HR_150_RN07.spr
53531AB2	114417927	33646	32	23323	\spr\npcres\woman\FM_RH_133_ST02.spr
5354630C	114441250	22946	32	19114	\spr\npcres\man\MA_HR_135_IJ03.spr
536D021F	114460364	41543	32	34758	\spr\npcres\man\MA_HD_135_MG05.spr
537BA745	114495122	116350	32	93678	\spr\npcres\woman\FM_RW_187_ST01.spr
537FEBB3	114588800	75563	32	65831	\spr\npcres\woman\FM_RH_153_DE02.spr
5386D617	114654631	205918	32	139585	\spr\npcres\man\MA_RW_186_ST02.spr
53A09EFF	114794216	82888	32	62427	\spr\npcres\woman\FM_RW_194_ST01.spr
53BC08A5	114856643	223128	32	145986	\spr\npcres\woman\FM_BD_143_RD01.spr
53BF2417	115002629	25931	32	17593	\spr\npcres\woman\FM_HD_153_RD01.spr
53C526DC	115020222	32376	32	27360	\spr\npcres\man\MA_HR_139_RN02.spr
53CE2F8D	115047582	31545	32	25794	\spr\npcres\man\MA_HD_135_AT04.spr
53CF131A	115073376	128528	32	104650	\spr\npcres\man\MA_BD_128_HI01.spr
53D49E7E	115178026	72916	32	57784	\spr\npcres\woman\FM_RH_142_AT06.spr
53F27DC8	115235810	254975	32	210346	\spr\npcres\man\MA_BD_131_AT07.spr
53F7288D	115446156	75946	32	57287	\spr\npcres\woman\FM_RH_130_WK02.spr
53F93E6E	115503443	30585	32	26261	\spr\npcres\woman\FM_HR_153_JP01.spr
540AB75C	115529704	213578	32	177188	\spr\npcres\man\MA_BD_137_DE01.spr
541A960E	115706892	50469	32	34807	\spr\npcres\man\MA_HD_129_WK02.spr
5435176D	115741699	69941	32	52261	\spr\npcres\man\MA_LH_150_ST03.spr
5438A27B	115793960	82915	32	69648	\spr\npcres\woman\FM_RW_186_HI01.spr
54407608	115863608	28487	32	23877	\spr\npcres\man\MA_HR_135_IJ01.spr
54421B54	115887485	260452	32	196151	\spr\npcres\man\MA_BD_135_HW01.spr
5459691B	116083636	31439	32	25671	\spr\npcres\man\MA_HD_135_MG03.spr
545BAE0F	116109307	70213	32	60384	\spr\npcres\man\MA_RH_132_HM01.spr
545DA96B	116169691	59621	32	50011	\spr\npcres\woman\FM_LH_135_DE03.spr
54644D4B	116219702	33050	32	26027	\spr\npcres\woman\FM_HR_134_WK01.spr
54659D35	116245729	43902	32	36858	\spr\npcres\woman\FM_RW_193_HI01.spr
5466B2B3	116282587	81230	32	64813	\spr\npcres\woman\FM_LH_132_MG01.spr
546D8456	116347400	10829	32	8882	\spr\npcres\woman\FM_LH_129_IJ04.spr
5470C9BE	116356282	64855	32	54901	\spr\npcres\woman\FM_RH_134_AT08.spr
54A0B4B7	116411183	26301	32	21783	\spr\npcres\woman\FM_HR_153_RN03.spr
54A82EB2	116432966	22551	32	13285	\spr\npcres\woman\FM_RH_140_ST06.spr
54AC3993	116446251	27506	32	22205	\spr\npcres\woman\FM_HD_141_HA02.spr
54B2BC54	116468456	45293	32	36326	\spr\npcres\woman\FM_RH_133_ZZ01.spr
54C07921	116504782	182923	32	154733	\spr\npcres\man\MA_RW_189_AT04.spr
54C16C4F	116659515	184977	32	148532	\spr\npcres\woman\FM_BD_142_WK03.spr
54CBC18E	116808047	92134	32	75077	\spr\npcres\man\MA_LH_130_IJ04.spr
54DD02C8	116883124	27777	32	22071	\spr\npcres\woman\FM_LH_131_JP01.spr
54EE40D4	116905195	259586	32	214327	\spr\npcres\man\MA_BD_131_AT05.spr
55123C73	117119522	39772	32	29143	\spr\npcres\man\MA_HD_129_ST03.spr
55295E1B	117148665	22279	32	18803	\spr\npcres\woman\FM_RH_134_MG05.spr
552DFD0B	117167468	39490	32	33604	\spr\npcres\man\MA_HR_150_MG01.spr
5531C278	117201072	158473	32	134372	\spr\npcres\woman\FM_RW_188_MG04.spr
553A3289	117335444	41255	32	33638	\spr\npcres\man\MA_HD_135_AT02.spr
5547E4E0	117369082	50176	32	36626	\spr\npcres\woman\FM_LH_130_ST05.spr
554EB83B	117405708	187315	32	153214	\spr\npcres\woman\FM_BD_140_DE01.spr
555CFE79	117558922	32542	32	25256	\spr\npcres\man\MA_RH_131_ST03.spr
555E8C4C	117584178	125417	32	99656	\spr\npcres\woman\FM_BD_134_IJ02.spr
55767398	117683834	243582	32	196316	\spr\npcres\man\MA_BD_132_WK01.spr
557F0A3E	117880150	66726	32	50975	\spr\npcres\woman\FM_RH_142_AT04.spr
55A542A8	117931125	104205	32	74259	\spr\npcres\man\MA_RH_139_RD01.spr
55ACE80C	118005384	28587	32	23535	\spr\npcres\woman\FM_HD_130_ST01.spr
55BAAD1A	118028919	29120	32	21185	\spr\npcres\woman\FM_HR_129_DE02.spr
55C0F3B6	118050104	94057	32	79060	\spr\npcres\woman\FM_RW_190_HR01.spr
55C8BBBB	118129164	57539	32	48245	\spr\npcres\man\MA_RH_135_WK03.spr
55D1CD07	118177409	134615	32	108322	\spr\npcres\man\MA_BD_138_IJ02.spr
55DD134D	118285731	77655	32	56367	\spr\npcres\man\MA_RH_139_ST06.spr
55E94186	118342098	31451	32	25272	\spr\npcres\man\MA_HD_139_MG04.spr
55F17737	118367370	66313	32	55453	\spr\npcres\man\MA_HR_128_IJ04.spr
56082395	118422823	203023	32	158113	\spr\npcres\man\MA_RW_186_ST01.spr
560BA66F	118580936	184498	32	148355	\spr\npcres\woman\FM_BD_142_WK04.spr
5628C092	118729291	41373	32	29521	\spr\npcres\woman\FM_RH_133_ST01.spr
562D030A	118758812	117675	32	89008	\spr\npcres\woman\FM_LW_184_RN04.spr
562E7575	118847820	119688	32	89488	\spr\npcres\man\MA_RH_130_HW01.spr
56355193	118937308	73563	32	62624	\spr\npcres\woman\FM_RH_153_DE01.spr
564C9F6D	118999932	74264	32	56835	\spr\npcres\woman\FM_RH_130_WK01.spr
564F305A	119056767	32379	32	27403	\spr\npcres\man\MA_HR_139_RN01.spr
5653E83B	119084170	49938	32	42326	\spr\npcres\woman\FM_RH_134_MG06.spr
565E6FA3	119126496	194820	32	161284	\spr\npcres\man\MA_RW_189_AT05.spr
56647756	119287780	338732	32	277035	\spr\npcres\man\MA_BD_131_AT06.spr
5681C66C	119564815	97942	32	75895	\spr\npcres\woman\FM_BD_134_IJ03.spr
56826D59	119640710	26390	32	20179	\spr\npcres\woman\FM_HD_133_HW01.spr
568A3E00	119660889	50675	32	34147	\spr\npcres\woman\FM_LH_130_ST06.spr
568C661A	119695036	241161	32	186373	\spr\npcres\man\MA_BD_132_WK02.spr
568CEEF8	119881409	20546	32	17329	\spr\npcres\woman\FM_HD_129_IJ01.spr
56A2445E	119898738	55400	32	42781	\spr\npcres\woman\FM_RH_142_AT05.spr
56A822F5	119941519	39932	32	28628	\spr\npcres\man\MA_HD_129_ST04.spr
56AB228A	119970147	172852	32	138500	\spr\npcres\woman\FM_BD_153_ZZ01.spr
56B0390B	120108647	36646	32	29557	\spr\npcres\man\MA_HD_135_AT03.spr
56BBE38D	120138204	29660	32	24577	\spr\npcres\man\MA_HR_150_MG02.spr
56CEA9BE	120162781	36986	32	27931	\spr\npcres\man\MA_HD_129_HR01.spr
56D7222C	120190712	22985	32	18454	\spr\npcres\woman\FM_HD_130_ST02.spr
56EAE4FB	120209166	39934	32	27853	\spr\npcres\man\MA_RH_131_ST04.spr
56EDE73A	120237019	13889	32	10354	\spr\npcres\woman\FM_HR_129_DE03.spr
56F1F25B	120247373	212126	32	176529	\spr\npcres\woman\FM_BD_140_DE02.spr
56F371E2	120423902	244242	32	200414	\spr\npcres\man\MA_RW_185_MG04.spr
57048DFB	120624316	44027	32	37507	\spr\npcres\man\MA_HR_150_AT01.spr
57096BC4	120661823	36315	32	29666	\spr\npcres\man\MA_RH_131_HR01.spr
570A0114	120691489	77794	32	59858	\spr\npcres\woman\FM_LH_135_HM01.spr
570F6438	120751347	41842	32	34411	\spr\npcres\man\MA_RH_137_RN01.spr
573E683F	120785758	39118	32	30156	\spr\npcres\woman\FM_HR_130_HW01.spr
5746AE3D	120815914	63406	32	53091	\spr\npcres\man\MA_RH_135_WK04.spr
574EDF2C	120869005	78565	32	63569	\spr\npcres\woman\FM_LH_132_AT04.spr
575A2F35	120932574	60456	32	45910	\spr\npcres\woman\FM_RH_142_MG02.spr
576774F8	120978484	38845	32	32234	\spr\npcres\man\MA_HD_139_MG05.spr
576FF079	121010718	117407	32	94782	\spr\npcres\man\MA_BD_138_IJ03.spr
57914D87	121105500	30076	32	22156	\spr\npcres\woman\FM_LH_141_HW01.spr
57C01E76	121127656	30286	32	24707	\spr\npcres\man\MA_HD_139_AT04.spr
57C35480	121152363	65813	32	51644	\spr\npcres\woman\FM_HR_143_HA02.spr
57C39B57	121204007	169586	32	145611	\spr\npcres\man\MA_LW_187_ST01.spr
5814722C	121349618	131921	32	98123	\spr\npcres\woman\FM_BD_134_IJ01.spr
581CAAC0	121447741	77479	32	55800	\spr\npcres\woman\FM_LH_130_ST04.spr
5834F01E	121503541	59535	32	47332	\spr\npcres\woman\FM_RH_142_AT03.spr
583752E8	121550873	34208	32	29221	\spr\npcres\woman\FM_HD_130_ZZ01.spr
58476CCB	121580094	77905	32	55704	\spr\npcres\man\MA_RH_139_ST05.spr
58535B04	121635798	29955	32	24059	\spr\npcres\man\MA_HD_139_MG03.spr
585BC685	121659857	148009	32	125080	\spr\npcres\man\MA_BD_138_IJ01.spr
587013FA	121784937	24941	32	18514	\spr\npcres\woman\FM_HR_129_DE01.spr
587B40B5	121803451	43179	32	35672	\spr\npcres\man\MA_HR_128_IJ03.spr
58A3796A	121839123	206060	32	151261	\spr\npcres\woman\FM_BD_132_HM01.spr
58A7DC95	121990384	367417	32	296456	\spr\npcres\woman\FM_BD_153_RN07.spr
58AD7995	122286840	17048	32	14033	\spr\npcres\woman\FM_HD_131_MG05.spr
58B2B539	122300873	63451	32	52485	\spr\npcres\man\MA_RH_135_WK02.spr
58D14BEC	122353358	77704	32	61774	\spr\npcres\woman\FM_LH_132_AT02.spr
58E9914D	122415132	107017	32	89318	\spr\npcres\man\MA_LH_137_DE04.spr
58F54E23	122504450	29123	32	24177	\spr\npcres\woman\FM_HR_153_MG07.spr
591A96CE	122528627	30105	32	24821	\spr\npcres\man\MA_HD_140_HA01.spr
59217A69	122553448	99536	32	69238	\spr\npcres\man\MA_LH_150_ST01.spr
5930A213	122622686	224249	32	162903	\spr\npcres\woman\FM_RW_200_WK05.spr
593C6572	122785589	39805	32	32310	\spr\npcres\man\MA_HD_139_AT02.spr
595EC34B	122817899	27509	32	22531	\spr\npcres\man\MA_HD_150_AT07.spr
5962AD3D	122840430	34532	32	23970	\spr\npcres\man\MA_HD_140_RD01.spr
5963FC1B	122864400	184375	32	112401	\spr\npcres\woman\FM_BD_135_RD01.spr
5966EBA7	122976801	36057	32	29594	\spr\npcres\man\MA_RH_128_HA01.spr
5979F4B2	123006395	287155	32	229169	\spr\npcres\man\MA_BD_131_MG04.spr
597A602B	123235564	30501	32	24469	\spr\npcres\woman\FM_HD_129_WK03.spr
597AB55B	123260033	33457	32	27384	\spr\npcres\woman\FM_HD_143_JP01.spr
597F56B9	123287417	529713	32	408766	\spr\npcres\woman\FM_BD_134_WK05.spr
59848AF7	123696183	24727	32	19248	\spr\npcres\woman\FM_LH_131_RN03.spr
59920C09	123715431	24298	32	21178	\spr\npcres\woman\FM_HR_131_HI01.spr
599B627E	123736609	36603	32	30582	\spr\npcres\woman\FM_RH_134_AT06.spr
599B7DD2	123767191	27129	32	20777	\spr\npcres\man\MA_HD_140_ST06.spr
59A39AB1	123787968	141592	32	118823	\spr\npcres\woman\FM_RW_188_AT05.spr
59B57C27	123906791	41710	32	34325	\spr\npcres\man\MA_HD_135_MG01.spr
59BA7C1D	123941116	26921	32	22043	\spr\npcres\man\MA_HR_150_RN03.spr
59CB2177	123963159	26202	32	21979	\spr\npcres\woman\FM_HR_153_RN01.spr
59DA57D0	123985138	296987	32	248078	\spr\npcres\man\MA_BD_131_AT03.spr
59E0C52B	124233216	80594	32	64997	\spr\npcres\woman\FM_LH_135_DE01.spr
59E6A387	124298213	19341	32	16024	\spr\npcres\woman\FM_HD_142_DE03.spr
59E78C39	124314237	98860	32	79175	\spr\npcres\man\MA_LH_132_WK04.spr
59EB87DA	124393412	25951	32	19543	\spr\npcres\man\MA_HD_131_RN03.spr
59F03016	124412955	15847	32	12088	\spr\npcres\woman\FM_LH_129_IJ02.spr
59F6EB9B	124425043	153155	32	131246	\spr\npcres\woman\FM_BD_132_DE03.spr
5A179515	124556289	51135	32	41987	\spr\npcres\woman\FM_RH_142_MG01.spr
5A1B850C	124598276	78863	32	62925	\spr\npcres\woman\FM_LH_132_AT03.spr
5A4A6BF4	124661201	35689	32	28744	\spr\npcres\man\MA_HD_139_AT03.spr
5A8467AE	124689945	218872	32	160303	\spr\npcres\man\MA_BD_137_HM01.spr
5A8CE38C	124850248	52417	32	39395	\spr\npcres\man\MA_HD_129_WK01.spr
5A909D40	124889643	35249	32	28666	\spr\npcres\man\MA_HD_140_HA02.spr
5A981B60	124918309	55929	32	44043	\spr\npcres\woman\FM_HR_143_HA01.spr
5AACBA4B	124962352	30465	32	24316	\spr\npcres\woman\FM_HD_129_WK04.spr
5ABF60EB	124986668	98910	32	65947	\spr\npcres\man\MA_LH_150_ST02.spr
5AC002E9	125052615	182606	32	148913	\spr\npcres\woman\FM_BD_135_HD01.spr
5AC36299	125201528	31547	32	24777	\spr\npcres\man\MA_HD_135_MG02.spr
5ACDBF9E	125226305	28318	32	23949	\spr\npcres\woman\FM_RH_134_AT07.spr
5ACFC417	125250254	23208	32	18296	\spr\npcres\woman\FM_LH_131_RN04.spr
5AE8A931	125268550	195809	32	158090	\spr\npcres\man\MA_RW_189_MG04.spr
5AEDCE42	125426640	38511	32	31793	\spr\npcres\woman\FM_RH_132_HI01.spr
5AF7FB34	125458433	338810	32	279478	\spr\npcres\man\MA_BD_131_MG05.spr
5AFC9E19	125737911	42797	32	34045	\spr\npcres\man\MA_RH_128_HA02.spr
5B29FDA7	125771956	18935	32	15928	\spr\npcres\woman\FM_HD_142_DE04.spr
5B2B1F4B	125787884	87040	32	70637	\spr\npcres\woman\FM_LH_135_DE02.spr
5B30629F	125858521	26546	32	21561	\spr\npcres\man\MA_HR_150_RN04.spr
5B3925BB	125880082	145586	32	127147	\spr\npcres\woman\FM_BD_132_DE04.spr
5B3B4A36	126007229	10300	32	7669	\spr\npcres\woman\FM_LH_129_IJ03.spr
5B505A52	126014898	254505	32	214469	\spr\npcres\man\MA_BD_131_AT04.spr
5B5FD8E8	126229367	119639	32	96561	\spr\npcres\woman\FM_BD_129_HI01.spr
5B618A5C	126325928	25671	32	19109	\spr\npcres\man\MA_HD_131_RN04.spr
5B659492	126345037	22322	32	17582	\spr\npcres\woman\FM_RH_140_ST05.spr
5B71D87F	126362619	57230	32	45967	\spr\npcres\woman\FM_HR_132_ZZ01.spr
5B79EC73	126408586	23460	32	19281	\spr\npcres\woman\FM_HD_141_HA01.spr
5B7E7A97	126427867	26324	32	21881	\spr\npcres\woman\FM_HR_153_RN02.spr
5B8409F1	126449748	52233	32	36546	\spr\npcres\man\MA_HD_129_ST02.spr
5B9ED22F	126486294	189570	32	152381	\spr\npcres\woman\FM_BD_142_WK02.spr
5BAC0C17	126638675	46703	32	38435	\spr\npcres\man\MA_HD_135_AT01.spr
5BBCCDBF	126677110	129503	32	107892	\spr\npcres\man\MA_RW_190_HA02.spr
5BBDDB0C	126785002	61655	32	49858	\spr\npcres\man\MA_LH_130_IJ03.spr
5BC5EB72	126834860	113982	32	61729	\spr\npcres\woman\FM_RW_195_MG03.spr
5BC6CB07	126896589	58003	32	32774	\spr\npcres\man\MA_RH_131_ST02.spr
5BE24E01	126929363	55780	32	46903	\spr\npcres\man\MA_LH_128_JP01.spr
5BE2C7ED	126976266	74585	32	64147	\spr\npcres\woman\FM_LH_153_HD01.spr
5BE2CE50	127040413	252396	32	208936	\spr\npcres\man\MA_BD_139_AT07.spr
5BE604FB	127249349	28530	32	22956	\spr\npcres\woman\FM_RH_134_MG04.spr
5BE976A8	127272305	24777	32	20913	\spr\npcres\woman\FM_HD_140_HD01.spr
5BF535CC	127293218	271029	32	167343	\spr\npcres\man\MA_BD_129_RD01.spr
5C0D7750	127460561	27178	32	21089	\spr\npcres\man\MA_HD_140_ST05.spr
5C2C499B	127481650	26606	32	21812	\spr\npcres\man\MA_HR_150_RN02.spr
5C341C99	127503462	209223	32	168517	\spr\npcres\woman\FM_BD_134_WK04.spr
5C37D60B	127671979	30476	32	24285	\spr\npcres\woman\FM_HD_129_WK02.spr
5C43A15E	127696264	341106	32	276751	\spr\npcres\man\MA_BD_131_AT02.spr
5C4C5E7B	127973015	222540	32	190435	\spr\npcres\woman\FM_BD_132_DE02.spr
5C4DE6F6	128163450	15047	32	11839	\spr\npcres\woman\FM_LH_129_IJ01.spr
5C50285E	128175289	28356	32	22350	\spr\npcres\woman\FM_RH_134_AT05.spr
5C5270D7	128197639	24712	32	19202	\spr\npcres\woman\FM_LH_131_RN02.spr
5C5CB9E7	128216841	250480	32	192365	\spr\npcres\man\MA_BD_128_HW01.spr
5C5D9158	128409206	25721	32	19398	\spr\npcres\man\MA_HD_131_RN02.spr
5C60A3E3	128428604	111269	32	90880	\spr\npcres\woman\FM_RW_198_HM01.spr
5C6999C7	128519484	97911	32	75969	\spr\npcres\man\MA_LH_132_WK03.spr
5C794091	128595453	154019	32	136564	\spr\npcres\woman\FM_RW_188_AT04.spr
5C7D061B	128732017	27774	32	21799	\spr\npcres\woman\FM_HR_141_WK04.spr
5C880152	128753816	22016	32	13303	\spr\npcres\woman\FM_RH_140_ST03.spr
5CA92E08	128767119	72111	32	58792	\spr\npcres\man\MA_LH_130_IJ01.spr
5CBC1667	128825911	28568	32	23611	\spr\npcres\woman\FM_HD_142_DE02.spr
5CC1520C	128849522	76193	32	68809	\spr\npcres\woman\FM_RW_291_DE06.spr
5CDED55C	128918331	257458	32	210682	\spr\npcres\man\MA_BD_139_AT05.spr
5CFC3730	129129013	28839	32	24864	\spr\npcres\man\MA_HR_129_AT07.spr
5D038788	129153877	210957	32	181067	\spr\npcres\man\MA_BD_140_HD01.spr
5D08B0BB	129334944	29673	32	23906	\spr\npcres\woman\FM_RH_134_MG02.spr
5D0A0CEF	129358850	19988	32	16635	\spr\npcres\man\MA_HD_137_ZZ01.spr
5D2C69BF	129375485	19912	32	16335	\spr\npcres\man\MA_LH_128_HI01.spr
5D351326	129391820	81930	32	66468	\spr\npcres\man\MA_LH_138_IJ04.spr
5D43B3F2	129458288	93696	32	83167	\spr\npcres\man\MA_RW_196_RN02.spr
5D4EAE00	129541455	39607	32	32612	\spr\npcres\man\MA_HD_139_MG01.spr
5D5201BD	129574067	48200	32	36393	\spr\npcres\woman\FM_LH_133_HW01.spr
5D5757B1	129610460	49923	32	42211	\spr\npcres\man\MA_HR_128_IJ01.spr
5D5F6CDE	129652671	54311	32	42646	\spr\npcres\woman\FM_RH_142_AT01.spr
5D82C16A	129695317	31780	32	26774	\spr\npcres\woman\FM_HR_135_HA02.spr
5DA7C680	129722091	52181	32	35484	\spr\npcres\woman\FM_LH_130_ST02.spr
5DB373D7	129757575	73039	32	54554	\spr\npcres\man\MA_RH_139_ST03.spr
5DB85DBC	129812129	188633	32	152942	\spr\npcres\man\MA_BD_129_HR01.spr
5DC5E449	129965071	74776	32	61817	\spr\npcres\man\MA_LH_137_DE02.spr
5DDB2118	130026888	44516	32	33162	\spr\npcres\man\MA_RH_128_WK03.spr
5E0DBEA5	130060050	85550	32	63512	\spr\npcres\woman\FM_LH_153_RD01.spr
5E0E037F	130123562	52290	32	32676	\spr\npcres\man\MA_HD_129_ST01.spr
5E0EB2D2	130156238	130673	32	104195	\spr\npcres\man\MA_RW_190_RD01.spr
5E1DEDD7	130260433	69821	32	55241	\spr\npcres\man\MA_RH_138_HW01.spr
5E26C73D	130315674	119122	32	100102	\spr\npcres\man\MA_RW_190_HA01.spr
5E27D48A	130415776	71289	32	56620	\spr\npcres\man\MA_LH_130_IJ02.spr
5E335B72	130472396	36896	32	26767	\spr\npcres\woman\FM_RH_140_ST04.spr
5E48C485	130499163	57786	32	33653	\spr\npcres\man\MA_RH_131_ST01.spr
5E54DBDE	130532816	336499	32	276651	\spr\npcres\man\MA_BD_139_AT06.spr
5E6B980F	130809467	185727	32	148961	\spr\npcres\woman\FM_BD_142_WK01.spr
5E81A6FE	130958428	54678	32	43455	\spr\npcres\woman\FM_RH_142_AT02.spr
5EB3CADB	131001883	23314	32	17136	\spr\npcres\woman\FM_RH_134_MG03.spr
5EB7290C	131019019	50292	32	42026	\spr\npcres\man\MA_RW_197_HI01.spr
5EC55482	131061045	29820	32	23153	\spr\npcres\man\MA_HD_139_MG02.spr
5EC96649	131084198	79379	32	56825	\spr\npcres\man\MA_RH_139_ST04.spr
5ED55835	131141023	23924	32	20921	\spr\npcres\woman\FM_HR_153_IJ06.spr
5EEA10A0	131161944	45715	32	31716	\spr\npcres\woman\FM_LH_130_ST03.spr
5EED5A33	131193660	48801	32	40183	\spr\npcres\man\MA_HR_128_IJ02.spr
5F248EC7	131233843	63200	32	52908	\spr\npcres\man\MA_RH_135_WK01.spr
5F3199C8	131286751	76457	32	66638	\spr\npcres\man\MA_RH_150_HD01.spr
5F33756D	131353389	73291	32	63523	\spr\npcres\woman\FM_RW_190_IJ02.spr
5F51D79A	131416912	50132	32	38417	\spr\npcres\man\MA_RH_128_WK04.spr
5F53EACB	131455329	98282	32	81166	\spr\npcres\man\MA_LH_137_DE03.spr
5F55A53A	131536495	28850	32	23048	\spr\npcres\woman\FM_HD_143_RN04.spr
5F67335B	131559543	26805	32	22012	\spr\npcres\man\MA_HD_150_MG07.spr
5F6FED12	131581555	70628	32	55937	\spr\npcres\man\MA_RH_139_HR01.spr
5F7A2C75	131637492	20323	32	16425	\spr\npcres\woman\FM_HD_131_MG04.spr
5F932D67	131653917	110279	32	92790	\spr\npcres\man\MA_RW_198_HD01.spr
5FA67EF0	131746707	45047	32	36972	\spr\npcres\man\MA_HD_139_AT01.spr
5FAE31CC	131783679	78641	32	62144	\spr\npcres\woman\FM_LH_132_AT01.spr
5FC0DCC9	131845823	35583	32	29304	\spr\npcres\man\MA_HD_150_AT06.spr
5FC1F1CD	131875127	39979	32	34155	\spr\npcres\man\MA_LH_131_AT07.spr
5FE3CE30	131909282	259219	32	215577	\spr\npcres\man\MA_BD_131_MG03.spr
600D4468	132124859	207036	32	167642	\spr\npcres\woman\FM_BD_142_HA01.spr
600E6ACC	132292501	15560	32	9022	\spr\npcres\woman\FM_RH_131_ST03.spr
601D5D9A	132301523	25436	32	21398	\spr\npcres\man\MA_HD_131_DE02.spr
6020FF43	132322921	3674	32	3455	\spr\item\equip\cap\obj-ma-cap145.spr
6025CC52	132326376	143224	32	119395	\spr\npcres\woman\FM_RW_188_HW01.spr
60266212	132445771	4495	32	4056	\spr\item\equip\boots\obj-shoes147.spr
6030DAE1	132449827	31558	32	26203	\spr\npcres\woman\FM_HD_133_DE02.spr
60482E03	132476030	61057	32	45858	\spr\npcres\woman\FM_LH_143_WK04.spr
605A95AB	132521888	32045	32	24460	\spr\npcres\woman\FM_HD_135_WK04.spr
6062B43E	132546348	98842	32	85420	\spr\npcres\man\MA_LH_150_AT01.spr
6062DC32	132631768	108117	32	89934	\spr\npcres\woman\FM_RW_195_HW01.spr
6095331F	132721702	163923	32	139914	\spr\npcres\man\MA_RW_188_HD01.spr
609C6D6B	132861616	119871	32	98800	\spr\npcres\man\MA_RW_199_HA02.spr
60B1471C	132960416	127493	32	102207	\spr\npcres\man\MA_BD_150_IJ03.spr
60C45907	133062623	39387	32	32430	\spr\npcres\man\MA_HD_140_AT06.spr
60C73895	133095053	34322	32	27491	\spr\npcres\woman\FM_LH_141_DE02.spr
60D0BE46	133122544	37730	32	30614	\spr\npcres\woman\FM_LH_135_IJ03.spr
60EE4886	133153158	42926	32	31758	\spr\npcres\man\MA_HD_129_MG02.spr
60FA5402	133184916	33222	32	27540	\spr\npcres\woman\FM_RH_140_AT07.spr
60FC2EAD	133212456	251192	32	212360	\spr\npcres\woman\FM_BD_141_HD01.spr
61280A8C	133424816	36479	32	30321	\spr\npcres\man\MA_RH_131_MG02.spr
61372198	133455137	43914	32	35934	\spr\npcres\woman\FM_RH_133_AT01.spr
613B3A43	133491071	34496	32	27456	\spr\npcres\man\MA_LH_128_RN02.spr
61409F74	133518527	109829	32	81321	\spr\npcres\man\MA_LH_137_WK03.spr
61440835	133599848	91157	32	72566	\spr\npcres\man\MA_LH_138_DE01.spr
614C8B81	133672414	22372	32	18369	\spr\npcres\woman\FM_HD_153_HM01.spr
614F12F4	133690783	64932	32	50634	\spr\npcres\man\MA_HD_129_AT01.spr
6180B86B	133741417	39705	32	33612	\spr\npcres\man\MA_HD_135_DE03.spr
61880D0F	133775029	45545	32	34522	\spr\npcres\man\MA_HR_131_ZZ01.spr
6189D4FA	133809551	56884	32	48420	\spr\npcres\man\MA_RH_131_AT01.spr
6190D4C6	133857971	84535	32	67778	\spr\npcres\woman\FM_LH_130_AT06.spr
61923D6F	133925749	33904	32	26854	\spr\npcres\woman\FM_RH_140_MG04.spr
61931675	133952603	32730	32	28878	\spr\npcres\man\MA_LH_135_IJ01.spr
61A006F4	133981481	25839	32	20445	\spr\npcres\woman\FM_HD_134_RN03.spr
61C1B566	134001926	131244	32	98623	\spr\npcres\woman\FM_BD_140_IJ01.spr
61F28666	134100549	25521	32	19168	\spr\npcres\woman\FM_HR_129_AT05.spr
61FB9045	134119717	14080	32	11955	\spr\npcres\man\MA_HD_132_IJ03.spr
620A72B5	134131672	20646	32	17377	\spr\npcres\woman\FM_LH_141_DE03.spr
6211B15B	134149049	44365	32	35873	\spr\npcres\woman\FM_HR_140_WK01.spr
621BC866	134184922	38778	32	32109	\spr\npcres\woman\FM_LH_135_IJ04.spr
624EFB26	134217031	84022	32	71435	\spr\npcres\man\MA_RW_197_RN02.spr
624FAABE	134288466	49459	32	40686	\spr\npcres\woman\FM_RH_153_IJ01.spr
62524C79	134329152	29871	32	24198	\spr\npcres\man\MA_HD_140_AT07.spr
62647FF8	134353350	43286	32	33045	\spr\npcres\man\MA_HD_129_MG03.spr
6277977B	134386395	34743	32	25777	\spr\npcres\man\MA_HD_130_RD01.spr
627A7BB8	134412172	44445	32	36893	\spr\npcres\woman\FM_RH_133_AT02.spr
62A6310E	134449065	41849	32	34842	\spr\npcres\man\MA_RH_131_MG03.spr
62B120C5	134483907	28262	32	22717	\spr\npcres\man\MA_LH_128_RN03.spr
62B83105	134506624	13569	32	11911	\spr\npcres\man\MA_HD_137_HI01.spr
62C06388	134518535	101616	32	83638	\spr\npcres\woman\FM_RW_199_WK02.spr
62C51976	134602173	57389	32	44120	\spr\npcres\man\MA_HD_129_AT02.spr
62C5768F	134646293	27149	32	22471	\spr\npcres\woman\FM_RH_140_MG05.spr
62D23EB7	134668764	77507	32	64955	\spr\npcres\man\MA_LH_138_DE02.spr
62DB6EE6	134733719	69996	32	54798	\spr\npcres\woman\FM_LH_130_AT07.spr
62DE85F6	134788517	111714	32	86361	\spr\npcres\man\MA_LH_137_WK04.spr
62EB5014	134874878	25893	32	20311	\spr\npcres\woman\FM_HD_134_RN04.spr
6307DB7C	134895189	53128	32	45085	\spr\npcres\man\MA_RH_131_AT02.spr
631EAEED	134940274	44723	32	37978	\spr\npcres\man\MA_HD_135_DE04.spr
6325D386	134978252	36344	32	25846	\spr\npcres\woman\FM_HR_129_AT06.spr
632859B4	135004098	177964	32	144510	\spr\npcres\woman\FM_BD_153_AT01.spr
63291CF7	135148608	31334	32	27590	\spr\npcres\man\MA_LH_135_IJ02.spr
633FAB3A	135176198	125856	32	111552	\spr\npcres\man\MA_LW_187_RN04.spr
63479886	135287750	24488	32	20625	\spr\npcres\man\MA_HR_150_AT10.spr
6349209A	135308375	70288	32	62896	\spr\npcres\man\MA_RW_187_HI01.spr
6357458E	135371271	35308	32	29373	\spr\npcres\woman\FM_HR_135_DE02.spr
6360F065	135400644	14062	32	10459	\spr\npcres\woman\FM_HR_129_IJ03.spr
63664FA9	135411103	77785	32	43454	\spr\npcres\woman\FM_RW_184_ST06.spr
637186C7	135454557	23772	32	19615	\spr\npcres\man\MA_HD_132_IJ04.spr
6374CE86	135474172	125209	32	100526	\spr\npcres\woman\FM_BD_140_IJ02.spr
63808B4A	135574698	65126	32	55340	\spr\npcres\man\MA_LH_150_MG02.spr
63952414	135630038	42255	32	35922	\spr\npcres\man\MA_HD_138_HD01.spr
6399D1A9	135665960	211363	32	174713	\spr\npcres\woman\FM_BD_129_RN03.spr
639BA01E	135840673	50870	32	40368	\spr\npcres\woman\FM_RW_292_AT03.spr
63C1D0F4	135881041	14824	32	9154	\spr\npcres\woman\FM_HD_153_ST06.spr
63C62482	135890195	123459	32	82693	\spr\npcres\woman\FM_BD_143_ST06.spr
63C6DE30	135972888	37890	32	31001	\spr\npcres\man\MA_RH_140_HD01.spr
63D62B5B	136003889	78692	32	56614	\spr\npcres\man\MA_LH_137_ST05.spr
63DDBB5D	136060503	24998	32	17308	\spr\npcres\woman\FM_HR_129_MG03.spr
63F1C755	136077811	54889	32	43632	\spr\npcres\woman\FM_HR_132_WK04.spr
63FC300D	136121443	65231	32	52357	\spr\npcres\woman\FM_LH_130_MG04.spr
640AB5E9	136173800	29216	32	25255	\spr\npcres\man\MA_HD_135_DE02.spr
643A18BF	136199055	24836	32	20717	\spr\npcres\man\MA_HD_130_HR01.spr
64484C46	136219772	29451	32	21100	\spr\npcres\woman\FM_HR_129_AT04.spr
646D9AA6	136240872	60378	32	48146	\spr\npcres\woman\FM_LH_130_AT05.spr
646DEDC3	136289018	16308	32	13633	\spr\npcres\man\MA_HD_132_IJ02.spr
646FE34F	136302651	28668	32	20745	\spr\npcres\woman\FM_RH_140_MG03.spr
647DCCD4	136323396	25846	32	20281	\spr\npcres\woman\FM_HD_134_RN02.spr
648B6C25	136343677	19146	32	14039	\spr\npcres\woman\FM_HR_129_IJ01.spr
64A6F9BB	136357716	47415	32	41055	\spr\npcres\man\MA_RH_135_RN06.spr
64C23E67	136398771	83917	32	59937	\spr\npcres\man\MA_LH_137_ST03.spr
64E0C9F6	136458708	139917	32	125284	\spr\npcres\man\MA_LW_200_DE05.spr
65047315	136583992	54518	32	43102	\spr\npcres\woman\FM_HR_132_WK02.spr
6506ACCD	136627094	69209	32	53571	\spr\npcres\woman\FM_LH_130_MG02.spr
650D3EC2	136680665	63057	32	50124	\spr\npcres\woman\FM_LH_153_ST08.spr
65252F5B	136730789	71855	32	58614	\spr\npcres\woman\FM_RH_153_WK03.spr
652C4A69	136789403	210313	32	173338	\spr\npcres\woman\FM_BD_129_RN01.spr
65406872	136962741	18602	32	15753	\spr\npcres\man\MA_LH_128_IJ03.spr
65544CB4	136978494	22879	32	14735	\spr\npcres\woman\FM_HD_153_ST04.spr
65568295	136993229	39427	32	32746	\spr\npcres\man\MA_HD_140_MG05.spr
655D254D	137025975	63349	32	51420	\spr\npcres\man\MA_RW_197_IJ02.spr
6560D71D	137077395	27215	32	19491	\spr\npcres\woman\FM_HR_129_MG01.spr
65695142	137096886	189320	32	128150	\spr\npcres\woman\FM_BD_143_ST04.spr
657E4285	137225036	32890	32	28601	\spr\npcres\woman\FM_LH_133_DE04.spr
65813B51	137253637	103382	32	89771	\spr\npcres\man\MA_HR_138_JP01.spr
6590868C	137343408	22825	32	14600	\spr\npcres\woman\FM_RH_131_ST01.spr
65ACAA18	137358008	162082	32	135692	\spr\npcres\man\MA_BD_150_IJ01.spr
65D35AC3	137493700	59894	32	45868	\spr\npcres\woman\FM_LH_143_WK02.spr
65E240A9	137539568	187272	32	143362	\spr\npcres\woman\FM_BD_140_WK04.spr
65E72796	137682930	3741	32	3486	\spr\item\equip\boots\obj-shoes145.spr
65ED0E6B	137686416	32045	32	24538	\spr\npcres\woman\FM_HD_135_WK02.spr
6609F5D8	137710954	78935	32	58573	\spr\npcres\woman\FM_BD_135_HI01.spr
660A84C8	137769527	83759	32	72459	\spr\npcres\man\MA_LH_150_MG01.spr
660CDE6F	137841986	107654	32	90387	\spr\npcres\man\MA_RW_192_HM01.spr
662C086E	137932373	29208	32	25037	\spr\npcres\woman\FM_HR_135_DE01.spr
663DA645	137957410	18764	32	13924	\spr\npcres\woman\FM_HR_129_IJ02.spr
6649E6ED	137971334	54598	32	42327	\spr\npcres\woman\FM_LH_130_MG03.spr
664E8D35	138013661	55609	32	43738	\spr\npcres\woman\FM_HR_132_WK03.spr
664F0906	138057399	105783	32	91892	\spr\npcres\man\MA_RH_132_JP01.spr
665116FE	138149291	46189	32	35160	\spr\npcres\woman\FM_RW_292_AT02.spr
66568789	138184451	214452	32	177725	\spr\npcres\woman\FM_BD_129_RN02.spr
665824D9	138362176	86316	32	60085	\spr\npcres\man\MA_LH_137_ST04.spr
6668797B	138422261	74689	32	60451	\spr\npcres\woman\FM_RH_153_WK04.spr
66875718	138482712	28094	32	24010	\spr\npcres\man\MA_HD_131_DE01.spr
668D80C1	138506722	28508	32	23094	\spr\npcres\woman\FM_HD_133_DE01.spr
6693EB62	138529816	126595	32	87382	\spr\npcres\woman\FM_BD_143_ST05.spr
669E86D4	138617198	15139	32	10823	\spr\npcres\woman\FM_HD_153_ST05.spr
66AB613D	138628021	27641	32	19220	\spr\npcres\woman\FM_HR_129_MG02.spr
66ACE8DA	138647241	284742	32	241979	\spr\npcres\man\MA_RW_185_DE03.spr
66B048E2	138889220	67906	32	52316	\spr\npcres\woman\FM_LH_153_ST09.spr
66C68554	138941536	4393	32	4101	\spr\item\equip\boots\obj-shoes146.spr
66DBD0AC	138945637	18754	32	12138	\spr\npcres\woman\FM_RH_131_ST02.spr
66DE1EF4	138957775	33299	32	27388	\spr\npcres\man\MA_LH_128_IJ04.spr
66EA014F	138985163	32326	32	24396	\spr\npcres\woman\FM_RH_134_HW01.spr
66FEB37C	139009559	68781	32	54266	\spr\npcres\man\MA_LH_137_HR01.spr
670594E3	139063825	59559	32	44448	\spr\npcres\woman\FM_LH_143_WK03.spr
670666E9	139108273	110956	32	91311	\spr\npcres\man\MA_RW_199_HA01.spr
67105B8B	139199584	32011	32	24636	\spr\npcres\woman\FM_HD_135_WK03.spr
671F8665	139224220	243372	32	165021	\spr\npcres\woman\FM_BD_141_RD01.spr
6725ADBA	139389241	259967	32	214709	\spr\npcres\man\MA_BD_130_HD01.spr
673B509A	139603950	145771	32	116143	\spr\npcres\man\MA_BD_150_IJ02.spr
674E5285	139720093	29729	32	24517	\spr\npcres\man\MA_HD_140_AT05.spr
67504204	139744610	57446	32	44923	\spr\npcres\man\MA_HD_129_MG01.spr
675880B8	139789533	33857	32	26894	\spr\npcres\woman\FM_HR_153_RD01.spr
676ED58E	139816427	122900	32	96418	\spr\npcres\man\MA_RW_199_RD01.spr
6792040A	139912845	50318	32	43222	\spr\npcres\man\MA_RH_131_MG01.spr
679CEF75	139956067	28531	32	23104	\spr\npcres\woman\FM_LH_141_DE01.spr
67ACFB98	139979171	12320	32	10257	\spr\npcres\woman\FM_HD_142_IJ04.spr
67AD37C1	139989428	34583	32	27492	\spr\npcres\man\MA_LH_128_RN01.spr
67AE6426	140016920	54192	32	42151	\spr\npcres\woman\FM_LH_135_IJ02.spr
67B71AE2	140059071	43974	32	35933	\spr\npcres\woman\FM_RH_140_AT06.spr
67BC3EE6	140095004	96492	32	80783	\spr\npcres\woman\FM_BD_132_IJ04.spr
67C4E1CB	140175787	20128	32	15917	\spr\npcres\woman\FM_HD_142_HR01.spr
67CAE8F2	140191704	114504	32	85520	\spr\npcres\man\MA_LH_137_WK02.spr
67D42859	140277224	169777	32	134973	\spr\npcres\woman\FM_BD_132_HR01.spr
67D49901	140412197	93846	32	71537	\spr\npcres\man\MA_LH_138_HM01.spr
67E3A37E	140483734	184356	32	150952	\spr\npcres\man\MA_BD_132_RN04.spr
6814025D	140634686	266872	32	226409	\spr\npcres\man\MA_BD_135_DE05.spr
6815101E	140861095	104209	32	88464	\spr\npcres\man\MA_RW_291_HD01.spr
68213294	140949559	14935	32	9009	\spr\npcres\woman\FM_HD_153_ST03.spr
68260722	140958568	123754	32	74197	\spr\npcres\woman\FM_BD_143_ST03.spr
683B4EFE	141032765	25351	32	18940	\spr\npcres\woman\FM_RH_131_ZZ01.spr
683F5470	141051705	44778	32	37377	\spr\npcres\man\MA_HD_128_DE04.spr
687AB04C	141089082	131147	32	108252	\spr\npcres\man\MA_RH_130_DE04.spr
6885EA60	141197334	24086	32	19270	\spr\npcres\woman\FM_RH_143_HM01.spr
68860D3F	141216604	69176	32	54663	\spr\npcres\woman\FM_RH_132_MG05.spr
68A800A3	141271267	61470	32	46730	\spr\npcres\woman\FM_LH_143_WK01.spr
68AEA272	141317997	180747	32	148415	\spr\npcres\woman\FM_RW_186_MG04.spr
68B9B981	141466412	34491	32	27395	\spr\npcres\man\MA_HD_140_AT03.spr
68BAF44B	141493807	32094	32	24541	\spr\npcres\woman\FM_HD_135_WK01.spr
68BF3689	141518348	186793	32	142978	\spr\npcres\woman\FM_BD_140_WK03.spr
68C6AAA6	141661326	127958	32	106804	\spr\npcres\woman\FM_BD_132_IJ02.spr
68D9B6A2	141768130	37124	32	30075	\spr\npcres\woman\FM_RH_140_AT04.spr
68DFB67A	141798205	180851	32	148786	\spr\npcres\man\MA_BD_132_RN02.spr
68F2C92F	141946991	96506	32	72231	\spr\npcres\man\MA_RW_199_ST04.spr
690E4693	142019222	30535	32	25506	\spr\npcres\man\MA_HD_135_HM01.spr
69114898	142044728	93302	32	74435	\spr\npcres\man\MA_RW_199_HR01.spr
691FCDE6	142119163	2693	32	2562	\spr\item\equip\waist\obj-waist122.spr
69371458	142121725	16181	32	13194	\spr\npcres\woman\FM_HD_142_IJ02.spr
69458F26	142134919	130802	32	110505	\spr\npcres\man\MA_RW_190_AT03.spr
695BAF37	142245424	85378	32	72956	\spr\npcres\woman\FM_RW_291_IJ06.spr
697007E5	142318380	184687	32	138674	\spr\npcres\woman\FM_BD_129_MG05.spr
6985E48B	142457054	134374	32	114510	\spr\npcres\man\MA_BD_138_ZZ01.spr
698736FC	142571564	79298	32	65678	\spr\npcres\woman\FM_RW_200_HA01.spr
6992CCC7	142637242	44455	32	38176	\spr\npcres\man\MA_RH_135_RN04.spr
69937D80	142675418	55177	32	43391	\spr\npcres\man\MA_HR_131_HA01.spr
69B7D564	142718809	194633	32	146730	\spr\npcres\man\MA_BD_140_HW01.spr
69CCF1D8	142865539	222151	32	174304	\spr\npcres\woman\FM_BD_134_HA01.spr
69D2F806	143039843	20945	32	15604	\spr\npcres\woman\FM_HR_129_AT02.spr
69E935C7	143055447	18207	32	15280	\spr\npcres\woman\FM_RH_143_DE03.spr
69F03766	143070727	70508	32	57462	\spr\npcres\woman\FM_LH_130_AT03.spr
69F21F0F	143128189	32989	32	27414	\spr\npcres\woman\FM_RH_140_MG01.spr
69F5E8F8	143155603	93708	32	58149	\spr\npcres\woman\FM_BD_135_ST06.spr
69FB30FF	143213752	69587	32	49883	\spr\npcres\man\MA_HR_131_RD01.spr
6A09E4C6	143263635	96725	32	78859	\spr\npcres\woman\FM_BD_132_IJ03.spr
6A0CC0C2	143342494	34214	32	26293	\spr\npcres\woman\FM_RH_140_AT05.spr
6A3140FD	143368787	38238	32	33365	\spr\npcres\man\MA_LH_150_IJ06.spr
6A37AC03	143402152	29787	32	24236	\spr\npcres\man\MA_HD_140_AT04.spr
6A55BCFC	143426388	180703	32	149467	\spr\npcres\man\MA_BD_132_RN03.spr
6A6DC943	143575855	20357	32	15970	\spr\npcres\woman\FM_HD_131_HW01.spr
6A79AE78	143591825	12236	32	9271	\spr\npcres\woman\FM_HD_142_IJ03.spr
6A7B2A06	143601096	53324	32	43135	\spr\npcres\woman\FM_LH_135_IJ01.spr
6ABCE270	143644231	110162	32	86265	\spr\npcres\man\MA_LH_137_WK01.spr
6ACA401C	143730496	85113	32	70028	\spr\npcres\woman\FM_RW_200_HA02.spr
6ACAB2B4	143800524	25757	32	20453	\spr\npcres\woman\FM_HD_134_RN01.spr
6AD7E741	143820977	17807	32	15119	\spr\npcres\man\MA_HD_132_IJ01.spr
6AE792E4	143836096	48394	32	38177	\spr\npcres\woman\FM_LH_133_HM01.spr
6AFC8F77	143874273	31152	32	26783	\spr\npcres\man\MA_HD_135_DE01.spr
6B053226	143901056	29500	32	20884	\spr\npcres\woman\FM_HR_129_AT03.spr
6B126685	143921940	46297	32	37950	\spr\npcres\man\MA_HR_135_HD01.spr
6B1C4FE7	143959890	18253	32	15124	\spr\npcres\woman\FM_RH_143_DE04.spr
6B24A92F	143975014	34015	32	27197	\spr\npcres\woman\FM_RH_140_MG02.spr
6B28F339	144002211	46727	32	40767	\spr\npcres\man\MA_RH_135_RN05.spr
6B296002	144042978	62820	32	48983	\spr\npcres\man\MA_HR_131_HA02.spr
6B3B4086	144091961	66545	32	53528	\spr\npcres\woman\FM_LH_130_AT04.spr
6B645975	144145489	91091	32	76067	\spr\npcres\woman\FM_RW_291_MG07.spr
6B65D6A4	144221556	79751	32	61369	\spr\npcres\man\MA_RH_150_HW01.spr
6B770BF8	144282925	249853	32	180963	\spr\npcres\woman\FM_BD_134_HA02.spr
6B8A0F54	144463888	42435	32	35258	\spr\npcres\man\MA_RH_132_HI01.spr
6BAA1058	144499146	84387	32	69996	\spr\npcres\woman\FM_RW_198_HR01.spr
6BB40BE5	144569142	115810	32	75238	\spr\npcres\man\MA_LH_137_ST02.spr
6BB8357A	144644380	33872	32	27251	\spr\npcres\woman\FM_HR_141_HA02.spr
6BC77A33	144671631	100593	32	82287	\spr\npcres\man\MA_RW_198_HW01.spr
6BCA65F0	144753918	23548	32	19557	\spr\npcres\man\MA_LH_128_IJ02.spr
6BCB0965	144773475	33878	32	29543	\spr\npcres\woman\FM_LH_133_DE03.spr
6BD139F5	144803018	56196	32	43928	\spr\npcres\woman\FM_HR_132_WK01.spr
6BD89C13	144846946	32152	32	25151	\spr\npcres\man\MA_HD_140_MG04.spr
6BDC12AD	144872097	69363	32	54485	\spr\npcres\woman\FM_LH_130_MG01.spr
6BEC0509	144926582	56385	32	47396	\spr\npcres\woman\FM_RW_191_HI01.spr
6BF2953B	144973978	75543	32	61515	\spr\npcres\woman\FM_RH_153_WK02.spr
6C01E7C8	145035493	63318	32	49606	\spr\npcres\woman\FM_HR_143_JP01.spr
6C04C645	145085099	42722	32	36537	\spr\npcres\man\MA_RH_135_RN03.spr
6C12FAFA	145121636	99112	32	76744	\spr\npcres\woman\FM_LW_184_HW01.spr
6C1FED3E	145198380	265404	32	196808	\spr\npcres\woman\FM_BD_130_HM01.spr
6C280324	145395188	45029	32	38447	\spr\npcres\man\MA_HR_139_HD01.spr
6C386C18	145433635	2693	32	2556	\spr\item\equip\waist\obj-waist121.spr
6C435ED8	145436191	103873	32	68474	\spr\npcres\woman\FM_BD_135_ST05.spr
6C4BF7C5	145504665	38210	32	32420	\spr\npcres\man\MA_RH_131_IJ04.spr
6C4DFD46	145537085	66496	32	51835	\spr\npcres\woman\FM_LH_130_AT02.spr
6C8486F5	145588920	64572	32	55884	\spr\npcres\woman\FM_RW_198_IJ02.spr
6C85DA12	145644804	52924	32	38524	\spr\npcres\man\MA_HR_131_ST05.spr
6CA6FBA7	145683328	28923	32	23151	\spr\npcres\woman\FM_RH_143_DE02.spr
6CAFAEE6	145706479	27783	32	19864	\spr\npcres\woman\FM_HR_129_AT01.spr
6CD07003	145726343	79955	32	61289	\spr\npcres\woman\FM_LH_135_WK03.spr
6CD8A8C5	145787632	227965	32	152636	\spr\npcres\woman\FM_BD_133_RD01.spr
6CDB64B1	145940268	33391	32	24055	\spr\npcres\woman\FM_HD_143_RD01.spr
6CE348DB	145964323	27332	32	22125	\spr\npcres\woman\FM_HD_141_JP01.spr
6CE8DA09	145986448	84146	32	59926	\spr\npcres\woman\FM_RW_184_ST01.spr
6CEF1512	146046374	47738	32	40878	\spr\npcres\man\MA_RH_137_HD01.spr
6D006959	146087252	317324	32	267411	\spr\npcres\man\MA_BD_135_DE03.spr
6D19775B	146354663	173469	32	138586	\spr\npcres\woman\FM_RW_186_AT05.spr
6D1D9EEE	146493249	97035	32	76559	\spr\npcres\man\MA_HR_135_WK05.spr
6D2ABB7C	146569808	30981	32	26157	\spr\npcres\man\MA_HD_128_DE02.spr
6D34E31F	146595965	30081	32	23327	\spr\npcres\man\MA_HD_140_MG02.spr
6D48B3E2	146619292	150216	32	105070	\spr\npcres\woman\FM_BD_143_ST01.spr
6D4BAF54	146724362	18837	32	14022	\spr\npcres\woman\FM_HD_153_ST01.spr
6D568748	146738384	91925	32	76224	\spr\npcres\man\MA_RH_130_DE02.spr
6D5DA525	146814608	47185	32	39419	\spr\npcres\woman\FM_LH_133_DE01.spr
6D631C6F	146854027	185189	32	155200	\spr\npcres\woman\FM_BD_130_DE03.spr
6D6D1162	147009227	48235	32	38003	\spr\npcres\woman\FM_LH_153_ST05.spr
6D6D285B	147047230	17220	32	14652	\spr\npcres\woman\FM_HD_140_DE03.spr
6D70DE18	147061882	101945	32	82543	\spr\npcres\woman\FM_RH_132_AT06.spr
6D7F52E2	147144425	13487	32	11240	\spr\npcres\woman\FM_HD_134_IJ04.spr
6D958C8D	147155665	43902	32	35748	\spr\npcres\man\MA_HD_140_AT01.spr
6D96A087	147191413	41076	32	34317	\spr\npcres\man\MA_LH_150_IJ03.spr
6D974C65	147225730	22537	32	17713	\spr\npcres\woman\FM_HD_134_HR01.spr
6DC1A349	147243443	186175	32	142568	\spr\npcres\woman\FM_BD_140_WK01.spr
6DE228CE	147386011	291380	32	237682	\spr\npcres\woman\FM_BD_129_AT06.spr
6DEEDC2B	147623693	133397	32	93146	\spr\npcres\man\MA_RW_199_ST02.spr
6E131429	147716839	67050	32	49940	\spr\npcres\woman\FM_RW_184_ST02.spr
6E13C094	147766779	55281	32	40815	\spr\npcres\man\MA_HR_131_ST06.spr
6E1A8A23	147807594	79495	32	62015	\spr\npcres\woman\FM_LH_135_WK04.spr
6E29AC28	147869609	254855	32	207360	\spr\npcres\man\MA_RW_185_HM01.spr
6E3E0563	148076969	116632	32	78810	\spr\npcres\man\MA_LH_137_ST01.spr
6E42E991	148155779	29477	32	23637	\spr\npcres\man\MA_HD_140_MG03.spr
6E485B1B	148179416	74060	32	60636	\spr\npcres\woman\FM_RH_153_WK01.spr
6E4EEF00	148240052	97750	32	73546	\spr\npcres\man\MA_LH_129_HW01.spr
6E54A24C	148313598	32904	32	27061	\spr\npcres\woman\FM_RH_130_HI01.spr
6E6C89E8	148340659	128865	32	105257	\spr\npcres\man\MA_RW_199_WK02.spr
6E75FB5A	148445916	28433	32	23217	\spr\npcres\woman\FM_HR_141_HA01.spr
6E80FF45	148469133	51109	32	42719	\spr\npcres\woman\FM_LH_133_DE02.spr
6E90627B	148511852	17662	32	15057	\spr\npcres\woman\FM_HD_140_DE04.spr
6E95A98F	148526909	176445	32	152037	\spr\npcres\woman\FM_BD_130_DE04.spr
6E97AA82	148678946	47814	32	33979	\spr\npcres\woman\FM_LH_153_ST06.spr
6E9E1FDB	148712925	324913	32	274404	\spr\npcres\man\MA_BD_135_DE04.spr
6EA0A1FE	148987329	40313	32	33333	\spr\npcres\man\MA_HD_128_DE03.spr
6EA1EC02	149020662	26636	32	22707	\spr\npcres\woman\FM_HD_134_IJ05.spr
6EBB6838	149043369	75603	32	61610	\spr\npcres\woman\FM_RH_132_AT07.spr
6EBC7F7E	149104979	24732	32	20830	\spr\npcres\man\MA_LH_128_IJ01.spr
6EBDE2E3	149125809	218638	32	184093	\spr\npcres\woman\FM_BD_133_HD01.spr
6EDCA5EF	149309902	41955	32	34399	\spr\npcres\woman\FM_HR_130_ZZ01.spr
6EEC8DCA	149344301	114939	32	94673	\spr\npcres\man\MA_RH_130_DE03.spr
6EF3CD02	149438974	122082	32	74257	\spr\npcres\woman\FM_BD_143_ST02.spr
6EF7BB9F	149513231	48057	32	41817	\spr\npcres\woman\FM_HR_140_HD01.spr
6EFEF974	149555048	15390	32	10699	\spr\npcres\woman\FM_HD_153_ST02.spr
6F1562EE	149565747	206158	32	170118	\spr\npcres\woman\FM_BD_129_AT07.spr
6F23B30F	149735865	39383	32	31635	\spr\npcres\man\MA_HD_140_AT02.spr
6F2D57F9	149767500	65909	32	56569	\spr\npcres\man\MA_LH_150_IJ04.spr
6F4183F8	149824069	181301	32	149588	\spr\npcres\man\MA_BD_132_RN01.spr
6F53F31F	149973657	85769	32	66135	\spr\npcres\woman\FM_RH_132_MG04.spr
6F6EFF36	150039792	113849	32	95012	\spr\npcres\man\MA_RW_190_MG03.spr
6F74FD69	150134804	190495	32	145856	\spr\npcres\woman\FM_BD_140_WK02.spr
6F8CDA38	150280660	16145	32	13158	\spr\npcres\woman\FM_HD_142_IJ01.spr
6F8DB233	150293818	73953	32	52628	\spr\npcres\man\MA_HR_131_WK04.spr
6F977C82	150346446	36441	32	30044	\spr\npcres\woman\FM_RH_140_AT03.spr
6F9C1086	150376490	132805	32	99097	\spr\npcres\woman\FM_BD_132_IJ01.spr
6FA17832	150475587	89139	32	45838	\spr\npcres\woman\FM_RW_193_MG03.spr
6FA8BFC2	150521425	26304	32	20481	\spr\npcres\woman\FM_LH_129_HA02.spr
6FABC387	150541906	264007	32	227446	\spr\npcres\man\MA_BD_130_WK04.spr
6FCDCDC5	150769352	217396	32	165465	\spr\npcres\woman\FM_BD_129_MG04.spr
6FCF98A4	150934817	156343	32	130504	\spr\npcres\man\MA_RW_190_AT02.spr
700CA134	151065321	45558	32	36849	\spr\npcres\woman\FM_HR_143_DE04.spr
70187294	151102170	238158	32	209731	\spr\npcres\man\MA_BD_138_DE03.spr
701AEBE8	151311901	161021	32	122535	\spr\npcres\woman\FM_BD_135_HA01.spr
7021A96D	151434436	72278	32	60328	\spr\npcres\man\MA_LH_139_MG03.spr
7039BB37	151494764	215553	32	175987	\spr\npcres\man\MA_BD_150_MG03.spr
704BE929	151670751	42274	32	36942	\spr\npcres\man\MA_HR_140_AT04.spr
704CA1FD	151707693	82933	32	70080	\spr\npcres\woman\FM_RW_200_HD01.spr
7050C9C4	151777773	157100	32	127487	\spr\npcres\man\MA_BD_135_IJ03.spr
70595A8C	151905260	104723	32	85404	\spr\npcres\man\MA_RH_132_WK04.spr
707AD097	151990664	20981	32	17488	\spr\npcres\man\MA_HD_128_IJ02.spr
707D48CC	152008152	26287	32	22314	\spr\npcres\woman\FM_HR_153_AT01.spr
708372DB	152030466	96151	32	80641	\spr\npcres\man\MA_LH_139_AT02.spr
708A6B53	152111107	254541	32	206751	\spr\npcres\woman\FM_BD_134_HD01.spr
709809EB	152317858	197480	32	175434	\spr\npcres\woman\FM_RW_187_AT06.spr
709B44A5	152493292	286569	32	227282	\spr\npcres\man\MA_BD_150_AT02.spr
70A2150C	152720574	13663	32	10626	\spr\npcres\woman\FM_RH_131_HI01.spr
70A63D63	152731200	74650	32	56978	\spr\npcres\man\MA_RH_130_IJ02.spr
70AF1F78	152788178	214715	32	172231	\spr\npcres\man\MA_BD_137_HA01.spr
70C5DC5E	152960409	58311	32	51029	\spr\npcres\woman\FM_RH_153_IJ06.spr
70DCCA47	153011438	30079	32	20742	\spr\npcres\woman\FM_HR_129_RN03.spr
70DD4C15	153032180	36205	32	29517	\spr\npcres\woman\FM_LH_134_DE02.spr
70E306D5	153061697	131866	32	113172	\spr\npcres\woman\FM_BD_131_DE04.spr
70EE3247	153174869	18968	32	16241	\spr\npcres\woman\FM_HD_141_DE04.spr
70F343F7	153191110	70597	32	54251	\spr\npcres\woman\FM_LH_130_RN04.spr
70F6F9EA	153245361	33713	32	25362	\spr\npcres\man\MA_HR_130_ST03.spr
70F7CA1D	153270723	254912	32	153525	\spr\npcres\man\MA_BD_137_RD01.spr
70F7ED58	153424248	41883	32	36008	\spr\npcres\woman\FM_RH_133_AT07.spr
7110108B	153460256	40229	32	32640	\spr\npcres\man\MA_LH_132_HI01.spr
7123DFB7	153492896	21672	32	17898	\spr\npcres\woman\FM_HD_140_HA01.spr
7124AA72	153510794	63541	32	54959	\spr\npcres\woman\FM_LH_153_HA01.spr
712B40D5	153565753	48487	32	41712	\spr\npcres\woman\FM_HR_131_ZZ01.spr
712F772A	153607465	65250	32	56019	\spr\npcres\man\MA_LH_150_AT07.spr
712F9AB2	153663484	204226	32	136980	\spr\npcres\man\MA_BD_137_ST06.spr
7132E5F6	153800464	46697	32	31503	\spr\npcres\man\MA_LH_140_RD01.spr
713314D5	153831967	32444	32	26615	\spr\npcres\woman\FM_HR_141_HD01.spr
714165D9	153858582	213391	32	174112	\spr\npcres\woman\FM_BD_141_WK02.spr
7150E0F1	154032694	76671	32	56737	\spr\npcres\man\MA_RH_132_ST05.spr
715C35FA	154089431	220558	32	185243	\spr\npcres\man\MA_BD_128_RN03.spr
7187644E	154274674	62177	32	51298	\spr\npcres\man\MA_RH_138_RN02.spr
7198B1E0	154325972	362404	32	312487	\spr\npcres\woman\FM_LW_200_AT08.spr
71A5CB54	154638459	237982	32	196342	\spr\npcres\woman\FM_BD_153_AT06.spr
71A87915	154834801	45892	32	36794	\spr\npcres\woman\FM_RH_133_MG04.spr
71B9D7C9	154871595	25259	32	19370	\spr\npcres\man\MA_HD_150_RN02.spr
71BAE1F3	154890965	33589	32	28025	\spr\npcres\man\MA_LH_131_RN03.spr
71C451CF	154918990	165181	32	143172	\spr\npcres\woman\FM_LW_200_IJ05.spr
71D8AD82	155062162	19538	32	16215	\spr\npcres\woman\FM_HD_143_IJ01.spr
71DFCDBC	155078377	120026	32	90964	\spr\npcres\woman\FM_BD_133_IJ01.spr
71E02E2F	155169341	257555	32	211782	\spr\npcres\man\MA_BD_139_IJ04.spr
71E851B2	155381123	118608	32	83007	\spr\npcres\man\MA_LH_129_ST01.spr
71EBD280	155464130	168764	32	141975	\spr\npcres\man\MA_RW_186_AT04.spr
71ED1868	155606105	34051	32	28013	\spr\npcres\woman\FM_RH_141_AT03.spr
71FDC902	155634118	93138	32	50657	\spr\npcres\woman\FM_RW_194_MG03.spr
72070467	155684775	30077	32	20714	\spr\npcres\woman\FM_HR_129_RN04.spr
72078635	155705489	22030	32	18974	\spr\npcres\woman\FM_LH_134_DE03.spr
720CEC6C	155724463	34356	32	25480	\spr\npcres\man\MA_HR_130_ST04.spr
72114B27	155749943	252419	32	210750	\spr\npcres\man\MA_BD_150_AT03.spr
7216C510	155960693	31599	32	24394	\spr\npcres\woman\FM_HD_135_RN01.spr
7219795D	155985087	85080	32	70285	\spr\npcres\man\MA_LH_139_AT03.spr
722505FA	156055372	252926	32	197477	\spr\npcres\man\MA_BD_137_HA02.spr
722898A3	156252849	23660	32	18948	\spr\npcres\woman\FM_LH_131_MG01.spr
722FC4DB	156271797	47523	32	33693	\spr\npcres\woman\FM_HR_133_WK01.spr
723C23E5	156305490	64988	32	51957	\spr\npcres\man\MA_RH_130_IJ03.spr
725669D7	156357447	24892	32	20545	\spr\npcres\woman\FM_HD_140_HA02.spr
7266365E	156377992	82435	32	64421	\spr\npcres\woman\FM_RH_132_ZZ01.spr
72674D5D	156442413	23985	32	18977	\spr\npcres\woman\FM_RH_129_DE01.spr
726F4ABF	156461390	66662	32	57864	\spr\npcres\man\MA_RH_132_HA01.spr
726FE792	156519254	74027	32	63574	\spr\npcres\woman\FM_LH_153_HA02.spr
7280B28E	156582828	79288	32	62307	\spr\npcres\woman\FM_LH_130_JP01.spr
728BBFF9	156645135	206718	32	168441	\spr\npcres\woman\FM_BD_141_WK03.spr
72A310BB	156813576	28098	32	22781	\spr\npcres\man\MA_HR_130_HR01.spr
72B28E10	156836357	200385	32	174199	\spr\npcres\man\MA_LW_187_AT06.spr
72BD9299	157010556	231102	32	193525	\spr\npcres\man\MA_BD_135_RN01.spr
72C3CB00	157204081	277328	32	246934	\spr\npcres\woman\FM_LW_200_AT09.spr
72D14B54	157451015	210446	32	169052	\spr\npcres\woman\FM_BD_129_ZZ01.spr
72D2B335	157620067	35976	32	30212	\spr\npcres\woman\FM_RH_133_MG05.spr
72E80574	157650279	169551	32	141406	\spr\npcres\woman\FM_BD_153_AT07.spr
72EA387C	157791685	218539	32	181664	\spr\npcres\man\MA_BD_128_RN04.spr
72ED99ED	157973349	32775	32	26678	\spr\npcres\man\MA_HD_137_WK01.spr
72EE9773	158000027	75459	32	56474	\spr\npcres\man\MA_RH_132_ST06.spr
730207DC	158056501	115710	32	94705	\spr\npcres\woman\FM_BD_133_IJ02.spr
7303E7A2	158151206	19539	32	16314	\spr\npcres\woman\FM_HD_143_IJ02.spr
73105588	158167520	34984	32	28578	\spr\npcres\woman\FM_RH_141_AT04.spr
731D6AC0	158196098	60778	32	49532	\spr\npcres\man\MA_RH_138_RN03.spr
73309475	158245630	40309	32	33188	\spr\npcres\man\MA_LH_131_RN04.spr
7337DA4B	158278818	25446	32	19713	\spr\npcres\man\MA_HD_150_RN03.spr
7361D902	158298531	178490	32	148291	\spr\npcres\man\MA_RW_186_AT05.spr
73664434	158446822	118045	32	80864	\spr\npcres\man\MA_LH_129_ST02.spr
73666337	158527686	69550	32	60965	\spr\npcres\man\MA_RW_291_AT10.spr
7367E595	158588651	126188	32	100102	\spr\npcres\man\MA_RW_198_ST01.spr
7380EC4B	158688753	178551	32	131871	\spr\npcres\woman\FM_BD_153_MG04.spr
738851D0	158820624	61634	32	45380	\spr\npcres\man\MA_HR_131_HM01.spr
7395F6FE	158866004	231098	32	182731	\spr\npcres\man\MA_BD_130_HM01.spr
73C83AF5	159048735	30437	32	25730	\spr\npcres\woman\FM_RH_141_MG01.spr
73CDE626	159074465	25394	32	20391	\spr\npcres\woman\FM_LH_131_AT03.spr
73EACFBB	159094856	60530	32	50298	\spr\npcres\man\MA_HR_140_MG05.spr
740971CC	159145154	61147	32	51045	\spr\npcres\man\MA_RH_138_RN01.spr
741E2BB9	159196199	205263	32	167969	\spr\npcres\woman\FM_BD_141_WK01.spr
74232157	159364168	25232	32	19306	\spr\npcres\man\MA_HD_150_RN01.spr
742CFB71	159383474	40065	32	33092	\spr\npcres\man\MA_LH_131_RN02.spr
744825F6	159416566	29613	32	23274	\spr\npcres\woman\FM_LH_143_IJ04.spr
745AF068	159439840	16094	32	13359	\spr\npcres\woman\FM_HD_135_IJ04.spr
74652FF5	159453199	36102	32	29298	\spr\npcres\woman\FM_RH_133_MG03.spr
746A3BAD	159482497	152136	32	123892	\spr\npcres\man\MA_BD_139_IJ03.spr
7472B134	159606389	168397	32	131842	\spr\npcres\woman\FM_BD_153_AT05.spr
74BACE48	159738231	35826	32	26800	\spr\npcres\woman\FM_RH_141_AT02.spr
74C6D2C7	159765031	44586	32	37735	\spr\npcres\man\MA_HR_140_MG03.spr
74C91982	159802766	127195	32	108110	\spr\npcres\woman\FM_LW_200_HR01.spr
74D91A48	159910876	64317	32	51200	\spr\npcres\man\MA_LH_137_ZZ01.spr
74F2F99B	159962076	26186	32	20634	\spr\npcres\woman\FM_HD_135_HR01.spr
74FD2F6E	159982710	57340	32	44886	\spr\npcres\man\MA_HD_129_AT06.spr
750C54F9	160027596	259422	32	205949	\spr\npcres\man\MA_BD_137_WK03.spr
75158E33	160233545	265065	32	227496	\spr\npcres\man\MA_BD_150_MG01.spr
7518F27A	160461041	24485	32	18486	\spr\npcres\woman\FM_HD_142_RN04.spr
751DBC69	160479527	91942	32	76354	\spr\npcres\man\MA_LH_139_MG01.spr
75239F1D	160555881	25866	32	20325	\spr\npcres\woman\FM_LH_129_HD01.spr
752B180B	160576206	186057	32	148060	\spr\npcres\woman\FM_BD_153_MG02.spr
752BC23A	160724266	91297	32	75764	\spr\npcres\man\MA_HR_128_DE03.spr
752D7F2F	160800030	34100	32	29205	\spr\npcres\woman\FM_HD_130_MG04.spr
753FE174	160829235	50883	32	44132	\spr\npcres\man\MA_RH_131_AT06.spr
7541BA50	160873367	37452	32	29727	\spr\npcres\woman\FM_RW_292_HR01.spr
754CDCC0	160903094	195126	32	165195	\spr\npcres\man\MA_BD_135_IJ01.spr
755012E6	161068289	25085	32	18493	\spr\npcres\woman\FM_LH_131_AT01.spr
75745990	161086782	191318	32	163140	\spr\npcres\man\MA_BD_138_DE01.spr
7597DDF4	161249922	68904	32	54387	\spr\npcres\woman\FM_HR_143_DE02.spr
75A7FC35	161304309	58027	32	48876	\spr\npcres\man\MA_HR_140_AT02.spr
75B4A188	161353185	109280	32	86785	\spr\npcres\man\MA_RH_132_WK02.spr
75E2CCF6	161439970	45592	32	32140	\spr\npcres\man\MA_HR_130_ST01.spr
75FA5475	161472110	28881	32	23123	\spr\npcres\woman\FM_HD_143_WK04.spr
75FF8D5F	161495233	173666	32	140361	\spr\npcres\woman\FM_BD_133_WK04.spr
760BD5E0	161635594	43652	32	33848	\spr\npcres\man\MA_HD_129_AT07.spr
76555D84	161669442	194840	32	149491	\spr\npcres\woman\FM_BD_131_HM01.spr
7657894F	161818933	29035	32	25060	\spr\npcres\woman\FM_HD_130_MG05.spr
765CD939	161843993	50446	32	40955	\spr\npcres\man\MA_HR_140_MG04.spr
765E522B	161884948	143616	32	114067	\spr\npcres\woman\FM_BD_153_MG03.spr
7681ADC2	161999015	20132	32	16229	\spr\npcres\man\MA_RH_128_HI01.spr
76824C12	162015244	167044	32	148691	\spr\npcres\man\MA_BD_138_DE02.spr
769A5B7B	162163935	260136	32	206108	\spr\npcres\man\MA_BD_137_WK04.spr
769AAC06	162370043	26335	32	19243	\spr\npcres\woman\FM_LH_131_AT02.spr
76A1C8BC	162389286	103170	32	86000	\spr\npcres\man\MA_HR_128_DE04.spr
76A3B4B5	162475286	217741	32	170457	\spr\npcres\man\MA_BD_150_MG02.spr
76ABA2EB	162645743	70821	32	57221	\spr\npcres\man\MA_LH_139_MG02.spr
76B597F6	162702964	38946	32	33676	\spr\npcres\man\MA_RH_131_AT07.spr
76C0677B	162736640	67416	32	57210	\spr\npcres\woman\FM_RW_199_IJ02.spr
76C3540A	162793850	104950	32	81138	\spr\npcres\man\MA_RH_132_WK03.spr
76CDCBAE	162874988	190702	32	168080	\spr\npcres\man\MA_LW_187_MG05.spr
76DA1714	163043068	46971	32	37066	\spr\npcres\woman\FM_HR_143_DE03.spr
76DAC342	163080134	179879	32	145071	\spr\npcres\man\MA_BD_135_IJ02.spr
76E862F9	163225205	85992	32	66199	\spr\npcres\woman\FM_RW_200_RD01.spr
76EC2A15	163291404	23213	32	19719	\spr\npcres\man\MA_HD_128_IJ01.spr
770D5E23	163311123	320969	32	264604	\spr\npcres\man\MA_BD_150_AT01.spr
77152DE5	163575727	247509	32	160458	\spr\npcres\woman\FM_BD_134_RD01.spr
772836E1	163736185	75098	32	60400	\spr\npcres\man\MA_RH_130_IJ01.spr
772E303B	163796585	27887	32	22300	\spr\npcres\woman\FM_HD_142_JP01.spr
773747C4	163818885	66217	32	58585	\spr\npcres\man\MA_LH_150_MG07.spr
773DE2B7	163877470	50409	32	42614	\spr\npcres\man\MA_HR_140_AT03.spr
77447DD3	163920084	20670	32	17461	\spr\npcres\woman\FM_HR_130_HI01.spr
774809D7	163937545	61362	32	49557	\spr\npcres\woman\FM_LH_130_RN03.spr
774D5338	163987102	56366	32	47461	\spr\npcres\woman\FM_RH_133_AT06.spr
77754C59	164034563	106898	32	87941	\spr\npcres\man\MA_LH_139_AT01.spr
7778F368	164122504	46581	32	34633	\spr\npcres\man\MA_HR_130_ST02.spr
778183B9	164157137	44809	32	34473	\spr\npcres\man\MA_HR_135_HM01.spr
779140A8	164191610	89284	32	76916	\spr\npcres\man\MA_LH_150_AT06.spr
77919430	164268526	204489	32	141659	\spr\npcres\man\MA_BD_137_ST05.spr
77A9B027	164410185	30074	32	20644	\spr\npcres\woman\FM_HR_129_RN02.spr
77AA32F5	164430829	30404	32	25052	\spr\npcres\woman\FM_LH_134_DE01.spr
77B8CCB5	164455881	132345	32	110675	\spr\npcres\woman\FM_BD_131_DE03.spr
77BA739F	164566556	61912	32	52289	\spr\npcres\man\MA_RH_138_IJ04.spr
77BBF827	164618845	18742	32	15826	\spr\npcres\woman\FM_HD_141_DE03.spr
77C60F78	164634671	219984	32	183532	\spr\npcres\man\MA_BD_128_RN02.spr
77DAFA7F	164818203	80232	32	58439	\spr\npcres\man\MA_RH_132_ST04.spr
77EEEAE7	164876642	88017	32	74426	\spr\npcres\man\MA_RH_129_HD01.spr
77FC0290	164951068	185129	32	148713	\spr\npcres\man\MA_RW_186_MG04.spr
78172D0D	165099781	31177	32	26675	\spr\npcres\woman\FM_HD_132_HA02.spr
7822AAC0	165126456	98897	32	81343	\spr\npcres\man\MA_LH_150_MG05.spr
7829C9B3	165207799	65100	32	55174	\spr\npcres\man\MA_HR_140_AT01.spr
782E082C	165262973	14699	32	8617	\spr\npcres\woman\FM_RH_131_ST06.spr
783EBB16	165271590	106129	32	86266	\spr\npcres\man\MA_RH_132_WK01.spr
78453DD4	165357856	11586	32	10095	\spr\npcres\woman\FM_HD_153_HI01.spr
7853EF8B	165367951	45165	32	23328	\spr\npcres\woman\FM_RW_292_MG03.spr
785B1528	165391279	100931	32	77349	\spr\npcres\woman\FM_BD_143_HI01.spr
7868E0FF	165468628	169786	32	138994	\spr\npcres\woman\FM_RW_291_RN07.spr
786C83D4	165607622	59198	32	47039	\spr\npcres\woman\FM_HR_143_DE01.spr
78898B2C	165654661	129294	32	104793	\spr\npcres\woman\FM_RW_190_RD01.spr
788D57B4	165759454	67217	32	57933	\spr\npcres\man\MA_LH_150_AT04.spr
788DFB3C	165817387	204766	32	146713	\spr\npcres\man\MA_BD_137_ST03.spr
788F049B	165964100	44001	32	35860	\spr\npcres\woman\FM_HR_140_WK03.spr
7895D9B6	165999960	123368	32	105499	\spr\npcres\man\MA_RW_195_HD01.spr
7896469B	166105459	44798	32	36185	\spr\npcres\man\MA_RH_138_IJ02.spr
78B5733F	166141644	173732	32	140098	\spr\npcres\woman\FM_BD_133_WK03.spr
78B71A55	166281742	28887	32	23036	\spr\npcres\woman\FM_HD_143_WK03.spr
78C37975	166304778	176394	32	146607	\spr\npcres\woman\FM_BD_131_DE01.spr
78CE14E7	166451385	25166	32	20662	\spr\npcres\woman\FM_HD_141_DE01.spr
78D2A597	166472047	65391	32	52073	\spr\npcres\woman\FM_LH_130_RN01.spr
78D36692	166524120	127337	32	105931	\spr\npcres\man\MA_BD_150_IJ06.spr
78D7CFF8	166630051	49628	32	41152	\spr\npcres\woman\FM_RH_133_AT04.spr
790868FC	166671203	57932	32	45328	\spr\npcres\man\MA_HD_129_MG05.spr
79253EFE	166716531	36634	32	29125	\spr\npcres\woman\FM_RH_153_IJ03.spr
79254345	166745656	105552	32	87515	\spr\npcres\woman\FM_RW_194_AT03.spr
7936C17B	166833171	110436	32	72479	\spr\npcres\man\MA_RH_132_ST02.spr
793BBD4F	166905650	54555	32	41790	\spr\npcres\woman\FM_RH_142_HW01.spr
79402454	166947440	26733	32	21223	\spr\npcres\woman\FM_HD_134_RN06.spr
79460EA9	166968663	189345	32	159889	\spr\npcres\man\MA_BD_139_IJ01.spr
794A2A02	167128552	50613	32	44354	\spr\npcres\man\MA_RH_131_MG05.spr
797E1657	167172906	43621	32	36495	\spr\npcres\man\MA_HD_137_JP01.spr
79852DF4	167209401	192769	32	155456	\spr\npcres\woman\FM_BD_153_AT03.spr
79885BB5	167364857	39469	32	33893	\spr\npcres\woman\FM_RH_133_MG01.spr
79CC29CE	167398750	22898	32	19708	\spr\npcres\woman\FM_HR_135_DE04.spr
79D351B6	167418458	41714	32	30932	\spr\npcres\woman\FM_LH_143_IJ02.spr
79E252C6	167449390	94592	32	75947	\spr\npcres\woman\FM_BD_140_IJ04.spr
79E62BAB	167525337	111352	32	93586	\spr\npcres\man\MA_LH_138_DE04.spr
79E9326A	167618923	44342	32	34150	\spr\npcres\man\MA_HD_129_AT04.spr
79ED6C28	167653073	21351	32	17244	\spr\npcres\woman\FM_HD_135_IJ02.spr
7A05FFB7	167670317	63307	32	50419	\spr\npcres\woman\FM_LH_130_RN02.spr
7A14D399	167720736	107408	32	88350	\spr\npcres\woman\FM_RW_197_HM01.spr
7A1A1918	167809086	43529	32	35901	\spr\npcres\woman\FM_RH_133_AT05.spr
7A1B5A36	167844987	60939	32	53351	\spr\npcres\man\MA_LH_150_AT05.spr
7A1BE1BE	167898338	203683	32	136509	\spr\npcres\man\MA_BD_137_ST04.spr
7A2C4D1D	168034847	39021	32	32745	\spr\npcres\man\MA_RH_138_IJ03.spr
7A325EBB	168067592	43346	32	35603	\spr\npcres\woman\FM_HR_140_WK04.spr
7A481806	168103195	217446	32	181387	\spr\npcres\man\MA_BD_128_RN01.spr
7A4CF7FD	168284582	68657	32	53094	\spr\npcres\man\MA_RH_132_ST03.spr
7A676607	168337676	30522	32	21402	\spr\npcres\woman\FM_HR_129_RN01.spr
7A68481E	168359078	34449	32	29627	\spr\npcres\woman\FM_RH_153_IJ04.spr
7A70AE07	168388705	28126	32	23512	\spr\npcres\woman\FM_HD_141_DE02.spr
7A75B295	168412217	202400	32	170344	\spr\npcres\woman\FM_BD_131_DE02.spr
7A804D6B	168582561	55048	32	45637	\spr\npcres\woman\FM_RH_153_HR01.spr
7A96F4FF	168628198	40146	32	33252	\spr\npcres\man\MA_LH_131_RN01.spr
7ABA6137	168661450	182110	32	146335	\spr\npcres\man\MA_BD_137_HR01.spr
7AC86714	168807785	177407	32	146662	\spr\npcres\woman\FM_BD_153_AT04.spr
7ADC352B	168954447	173551	32	141105	\spr\npcres\man\MA_BD_139_IJ02.spr
7AE42A60	169095552	30632	32	25119	\spr\npcres\man\MA_LH_140_HR01.spr
7B05EBD6	169120671	28518	32	21860	\spr\npcres\woman\FM_LH_143_IJ03.spr
7B0B5AED	169142531	83800	32	62281	\spr\npcres\woman\FM_LH_132_HW01.spr
7B17A648	169204812	16238	32	12044	\spr\npcres\woman\FM_HD_135_IJ03.spr
7B3295D5	169216856	46497	32	37599	\spr\npcres\woman\FM_RH_133_MG02.spr
7B4760E4	169254455	39863	32	31895	\spr\npcres\woman\FM_HR_134_HA02.spr
7B482C45	169286350	45456	32	37415	\spr\npcres\man\MA_HR_140_MG02.spr
7B4B3C6D	169323765	50943	32	44746	\spr\npcres\man\MA_LH_135_IJ05.spr
7B4FB125	169368511	29078	32	18870	\spr\npcres\woman\FM_LH_129_RD01.spr
7B6738EC	169387381	43589	32	34270	\spr\npcres\man\MA_HD_129_AT05.spr
7B77B428	169421651	30037	32	23827	\spr\npcres\woman\FM_RH_141_AT01.spr
7B851036	169445478	203894	32	153904	\spr\npcres\man\MA_BD_138_HM01.spr
7B94F2F2	169599382	33624	32	29356	\spr\npcres\man\MA_HD_130_HD01.spr
7B9DDFB8	169628738	66284	32	55656	\spr\npcres\man\MA_HR_128_DE02.spr
7BA1FAF2	169684394	39532	32	33862	\spr\npcres\man\MA_RH_131_AT05.spr
7BB21159	169718256	84402	32	70086	\spr\npcres\man\MA_RW_200_IJ05.spr
7BBFE407	169788342	49238	32	41286	\spr\npcres\man\MA_RW_194_HI01.spr
7BD5B85A	169829628	24586	32	18577	\spr\npcres\woman\FM_HD_142_RN03.spr
7BE0CEEB	169848205	181462	32	150207	\spr\npcres\woman\FM_BD_153_MG01.spr
7BE1FE54	169998412	20608	32	15274	\spr\npcres\woman\FM_HD_153_ST09.spr
7BF5A187	170013686	260134	32	198736	\spr\npcres\man\MA_BD_137_WK02.spr
7BFA250F	170212422	28976	32	22714	\spr\npcres\woman\FM_HD_130_MG03.spr
7BFA41BF	170235136	48088	32	40068	\spr\npcres\woman\FM_RW_184_HI01.spr
7C1DEA34	170275204	25817	32	20420	\spr\npcres\woman\FM_HD_134_RN05.spr
7C3C2780	170295624	43391	32	35148	\spr\npcres\man\MA_RH_131_MG04.spr
7C43CB80	170330772	41922	32	34123	\spr\npcres\woman\FM_HR_130_HM01.spr
7C5293D4	170364895	190511	32	155605	\spr\npcres\woman\FM_BD_153_AT02.spr
7C530FE8	170520500	49234	32	37871	\spr\npcres\man\MA_HD_129_AT03.spr
7C682529	170558371	101440	32	84286	\spr\npcres\man\MA_LH_138_DE03.spr
7C686DA6	170642657	25968	32	18851	\spr\npcres\woman\FM_HR_129_AT07.spr
7C90E162	170661508	76234	32	61304	\spr\npcres\man\MA_HR_128_HM01.spr
7C95556F	170722812	32285	32	27888	\spr\npcres\man\MA_HD_135_DE05.spr
7C999FAE	170750700	23362	32	19625	\spr\npcres\woman\FM_HR_135_DE03.spr
7C9DC1FE	170770325	46183	32	39625	\spr\npcres\man\MA_RH_131_AT03.spr
7CA70369	170809950	24766	32	21974	\spr\npcres\man\MA_LH_135_IJ03.spr
7CA80796	170831924	40514	32	31062	\spr\npcres\woman\FM_LH_143_IJ01.spr
7CAB0D85	170862986	15304	32	12018	\spr\npcres\woman\FM_HR_129_IJ04.spr
7CBAD208	170875004	21306	32	17284	\spr\npcres\woman\FM_HD_135_IJ01.spr
7CBF18A6	170892288	94932	32	72745	\spr\npcres\woman\FM_BD_140_IJ03.spr
7CC30ED2	170965033	25555	32	17940	\spr\npcres\woman\FM_HR_129_HR01.spr
7CC5CCBB	170982973	71314	32	59552	\spr\npcres\woman\FM_RH_153_WK06.spr
7CCC6BC9	171042525	209341	32	172458	\spr\npcres\woman\FM_BD_129_RN04.spr
7CDD8FF8	171214983	54004	32	45533	\spr\npcres\man\MA_HR_150_AT11.spr
7CEC55A3	171260516	78212	32	64266	\spr\npcres\man\MA_LH_137_HA01.spr
7CF89C5B	171324782	30186	32	24290	\spr\npcres\woman\FM_HD_134_JP01.spr
7D00F57D	171349072	28657	32	19569	\spr\npcres\woman\FM_HR_129_MG04.spr
7D0D51CF	171368641	35238	32	30398	\spr\npcres\woman\FM_HD_130_MG01.spr
7D1EB1CC	171399039	66873	32	57906	\spr\npcres\man\MA_LH_150_MG03.spr
7D262B5E	171456945	30330	32	23075	\spr\npcres\woman\FM_LH_141_HM01.spr
7D274A2D	171480020	58026	32	46302	\spr\npcres\woman\FM_LH_130_MG05.spr
7D340138	171526322	108993	32	75966	\spr\npcres\man\MA_LH_137_RD01.spr
7D5E4745	171602288	228950	32	174690	\spr\npcres\man\MA_BD_129_HW01.spr
7D6CD1DD	171776978	82880	32	58120	\spr\npcres\man\MA_LH_137_ST06.spr
7D78D41A	171835098	24482	32	18835	\spr\npcres\woman\FM_HD_142_RN01.spr
7D7B1401	171853933	20904	32	17678	\spr\npcres\woman\FM_HD_133_DE03.spr
7D7DE2B2	171871611	3292	32	3156	\spr\item\equip\cap\obj-ma-cap146.spr
7DA5A4DE	171874767	84980	32	64886	\spr\npcres\man\MA_LH_132_HW01.spr
7DAB401C	171939653	35061	32	29347	\spr\npcres\man\MA_HD_131_DE03.spr
7DB0A4EC	171969000	27190	32	18184	\spr\npcres\woman\FM_RH_131_ST04.spr
7DB79188	171987184	239317	32	183073	\spr\npcres\woman\FM_BD_142_HA02.spr
7DCF4D9E	172170257	219936	32	183698	\spr\npcres\man\MA_BD_150_IJ04.spr
7DD9B615	172353955	28906	32	23012	\spr\npcres\woman\FM_HD_143_WK01.spr
7DDFEFFF	172376967	179395	32	145504	\spr\npcres\woman\FM_BD_133_WK01.spr
7DF8BAB0	172522471	88635	32	76845	\spr\npcres\man\MA_LH_150_AT02.spr
7DF9CE38	172599316	262088	32	136520	\spr\npcres\man\MA_BD_137_ST01.spr
7E072946	172735836	75084	32	62643	\spr\npcres\man\MA_HR_128_DE01.spr
7E1A4DCF	172798479	166045	32	132231	\spr\npcres\woman\FM_BD_140_HR01.spr
7E1CD6C4	172930710	33586	32	27274	\spr\npcres\woman\FM_HR_134_HA01.spr
7E2BF470	172957984	40899	32	34298	\spr\npcres\man\MA_RH_131_AT04.spr
7E3239C3	172992282	58715	32	49320	\spr\npcres\man\MA_HR_140_MG01.spr
7E3508AA	173041602	110311	32	94668	\spr\npcres\woman\FM_RW_197_DE02.spr
7E3D09EB	173136270	44574	32	38965	\spr\npcres\man\MA_LH_135_IJ04.spr
7E4A9621	173175235	2497	32	2346	\spr\item\equip\cap\obj-ma-cap147.spr
7E4B0E9D	173177581	24494	32	16904	\spr\npcres\woman\FM_HR_129_MG05.spr
7E7A5825	173194485	97914	32	78596	\spr\npcres\man\MA_LH_137_HA02.spr
7E7FBB05	173273081	259624	32	206381	\spr\npcres\man\MA_BD_137_WK01.spr
7E8C917F	173479462	49634	32	38895	\spr\npcres\woman\FM_HR_133_HD01.spr
7E94A44E	173518357	66321	32	57103	\spr\npcres\man\MA_LH_150_MG04.spr
7EA36E3A	173575460	24562	32	18619	\spr\npcres\woman\FM_HD_142_RN02.spr
7EADAE21	173594079	20298	32	17400	\spr\npcres\woman\FM_HD_133_DE04.spr
7EB7EBEF	173611479	34669	32	29055	\spr\npcres\woman\FM_HD_130_MG02.spr
7EBC20ED	173640534	28136	32	23901	\spr\npcres\woman\FM_RW_292_IJ02.spr
7EBEA434	173664435	19132	32	14524	\spr\npcres\woman\FM_HD_153_ST08.spr
7ED25710	173678959	256158	32	212355	\spr\npcres\woman\FM_BD_129_JP01.spr
7EEC93ED	173891314	26782	32	23140	\spr\npcres\woman\FM_HD_132_HA01.spr
7EFBFE0C	173914454	15503	32	11753	\spr\npcres\woman\FM_RH_131_ST05.spr
7F02391F	173926207	180333	32	146099	\spr\npcres\woman\FM_BD_133_WK02.spr
7F0CC035	174072306	28908	32	22994	\spr\npcres\woman\FM_HD_143_WK02.spr
7F0D9421	174095300	90361	32	67791	\spr\npcres\man\MA_RH_139_HW01.spr
7F185019	174163091	48304	32	41306	\spr\npcres\man\MA_RH_138_IJ01.spr
7F21769E	174204397	39679	32	33111	\spr\npcres\man\MA_HD_131_DE04.spr
7F426BE8	174237508	23238	32	19482	\spr\npcres\woman\FM_HD_131_HD01.spr
7F44CB7B	174256990	43760	32	35970	\spr\npcres\woman\FM_HR_140_WK02.spr
7F76A132	174292960	78277	32	67261	\spr\npcres\man\MA_LH_150_AT03.spr
7F77F4BA	174360221	262214	32	136883	\spr\npcres\man\MA_BD_137_ST02.spr
7FACB5D8	174497104	47120	32	39478	\spr\npcres\woman\FM_RH_133_AT03.spr
7FB8DAF9	174536582	110531	32	73617	\spr\npcres\man\MA_RH_132_ST01.spr
7FBC8CD5	174610199	21167	32	17865	\spr\npcres\woman\FM_LH_141_DE04.spr
7FCFD747	174628064	34702	32	27560	\spr\npcres\man\MA_LH_128_RN04.spr
7FF20925	174655624	96942	32	76745	\spr\npcres\woman\FM_RW_194_AT02.spr
7FF2627A	174732369	45449	32	34557	\spr\npcres\man\MA_HD_129_MG04.spr
7FF2E4DE	174766926	49412	32	41133	\spr\npcres\woman\FM_RH_153_IJ02.spr
800BEF4F	174808059	93281	32	73450	\spr\npcres\man\MA_HR_128_WK01.spr
801179F9	174881509	34556	32	28837	\spr\npcres\woman\FM_HD_130_HW01.spr
80123BB3	174910346	97279	32	74463	\spr\npcres\man\MA_RH_129_HW01.spr
801302BB	174984809	25606	32	21284	\spr\npcres\woman\FM_HR_135_RN01.spr
802D0F10	175006093	19867	32	16352	\spr\npcres\woman\FM_LH_134_IJ01.spr
8033CD20	175022445	88247	32	68231	\spr\npcres\woman\FM_BD_131_IJ03.spr
8035B1A8	175090676	22905	32	19268	\spr\npcres\man\MA_HD_140_IJ01.spr
803EF542	175109944	11954	32	9208	\spr\npcres\woman\FM_HD_141_IJ03.spr
804B3C98	175119152	77647	32	64709	\spr\npcres\man\MA_RW_188_HI01.spr
80554F92	175183861	12877	32	9797	\spr\npcres\woman\FM_LH_129_HI01.spr
80701B40	175193658	89952	32	77893	\spr\npcres\man\MA_RH_132_AT02.spr
80719B9D	175271551	121220	32	100621	\spr\npcres\man\MA_RW_196_RD01.spr
8081BD6C	175372172	69633	32	58676	\spr\npcres\man\MA_RH_150_IJ04.spr
80843C49	175430848	184579	32	147769	\spr\npcres\woman\FM_BD_143_RN03.spr
808B6D4F	175578617	43332	32	33800	\spr\npcres\woman\FM_RW_292_HW01.spr
80906C38	175612417	33512	32	28657	\spr\npcres\man\MA_HD_139_HD01.spr
80983A3E	175641074	85749	32	65546	\spr\npcres\woman\FM_LH_132_HM01.spr
80A4A806	175706620	100867	32	77238	\spr\npcres\woman\FM_RW_200_ST07.spr
80AF69C5	175783858	37152	32	30402	\spr\npcres\man\MA_HD_135_HA02.spr
80B89DC9	175814260	128155	32	105833	\spr\npcres\woman\FM_LH_153_RN07.spr
80BD7416	175920093	60093	32	36146	\spr\npcres\man\MA_RH_137_ST01.spr
80C7D9E1	175956239	41993	32	34430	\spr\npcres\woman\FM_RH_142_DE04.spr
80DB8412	175990669	87230	32	69478	\spr\npcres\man\MA_RW_200_HM01.spr
80DCA326	176060147	51401	32	42667	\spr\npcres\man\MA_LH_135_HM01.spr
80E213E2	176102814	288558	32	180348	\spr\npcres\woman\FM_BD_134_ST07.spr
80EDD0A4	176283162	20573	32	15694	\spr\npcres\woman\FM_HD_129_ST05.spr
80FC97CE	176298856	27352	32	21170	\spr\npcres\woman\FM_HD_133_RN01.spr
810BF123	176320026	33114	32	27025	\spr\npcres\woman\FM_RH_141_HA01.spr
811E7BF8	176347051	24405	32	20270	\spr\npcres\man\MA_HD_132_DE02.spr
813A8502	176367321	228823	32	173283	\spr\npcres\woman\FM_BD_133_HA02.spr
814B7F5A	176540604	274013	32	227734	\spr\npcres\man\MA_RW_185_HA02.spr
81500575	176768338	21730	32	16288	\spr\npcres\woman\FM_RH_129_WK03.spr
815D8288	176784626	79556	32	66416	\spr\npcres\woman\FM_RW_197_HR01.spr
815EA5EF	176851042	25435	32	20315	\spr\npcres\woman\FM_HD_134_WK01.spr
81645DD9	176871357	97120	32	67591	\spr\npcres\woman\FM_LH_135_RD01.spr
817017FD	176938948	73195	32	56113	\spr\npcres\woman\FM_LH_134_WK05.spr
8171A234	176995061	26988	32	22099	\spr\npcres\woman\FM_HR_134_ST01.spr
817D5844	177017160	50067	32	42538	\spr\npcres\woman\FM_HR_140_HA02.spr
818AA0C5	177059698	48184	32	40269	\spr\npcres\woman\FM_HR_131_WK01.spr
81907B43	177099967	207855	32	177029	\spr\npcres\man\MA_RW_189_HD01.spr
819780E9	177276996	56272	32	48660	\spr\npcres\woman\FM_RW_190_HI01.spr
81D73771	177325656	218319	32	175422	\spr\npcres\man\MA_BD_137_MG03.spr
81DF8EF2	177501078	124423	32	81316	\spr\npcres\woman\FM_BD_142_ST03.spr
81EC4595	177582394	65125	32	53505	\spr\npcres\woman\FM_LH_132_DE03.spr
81ECBE32	177635899	67804	32	52511	\spr\npcres\woman\FM_RH_130_ZZ01.spr
81EF3630	177688410	56071	32	44467	\spr\npcres\woman\FM_HR_143_AT05.spr
81F646E6	177732877	64769	32	53204	\spr\npcres\man\MA_HR_135_JP01.spr
81FB5858	177786081	40420	32	32529	\spr\npcres\woman\FM_RH_140_HD01.spr
81FC7859	177818610	28415	32	22959	\spr\npcres\man\MA_HR_150_ST05.spr
82106AC4	177841569	20682	32	12949	\spr\npcres\woman\FM_HD_129_ST06.spr
822721EE	177854518	27311	32	21047	\spr\npcres\woman\FM_HD_133_RN02.spr
8243E880	177875565	47519	32	40503	\spr\npcres\man\MA_LH_135_DE01.spr
8254C9FC	177916068	125563	32	112210	\spr\npcres\man\MA_RW_187_RN04.spr
82581561	178028278	165938	32	141280	\spr\npcres\man\MA_BD_129_IJ01.spr
826F9499	178169558	74814	32	61850	\spr\npcres\man\MA_RW_190_IJ02.spr
8281FF0F	178231408	25439	32	20333	\spr\npcres\woman\FM_HD_134_WK02.spr
82946E7A	178251741	31045	32	25850	\spr\npcres\man\MA_HD_132_DE03.spr
829B5E95	178277591	26080	32	18464	\spr\npcres\woman\FM_RH_129_WK04.spr
82A4FC54	178296055	23340	32	18081	\spr\npcres\woman\FM_HR_134_ST02.spr
82BE0B43	178314136	38592	32	30231	\spr\npcres\woman\FM_RH_141_HA02.spr
82D25E46	178344367	35493	32	28115	\spr\npcres\man\MA_HR_150_RD01.spr
82D9C32D	178372482	82851	32	67630	\spr\npcres\woman\FM_LH_135_HD01.spr
82FAEFA6	178440112	242207	32	115868	\spr\npcres\man\MA_BD_138_ST01.spr
8302D812	178555980	188508	32	127958	\spr\npcres\woman\FM_BD_142_ST04.spr
8303E689	178683938	32049	32	21915	\spr\npcres\man\MA_HD_131_RD01.spr
830A6EDB	178705853	28505	32	22812	\spr\npcres\man\MA_HR_150_ST06.spr
83124050	178728665	77913	32	59983	\spr\npcres\woman\FM_HR_143_AT06.spr
83169FB5	178788648	61615	32	50408	\spr\npcres\woman\FM_LH_132_DE04.spr
8322D180	178839056	134910	32	120022	\spr\npcres\woman\FM_LW_187_WK04.spr
833B0BF4	178959078	28033	32	23016	\spr\npcres\man\MA_HD_131_HA01.spr
833DFAE5	178982094	49786	32	41492	\spr\npcres\woman\FM_HR_131_WK02.spr
834B219D	179023586	18773	32	16476	\spr\npcres\man\MA_HD_138_HI01.spr
834F806C	179040062	133459	32	104874	\spr\npcres\man\MA_LH_130_WK01.spr
834FADAE	179144936	176447	32	146281	\spr\npcres\man\MA_BD_150_AT10.spr
835AF456	179291217	64565	32	46167	\spr\npcres\woman\FM_RH_130_ST01.spr
835D603F	179337384	30932	32	23722	\spr\npcres\woman\FM_HR_143_IJ03.spr
836D3DF3	179361106	240583	32	183707	\spr\npcres\man\MA_BD_137_MG04.spr
838FCFAF	179544813	48367	32	40644	\spr\npcres\man\MA_LH_128_DE04.spr
8393F737	179585457	30120	32	24808	\spr\npcres\woman\FM_HD_129_HM01.spr
83963682	179610265	82537	32	68489	\spr\npcres\man\MA_RH_132_MG03.spr
83979363	179678754	60722	32	46342	\spr\npcres\woman\FM_LH_142_WK02.spr
83AC53EB	179725096	38553	32	31978	\spr\npcres\woman\FM_HR_153_AT10.spr
83BBB72E	179757074	25064	32	18912	\spr\npcres\man\MA_HD_131_ST06.spr
83CA2B37	179775986	48242	32	36651	\spr\npcres\woman\FM_HR_143_MG03.spr
83CDD16B	179812637	24287	32	19653	\spr\npcres\man\MA_HD_137_RN03.spr
83CEC761	179832290	253406	32	205267	\spr\npcres\man\MA_BD_137_AT03.spr
83E4DBB9	180037557	18964	32	15282	\spr\npcres\man\MA_RH_140_HI01.spr
83EA9504	180052839	117656	32	91041	\spr\npcres\man\MA_LH_138_WK04.spr
83EB2EDF	180143880	185124	32	162367	\spr\npcres\man\MA_BD_150_DE02.spr
83F3D563	180306247	30619	32	25027	\spr\npcres\woman\FM_HD_141_AT06.spr
83F4C648	180331274	34187	32	23208	\spr\npcres\woman\FM_HR_129_RD01.spr
83FD02A2	180354482	55086	32	42231	\spr\npcres\man\MA_HR_139_ST01.spr
8427AA9E	180396713	281619	32	243332	\spr\npcres\man\MA_BD_131_HD01.spr
842DCB55	180640045	25833	32	18339	\spr\npcres\woman\FM_RH_129_WK02.spr
842F336B	180658384	23514	32	18897	\spr\npcres\man\MA_HD_128_ZZ01.spr
843D48D8	180677281	246874	32	203698	\spr\npcres\man\MA_RW_185_HA01.spr
845900FF	180880979	220924	32	168458	\spr\npcres\man\MA_BD_137_MG02.spr
846675E7	181049437	28471	32	22185	\spr\npcres\man\MA_HR_150_ST04.spr
846728E7	181071622	24491	32	19605	\spr\npcres\woman\FM_HR_135_MG05.spr
846A3FC1	181091227	78140	32	62386	\spr\npcres\man\MA_RH_130_ZZ01.spr
847209AD	181153613	233473	32	195505	\spr\npcres\woman\FM_BD_132_HD01.spr
847F43DC	181349118	23001	32	18820	\spr\npcres\woman\FM_RH_131_AT07.spr
84821D8E	181367938	89366	32	75894	\spr\npcres\man\MA_RH_132_MG01.spr
8484C100	181443832	23612	32	19530	\spr\npcres\man\MA_HR_150_HR01.spr
849574D2	181463362	124637	32	78456	\spr\npcres\woman\FM_BD_142_ST02.spr
84979A2A	181541818	24895	32	18522	\spr\npcres\man\MA_HD_131_ST04.spr
84A4FC10	181560340	59906	32	47084	\spr\npcres\woman\FM_HR_143_AT04.spr
84AD082C	181607424	107475	32	86335	\spr\npcres\man\MA_LH_137_AT06.spr
84B90875	181693759	92913	32	74743	\spr\npcres\woman\FM_LH_132_DE02.spr
84C6F800	181768502	120163	32	90020	\spr\npcres\man\MA_LH_138_WK02.spr
84D91858	181858522	113216	32	92161	\spr\npcres\man\MA_RW_195_HW01.spr
84E79CFF	181950683	40765	32	31181	\spr\npcres\woman\FM_HR_143_IJ01.spr
84EBCC01	181981864	24623	32	19301	\spr\npcres\woman\FM_HD_153_MG07.spr
84EEEB19	182001165	219115	32	160294	\spr\npcres\man\MA_BD_150_HM01.spr
84F8E237	182161459	117620	32	97649	\spr\npcres\woman\FM_RW_199_HA02.spr
84FBD2AB	182259108	33714	32	28233	\spr\npcres\man\MA_LH_128_DE02.spr
85038084	182287341	23846	32	18751	\spr\npcres\woman\FM_RH_143_RN04.spr
85064123	182306092	25283	32	20306	\spr\npcres\woman\FM_HD_141_AT04.spr
850C5296	182326398	38161	32	30535	\spr\npcres\man\MA_HD_135_WK04.spr
85100BBF	182356933	23066	32	17957	\spr\npcres\woman\FM_RH_131_MG04.spr
853668CD	182374890	23286	32	18247	\spr\npcres\man\MA_HD_131_HR01.spr
85392477	182393137	24146	32	19614	\spr\npcres\man\MA_HD_137_RN01.spr
853A2A6D	182412751	326086	32	262430	\spr\npcres\man\MA_BD_137_AT01.spr
85416102	182675181	15593	32	13087	\spr\npcres\woman\FM_HD_141_IJ01.spr
854583D4	182688268	112084	32	89431	\spr\npcres\man\MA_BD_140_IJ03.spr
854679E0	182777699	120391	32	91241	\spr\npcres\woman\FM_BD_131_IJ01.spr
85496980	182868940	158770	32	143181	\spr\npcres\woman\FM_RW_187_HA02.spr
855D47F7	183012121	57717	32	45265	\spr\npcres\woman\FM_HR_143_MG01.spr
8585BF3E	183057386	94740	32	74663	\spr\npcres\man\MA_RW_196_ST04.spr
8589D753	183132049	317907	32	275983	\spr\npcres\man\MA_BD_138_JP01.spr
858C7450	183408032	168586	32	139062	\spr\npcres\woman\FM_BD_135_JP01.spr
85F67210	183547094	102532	32	87585	\spr\npcres\woman\FM_RW_194_HA02.spr
85FD8068	183634679	51217	32	40992	\spr\npcres\man\MA_RH_150_IJ02.spr
860DA458	183675671	86990	32	73664	\spr\npcres\man\MA_RW_197_DE02.spr
86180000	183749335	62527	32	53133	\spr\npcres\man\MA_RH_132_MG02.spr
862AD61F	183802468	40833	32	31517	\spr\npcres\woman\FM_HR_143_IJ02.spr
862D80AC	183833985	25085	32	19079	\spr\npcres\man\MA_HD_131_ST05.spr
863B3EAE	183853064	78919	32	63897	\spr\npcres\man\MA_LH_137_AT07.spr
86489B43	183916961	23448	32	18472	\spr\npcres\woman\FM_HD_141_AT05.spr
86491C90	183935433	54855	32	43671	\spr\npcres\woman\FM_RH_142_HM01.spr
865B45DF	183979104	18341	32	15096	\spr\npcres\woman\FM_RH_131_MG05.spr
865CEE82	183994200	113602	32	83078	\spr\npcres\man\MA_LH_138_WK03.spr
865D385D	184077278	207162	32	175967	\spr\npcres\man\MA_BD_150_DE01.spr
866D5943	184253245	62640	32	47491	\spr\npcres\woman\FM_LH_142_WK01.spr
8671D92D	184300736	41162	32	34732	\spr\npcres\man\MA_LH_128_DE03.spr
86879117	184335468	56919	32	44148	\spr\npcres\woman\FM_HR_143_MG02.spr
8688B300	184379616	118220	32	96775	\spr\npcres\woman\FM_BD_131_IJ02.spr
868BBB22	184476391	16032	32	13267	\spr\npcres\woman\FM_HD_141_IJ02.spr
869A5908	184489658	78675	32	59028	\spr\npcres\man\MA_HD_135_WK05.spr
86B0D0EF	184548686	293511	32	229054	\spr\npcres\man\MA_BD_137_AT02.spr
86B72AE9	184777740	24162	32	19581	\spr\npcres\man\MA_HD_137_RN02.spr
86C454C9	184797321	115502	32	97856	\spr\npcres\man\MA_BD_130_HI01.spr
86D3B656	184895177	187249	32	154281	\spr\npcres\man\MA_BD_140_IJ04.spr
86FA14CE	185049458	103748	32	88464	\spr\npcres\man\MA_RH_132_AT01.spr
870BB6EA	185137922	44671	32	36909	\spr\npcres\man\MA_RH_150_IJ03.spr
87116343	185174831	31400	32	26127	\spr\npcres\man\MA_HD_135_HA01.spr
8711CCCB	185200958	28027	32	22308	\spr\npcres\woman\FM_RH_143_JP01.spr
8751E229	185223266	188853	32	151194	\spr\npcres\woman\FM_BD_143_RN02.spr
877E3EF4	185374460	118047	32	100732	\spr\npcres\man\MA_RW_192_WK02.spr
87807486	185475192	25834	32	21550	\spr\npcres\man\MA_HD_132_DE01.spr
879C8FC1	185496742	45706	32	36951	\spr\npcres\woman\FM_RH_142_DE03.spr
87BA8684	185533693	30139	32	21147	\spr\npcres\woman\FM_HD_129_ST04.spr
87BFD9C2	185554840	123956	32	84544	\spr\npcres\woman\FM_BD_134_ST06.spr
87CA0E24	185639384	42706	32	36452	\spr\npcres\woman\FM_HR_140_HA01.spr
87CDDDDD	185675836	32831	32	25158	\spr\npcres\woman\FM_LH_134_WK04.spr
87D803CE	185700994	30013	32	24191	\spr\npcres\man\MA_HD_130_HW01.spr
87E0F694	185725185	19316	32	14584	\spr\npcres\woman\FM_HR_141_ST06.spr
87EB4E78	185739769	74888	32	64008	\spr\npcres\man\MA_LH_129_IJ04.spr
87F04BE2	185803777	197134	32	155738	\spr\npcres\woman\FM_BD_133_HA01.spr
87FA1C48	185959515	22459	32	19043	\spr\npcres\woman\FM_HR_141_DE04.spr
8806DC60	185978558	140119	32	127741	\spr\npcres\woman\FM_RW_187_HA01.spr
883065FC	186106299	109766	32	93425	\spr\npcres\woman\FM_RW_198_HD01.spr
883799F0	186199724	13447	32	11239	\spr\npcres\woman\FM_LH_141_IJ04.spr
8838E497	186210963	26787	32	23408	\spr\npcres\woman\FM_RH_134_DE05.spr
884338F0	186234371	96386	32	82009	\spr\npcres\woman\FM_RW_194_HA01.spr
88679DF6	186316380	52141	32	44966	\spr\npcres\man\MA_RH_150_IJ01.spr
886F9A4D	186361346	22995	32	18316	\spr\npcres\woman\FM_LH_141_HR01.spr
887366A6	186379662	219257	32	176598	\spr\npcres\man\MA_RW_189_RD01.spr
8874FF57	186556260	29314	32	19082	\spr\npcres\woman\FM_HR_129_HW01.spr
887DA72D	186575342	52089	32	42800	\spr\npcres\woman\FM_RH_133_HA02.spr
888581D8	186618142	223642	32	188412	\spr\npcres\woman\FM_BD_130_RN04.spr
888761AE	186806554	21852	32	17532	\spr\npcres\woman\FM_HD_140_RN04.spr
88918E59	186824086	324541	32	259167	\spr\npcres\man\MA_RW_185_WK03.spr
8898FC69	187083253	68391	32	57691	\spr\npcres\woman\FM_LH_153_RN04.spr
88C27582	187140944	190187	32	125239	\spr\npcres\woman\FM_BD_134_ST04.spr
88C75484	187266183	58216	32	47826	\spr\npcres\man\MA_LH_129_IJ02.spr
88CD3344	187314009	20557	32	15277	\spr\npcres\woman\FM_HD_129_ST02.spr
88D1FC3A	187329286	37555	32	30958	\spr\npcres\woman\FM_HR_135_AT06.spr
88F7F241	187360244	191798	32	154672	\spr\npcres\woman\FM_RW_186_HD01.spr
88FA8CC6	187514916	169353	32	147677	\spr\npcres\man\MA_LW_200_HA02.spr
890B6354	187662593	27921	32	21442	\spr\npcres\woman\FM_HR_141_ST04.spr
890C8808	187684035	36402	32	29205	\spr\npcres\woman\FM_HR_141_DE02.spr
89163E7C	187713240	50275	32	41470	\spr\npcres\man\MA_RW_292_HD01.spr
891C9C19	187754710	15193	32	12569	\spr\npcres\woman\FM_HR_135_IJ03.spr
891EE46A	187767279	74208	32	59822	\spr\npcres\man\MA_RH_132_RN03.spr
89273B81	187827101	62726	32	49003	\spr\npcres\woman\FM_RH_142_DE01.spr
893875BA	187876104	114685	32	90007	\spr\npcres\man\MA_LH_137_MG05.spr
893C2DFB	187966111	98013	32	80000	\spr\npcres\woman\FM_RW_193_HD01.spr
894AAFA3	188046111	166097	32	137344	\spr\npcres\woman\FM_RW_188_HM01.spr
894F36E8	188183455	35793	32	29123	\spr\npcres\man\MA_HD_128_HA02.spr
8950499D	188212578	32624	32	25028	\spr\npcres\woman\FM_LH_134_WK02.spr
895258E3	188237606	38515	32	30353	\spr\npcres\man\MA_HR_150_ST02.spr
89613FCF	188267959	23402	32	18715	\spr\npcres\woman\FM_HD_141_WK04.spr
8966005D	188286674	172468	32	140467	\spr\npcres\woman\FM_BD_131_WK04.spr
897A297A	188427141	191192	32	151506	\spr\npcres\man\MA_LW_200_ST07.spr
8981FF9C	188578647	23087	32	17625	\spr\npcres\woman\FM_RH_131_AT05.spr
8983E136	188596272	33842	32	24786	\spr\npcres\man\MA_HD_131_ST02.spr
898A44A7	188621058	23126	32	18838	\spr\npcres\woman\FM_HR_135_MG03.spr
898B12C4	188639896	113175	32	90895	\spr\npcres\man\MA_RH_130_HA02.spr
898BBBD4	188730791	198319	32	157448	\spr\npcres\woman\FM_BD_142_ZZ01.spr
89928CAC	188888239	90857	32	70494	\spr\npcres\woman\FM_RW_184_MG05.spr
89991F28	188958733	78941	32	64413	\spr\npcres\man\MA_LH_137_AT04.spr
89B3414D	189023146	35078	32	28435	\spr\npcres\woman\FM_HD_133_AT06.spr
89CF68D0	189051581	58862	32	46034	\spr\npcres\woman\FM_HR_143_AT02.spr
89DF3EE6	189097615	154723	32	125897	\spr\npcres\man\MA_LH_130_JP01.spr
89EFC697	189223512	55935	32	47857	\spr\npcres\man\MA_HR_138_RN04.spr
89F7BF83	189271369	126940	32	104886	\spr\npcres\woman\FM_RW_195_HM01.spr
89FD882F	189376255	40398	32	30519	\spr\npcres\man\MA_LH_128_HM01.spr
89FE612C	189406774	13252	32	10055	\spr\npcres\woman\FM_HD_133_IJ03.spr
8A04365A	189416829	28290	32	23805	\spr\npcres\woman\FM_HR_135_AT07.spr
8A110CA2	189440634	23907	32	19757	\spr\npcres\man\MA_HD_132_HM01.spr
8A240B67	189460391	91506	32	78045	\spr\npcres\man\MA_RW_196_HR01.spr
8A2EA809	189538436	185328	32	148712	\spr\npcres\woman\FM_BD_143_RN01.spr
8A47D639	189687148	13282	32	11532	\spr\npcres\woman\FM_HR_135_IJ04.spr
8A4805D5	189698680	60518	32	52300	\spr\npcres\woman\FM_RW_197_IJ02.spr
8A5D5B06	189750980	49373	32	40217	\spr\npcres\man\MA_LH_129_IJ03.spr
8A5F3ED1	189791197	66782	32	54841	\spr\npcres\man\MA_RW_198_IJ02.spr
8A6A75A1	189846038	65212	32	52697	\spr\npcres\woman\FM_RH_142_DE02.spr
8A704D64	189898735	20689	32	12859	\spr\npcres\woman\FM_HD_129_ST03.spr
8A748FA2	189911594	133146	32	91070	\spr\npcres\woman\FM_BD_134_ST05.spr
8A8DB46B	190002664	28466	32	18868	\spr\npcres\woman\FM_HD_142_RD01.spr
8A8EFAD6	190021532	178980	32	153356	\spr\npcres\man\MA_BD_135_ZZ01.spr
8A94B81F	190174888	25719	32	21176	\spr\npcres\woman\FM_HD_140_JP01.spr
8A94EAEC	190196064	73538	32	61646	\spr\npcres\man\MA_RH_132_RN04.spr
8A9A83BD	190257710	26866	32	22048	\spr\npcres\woman\FM_LH_134_WK03.spr
8A9DE3DF	190279758	238097	32	167275	\spr\npcres\woman\FM_BD_132_RD01.spr
8AAAEC23	190447033	247748	32	207417	\spr\npcres\woman\FM_BD_130_JP01.spr
8AAE3A2A	190654450	78603	32	67414	\spr\npcres\woman\FM_LH_153_JP01.spr
8AB7C228	190721864	24751	32	19935	\spr\npcres\woman\FM_HR_141_DE03.spr
8ABDBD74	190741799	19351	32	14753	\spr\npcres\woman\FM_HR_141_ST05.spr
8AC31A7D	190756552	270904	32	226054	\spr\npcres\man\MA_BD_137_MG01.spr
8AE59B6D	190982606	26067	32	21439	\spr\npcres\woman\FM_HD_133_AT07.spr
8AE84F65	191004045	28599	32	22913	\spr\npcres\man\MA_HR_150_ST03.spr
8AFAB135	191026958	25459	32	18446	\spr\npcres\woman\FM_RH_129_WK01.spr
8AFFDC6C	191045404	21047	32	17894	\spr\npcres\woman\FM_HR_135_HR01.spr
8B01487C	191063298	107108	32	87211	\spr\npcres\man\MA_RW_197_HM01.spr
8B1705AA	191150509	72745	32	59718	\spr\npcres\man\MA_LH_137_AT05.spr
8B1997A8	191210227	25137	32	19151	\spr\npcres\man\MA_HD_131_ST03.spr
8B20BB4C	191229378	13956	32	11594	\spr\npcres\woman\FM_HD_133_IJ04.spr
8B306194	191240972	18483	32	15720	\spr\npcres\man\MA_HR_135_HI01.spr
8B3409BC	191256692	30066	32	24220	\spr\npcres\woman\FM_RH_131_AT06.spr
8B3C9EC7	191280912	29083	32	23368	\spr\npcres\woman\FM_HR_135_MG04.spr
8B48F58E	191304280	115589	32	90554	\spr\npcres\man\MA_LH_138_WK01.spr
8B58BD2F	191394834	23360	32	18225	\spr\npcres\woman\FM_HD_133_HR01.spr
8B5CA622	191413059	18875	32	16582	\spr\npcres\woman\FM_HR_130_IJ04.spr
8B623AB2	191429641	153254	32	108745	\spr\npcres\woman\FM_BD_142_ST01.spr
8B6D2C29	191538386	36343	32	29212	\spr\npcres\man\MA_LH_128_DE01.spr
8B71A2F0	191567598	61988	32	48702	\spr\npcres\woman\FM_HR_143_AT03.spr
8B7300C1	191616300	34785	32	23950	\spr\npcres\man\MA_HD_139_RD01.spr
8B76FE55	191640250	86137	32	68423	\spr\npcres\woman\FM_LH_132_DE01.spr
8BABD166	191708673	27201	32	20837	\spr\npcres\man\MA_HD_139_ST06.spr
8BB5A817	191729510	109246	32	91157	\spr\npcres\woman\FM_RW_199_HA01.spr
8BCB1B2D	191820667	45317	32	38657	\spr\npcres\man\MA_RW_291_HI01.spr
8BCF9D52	191859324	127860	32	101251	\spr\npcres\man\MA_BD_140_IJ02.spr
8BD1AD02	191960575	14676	32	8508	\spr\npcres\woman\FM_LH_129_ST06.spr
8BD33703	191969083	25344	32	20513	\spr\npcres\woman\FM_HD_141_AT03.spr
8BD97764	191989596	26427	32	20058	\spr\npcres\woman\FM_RH_143_RN03.spr
8BEDF19F	192009654	18912	32	13584	\spr\npcres\woman\FM_RH_131_MG03.spr
8BEDFCBC	192023238	35665	32	28515	\spr\npcres\man\MA_HR_130_IJ04.spr
8BF5AC14	192051753	37959	32	30548	\spr\npcres\man\MA_HD_135_WK03.spr
8BFE3DEF	192082301	157035	32	130169	\spr\npcres\woman\FM_BD_135_RN04.spr
8C0368B6	192212470	90717	32	74058	\spr\npcres\man\MA_LH_137_AT03.spr
8C08372D	192286528	26241	32	20359	\spr\npcres\woman\FM_HD_133_AT05.spr
8C0A135C	192306887	37570	32	27809	\spr\npcres\man\MA_RH_140_HW01.spr
8C103F26	192334696	281987	32	238478	\spr\npcres\man\MA_BD_139_HD01.spr
8C10BF2E	192573174	180842	32	144775	\spr\npcres\woman\FM_BD_143_AT07.spr
8C134B1A	192717949	22550	32	18753	\spr\npcres\woman\FM_HD_153_AT07.spr
8C259F22	192736702	113878	32	92925	\spr\npcres\woman\FM_BD_141_HI01.spr
8C2D3C7D	192829627	32618	32	25058	\spr\npcres\woman\FM_LH_134_WK01.spr
8C2F38A3	192854685	300400	32	233074	\spr\npcres\man\MA_BD_135_HA02.spr
8C310076	193087759	30661	32	25434	\spr\npcres\man\MA_HD_128_HA01.spr
8C33F63D	193113193	172402	32	140534	\spr\npcres\woman\FM_BD_131_WK03.spr
8C3EE5AF	193253727	23351	32	18750	\spr\npcres\woman\FM_HD_141_WK03.spr
8C470A87	193272477	28114	32	22790	\spr\npcres\woman\FM_HR_135_MG02.spr
8C4BD70C	193295267	17533	32	14634	\spr\npcres\woman\FM_HD_133_IJ02.spr
8C51D015	193309901	56063	32	47830	\spr\npcres\man\MA_HR_138_RN03.spr
8C5A59F9	193357731	49767	32	41650	\spr\npcres\man\MA_RH_138_ZZ01.spr
8C5EA27C	193399381	26694	32	20957	\spr\npcres\woman\FM_RH_131_AT04.spr
8C66BEAB	193420338	13757	32	12024	\spr\npcres\woman\FM_HR_153_HI01.spr
8C6DCCFB	193432362	32218	32	26844	\spr\npcres\woman\FM_HR_134_RN06.spr
8C75FAB4	193459206	33982	32	21260	\spr\npcres\man\MA_HD_131_ST01.spr
8C7D6C42	193480466	88811	32	73337	\spr\npcres\man\MA_RH_130_HA01.spr
8C7FFD40	193553803	28878	32	24094	\spr\npcres\woman\FM_RH_134_HM01.spr
8C84DEB0	193577897	55352	32	43873	\spr\npcres\woman\FM_HR_143_AT01.spr
8C8639B3	193621770	37256	32	27733	\spr\npcres\woman\FM_RH_140_HW01.spr
8C872462	193649503	27362	32	20450	\spr\npcres\man\MA_HD_139_ST04.spr
8CAD83B9	193669953	50969	32	45621	\spr\npcres\man\MA_LH_150_AT10.spr
8CAFA4DD	193715574	339150	32	207279	\spr\npcres\man\MA_BD_135_ST07.spr
8CB8F3EE	193922853	49693	32	41858	\spr\npcres\woman\FM_LW_184_HI01.spr
8CC8268F	193964711	190219	32	140960	\spr\npcres\woman\FM_BD_143_MG04.spr
8CCB2EA1	194105671	22377	32	17926	\spr\npcres\woman\FM_HD_153_MG04.spr
8CD2582B	194123597	84910	32	69052	\spr\npcres\woman\FM_RH_135_JP01.spr
8CD95F15	194192649	147040	32	120073	\spr\npcres\man\MA_RW_188_HW01.spr
8CD9C3B8	194312722	24868	32	19603	\spr\npcres\man\MA_HR_130_IJ02.spr
8CE1B310	194332325	37910	32	30592	\spr\npcres\man\MA_HD_135_WK01.spr
8CE7D2E2	194362917	28255	32	23250	\spr\npcres\woman\FM_HR_130_IJ02.spr
8CFDF356	194386167	101236	32	73409	\spr\npcres\man\MA_RH_130_ST06.spr
8D00A9AF	194459576	155296	32	129799	\spr\npcres\woman\FM_BD_135_RN02.spr
8D25B205	194589375	24362	32	19937	\spr\npcres\man\MA_HD_139_HR01.spr
8D431157	194609312	22223	32	19109	\spr\npcres\woman\FM_RH_134_DE03.spr
8D4BB118	194628421	35556	32	28565	\spr\npcres\woman\FM_HR_133_DE04.spr
8D5A35B0	194656986	19186	32	15340	\spr\npcres\woman\FM_LH_141_IJ02.spr
8D63E324	194672326	24609	32	19002	\spr\npcres\woman\FM_RH_143_RN01.spr
8D64D9C2	194691328	24636	32	17276	\spr\npcres\woman\FM_LH_129_ST04.spr
8D65A3C3	194708604	23395	32	18151	\spr\npcres\woman\FM_HD_141_AT01.spr
8D706A5F	194726755	23037	32	18903	\spr\npcres\woman\FM_RH_131_MG01.spr
8D7B9FB8	194745658	130473	32	106683	\spr\npcres\man\MA_RW_196_ST01.spr
8D8AE55E	194852341	54045	32	44173	\spr\npcres\woman\FM_HR_132_HA01.spr
8D8C0CC1	194896514	30845	32	25971	\spr\npcres\man\MA_HD_150_HD01.spr
8D909494	194922485	131714	32	112706	\spr\npcres\woman\FM_RW_195_DE02.spr
8DAB6204	195035191	74346	32	63286	\spr\npcres\woman\FM_RH_153_HA02.spr
8DB352B4	195098477	31495	32	22223	\spr\npcres\woman\FM_HR_133_ST06.spr
8E1D2AE4	195120700	27330	32	21205	\spr\npcres\man\MA_HD_139_ST05.spr
8E2A6C02	195141905	21777	32	17980	\spr\npcres\woman\FM_HR_130_IJ03.spr
8E3BB63B	195159885	115608	32	103241	\spr\npcres\man\MA_LH_150_AT11.spr
8E4BE3CF	195263126	153556	32	128642	\spr\npcres\woman\FM_BD_135_RN03.spr
8E532BDE	195391768	115041	32	92463	\spr\npcres\woman\FM_RW_198_RD01.spr
8E57F63A	195484231	21785	32	17456	\spr\npcres\man\MA_HR_130_IJ03.spr
8E7370AF	195501687	158511	32	114689	\spr\npcres\woman\FM_BD_143_MG05.spr
8E7E78C1	195616376	18924	32	15663	\spr\npcres\woman\FM_HD_153_MG05.spr
8E7FB992	195632039	37946	32	28894	\spr\npcres\man\MA_HD_135_WK02.spr
8E84A6F9	195660933	115565	32	95351	\spr\npcres\man\MA_HR_128_JP01.spr
8E8D4FD0	195756284	12594	32	9514	\spr\npcres\woman\FM_LH_141_IJ03.spr
8E963D44	195765798	26435	32	20063	\spr\npcres\woman\FM_RH_143_RN02.spr
8E9EF7FA	195785861	118230	32	103296	\spr\npcres\woman\FM_RW_188_DE03.spr
8E9F007C	195889157	125124	32	105080	\spr\npcres\woman\FM_RW_190_HM01.spr
8EA8FDE3	195994237	25300	32	19578	\spr\npcres\woman\FM_HD_141_AT02.spr
8EAF13E2	196013815	14061	32	10571	\spr\npcres\woman\FM_LH_129_ST05.spr
8EB196D0	196024386	139659	32	116193	\spr\npcres\man\MA_BD_140_IJ01.spr
8EBAA47F	196140579	24513	32	18838	\spr\npcres\woman\FM_RH_131_MG02.spr
8ECB6D0D	196159417	44071	32	37190	\spr\npcres\woman\FM_RH_133_HA01.spr
8ECBFE01	196196607	101589	32	83920	\spr\npcres\man\MA_BD_138_HI01.spr
8ED49A19	196280527	394537	32	313130	\spr\npcres\man\MA_LW_200_WK05.spr
8EE03AE7	196593657	70700	32	51735	\spr\npcres\woman\FM_LH_130_HW01.spr
8EF1823A	196645392	131493	32	93868	\spr\npcres\man\MA_RW_196_ST02.spr
8EF5AB77	196739260	22643	32	19154	\spr\npcres\woman\FM_RH_134_DE04.spr
8F1D00B9	196758414	183743	32	142349	\spr\npcres\man\MA_RW_189_ST05.spr
8F3D3F7E	196900763	62535	32	50625	\spr\npcres\woman\FM_HR_132_HA02.spr
8F48AE02	196951388	58844	32	50240	\spr\npcres\man\MA_LH_129_IJ01.spr
8F5377B8	197001628	222215	32	188411	\spr\npcres\woman\FM_BD_130_RN03.spr
8F55A249	197190039	61230	32	53234	\spr\npcres\woman\FM_LH_153_RN03.spr
8F5CD78E	197243273	21945	32	17502	\spr\npcres\woman\FM_HD_140_RN03.spr
8F6C8644	197260775	144418	32	126025	\spr\npcres\man\MA_LW_200_HA01.spr
8F80F1E8	197386800	76208	32	62556	\spr\npcres\man\MA_RH_132_RN02.spr
8F81FAF3	197449356	413574	32	331689	\spr\npcres\woman\FM_BD_153_AT11.spr
8F835A05	197781045	25891	32	20765	\spr\npcres\woman\FM_HR_153_ST09.spr
8F8BDD62	197801810	62383	32	50246	\spr\npcres\woman\FM_LH_143_HA02.spr
8F9AF924	197852056	25415	32	19642	\spr\npcres\woman\FM_HD_129_ST01.spr
8F9F3862	197871698	123474	32	75646	\spr\npcres\woman\FM_BD_134_ST03.spr
8FA24F38	197947344	79868	32	64515	\spr\npcres\man\MA_LH_137_MG04.spr
8FA41E08	198011859	86687	32	70931	\spr\npcres\woman\FM_RH_132_HD01.spr
8FAEA21A	198082790	28239	32	23739	\spr\npcres\woman\FM_HR_135_AT05.spr
8FB41263	198106529	176898	32	138532	\spr\npcres\man\MA_LW_200_RD01.spr
8FB7EA2F	198245061	108780	32	84981	\spr\npcres\woman\FM_RW_184_AT07.spr
8FC02934	198330042	19298	32	14849	\spr\npcres\woman\FM_HR_141_ST03.spr
8FC45261	198344891	38641	32	28429	\spr\npcres\man\MA_HR_150_ST01.spr
8FD975E0	198373320	36886	32	28402	\spr\npcres\man\MA_HD_138_HW01.spr
8FDA7EE8	198401722	30304	32	24665	\spr\npcres\woman\FM_HR_141_DE01.spr
8FEA42F9	198426387	19808	32	16238	\spr\npcres\woman\FM_HR_135_IJ02.spr
8FF289F7	198442625	40334	32	34827	\spr\npcres\woman\FM_HD_130_HA02.spr
9018BA05	198477452	48040	32	40874	\spr\npcres\man\MA_LH_150_IJ02.spr
9029A3A1	198518326	46866	32	35931	\spr\npcres\man\MA_RH_140_WK01.spr
9033DF99	198554257	70858	32	57888	\spr\npcres\man\MA_LH_132_RN04.spr
903418C2	198612145	12767	32	9803	\spr\npcres\woman\FM_HD_134_IJ03.spr
9038C24F	198621948	267844	32	227384	\spr\npcres\woman\FM_BD_130_DE02.spr
903A9E3B	198849332	25980	32	21825	\spr\npcres\woman\FM_HD_140_DE02.spr
903AC742	198871157	75736	32	58548	\spr\npcres\woman\FM_LH_153_ST04.spr
905029A9	198929705	131510	32	102209	\spr\npcres\man\MA_RW_199_ST01.spr
90600BE8	199031914	26475	32	22304	\spr\npcres\woman\FM_HR_131_IJ03.spr
906AC1D4	199054218	97556	32	83523	\spr\npcres\man\MA_RH_138_DE04.spr
9087D683	199137741	268635	32	226771	\spr\npcres\man\MA_BD_130_WK02.spr
909E8414	199364512	119658	32	94268	\spr\npcres\woman\FM_RW_199_RD01.spr
90BF9EAE	199458780	213870	32	171136	\spr\npcres\woman\FM_BD_129_AT05.spr
90C97A11	199629916	53248	32	41642	\spr\npcres\woman\FM_HR_143_RN03.spr
90CBBAF8	199671558	32500	32	27455	\spr\npcres\woman\FM_HR_134_DE05.spr
90D45A69	199699013	26243	32	19551	\spr\npcres\woman\FM_HD_142_AT02.spr
90D9A030	199718564	149125	32	125901	\spr\npcres\woman\FM_RW_189_DE03.spr
90DB6AC6	199844465	29019	32	22027	\spr\npcres\woman\FM_LH_142_IJ03.spr
90DD0597	199866492	54920	32	46053	\spr\npcres\woman\FM_RH_135_DE04.spr
90E66FDF	199912545	84898	32	66472	\spr\npcres\woman\FM_RH_132_MG02.spr
90EB93C6	199979017	122551	32	99410	\spr\npcres\woman\FM_RW_191_HM01.spr
90F9993F	200078427	74335	32	52617	\spr\npcres\man\MA_HR_131_WK02.spr
910104A3	200131044	30252	32	24695	\spr\npcres\woman\FM_RH_134_HA01.spr
910AEFC4	200155739	51838	32	39192	\spr\npcres\woman\FM_HR_133_HA02.spr
913261F4	200194931	37218	32	30317	\spr\npcres\woman\FM_HR_134_ST07.spr
9139E942	200225248	32373	32	25509	\spr\npcres\woman\FM_RH_140_AT01.spr
913CA357	200250757	26941	32	18914	\spr\npcres\woman\FM_LH_131_HW01.spr
91507985	200269671	227676	32	182295	\spr\npcres\woman\FM_BD_129_MG02.spr
9159FD94	200451966	152956	32	127979	\spr\npcres\man\MA_LW_200_HM01.spr
9165156B	200579945	28831	32	22804	\spr\npcres\man\MA_HD_129_IJ02.spr
91696BA1	200602749	35108	32	29505	\spr\npcres\man\MA_HD_137_MG05.spr
91702D41	200632254	44454	32	38284	\spr\npcres\man\MA_RH_135_RN01.spr
91A7DAC1	200670538	28826	32	23060	\spr\npcres\man\MA_RH_131_IJ02.spr
91A83CE6	200693598	200734	32	164114	\spr\npcres\man\MA_BD_138_HA01.spr
91AACF24	200857712	23535	32	18584	\spr\npcres\woman\FM_HD_141_RN03.spr
91AD6B4A	200876296	34630	32	27539	\spr\npcres\man\MA_RH_128_RN04.spr
91AFC702	200903835	171055	32	143129	\spr\npcres\woman\FM_BD_131_RN03.spr
91C9CACF	201046964	26548	32	22127	\spr\npcres\man\MA_HD_137_AT04.spr
91CF0A17	201069091	23663	32	19448	\spr\npcres\woman\FM_HD_131_HA02.spr
91D079F6	201088539	48602	32	33613	\spr\npcres\woman\FM_RH_130_ST06.spr
91D5CA98	201122152	93404	32	46708	\spr\npcres\woman\FM_BD_135_ST03.spr
91F0840E	201168860	48063	32	41452	\spr\npcres\woman\FM_RH_133_HD01.spr
91F1211E	201210312	54647	32	40073	\spr\npcres\man\MA_HR_131_ST03.spr
920DA4E6	201250385	29934	32	23237	\spr\npcres\woman\FM_LH_142_IJ04.spr
921DDD05	201273622	265255	32	227992	\spr\npcres\man\MA_BD_130_WK03.spr
921E9789	201501614	26344	32	20333	\spr\npcres\woman\FM_HD_142_AT03.spr
9228B9FF	201521947	63864	32	50128	\spr\npcres\woman\FM_RH_132_MG03.spr
92411A44	201572075	36454	32	27607	\spr\npcres\man\MA_HR_130_HW01.spr
9242F188	201599682	120104	32	102636	\spr\npcres\man\MA_RH_129_JP01.spr
925CF706	201702318	153280	32	131134	\spr\npcres\woman\FM_RW_188_HA01.spr
926665A2	201833452	22540	32	17674	\spr\npcres\woman\FM_LH_129_HA01.spr
926C2362	201851126	37741	32	28257	\spr\npcres\woman\FM_RH_140_AT02.spr
9273B431	201879383	53122	32	41505	\spr\npcres\woman\FM_HR_143_RN04.spr
9273C582	201920888	114080	32	96458	\spr\npcres\woman\FM_RW_199_HD01.spr
92778FB1	202017346	74135	32	52565	\spr\npcres\man\MA_HR_131_WK03.spr
928ED3C3	202069911	45638	32	38509	\spr\npcres\man\MA_RH_135_RN02.spr
92901241	202108420	55963	32	44013	\spr\npcres\man\MA_HR_128_ZZ01.spr
9299C7E6	202152433	117939	32	101049	\spr\npcres\woman\FM_RW_195_HA01.spr
929AB3A5	202253482	175621	32	138959	\spr\npcres\woman\FM_BD_129_MG03.spr
92A5AA09	202392441	47951	32	37594	\spr\npcres\woman\FM_LH_142_HR01.spr
92B45EC3	202430035	34959	32	28120	\spr\npcres\woman\FM_RH_134_HA02.spr
92CC7761	202458155	159571	32	143344	\spr\npcres\woman\FM_RW_187_HD01.spr
92D21122	202601499	171359	32	142688	\spr\npcres\woman\FM_BD_131_RN04.spr
92DD1944	202744187	23474	32	18541	\spr\npcres\woman\FM_HD_141_RN04.spr
92F31BED	202762728	25053	32	20002	\spr\npcres\man\MA_HD_129_IJ03.spr
9306F56A	202782730	74130	32	60506	\spr\npcres\woman\FM_RW_291_HR01.spr
9308AE1B	202843236	99886	32	85846	\spr\npcres\woman\FM_RW_194_HD01.spr
930FD790	202929082	55495	32	40777	\spr\npcres\man\MA_HR_131_ST04.spr
931804B8	202969859	158392	32	101633	\spr\npcres\woman\FM_BD_135_ST04.spr
931AA326	203071492	66458	32	51002	\spr\npcres\woman\FM_LH_130_AT01.spr
93262358	203122494	234731	32	189293	\spr\npcres\man\MA_BD_138_HA02.spr
933DC143	203311787	24795	32	20635	\spr\npcres\man\MA_RH_131_IJ03.spr
9347F141	203332422	26466	32	22369	\spr\npcres\man\MA_HD_137_AT05.spr
9373A187	203354791	26436	32	21144	\spr\npcres\woman\FM_RH_143_DE01.spr
937BDE85	203375935	111340	32	90697	\spr\npcres\man\MA_LH_130_HD01.spr
9387E86C	203466632	54902	32	41410	\spr\npcres\man\MA_HR_135_WK04.spr
93891109	203508042	33780	32	27541	\spr\npcres\woman\FM_HD_134_AT06.spr
938A62E7	203535583	226908	32	193067	\spr\npcres\man\MA_BD_135_DE02.spr
939A969C	203728650	43824	32	36563	\spr\npcres\man\MA_RH_128_MG01.spr
939CB4FA	203765213	32032	32	26621	\spr\npcres\man\MA_HD_128_DE01.spr
93ACE4B5	203791834	24307	32	18618	\spr\npcres\woman\FM_HD_142_WK04.spr
93AD26E3	203810452	77268	32	61536	\spr\npcres\woman\FM_LH_135_WK02.spr
93AE58EF	203871988	45556	32	35319	\spr\npcres\man\MA_HR_131_HR01.spr
93BC2F43	203907307	184142	32	153843	\spr\npcres\woman\FM_BD_132_WK04.spr
93BEFC9D	204061150	39555	32	32276	\spr\npcres\man\MA_HD_140_MG01.spr
93CD84F8	204093426	77729	32	61755	\spr\npcres\woman\FM_RH_132_AT05.spr
93D37DCE	204155181	180444	32	140462	\spr\npcres\woman\FM_BD_143_ZZ01.spr
93D63D3B	204295643	177398	32	149845	\spr\npcres\woman\FM_RW_186_AT04.spr
93D890D6	204445488	102046	32	82319	\spr\npcres\man\MA_RH_130_DE01.spr
93DE34B3	204527807	117367	32	99779	\spr\npcres\woman\FM_RW_196_HM01.spr
93DE65E0	204627586	22795	32	18467	\spr\npcres\woman\FM_HD_153_ZZ01.spr
93F52A39	204646053	209176	32	172064	\spr\npcres\woman\FM_RW_189_HM01.spr
941764C8	204818117	32699	32	25502	\spr\npcres\man\MA_RH_128_RN03.spr
9429D44F	204843619	29338	32	25072	\spr\npcres\man\MA_RH_131_IJ01.spr
942D2C65	204868691	223552	32	183708	\spr\npcres\woman\FM_BD_129_MG01.spr
9431B394	205052399	80181	32	66566	\spr\npcres\man\MA_HR_128_HA02.spr
94512D01	205118965	22081	32	19517	\spr\npcres\woman\FM_HD_132_DE04.spr
9462FDB8	205138482	80236	32	67722	\spr\npcres\man\MA_RW_200_DE05.spr
94648DE2	205206204	171861	32	143566	\spr\npcres\woman\FM_BD_131_RN02.spr
9467B504	205349770	23528	32	18620	\spr\npcres\woman\FM_HD_141_RN02.spr
947B3A9C	205368390	75356	32	54466	\spr\npcres\man\MA_HR_131_ST02.spr
947BBF78	205422856	47812	32	43199	\spr\npcres\man\MA_LH_135_DE05.spr
9484F0F7	205466055	20415	32	16918	\spr\npcres\woman\FM_HD_131_HA01.spr
948E1671	205482973	259443	32	186766	\spr\npcres\man\MA_BD_135_HM01.spr
9492B59E	205669739	186249	32	130218	\spr\npcres\man\MA_BD_138_ST05.spr
94A2B178	205799957	92759	32	52038	\spr\npcres\woman\FM_BD_135_ST02.spr
94AA4913	205851995	80144	32	63667	\spr\npcres\man\MA_RH_139_IJ04.spr
94AD2FD6	205915662	50052	32	37408	\spr\npcres\woman\FM_RH_130_ST05.spr
94B01C5F	205953070	61307	32	50294	\spr\npcres\woman\FM_HR_132_HD01.spr
94B3C44D	206003364	30780	32	25410	\spr\npcres\man\MA_HD_137_AT03.spr
94C75B03	206028774	189134	32	158382	\spr\npcres\woman\FM_BD_132_WK02.spr
94DD1FDA	206187156	22517	32	18783	\spr\npcres\man\MA_HD_150_AT10.spr
94F2A313	206205939	110857	32	57529	\spr\npcres\woman\FM_RW_191_ST04.spr
94F3FF68	206263468	54420	32	41031	\spr\npcres\man\MA_HR_135_WK02.spr
950E3CBD	206304499	63276	32	50965	\spr\npcres\woman\FM_LH_143_HD01.spr
95138DC9	206355464	28500	32	22949	\spr\npcres\woman\FM_HD_134_AT04.spr
9513FE3C	206378413	295710	32	255013	\spr\npcres\man\MA_BD_128_DE03.spr
952F22A5	206633426	70105	32	57537	\spr\npcres\man\MA_LH_132_RN02.spr
95371175	206690963	24318	32	18644	\spr\npcres\woman\FM_HD_142_WK02.spr
9546D4D0	206709607	64888	32	55651	\spr\npcres\man\MA_RH_138_DE02.spr
954D7302	206765258	51297	32	36785	\spr\npcres\woman\FM_LH_153_ST02.spr
955030B8	206802043	82763	32	66136	\spr\npcres\woman\FM_RH_132_AT03.spr
955738E2	206868179	11232	32	8082	\spr\npcres\woman\FM_RH_129_IJ03.spr
955EB482	206876261	16669	32	14074	\spr\npcres\woman\FM_HD_134_IJ01.spr
95600BB5	206890335	19009	32	15849	\spr\npcres\woman\FM_LH_140_DE04.spr
95706690	206906184	31674	32	26435	\spr\npcres\woman\FM_LH_134_IJ05.spr
957596C8	206932619	39600	32	34840	\spr\npcres\woman\FM_HD_130_HD01.spr
9583F4D7	206967459	247213	32	215204	\spr\npcres\man\MA_BD_150_DE06.spr
958AA7A8	207182663	34426	32	29163	\spr\npcres\woman\FM_HR_131_IJ01.spr
9595289A	207211826	40743	32	32090	\spr\npcres\man\MA_HR_139_ST05.spr
959CB52B	207243916	106244	32	93301	\spr\npcres\man\MA_RW_192_HD01.spr
95A5B9DB	207337217	94650	32	71573	\spr\npcres\woman\FM_RW_193_AT02.spr
95C113B2	207408790	31122	32	26583	\spr\npcres\woman\FM_HR_135_JP01.spr
95C20B6E	207435373	236859	32	193598	\spr\npcres\woman\FM_BD_129_AT03.spr
95D56A66	207628971	65898	32	52944	\spr\npcres\man\MA_LH_138_ZZ01.spr
95E6ED59	207681915	216117	32	172419	\spr\npcres\man\MA_BD_137_AT07.spr
96099523	207854334	184119	32	153975	\spr\npcres\woman\FM_BD_132_WK03.spr
9609E5EA	208008309	55745	32	41597	\spr\npcres\man\MA_HR_135_WK03.spr
9628B810	208049906	185243	32	124614	\spr\npcres\man\MA_BD_138_ST06.spr
962E67C6	208174520	31463	32	26020	\spr\npcres\man\MA_HD_128_HM01.spr
9646A010	208200540	71322	32	58752	\spr\npcres\woman\FM_RH_135_HM01.spr
9646C7E9	208259292	25616	32	19965	\spr\npcres\woman\FM_HD_134_AT05.spr
966A4392	208279257	89192	32	72658	\spr\npcres\man\MA_RH_130_HM01.spr
966B025C	208351915	51002	32	41388	\spr\npcres\man\MA_HD_150_AT11.spr
9673AE58	208393303	105351	32	82912	\spr\npcres\woman\FM_BD_142_HI01.spr
9679AA95	208476215	24360	32	18742	\spr\npcres\woman\FM_HD_142_WK03.spr
967A0E96	208494957	186297	32	166795	\spr\npcres\man\MA_RW_187_MG05.spr
967AECC3	208661752	79713	32	62897	\spr\npcres\woman\FM_LH_135_WK01.spr
967C7C65	208724649	245830	32	204407	\spr\npcres\man\MA_BD_135_DE01.spr
9681CEA2	208929056	16814	32	14090	\spr\npcres\woman\FM_HD_134_IJ02.spr
9682B783	208943146	51736	32	44434	\spr\npcres\man\MA_LH_150_IJ01.spr
968B0E87	208987580	47687	32	37876	\spr\npcres\man\MA_HR_139_RD01.spr
969A7202	209025456	10534	32	8607	\spr\npcres\woman\FM_RH_129_IJ04.spr
969B4AD8	209034063	91726	32	71889	\spr\npcres\woman\FM_RH_132_AT04.spr
96A52927	209105952	70501	32	55668	\spr\npcres\man\MA_LH_132_RN03.spr
96A9E4BE	209161620	313794	32	269232	\spr\npcres\man\MA_BD_128_DE04.spr
96DCDB52	209430852	79994	32	69164	\spr\npcres\man\MA_RH_138_DE03.spr
96DCF67F	209500016	35490	32	26446	\spr\npcres\woman\FM_RH_141_HW01.spr
96E8F3FB	209526462	102205	32	81003	\spr\npcres\woman\FM_RW_193_AT03.spr
96F0441B	209607465	23529	32	19371	\spr\npcres\woman\FM_HD_140_DE01.spr
96F5882F	209626836	227552	32	190847	\spr\npcres\woman\FM_BD_130_DE01.spr
96F78D22	209817683	48630	32	35081	\spr\npcres\woman\FM_LH_153_ST03.spr
97092001	209852764	264093	32	227840	\spr\npcres\man\MA_BD_130_WK01.spr
97231FC3	210080604	73863	32	66294	\spr\npcres\woman\FM_LW_187_IJ04.spr
9723DF1C	210146898	38178	32	30627	\spr\npcres\man\MA_HR_139_ST06.spr
97327835	210177525	19878	32	14966	\spr\npcres\woman\FM_RH_129_HR01.spr
973DF1C8	210192491	34602	32	29299	\spr\npcres\woman\FM_HR_131_IJ02.spr
974B70EB	210221790	55140	32	39523	\spr\npcres\man\MA_RH_137_RD01.spr
975C30F9	210261313	65993	32	52841	\spr\npcres\woman\FM_RH_130_HM01.spr
976392BD	210314154	74095	32	52932	\spr\npcres\man\MA_HR_131_WK01.spr
9775448E	210367086	227019	32	187992	\spr\npcres\woman\FM_BD_129_AT04.spr
978160D8	210555078	26389	32	22009	\spr\npcres\woman\FM_HR_134_DE04.spr
978620F1	210577087	53239	32	41548	\spr\npcres\woman\FM_HR_143_RN02.spr
978C95F6	210618635	45424	32	37509	\spr\npcres\man\MA_RH_129_HI01.spr
978FD7D4	210656144	22678	32	17392	\spr\npcres\woman\FM_HR_134_ST06.spr
9790D0A6	210673536	42924	32	31422	\spr\npcres\woman\FM_LH_142_IJ02.spr
979B78D9	210704958	238190	32	196200	\spr\npcres\man\MA_BD_138_WK04.spr
97A10049	210901158	24243	32	18324	\spr\npcres\woman\FM_HD_142_AT01.spr
97A6D7BA	210919482	64288	32	55463	\spr\npcres\man\MA_RH_132_AT07.spr
97AAC877	210974945	59684	32	50293	\spr\npcres\woman\FM_RH_135_DE03.spr
97B3D5BF	211025238	69223	32	57286	\spr\npcres\woman\FM_RH_132_MG01.spr
97C055A4	211082524	44127	32	33625	\spr\npcres\woman\FM_HR_133_HA01.spr
97D3652F	211116149	28412	32	22876	\spr\npcres\man\MA_HD_137_MG04.spr
97E30080	211139025	39751	32	30012	\spr\npcres\man\MA_RH_137_ST06.spr
97EF6EE9	211169037	31730	32	25641	\spr\npcres\man\MA_HD_129_IJ01.spr
97FF6DC4	211194678	123803	32	109716	\spr\npcres\woman\FM_RW_196_DE02.spr
980A0A86	211304394	49992	32	37205	\spr\npcres\woman\FM_RW_292_RD01.spr
981A39E2	211341599	64038	32	48572	\spr\npcres\woman\FM_LH_153_ST01.spr
981F2218	211390171	38086	32	30485	\spr\npcres\man\MA_HR_139_ST04.spr
982434DD	211420656	89767	32	76025	\spr\npcres\woman\FM_RW_197_RN02.spr
982CEEC2	211496681	16596	32	12438	\spr\npcres\woman\FM_RH_129_IJ02.spr
982DE698	211509119	73067	32	58485	\spr\npcres\woman\FM_RH_132_AT02.spr
9833201B	211567604	26023	32	21472	\spr\npcres\woman\FM_HR_135_RN04.spr
983DF195	211589076	19174	32	15858	\spr\npcres\woman\FM_LH_140_DE03.spr
984BC0C5	211604934	59854	32	50132	\spr\npcres\man\MA_RW_195_HI01.spr
9850512E	211655066	29688	32	24306	\spr\npcres\man\MA_HD_140_IJ04.spr
9865C6F3	211679372	24583	32	19760	\spr\npcres\woman\FM_LH_134_HR01.spr
9868E6E7	211699132	291932	32	228746	\spr\npcres\man\MA_BD_137_AT06.spr
9876BDBD	211927878	35449	32	30006	\spr\npcres\man\MA_HR_150_HD01.spr
9880585A	211957884	254903	32	193135	\spr\npcres\man\MA_BD_139_HM01.spr
9884B828	212151019	97336	32	82159	\spr\npcres\woman\FM_RW_198_WK02.spr
98923AC6	212233178	68825	32	58749	\spr\npcres\man\MA_RH_132_AT05.spr
98958EC5	212291927	93027	32	73122	\spr\npcres\man\MA_HR_128_WK04.spr
989CB52E	212365049	27324	32	20978	\spr\npcres\woman\FM_HD_133_RN04.spr
989FF14E	212386027	225886	32	183240	\spr\npcres\woman\FM_BD_129_AT02.spr
98BE5777	212569267	29883	32	25452	\spr\npcres\man\MA_HR_139_HR01.spr
98CF482B	212594719	26232	32	20992	\spr\npcres\man\MA_HD_137_MG02.spr
98DF178C	212615711	40983	32	29974	\spr\npcres\man\MA_RH_137_ST04.spr
98F74FE5	212645685	239664	32	192534	\spr\npcres\man\MA_BD_138_WK02.spr
99034BD4	212838219	34700	32	27574	\spr\npcres\man\MA_RH_128_RN01.spr
99124394	212865793	33412	32	25982	\spr\npcres\woman\FM_HR_134_ST04.spr
992B9C98	212891775	43092	32	34387	\spr\npcres\woman\FM_HR_134_DE02.spr
993D6437	212926162	80783	32	65051	\spr\npcres\woman\FM_RH_135_DE01.spr
994904E1	212991213	86388	32	61398	\spr\npcres\woman\FM_RH_153_RD01.spr
99578584	213052611	56759	32	50186	\spr\npcres\man\MA_LH_135_DE03.spr
996C0E65	213102797	134525	32	111548	\spr\npcres\man\MA_BD_129_IJ03.spr
997CBBDF	213214345	36942	32	30617	\spr\npcres\man\MA_RH_137_HR01.spr
997F434F	213244962	25422	32	20324	\spr\npcres\woman\FM_HD_134_WK04.spr
9981CF54	213265286	129757	32	104160	\spr\npcres\woman\FM_BD_135_ZZ01.spr
99865C1F	213369446	57338	32	44740	\spr\npcres\man\MA_RH_139_IJ02.spr
998E989A	213414186	182532	32	132799	\spr\npcres\man\MA_BD_138_ST03.spr
9996E714	213546985	116110	32	103200	\spr\npcres\man\MA_RW_196_HD01.spr
99AB4E25	213650185	48241	32	40311	\spr\npcres\woman\FM_HR_131_WK04.spr
99AF2B49	213690496	39590	32	32873	\spr\npcres\man\MA_HD_137_AT01.spr
99E459C1	213723369	32472	32	27979	\spr\npcres\woman\FM_HD_132_DE02.spr
99EFD4BC	213751348	136837	32	121192	\spr\npcres\woman\FM_RW_187_HW01.spr
99FFAC52	213872540	127497	32	89338	\spr\npcres\woman\FM_BD_142_ST06.spr
9A0D7267	213961878	241224	32	198289	\spr\npcres\man\MA_BD_138_WK03.spr
9A282138	214160167	92226	32	79200	\spr\npcres\man\MA_RH_132_AT06.spr
9A449DB4	214239367	22719	32	17428	\spr\npcres\woman\FM_HR_134_ST05.spr
9A457EAD	214256795	26487	32	21889	\spr\npcres\man\MA_HD_137_MG03.spr
9A5396D1	214278684	52736	32	41852	\spr\npcres\woman\FM_HR_143_RN01.spr
9A551A0E	214320536	39756	32	29913	\spr\npcres\man\MA_RH_137_ST05.spr
9A5ED6B8	214350449	29298	32	23407	\spr\npcres\woman\FM_HR_134_DE03.spr
9A67BE57	214373856	85831	32	70984	\spr\npcres\woman\FM_RH_135_DE02.spr
9A6D8686	214444840	41223	32	31539	\spr\npcres\woman\FM_LH_142_IJ01.spr
9A9477A4	214476379	15282	32	13279	\spr\npcres\woman\FM_HD_129_HI01.spr
9A997E56	214489658	35618	32	27822	\spr\npcres\man\MA_RH_128_RN02.spr
9A9AD7E9	214517480	40220	32	30374	\spr\npcres\man\MA_LH_140_HW01.spr
9AA19D6F	214547854	66870	32	49124	\spr\npcres\woman\FM_HD_134_WK05.spr
9AA2E4C5	214596978	31555	32	25192	\spr\npcres\woman\FM_HD_133_JP01.spr
9ABB8D12	214622170	68827	32	57477	\spr\npcres\man\MA_HR_128_HA01.spr
9AEA563E	214679647	28493	32	21022	\spr\npcres\woman\FM_LH_140_HM01.spr
9AED341A	214700669	71499	32	50233	\spr\npcres\man\MA_HR_131_ST01.spr
9AED8806	214750902	65404	32	58123	\spr\npcres\man\MA_LH_135_DE04.spr
9AFA34E7	214809025	229499	32	193802	\spr\npcres\man\MA_BD_129_IJ04.spr
9B048F1C	215002827	183271	32	122592	\spr\npcres\man\MA_BD_138_ST04.spr
9B10F399	215125419	20501	32	16535	\spr\npcres\man\MA_HD_131_ZZ01.spr
9B1C4291	215141954	50310	32	39523	\spr\npcres\man\MA_RH_139_IJ03.spr
9B25D1CB	215181477	35099	32	29065	\spr\npcres\man\MA_HD_137_AT02.spr
9B2E43E5	215210542	71764	32	63349	\spr\npcres\woman\FM_RH_153_HD01.spr
9B2E93E1	215273891	21821	32	18996	\spr\npcres\woman\FM_HD_132_DE03.spr
9B3273C2	215292887	171068	32	142096	\spr\npcres\woman\FM_BD_131_RN01.spr
9B3D7BE4	215434983	23535	32	18671	\spr\npcres\woman\FM_HD_141_RN01.spr
9B51657C	215453654	65480	32	54215	\spr\npcres\man\MA_HR_138_HW01.spr
9B65C8F6	215507869	54922	32	41473	\spr\npcres\man\MA_HR_135_WK01.spr
9B786758	215549342	115706	32	78229	\spr\npcres\woman\FM_BD_135_ST01.spr
9B79CF52	215627571	267409	32	211604	\spr\npcres\woman\FM_BD_141_HA02.spr
9B7A95B6	215839175	76265	32	56427	\spr\npcres\woman\FM_RH_130_ST04.spr
9B85CBBA	215895602	217468	32	188461	\spr\npcres\man\MA_BD_128_DE02.spr
9B8CC755	216084063	24334	32	18743	\spr\npcres\woman\FM_HD_142_WK01.spr
9B8CD958	216102806	176843	32	135621	\spr\npcres\woman\FM_LW_200_RD01.spr
9B913C23	216238427	70100	32	57518	\spr\npcres\man\MA_LH_132_RN01.spr
9B940E51	216295945	27170	32	21753	\spr\npcres\man\MA_HR_150_ST09.spr
9B9C01E3	216317698	187470	32	156828	\spr\npcres\woman\FM_BD_132_WK01.spr
9BA9FF4F	216474526	74810	32	49906	\spr\npcres\woman\FM_LH_143_RD01.spr
9BBBA561	216524432	37103	32	24944	\spr\npcres\woman\FM_HD_135_RD01.spr
9BC82E5E	216549376	68185	32	56398	\spr\npcres\man\MA_RH_138_DE01.spr
9BCD2D70	216605774	14414	32	12237	\spr\npcres\woman\FM_LH_134_IJ04.spr
9BE973A9	216618011	27737	32	22316	\spr\npcres\woman\FM_HD_134_AT03.spr
9BE9A3E2	216640327	134884	32	105432	\spr\npcres\man\MA_LH_130_WK04.spr
9C0FA99D	216745759	57491	32	46726	\spr\npcres\man\MA_RH_139_IJ01.spr
9C2214FC	216792485	35040	32	29329	\spr\npcres\man\MA_HD_132_DE04.spr
9C33DBC8	216821814	109136	32	83813	\spr\npcres\woman\FM_BD_134_HI01.spr
9C34092F	216905627	25435	32	20305	\spr\npcres\woman\FM_HD_134_WK03.spr
9C449A70	216925932	57922	32	45701	\spr\npcres\woman\FM_HR_143_AT07.spr
9C603405	216971633	47831	32	40259	\spr\npcres\woman\FM_HR_131_WK03.spr
9C709218	217011892	242287	32	116483	\spr\npcres\man\MA_BD_138_ST02.spr
9C87BA5F	217128375	27814	32	22681	\spr\npcres\woman\FM_HR_143_IJ04.spr
9C8D0E76	217151056	51432	32	36988	\spr\npcres\woman\FM_RH_130_ST02.spr
9C98B58A	217188044	255132	32	188557	\spr\npcres\man\MA_BD_128_HM01.spr
9C9C6259	217376601	45030	32	34929	\spr\npcres\woman\FM_RH_133_HW01.spr
9CB10FA1	217411530	28198	32	24114	\spr\npcres\woman\FM_HD_132_DE01.spr
9CB13E76	217435644	33272	32	26752	\spr\npcres\man\MA_HD_131_HA02.spr
9CB51232	217462396	126395	32	88525	\spr\npcres\woman\FM_BD_142_ST05.spr
9CC30545	217550921	217959	32	151572	\spr\npcres\woman\FM_BD_140_RD01.spr
9CC5B6EE	217702493	138767	32	105719	\spr\npcres\man\MA_LH_130_WK02.spr
9CC65020	217808212	400175	32	321692	\spr\npcres\man\MA_BD_150_AT11.spr
9CD285B3	218129904	99219	32	72784	\spr\npcres\woman\FM_RW_191_ST01.spr
9CD6ED0B	218202688	62823	32	53044	\spr\npcres\woman\FM_HR_153_AT11.spr
9CDA2C83	218255732	60304	32	44790	\spr\npcres\woman\FM_LH_142_WK03.spr
9CFB2075	218300522	293896	32	232356	\spr\npcres\man\MA_BD_137_MG05.spr
9D0B0924	218532878	50671	32	40566	\spr\npcres\man\MA_HR_139_ST02.spr
9D266E83	218573444	23096	32	19277	\spr\npcres\woman\FM_HD_141_AT07.spr
9D2C3D04	218592721	72181	32	60749	\spr\npcres\man\MA_RH_132_MG04.spr
9D3FBEAC	218653470	45535	32	36518	\spr\npcres\woman\FM_HR_143_HR01.spr
9D406A55	218689988	26280	32	20787	\spr\npcres\woman\FM_LH_140_DE01.spr
9D43A42A	218710775	19963	32	16758	\spr\npcres\man\MA_HD_140_IJ02.spr
9D44CDE3	218727533	220553	32	181082	\spr\npcres\man\MA_BD_137_AT04.spr
9D465CDB	218908615	26139	32	21323	\spr\npcres\woman\FM_HR_135_RN02.spr
9D505930	218929938	20653	32	16631	\spr\npcres\woman\FM_LH_134_IJ02.spr
9D5BC7ED	218946569	24073	32	19369	\spr\npcres\man\MA_HD_137_RN04.spr
9D610F62	218965938	12192	32	10292	\spr\npcres\woman\FM_HD_141_IJ04.spr
9D61D551	218976230	255887	32	222183	\spr\npcres\man\MA_BD_150_DE03.spr
9D660740	219198413	86554	32	70900	\spr\npcres\woman\FM_BD_131_IJ04.spr
9D73EC69	219269313	25940	32	20014	\spr\npcres\woman\FM_HD_134_AT01.spr
9D7D6557	219289327	59133	32	45158	\spr\npcres\woman\FM_HR_143_MG04.spr
9D8195C1	219334485	93232	32	72812	\spr\npcres\man\MA_HR_128_WK02.spr
9D8E01C2	219407297	79619	32	69175	\spr\npcres\man\MA_RH_132_AT03.spr
9D9903BF	219476472	19835	32	15898	\spr\npcres\woman\FM_HD_141_HR01.spr
9D99B16B	219492370	363900	32	302800	\spr\npcres\man\MA_BD_130_JP01.spr
9D9E0D73	219795170	161164	32	129795	\spr\npcres\woman\FM_BD_131_HR01.spr
9DCB7A88	219924965	59893	32	35652	\spr\npcres\man\MA_RH_137_ST02.spr
9DCF7669	219960617	184456	32	146570	\spr\npcres\woman\FM_BD_143_RN04.spr
9DFFA5B1	220107187	81018	32	67096	\spr\npcres\man\MA_LH_138_HA01.spr
9E05DFD3	220174283	78985	32	60390	\spr\npcres\woman\FM_RW_191_ST02.spr
9E0906EF	220234673	60799	32	50429	\spr\npcres\man\MA_HD_138_JP01.spr
9E0D66A3	220285102	62462	32	46857	\spr\npcres\woman\FM_LH_142_WK04.spr
9E0FC538	220331959	236804	32	197804	\spr\npcres\man\MA_BD_128_DE01.spr
9E140C76	220529763	89323	32	74342	\spr\npcres\woman\FM_RW_194_HW01.spr
9E1E1BDF	220604105	26738	32	21800	\spr\npcres\man\MA_HR_150_ST08.spr
9E305B96	220625905	50585	32	33430	\spr\npcres\woman\FM_RH_130_ST03.spr
9E36B532	220659335	220556	32	181899	\spr\npcres\woman\FM_BD_141_HA01.spr
9E53BD60	220841234	134565	32	100690	\spr\npcres\man\MA_LH_130_WK03.spr
9E59E67A	220941924	62383	32	53961	\spr\npcres\man\MA_RH_138_HM01.spr
9E813FA6	220995885	39685	32	31730	\spr\npcres\man\MA_HR_139_ST03.spr
9E8896FB	221027615	26120	32	21334	\spr\npcres\woman\FM_HR_135_RN03.spr
9E8AA475	221048949	31001	32	24456	\spr\npcres\woman\FM_LH_140_DE02.spr
9E9A9350	221073405	13607	32	10409	\spr\npcres\woman\FM_LH_134_IJ03.spr
9EA05F63	221083814	217819	32	173065	\spr\npcres\woman\FM_BD_140_HD01.spr
9EA63989	221256879	27669	32	21332	\spr\npcres\woman\FM_HD_134_AT02.spr
9EA7BF77	221278211	49217	32	37537	\spr\npcres\woman\FM_HR_143_MG05.spr
9EACFC7E	221315748	71074	32	59207	\spr\npcres\woman\FM_LH_153_ZZ01.spr
9EBA2386	221374955	85222	32	74598	\spr\npcres\man\MA_RH_132_MG05.spr
9EBA300B	221449553	52929	32	43846	\spr\npcres\man\MA_RH_140_JP01.spr
9ED2F065	221493399	220622	32	175629	\spr\npcres\man\MA_BD_137_AT05.spr
9ED9AAAC	221669028	17689	32	15059	\spr\npcres\man\MA_HD_140_IJ03.spr
9EF49625	221684087	188240	32	135991	\spr\npcres\woman\FM_BD_153_HW01.spr
9EFA54A2	221820078	14460	32	11375	\spr\npcres\woman\FM_RH_129_IJ01.spr
9EFAAD78	221831453	76000	32	60513	\spr\npcres\woman\FM_RH_132_AT01.spr
9EFFDBD3	221891966	269940	32	233961	\spr\npcres\man\MA_BD_150_DE04.spr
9F043444	222125927	75871	32	63822	\spr\npcres\man\MA_RH_132_AT04.spr
9F0E2BE8	222189749	23225	32	19028	\spr\npcres\man\MA_HD_135_ZZ01.spr
9F1F9843	222208777	93604	32	73747	\spr\npcres\man\MA_HR_128_WK03.spr
9F41610A	222282524	35128	32	27634	\spr\npcres\man\MA_RH_137_ST03.spr
9F54A72E	222310158	226750	32	183389	\spr\npcres\woman\FM_BD_129_AT01.spr
9F6A7B0E	222493547	27293	32	21036	\spr\npcres\woman\FM_HD_133_RN03.spr
9F75A833	222514583	101426	32	81287	\spr\npcres\man\MA_LH_138_HA02.spr
9F795963	222595870	239707	32	197914	\spr\npcres\man\MA_BD_138_WK01.spr
9F965660	222793784	39522	32	34037	\spr\npcres\man\MA_RH_150_IJ06.spr
9FB145A9	222827821	35081	32	29270	\spr\npcres\man\MA_HD_137_MG01.spr
9FB691EB	222857091	81826	32	69645	\spr\npcres\man\MA_RW_194_RN02.spr
9FD61BE3	222926736	152654	32	125207	\spr\npcres\man\MA_BD_129_IJ02.spr
9FD99F02	223051943	45304	32	40038	\spr\npcres\man\MA_LH_135_DE02.spr
9FDDE050	223091981	218500	32	175771	\spr\npcres\woman\FM_BD_143_JP01.spr
9FE14378	223267752	35943	32	29126	\spr\npcres\woman\FM_HR_134_DE01.spr
9FEF3674	223296878	22634	32	17653	\spr\npcres\woman\FM_HR_134_ST03.spr
9FF610EC	223314531	37820	32	32236	\spr\npcres\woman\FM_RW_200_HI01.spr
A0028ED1	223346767	39441	32	31910	\spr\npcres\woman\FM_RH_141_DE02.spr
A00449B3	223378677	16516	32	13826	\spr\npcres\woman\FM_HR_134_IJ04.spr
A00B3B52	223392503	35555	32	30188	\spr\npcres\woman\FM_HR_140_DE03.spr
A00C9311	223422691	28024	32	20424	\spr\npcres\man\MA_HD_132_RD01.spr
A012090D	223443115	50488	32	41441	\spr\npcres\man\MA_HD_128_JP01.spr
A0133BC8	223484556	124860	32	102780	\spr\npcres\man\MA_RW_190_HM01.spr
A01F078B	223587336	42338	32	35918	\spr\npcres\man\MA_RH_137_AT04.spr
A024042F	223623254	83138	32	72597	\spr\npcres\man\MA_RH_150_DE03.spr
A024DCA2	223695851	23594	32	19712	\spr\npcres\man\MA_HD_132_HA01.spr
A02DC492	223715563	41691	32	32004	\spr\npcres\woman\FM_RH_135_IJ03.spr
A03777AF	223747567	69338	32	53649	\spr\npcres\man\MA_HR_131_MG01.spr
A0380A82	223801216	120991	32	84351	\spr\npcres\woman\FM_BD_133_ST05.spr
A03AC77E	223885567	19618	32	14744	\spr\npcres\woman\FM_HD_143_ST05.spr
A041BA2E	223900311	15787	32	13267	\spr\npcres\woman\FM_HD_135_HI01.spr
A042DB35	223913578	27291	32	18836	\spr\npcres\woman\FM_HD_141_RD01.spr
A047D099	223932414	221280	32	157099	\spr\npcres\woman\FM_BD_131_RD01.spr
A04E3073	224089513	44203	32	35352	\spr\npcres\woman\FM_LH_133_WK03.spr
A05CDE0C	224124865	45953	32	35907	\spr\npcres\man\MA_LH_135_ST04.spr
A05E06BF	224160772	143050	32	118276	\spr\npcres\man\MA_RH_130_JP01.spr
A06EDB51	224279048	218036	32	171976	\spr\npcres\man\MA_BD_138_MG04.spr
A0726A3F	224451024	67317	32	60319	\spr\npcres\woman\FM_RW_196_IJ02.spr
A072DCEE	224511343	30254	32	23983	\spr\npcres\woman\FM_HR_140_ST05.spr
A07CC9E1	224535326	296166	32	242615	\spr\npcres\man\MA_BD_128_WK01.spr
A07EE258	224777941	161652	32	144390	\spr\npcres\man\MA_LW_187_HD01.spr
A098DA15	224922331	75588	32	65583	\spr\npcres\woman\FM_LW_200_HI01.spr
A09B2AE7	224987914	99939	32	85203	\spr\npcres\man\MA_LH_129_DE04.spr
A0A4A3B6	225073117	21930	32	17257	\spr\npcres\man\MA_HD_132_ST06.spr
A0A82BAD	225090374	26813	32	23142	\spr\npcres\woman\FM_HD_132_AT07.spr
A0B7ED32	225113516	26707	32	21965	\spr\npcres\woman\FM_LH_143_HI01.spr
A0BC7FE6	225135481	25174	32	21070	\spr\npcres\woman\FM_HR_134_HR01.spr
A0CFE4CF	225156551	229148	32	193142	\spr\npcres\man\MA_BD_138_AT03.spr
A0D432DC	225349693	13617	32	11937	\spr\npcres\woman\FM_HD_132_IJ04.spr
A0D92179	225361630	33652	32	25879	\spr\npcres\man\MA_HD_138_RN03.spr
A0E723EA	225387509	37607	32	31141	\spr\npcres\man\MA_HR_135_RN06.spr
A0ECCC7C	225418650	256628	32	205015	\spr\npcres\man\MA_BD_150_WK04.spr
A0F12581	225623665	34998	32	27280	\spr\npcres\woman\FM_HR_134_MG04.spr
A0F2AA35	225650945	38816	32	33559	\spr\npcres\man\MA_LH_135_HR01.spr
A0F9819B	225684504	66436	32	52966	\spr\npcres\man\MA_RW_200_HR01.spr
A0FC2BAE	225737470	166504	32	130533	\spr\npcres\woman\FM_BD_135_AT03.spr
A0FFA672	225868003	86237	32	68975	\spr\npcres\woman\FM_RH_130_AT06.spr
A1099055	225936978	30764	32	24184	\spr\npcres\man\MA_RH_140_RN03.spr
A10ACAFB	225961162	104371	32	88033	\spr\npcres\woman\FM_RW_198_HA01.spr
A10C380F	226049195	22803	32	19209	\spr\npcres\woman\FM_HD_132_HR01.spr
A1117EE3	226068404	22243	32	18568	\spr\npcres\woman\FM_RW_292_HI01.spr
A11400A2	226086972	169535	32	124265	\spr\npcres\woman\FM_BD_141_ST01.spr
A114142C	226211237	100396	32	83566	\spr\npcres\man\MA_RW_197_HA01.spr
A11CFAB5	226294803	61140	32	51727	\spr\npcres\man\MA_RH_129_IJ01.spr
A11F5B51	226346530	42319	32	34691	\spr\npcres\man\MA_LH_128_HA02.spr
A1382F1F	226381221	25009	32	19757	\spr\npcres\woman\FM_LH_131_DE01.spr
A1550B05	226400978	23549	32	18888	\spr\npcres\woman\FM_HR_153_ST01.spr
A1617E5D	226419866	45423	32	37060	\spr\npcres\man\MA_HR_139_MG04.spr
A1741F56	226456926	294614	32	167709	\spr\npcres\man\MA_BD_128_ST02.spr
A17CC3C1	226624635	109771	32	86523	\spr\npcres\man\MA_RW_197_RD01.spr
A182A87E	226711158	60719	32	46601	\spr\npcres\woman\FM_RH_142_RN03.spr
A1851C6D	226757759	23754	32	19312	\spr\npcres\woman\FM_HD_140_AT03.spr
A18B7EE4	226777071	119602	32	108213	\spr\npcres\woman\FM_RW_187_DE04.spr
A197D2A9	226885284	54481	32	42266	\spr\npcres\woman\FM_RH_130_MG03.spr
A19EF952	226927550	66788	32	58205	\spr\npcres\woman\FM_LH_153_AT03.spr
A1A06AA9	226985755	198854	32	163176	\spr\npcres\woman\FM_BD_134_RN04.spr
A1BF4014	227148931	86280	32	50113	\spr\npcres\man\MA_RH_138_ST01.spr
A1C0C207	227199044	97000	32	81342	\spr\npcres\man\MA_RW_192_HW01.spr
A1C21BCB	227280386	45600	32	38297	\spr\npcres\man\MA_HR_139_AT03.spr
A1CA5B40	227318683	175861	32	147223	\spr\npcres\woman\FM_RW_186_HA01.spr
A1CE9ED5	227465906	63293	32	51726	\spr\npcres\man\MA_LH_135_WK02.spr
A1D93F84	227517632	146064	32	122745	\spr\npcres\man\MA_RW_188_RN03.spr
A1E71251	227640377	198902	32	174685	\spr\npcres\man\MA_BD_130_RN04.spr
A1E9142B	227815062	26177	32	21341	\spr\npcres\woman\FM_HR_141_RN04.spr
A1F3DE2E	227836403	67359	32	53364	\spr\npcres\woman\FM_RH_153_ST09.spr
A1FB13FA	227889767	12448	32	10227	\spr\npcres\woman\FM_LH_140_IJ04.spr
A1FBE0DC	227899994	103081	32	88301	\spr\npcres\woman\FM_RW_197_HD01.spr
A222F392	227988295	64068	32	51965	\spr\npcres\woman\FM_RH_130_AT07.spr
A2241E17	228040260	217441	32	181029	\spr\npcres\woman\FM_BD_131_HD01.spr
A2247FA1	228221289	29152	32	22504	\spr\npcres\woman\FM_HR_134_MG05.spr
A22765CE	228243793	161255	32	132406	\spr\npcres\woman\FM_BD_135_AT04.spr
A22E079F	228376199	81770	32	63714	\spr\npcres\man\MA_HR_131_AT01.spr
A23DD207	228439913	86198	32	70933	\spr\npcres\man\MA_RH_138_WK01.spr
A245EB41	228510846	199378	32	168640	\spr\npcres\man\MA_BD_138_AT04.spr
A257D7FB	228679486	33834	32	25554	\spr\npcres\man\MA_HD_138_RN04.spr
A25F5AC2	228705040	137163	32	87403	\spr\npcres\woman\FM_BD_141_ST02.spr
A263793F	228792443	29565	32	23207	\spr\npcres\woman\FM_LH_131_DE02.spr
A28205C8	228815650	226598	32	167150	\spr\npcres\man\MA_BD_128_ST03.spr
A28786D7	228982800	32769	32	26064	\spr\npcres\man\MA_RH_140_RN04.spr
A2984525	229008864	19089	32	15033	\spr\npcres\woman\FM_HR_153_ST02.spr
A29B9919	229023897	412481	32	356427	\spr\npcres\man\MA_BD_131_JP01.spr
A2A21AAE	229380324	107180	32	89923	\spr\npcres\man\MA_RW_197_HA02.spr
A2AAE137	229470247	61558	32	49002	\spr\npcres\man\MA_RH_129_IJ02.spr
A2ADFDED	229519249	77492	32	64993	\spr\npcres\woman\FM_RW_200_RN05.spr
A2BB2152	229584242	193117	32	155479	\spr\npcres\man\MA_RW_186_HD01.spr
A2BD041B	229739721	112353	32	94953	\spr\npcres\woman\FM_RW_198_HA02.spr
A2C13372	229834674	68564	32	59866	\spr\npcres\woman\FM_LH_153_AT04.spr
A2CFA98D	229894540	23789	32	19340	\spr\npcres\woman\FM_HD_140_AT04.spr
A2DA6CC9	229913880	72396	32	56161	\spr\npcres\woman\FM_RH_130_MG04.spr
A2DFCA2B	229970041	157703	32	126933	\spr\npcres\woman\FM_BD_135_MG01.spr
A2EAA4C9	230096974	199088	32	167089	\spr\npcres\woman\FM_BD_134_RN05.spr
A2EF81DB	230264063	28610	32	23545	\spr\npcres\woman\FM_HD_143_HM01.spr
A2FF64DF	230287608	51990	32	43462	\spr\npcres\man\MA_HR_139_MG05.spr
A308B620	230331070	162342	32	125100	\spr\npcres\woman\FM_BD_130_IJ01.spr
A30B5146	230456170	14572	32	12242	\spr\npcres\woman\FM_HD_140_IJ01.spr
A32FFCC6	230468412	108263	32	58176	\spr\npcres\woman\FM_RW_191_MG03.spr
A3357696	230526588	87269	32	54133	\spr\npcres\man\MA_RH_138_ST02.spr
A335E59E	230580721	57063	32	44783	\spr\npcres\woman\FM_RH_142_RN04.spr
A3448557	230625504	52771	32	45111	\spr\npcres\man\MA_LH_135_WK03.spr
A3580E4D	230670615	37024	32	31779	\spr\npcres\man\MA_HR_139_AT04.spr
A370F4DB	230702394	71732	32	61393	\spr\npcres\man\MA_RW_291_RN07.spr
A377CB59	230763787	29615	32	24320	\spr\npcres\man\MA_HD_140_HM01.spr
A37C9560	230788107	187420	32	154725	\spr\npcres\woman\FM_RW_186_HA02.spr
A38C103B	230942832	239075	32	206678	\spr\npcres\man\MA_BD_140_DE04.spr
A397B3BF	231149510	27466	32	19989	\spr\npcres\woman\FM_RH_143_WK04.spr
A3B65A40	231169499	228775	32	186915	\spr\npcres\woman\FM_BD_134_JP01.spr
A3B9CC1A	231356414	99607	32	82391	\spr\npcres\woman\FM_RW_193_HA02.spr
A3BE7A1D	231438805	50641	32	44600	\spr\npcres\man\MA_RH_137_MG05.spr
A3C0D3D9	231483405	191206	32	157120	\spr\npcres\woman\FM_BD_142_RN01.spr
A3D95D24	231640525	33646	32	27458	\spr\npcres\woman\FM_HR_134_AT07.spr
A3E17622	231667983	66219	32	49826	\spr\npcres\woman\FM_HR_143_RD01.spr
A3EEFE3E	231717809	17573	32	15214	\spr\npcres\man\MA_HD_130_IJ03.spr
A3F99BDF	231733023	68136	32	58469	\spr\npcres\woman\FM_LH_153_MG01.spr
A3FF52EC	231791492	33623	32	27146	\spr\npcres\woman\FM_HR_141_JP01.spr
A401D009	231818638	31525	32	21954	\spr\npcres\man\MA_LH_128_ST06.spr
A4075A0E	231840592	106999	32	86085	\spr\npcres\woman\FM_RW_197_RD01.spr
A414F905	231926677	161503	32	120938	\spr\npcres\woman\FM_BD_142_MG05.spr
A41A4226	232047615	186222	32	133724	\spr\npcres\woman\FM_BD_153_HM01.spr
A448840E	232181339	62267	32	49722	\spr\npcres\woman\FM_RH_153_ST08.spr
A452C24D	232231061	23673	32	18368	\spr\npcres\woman\FM_HD_140_AT02.spr
A4581E5E	232249429	60738	32	46674	\spr\npcres\woman\FM_RH_142_RN02.spr
A4696FDF	232296103	199838	32	176975	\spr\npcres\man\MA_BD_130_RN03.spr
A46BAF32	232473078	66150	32	55542	\spr\npcres\woman\FM_LH_153_AT02.spr
A46C9889	232528620	71772	32	55578	\spr\npcres\woman\FM_RH_130_MG02.spr
A47294FF	232584198	28474	32	22553	\spr\npcres\man\MA_HD_131_AT07.spr
A47DD089	232606751	198081	32	164176	\spr\npcres\woman\FM_BD_134_RN03.spr
A4991223	232770927	29635	32	23863	\spr\npcres\man\MA_HD_132_WK03.spr
A49E591B	232794790	54025	32	42990	\spr\npcres\man\MA_HR_130_DE04.spr
A4A6DA0B	232837780	26038	32	21176	\spr\npcres\woman\FM_HR_141_RN03.spr
A4AA4119	232858956	42788	32	35990	\spr\npcres\man\MA_RH_137_MG03.spr
A4B0D9DA	232894946	11720	32	8834	\spr\npcres\woman\FM_LH_140_IJ03.spr
A4B0E853	232903780	63315	32	53082	\spr\npcres\man\MA_LH_135_WK01.spr
A4B41549	232956862	52007	32	43733	\spr\npcres\man\MA_HR_139_AT02.spr
A4BACA89	233000595	30867	32	24527	\spr\npcres\man\MA_HR_150_HW01.spr
A4BF8F81	233025122	31251	32	27270	\spr\npcres\woman\FM_RH_133_DE04.spr
A4D67C84	233052392	58129	32	49455	\spr\npcres\woman\FM_HR_131_HA02.spr
A4DAC53A	233101847	22289	32	19400	\spr\npcres\man\MA_HD_130_IJ01.spr
A4F86747	233121247	163890	32	143521	\spr\npcres\man\MA_BD_140_DE02.spr
A4FEE49D	233264768	78709	32	63409	\spr\npcres\woman\FM_RH_132_HA01.spr
A50B6A97	233328177	54622	32	46057	\spr\npcres\man\MA_RH_137_AT02.spr
A5106B2B	233374234	69154	32	58807	\spr\npcres\man\MA_RH_150_DE01.spr
A522EF72	233433041	233879	32	198242	\spr\npcres\man\MA_BD_132_HD01.spr
A53A2C7F	233631283	27504	32	19921	\spr\npcres\woman\FM_RH_143_WK02.spr
A542A742	233651204	115862	32	70142	\spr\npcres\woman\FM_BD_133_ST03.spr
A5482508	233721346	62774	32	44260	\spr\npcres\man\MA_LH_135_ST02.spr
A5495ECC	233765606	63699	32	50821	\spr\npcres\woman\FM_LH_142_HA02.spr
A54D733E	233816427	19247	32	12022	\spr\npcres\woman\FM_HD_143_ST03.spr
A5590F65	233828449	191030	32	150693	\spr\npcres\woman\FM_LW_200_ST07.spr
A55A2E5D	233979142	197378	32	154270	\spr\npcres\man\MA_BD_138_MG02.spr
A55CA4F0	234133412	78648	32	68028	\spr\npcres\man\MA_LH_150_HD01.spr
A55CC591	234201440	15718	32	13514	\spr\npcres\man\MA_HD_128_HI01.spr
A563C9E4	234214954	31872	32	26430	\spr\npcres\woman\FM_HR_134_AT05.spr
A565D6D2	234241384	36935	32	30441	\spr\npcres\man\MA_HD_138_IJ04.spr
A56DF8A7	234271825	129266	32	108977	\spr\npcres\woman\FM_BD_153_DE03.spr
A578A5D2	234380802	27426	32	22103	\spr\npcres\woman\FM_RH_131_HD01.spr
A58548AE	234402905	30456	32	23126	\spr\npcres\woman\FM_HR_140_ST03.spr
A590B6B2	234426031	21975	32	17009	\spr\npcres\man\MA_HD_132_ST04.spr
A5982E6D	234443040	55375	32	45060	\spr\npcres\man\MA_RH_130_HI01.spr
A59E5712	234488100	44943	32	38941	\spr\npcres\woman\FM_HR_140_DE01.spr
A5AEE273	234527041	24328	32	19327	\spr\npcres\woman\FM_HR_134_IJ02.spr
A5B07152	234546368	55218	32	42669	\spr\npcres\woman\FM_RH_135_IJ01.spr
A5BA7BB0	234589037	112824	32	90500	\spr\npcres\man\MA_LH_138_AT06.spr
A5C9C778	234679537	185711	32	152064	\spr\npcres\woman\FM_BD_142_AT07.spr
A5D0AC33	234831601	49024	32	38998	\spr\npcres\woman\FM_LH_133_WK01.spr
A5D336F6	234870599	33569	32	27186	\spr\npcres\man\MA_HR_135_RN04.spr
A5D8D378	234897785	255600	32	197827	\spr\npcres\man\MA_BD_150_WK02.spr
A5DA34E0	235095612	104772	32	89390	\spr\npcres\man\MA_RW_196_HW01.spr
A5DAFEE9	235185002	21650	32	16917	\spr\npcres\woman\FM_LH_129_RN04.spr
A5E0D369	235201919	21779	32	17464	\spr\npcres\woman\FM_HD_140_WK03.spr
A5E766F3	235219383	215325	32	180082	\spr\npcres\woman\FM_BD_130_WK03.spr
A5E90E52	235399465	97990	32	78415	\spr\npcres\woman\FM_BD_140_HI01.spr
A5F390D2	235477880	50041	32	37890	\spr\npcres\man\MA_LH_128_WK04.spr
A5F731E3	235515770	72993	32	63350	\spr\npcres\man\MA_LH_129_DE02.spr
A5FBE548	235579120	3019	32	2897	\spr\item\equip\sash\obj-sash119.spr
A613192D	235582017	21705	32	16771	\spr\npcres\woman\FM_LH_140_HR01.spr
A61718A5	235598788	29661	32	23836	\spr\npcres\man\MA_HD_132_WK04.spr
A620779B	235622624	44144	32	35662	\spr\npcres\man\MA_RH_137_MG04.spr
A6213EBD	235658286	88614	32	70723	\spr\npcres\woman\FM_RH_132_HA02.spr
A650CBBC	235729009	20041	32	17182	\spr\npcres\man\MA_HD_130_IJ02.spr
A6570E84	235746191	32919	32	28273	\spr\npcres\woman\FM_RH_153_HI01.spr
A66D799F	235774464	23439	32	17837	\spr\npcres\woman\FM_RH_143_WK03.spr
A6766DB9	235792301	232734	32	202115	\spr\npcres\man\MA_BD_140_DE03.spr
A676B2FA	235994416	93140	32	76510	\spr\npcres\woman\FM_RW_193_HA01.spr
A6811109	236070926	46827	32	40216	\spr\npcres\man\MA_RH_137_AT03.spr
A69032C7	236111142	127761	32	111006	\spr\npcres\woman\FM_BD_153_DE04.spr
A6960304	236222148	47348	32	37299	\spr\npcres\woman\FM_HR_134_AT06.spr
A6AE11AD	236259447	63465	32	55582	\spr\npcres\man\MA_RH_150_DE02.spr
A6C0E132	236315029	51619	32	44020	\spr\npcres\woman\FM_HR_140_DE02.spr
A6C62B8A	236359049	42398	32	34885	\spr\npcres\man\MA_LH_135_ST03.spr
A6CF82CE	236393934	44058	32	33961	\spr\npcres\woman\FM_HR_140_ST04.spr
A6D0D4DF	236427895	195223	32	160066	\spr\npcres\man\MA_BD_138_MG03.spr
A6D13F93	236587961	19076	32	14917	\spr\npcres\woman\FM_HR_134_IJ03.spr
A6D874B1	236602878	34103	32	28277	\spr\npcres\woman\FM_RH_141_DE01.spr
A6F5F162	236631155	173990	32	118326	\spr\npcres\woman\FM_BD_133_ST04.spr
A6F78D5E	236749481	28700	32	20142	\spr\npcres\woman\FM_HD_143_ST04.spr
A6FA8B72	236769623	56158	32	43562	\spr\npcres\woman\FM_RH_135_IJ02.spr
A70D2465	236813185	94407	32	80075	\spr\npcres\man\MA_LH_129_DE03.spr
A70F8C16	236893260	92289	32	78427	\spr\npcres\man\MA_RW_198_DE02.spr
A71BE653	236971687	49296	32	39130	\spr\npcres\woman\FM_LH_133_WK02.spr
A729B013	237010817	215877	32	180977	\spr\npcres\woman\FM_BD_130_WK04.spr
A72B6C89	237191794	21730	32	17437	\spr\npcres\woman\FM_HD_140_WK04.spr
A72EBD34	237209231	21962	32	17565	\spr\npcres\man\MA_HD_132_ST05.spr
A7306E32	237226796	80324	32	65201	\spr\npcres\man\MA_LH_138_AT07.spr
A7433A07	237291997	33798	32	25777	\spr\npcres\man\MA_HD_138_RN02.spr
A749918E	237317774	166319	32	128931	\spr\npcres\woman\FM_BD_135_AT02.spr
A74EE861	237446705	29247	32	22674	\spr\npcres\woman\FM_HR_134_MG03.spr
A751DC06	237469379	75619	32	61578	\spr\npcres\man\MA_RW_195_IJ02.spr
A7523ADA	237530957	29182	32	23422	\spr\npcres\woman\FM_RH_134_RN06.spr
A756D9FA	237554379	253977	32	202715	\spr\npcres\man\MA_BD_150_WK03.spr
A765918D	237757094	35146	32	29986	\spr\npcres\woman\FM_HD_132_AT06.spr
A7693D68	237787080	36129	32	30477	\spr\npcres\man\MA_HR_135_RN05.spr
A77CB593	237817557	145864	32	131533	\spr\npcres\woman\FM_RW_187_HM01.spr
A78154DF	237949090	35695	32	29463	\spr\npcres\man\MA_LH_128_HA01.spr
A791BC95	237978553	147271	32	121154	\spr\npcres\man\MA_BD_132_ZZ01.spr
A7A1F8BC	238099707	13695	32	11016	\spr\npcres\woman\FM_HD_132_IJ03.spr
A7B1FE4D	238110723	261804	32	210581	\spr\npcres\man\MA_BD_138_AT02.spr
A7B56C52	238321304	65710	32	52141	\spr\npcres\woman\FM_RH_130_AT05.spr
A7B9ED4D	238373445	104334	32	85387	\spr\npcres\woman\FM_RW_194_HM01.spr
A7BEC73E	238458832	209104	32	169108	\spr\npcres\woman\FM_BD_141_ZZ01.spr
A7E90074	238627940	46387	32	30169	\spr\npcres\man\MA_LH_128_RD01.spr
A7EB4BDB	238658109	39202	32	32695	\spr\npcres\man\MA_HR_139_MG03.spr
A7EFCE0A	238690804	26007	32	20218	\spr\npcres\woman\FM_LH_129_JP01.spr
A7F3EDD3	238711022	33560	32	26237	\spr\npcres\man\MA_RH_140_RN02.spr
A7FE68D4	238737259	294585	32	166788	\spr\npcres\man\MA_BD_128_ST01.spr
A7FFF377	238904047	27424	32	22871	\spr\npcres\woman\FM_HR_153_ZZ01.spr
A8034950	238926918	110936	32	90270	\spr\npcres\man\MA_RW_198_HM01.spr
A80604AC	239017188	54684	32	43711	\spr\npcres\woman\FM_LH_142_HA01.spr
A8128D99	239060899	46766	32	38847	\spr\npcres\woman\FM_HR_130_HD01.spr
A8186D22	239099746	113463	32	67181	\spr\npcres\woman\FM_BD_133_ST02.spr
A81A391E	239166927	19668	32	14539	\spr\npcres\woman\FM_HD_143_ST02.spr
A81A8030	239181466	21977	32	17404	\spr\npcres\man\MA_HD_132_ST03.spr
A82C753E	239198870	76022	32	62778	\spr\npcres\man\MA_LH_138_AT05.spr
A8323E96	239261648	62877	32	47281	\spr\npcres\man\MA_LH_135_ST01.spr
A833EB2C	239308929	42706	32	27179	\spr\npcres\woman\FM_LH_143_ST06.spr
A838BFC4	239336108	37584	32	29763	\spr\npcres\woman\FM_HR_134_AT04.spr
A8397B5C	239365871	97350	32	73364	\spr\npcres\man\MA_RW_200_ST01.spr
A83AAE87	239439235	190395	32	159446	\spr\npcres\woman\FM_BD_153_DE02.spr
A83C859B	239598681	28316	32	25070	\spr\npcres\woman\FM_HD_130_DE04.spr
A8422C06	239623751	257028	32	205877	\spr\npcres\man\MA_BD_150_WK01.spr
A8450074	239829628	33619	32	27177	\spr\npcres\man\MA_HR_135_RN03.spr
A84CA6E1	239856805	25390	32	21195	\spr\npcres\woman\FM_HD_129_MG05.spr
A8523E8E	239878000	30777	32	24849	\spr\npcres\woman\FM_HR_140_ST02.spr
A8616F21	239902849	57051	32	42725	\spr\npcres\woman\FM_HR_143_HW01.spr
A865EA50	239945574	39411	32	30770	\spr\npcres\man\MA_LH_128_WK03.spr
A872A801	239976344	115065	32	95474	\spr\npcres\man\MA_RW_197_WK02.spr
A8790B61	240071818	88689	32	72474	\spr\npcres\man\MA_LH_129_DE01.spr
A87BA853	240144292	24684	32	19420	\spr\npcres\woman\FM_HR_134_IJ01.spr
A8868D58	240163712	261654	32	210743	\spr\npcres\woman\FM_BD_142_AT06.spr
A8880A4D	240374455	28682	32	24465	\spr\npcres\woman\FM_HD_132_AT04.spr
A8893D66	240398920	49477	32	43853	\spr\npcres\man\MA_RW_291_IJ06.spr
A88CEC67	240442773	147243	32	126878	\spr\npcres\woman\FM_RW_188_RN03.spr
A892C0EB	240569651	14604	32	11116	\spr\npcres\woman\FM_HR_129_HI01.spr
A897A4C9	240580767	23107	32	17621	\spr\npcres\woman\FM_LH_129_RN03.spr
A8BC2CD3	240598388	223976	32	187574	\spr\npcres\woman\FM_BD_130_WK02.spr
A8BD9949	240785962	21737	32	17401	\spr\npcres\woman\FM_HD_140_WK02.spr
A8C75EE7	240803363	51861	32	43820	\spr\npcres\man\MA_HR_139_MG01.spr
A8D10421	240847183	34151	32	27612	\spr\npcres\woman\FM_HR_134_MG01.spr
A8D5943B	240874795	71527	32	60208	\spr\npcres\man\MA_LH_150_WK06.spr
A8DF9812	240935003	69605	32	56068	\spr\npcres\woman\FM_RH_130_AT03.spr
A8E5569A	240991071	28814	32	23609	\spr\npcres\woman\FM_RH_134_RN04.spr
A8E824E0	241014680	53639	32	42950	\spr\npcres\man\MA_HR_131_IJ04.spr
A8EF3F5B	241057630	92263	32	78743	\spr\npcres\man\MA_RW_188_IJ03.spr
A8F590C7	241136373	32223	32	26383	\spr\npcres\woman\FM_LH_141_HD01.spr
A92C3CD9	241162756	119660	32	91817	\spr\npcres\woman\FM_RW_191_AT02.spr
A933DAD8	241254573	246861	32	198084	\spr\npcres\man\MA_BD_132_HA02.spr
A934157C	241452657	17736	32	15300	\spr\npcres\woman\FM_HD_132_IJ01.spr
A941357E	241467957	35534	32	30807	\spr\npcres\man\MA_RH_135_ZZ01.spr
A94572DB	241498764	198834	32	175534	\spr\npcres\man\MA_BD_130_RN01.spr
A9493661	241674298	31633	32	24935	\spr\npcres\woman\FM_HD_135_HM01.spr
A9493E0C	241699233	47658	32	36750	\spr\npcres\woman\FM_HR_133_JP01.spr
A9572D2F	241735983	80070	32	61723	\spr\npcres\woman\FM_RH_135_WK04.spr
A95C4BC8	241797706	193766	32	159747	\spr\npcres\woman\FM_RW_189_WK03.spr
A96EFBFB	241957453	27942	32	22817	\spr\npcres\man\MA_HD_131_AT05.spr
A97D2715	241980270	35626	32	23465	\spr\npcres\man\MA_LH_128_ST04.spr
A9804D49	242003735	217334	32	180035	\spr\npcres\woman\FM_BD_134_RN01.spr
A9805648	242183770	153073	32	128152	\spr\npcres\woman\FM_LW_200_HM01.spr
A9865425	242311922	52799	32	45320	\spr\npcres\man\MA_RH_137_MG01.spr
A989AC27	242357242	33523	32	27137	\spr\npcres\man\MA_HR_130_DE02.spr
A99CE1DE	242384379	29654	32	23628	\spr\npcres\man\MA_LH_128_HR01.spr
A9A0E392	242408007	31787	32	24654	\spr\npcres\woman\FM_HR_135_RD01.spr
A9BF15C5	242432661	157199	32	122178	\spr\npcres\woman\FM_BD_142_MG03.spr
A9C23841	242554839	50821	32	42979	\spr\npcres\woman\FM_RH_133_DE02.spr
A9C56A7E	242597818	27204	32	20545	\spr\npcres\woman\FM_RH_129_HA02.spr
A9C976CB	242618363	25486	32	21138	\spr\npcres\woman\FM_HR_141_RN01.spr
A9D330CE	242639501	46763	32	34161	\spr\npcres\woman\FM_RH_153_ST06.spr
A9D6BF89	242673662	170145	32	144428	\spr\npcres\man\MA_BD_138_RN04.spr
A9DB759A	242818090	17204	32	13743	\spr\npcres\woman\FM_LH_140_IJ01.spr
A9F32381	242831833	193966	32	143744	\spr\npcres\man\MA_BD_140_HM01.spr
A9F5792F	242975577	29646	32	23898	\spr\npcres\man\MA_HD_132_WK01.spr
AA02D232	242999475	78931	32	61030	\spr\npcres\woman\FM_RH_130_AT04.spr
AA045E41	243060505	33439	32	26759	\spr\npcres\woman\FM_HR_134_MG02.spr
AA07446E	243087264	153858	32	120526	\spr\npcres\woman\FM_BD_135_AT01.spr
AA21C330	243207790	41727	32	35415	\spr\npcres\woman\FM_RH_133_HM01.spr
AA2FE0BA	243243205	27886	32	22699	\spr\npcres\woman\FM_RH_134_RN05.spr
AA33446D	243265904	27038	32	22646	\spr\npcres\woman\FM_HD_132_AT05.spr
AA353785	243288550	33815	32	25821	\spr\npcres\man\MA_HD_138_RN01.spr
AA37362B	243314371	19418	32	16202	\spr\npcres\man\MA_HD_132_HR01.spr
AA3BCBCB	243330573	293780	32	243354	\spr\npcres\man\MA_BD_138_AT01.spr
AA4B2CB1	243573927	102459	32	57505	\spr\npcres\woman\FM_RW_199_ST04.spr
AA5776F9	243631432	125630	32	101873	\spr\npcres\woman\FM_RW_191_AT03.spr
AA5D4559	243733305	39902	32	32646	\spr\npcres\man\MA_HR_139_MG02.spr
AA65E751	243765951	32840	32	26147	\spr\npcres\man\MA_RH_140_RN01.spr
AA7EAE9C	243792098	18212	32	15703	\spr\npcres\woman\FM_HD_132_IJ02.spr
AA80E762	243807801	87051	32	64268	\spr\npcres\man\MA_RW_197_ST04.spr
AA8AE10B	243872069	33664	32	27767	\spr\npcres\woman\FM_RH_134_JP01.spr
AA8B2D97	243899836	27495	32	20013	\spr\npcres\man\MA_LH_128_ST05.spr
AAB902B6	243919849	47417	32	38951	\spr\npcres\man\MA_HD_129_HD01.spr
AACA8769	243958800	209080	32	174077	\spr\npcres\woman\FM_BD_134_RN02.spr
AAD3795D	244132877	198888	32	175395	\spr\npcres\man\MA_BD_130_RN02.spr
AAE1AFE5	244308272	191782	32	146064	\spr\npcres\woman\FM_BD_142_MG04.spr
AAE4EE7D	244454336	35947	32	29197	\spr\npcres\man\MA_HD_131_AT06.spr
AAF41E87	244483533	402883	32	341666	\spr\npcres\man\MA_BD_139_JP01.spr
AAFBC4BC	244825199	46998	32	39993	\spr\npcres\man\MA_RH_131_HD01.spr
AB005299	244865192	48076	32	37919	\spr\npcres\man\MA_HR_130_DE03.spr
AB036FA1	244903111	29878	32	22695	\spr\npcres\man\MA_HD_132_WK02.spr
AB0D8FBA	244925806	17890	32	14002	\spr\npcres\woman\FM_LH_140_IJ02.spr
AB15C43E	244939808	59006	32	45441	\spr\npcres\woman\FM_RH_142_RN01.spr
AB1C5AA7	244985249	36676	32	30699	\spr\npcres\man\MA_RH_137_MG02.spr
AB211512	245015948	66803	32	55803	\spr\npcres\woman\FM_LH_153_AT01.spr
AB27728B	245071751	84529	32	68165	\spr\npcres\man\MA_RW_197_HR01.spr
AB2F882D	245139916	21942	32	16867	\spr\npcres\woman\FM_HD_140_AT01.spr
AB3A4F69	245156783	61152	32	50108	\spr\npcres\woman\FM_RH_130_MG01.spr
AB3E6ED7	245206891	56386	32	47291	\spr\npcres\man\MA_HR_139_AT01.spr
AB4F3455	245254182	70543	32	55988	\spr\npcres\man\MA_RW_199_IJ02.spr
AB5AFA84	245310170	106748	32	91735	\spr\npcres\woman\FM_RW_194_DE02.spr
AB6270C5	245401905	181960	32	152633	\spr\npcres\man\MA_BD_140_DE01.spr
AB6482E8	245554538	37627	32	28288	\spr\npcres\woman\FM_HR_132_ST06.spr
AB7380EB	245582826	26045	32	21180	\spr\npcres\woman\FM_HR_141_RN02.spr
AB757261	245604006	34446	32	30036	\spr\npcres\woman\FM_RH_133_DE03.spr
AB7F0B22	245634042	44067	32	36743	\spr\npcres\woman\FM_HR_132_DE04.spr
ABA125C1	245670785	65356	32	57382	\spr\npcres\man\MA_RH_150_HM01.spr
ABA32364	245728167	48974	32	42070	\spr\npcres\woman\FM_HR_131_HA01.spr
ABCC3BDB	245770237	239537	32	207674	\spr\npcres\man\MA_BD_138_MG01.spr
ABCE514E	245977911	21716	32	12981	\spr\npcres\woman\FM_HD_135_ST06.spr
ABEF2050	245990892	21629	32	18866	\spr\npcres\man\MA_HD_138_IJ03.spr
ABF7925F	246009758	27074	32	19923	\spr\npcres\woman\FM_RH_143_WK01.spr
ABFD6415	246029681	58559	32	49963	\spr\npcres\man\MA_RH_137_AT01.spr
AC265390	246079644	189971	32	131921	\spr\npcres\man\MA_BD_132_ST06.spr
AC2C930F	246211565	81585	32	61894	\spr\npcres\woman\FM_RH_135_WK03.spr
AC362635	246273459	127552	32	104736	\spr\npcres\man\MA_BD_139_HI01.spr
AC588917	246378195	170804	32	146228	\spr\npcres\man\MA_BD_138_RN03.spr
AC72174C	246524423	101369	32	88829	\spr\npcres\woman\FM_RW_196_WK02.spr
AC73B9A5	246613252	39768	32	31061	\spr\npcres\man\MA_HR_130_DE01.spr
AC74DBA5	246644313	203154	32	162510	\spr\npcres\woman\FM_BD_142_MG02.spr
AC794D3E	246806823	20580	32	16428	\spr\npcres\woman\FM_HD_131_RN04.spr
AC81A7E2	246823251	62790	32	51218	\spr\npcres\woman\FM_HR_132_DE02.spr
AC8F3EA8	246874469	55454	32	41566	\spr\npcres\woman\FM_HR_132_ST04.spr
AC92D05E	246916035	23296	32	17941	\spr\npcres\woman\FM_RH_129_HA01.spr
AC9FEE21	246933976	49642	32	41268	\spr\npcres\woman\FM_RH_133_DE01.spr
ACA8E6AE	246975244	48300	32	39263	\spr\npcres\woman\FM_RH_153_ST05.spr
ACB09185	247014507	104822	32	86786	\spr\npcres\woman\FM_RW_184_HD01.spr
ACBE5F56	247101293	83079	32	67372	\spr\npcres\man\MA_LH_138_MG04.spr
ACD4D41F	247168665	26098	32	22001	\spr\npcres\woman\FM_HD_132_WK04.spr
ACD70BF6	247190666	50795	32	43050	\spr\npcres\man\MA_LH_140_DE04.spr
ACDB375C	247233716	27940	32	23865	\spr\npcres\man\MA_HD_138_IJ01.spr
ACDBBD14	247257581	29368	32	22896	\spr\npcres\man\MA_HD_139_HW01.spr
ACF6C32C	247280477	186103	32	155051	\spr\npcres\woman\FM_RW_200_AT08.spr
AD18583A	247435528	94518	32	77759	\spr\npcres\man\MA_LH_138_AT03.spr
AD1C4D9A	247513287	26006	32	22174	\spr\npcres\woman\FM_HD_153_HD01.spr
AD338A08	247535461	530801	32	428288	\spr\npcres\woman\FM_BD_134_AT08.spr
AD3BFD1F	247963749	143675	32	129418	\spr\npcres\woman\FM_LW_187_HA01.spr
AD3F4BCA	248093167	39955	32	32988	\spr\npcres\woman\FM_HD_129_AT06.spr
AD432B84	248126155	35940	32	28360	\spr\npcres\woman\FM_HR_134_AT02.spr
AD4607EC	248154515	64852	32	46337	\spr\npcres\woman\FM_LH_143_ST04.spr
AD473E5B	248200852	41791	32	36361	\spr\npcres\woman\FM_HD_130_DE02.spr
AD4A5F7D	248237213	60983	32	49607	\spr\npcres\man\MA_RH_139_ZZ01.spr
AD50CD0E	248286820	31571	32	20582	\spr\npcres\woman\FM_HD_135_ST04.spr
AD51F15C	248307402	50110	32	38342	\spr\npcres\man\MA_LH_128_WK01.spr
AD553122	248345744	120373	32	78038	\spr\npcres\woman\FM_BD_140_ST06.spr
AD5AD20C	248423782	29999	32	23275	\spr\npcres\woman\FM_RH_142_IJ04.spr
AD76973C	248447057	29261	32	19902	\spr\npcres\man\MA_HD_132_ST01.spr
AD79A9DA	248466959	28931	32	23499	\spr\npcres\woman\FM_HD_143_ZZ01.spr
AD7F9DEE	248490458	169897	32	139319	\spr\npcres\woman\FM_BD_133_ZZ01.spr
ADAE5979	248629777	90349	32	79545	\spr\npcres\man\MA_HR_138_DE04.spr
ADB11770	248709322	33609	32	27198	\spr\npcres\man\MA_HR_135_RN01.spr
ADC1FB47	248736520	97889	32	79148	\spr\npcres\man\MA_LH_150_WK04.spr
ADC40BEC	248815668	39126	32	30246	\spr\npcres\man\MA_HR_131_IJ02.spr
ADD406C5	248845914	167064	32	122970	\spr\npcres\woman\FM_BD_134_MG05.spr
ADD7D2A1	248968884	25533	32	18696	\spr\npcres\woman\FM_HD_129_MG03.spr
ADDB881F	248987580	190036	32	155351	\spr\npcres\man\MA_RW_189_HW01.spr
ADF2CD15	249142931	44821	32	35483	\spr\npcres\woman\FM_RH_142_HR01.spr
ADF92489	249178414	28513	32	22781	\spr\npcres\man\MA_HD_131_MG04.spr
ADFB353D	249201195	28636	32	21158	\spr\npcres\woman\FM_LH_140_WK04.spr
AE0274A5	249222353	30981	32	21499	\spr\npcres\woman\FM_HD_133_RD01.spr
AE02B21C	249243852	35248	32	30348	\spr\npcres\woman\FM_LH_135_HI01.spr
AE0E8885	249274200	23796	32	19566	\spr\npcres\woman\FM_HD_131_JP01.spr
AE18CA26	249293766	50654	32	39258	\spr\npcres\woman\FM_RW_292_HM01.spr
AE3248C8	249333024	38566	32	29322	\spr\npcres\woman\FM_HR_132_ST05.spr
AE3445C8	249362346	117792	32	93292	\spr\npcres\man\MA_LH_138_MG05.spr
AE34F102	249455638	42912	32	34705	\spr\npcres\woman\FM_HR_132_DE03.spr
AE391D4C	249490343	148445	32	124111	\spr\npcres\woman\FM_RW_200_AT09.spr
AE513DDE	249614454	24606	32	20747	\spr\npcres\man\MA_HD_138_IJ02.spr
AE6185EA	249635201	30390	32	25290	\spr\npcres\woman\FM_HD_129_AT07.spr
AE66C428	249660491	441164	32	365923	\spr\npcres\woman\FM_BD_134_AT09.spr
AE6E373F	250026414	165141	32	149361	\spr\npcres\woman\FM_LW_187_HA02.spr
AE89510C	250175775	41279	32	28880	\spr\npcres\woman\FM_LH_143_ST05.spr
AE8A487B	250204655	28121	32	24847	\spr\npcres\woman\FM_HD_130_DE03.spr
AE8AFBB3	250229502	90709	32	72658	\spr\npcres\man\MA_LH_129_HM01.spr
AE8C9DBE	250302160	29312	32	22643	\spr\npcres\man\MA_HD_132_ST02.spr
AE964EBC	250324803	82777	32	67905	\spr\npcres\man\MA_LH_138_AT04.spr
AE9B072E	250392708	21704	32	15406	\spr\npcres\woman\FM_HD_135_ST05.spr
AECF1DF2	250408114	33584	32	27146	\spr\npcres\man\MA_HR_135_RN02.spr
AED13C0B	250435260	53476	32	47209	\spr\npcres\man\MA_RH_135_HD01.spr
AED1E5A9	250482469	137738	32	114942	\spr\npcres\woman\FM_RW_200_MG06.spr
AED5D302	250597411	140340	32	101121	\spr\npcres\woman\FM_BD_133_ST01.spr
AED7EFFE	250698532	24147	32	18622	\spr\npcres\woman\FM_HD_143_ST01.spr
AEEFE7DE	250717154	50522	32	36644	\spr\npcres\man\MA_LH_128_WK02.spr
AEF01567	250753798	179332	32	149774	\spr\npcres\woman\FM_BD_153_DE01.spr
AEF665A4	250903572	35165	32	28385	\spr\npcres\woman\FM_HR_134_AT03.spr
AF0992B3	250931957	212347	32	177032	\spr\npcres\woman\FM_BD_130_WK01.spr
AF0B4F29	251108989	21764	32	17457	\spr\npcres\woman\FM_HD_140_WK01.spr
AF1155C3	251126446	34786	32	22636	\spr\npcres\woman\FM_LH_141_RD01.spr
AF1A6CC1	251149082	30451	32	24347	\spr\npcres\woman\FM_HD_129_MG04.spr
AF1F50E5	251173429	415978	32	350830	\spr\npcres\woman\FM_BD_134_MG06.spr
AF2FE56E	251524259	37999	32	30999	\spr\npcres\woman\FM_HR_140_ST01.spr
AF4489BD	251555258	219215	32	154196	\spr\npcres\woman\FM_RW_291_AT11.spr
AF45F02D	251709454	28946	32	24473	\spr\npcres\woman\FM_HD_132_AT03.spr
AF481C43	251733927	276872	32	244935	\spr\npcres\man\MA_LW_200_AT09.spr
AF523E6E	251978862	34748	32	27210	\spr\npcres\man\MA_HR_131_IJ03.spr
AF5C7338	252006072	189024	32	150894	\spr\npcres\woman\FM_BD_142_AT05.spr
AF6D6AA9	252156966	23101	32	17622	\spr\npcres\woman\FM_LH_129_RN02.spr
AF772B0B	252174588	35982	32	29258	\spr\npcres\man\MA_HD_131_MG05.spr
AF86493D	252203846	49873	32	42261	\spr\npcres\man\MA_HR_129_JP01.spr
AF8D83FB	252246107	253518	32	156580	\spr\npcres\man\MA_BD_132_RD01.spr
AF9194D7	252402687	108062	32	90953	\spr\npcres\woman\FM_RW_195_RN02.spr
AF954EF2	252493640	65619	32	51960	\spr\npcres\woman\FM_RH_130_AT02.spr
AFA5D466	252545600	213466	32	172271	\spr\npcres\man\MA_BD_132_HA01.spr
AFA9E480	252717871	41244	32	33905	\spr\npcres\woman\FM_LH_132_IJ04.spr
AFB21D7A	252751776	31321	32	24940	\spr\npcres\woman\FM_RH_134_RN03.spr
AFBBE79B	252776716	43220	32	31806	\spr\npcres\woman\FM_HR_133_RN04.spr
AFC1EAB3	252808522	68302	32	53459	\spr\npcres\woman\FM_LH_132_HR01.spr
AFD0F579	252861981	28150	32	22507	\spr\npcres\man\MA_HD_131_AT04.spr
AFDE5971	252884488	74553	32	57982	\spr\npcres\woman\FM_RW_199_ST02.spr
AFE73093	252942470	32855	32	23522	\spr\npcres\man\MA_LH_128_ST03.spr
AFFCCA6E	252965992	118731	32	81237	\spr\npcres\man\MA_RW_197_ST02.spr
B00167F8	253047229	35801	32	27854	\spr\npcres\woman\FM_HR_133_DE03.spr
B0081894	253075083	32566	32	22746	\spr\npcres\woman\FM_HR_133_ST05.spr
B017FB90	253097829	18410	32	15031	\spr\npcres\woman\FM_LH_141_IJ01.spr
B018C737	253112860	35411	32	29457	\spr\npcres\woman\FM_RH_134_DE02.spr
B026BDB1	253142317	33512	32	27816	\spr\npcres\man\MA_LH_140_IJ04.spr
B0318FA2	253170133	16161	32	9176	\spr\npcres\woman\FM_LH_129_ST03.spr
B0567C55	253179309	31603	32	26917	\spr\npcres\woman\FM_HD_132_JP01.spr
B05807DB	253206226	29141	32	20431	\spr\npcres\woman\FM_HD_134_RD01.spr
B06028E4	253226657	65735	32	56833	\spr\npcres\woman\FM_RH_153_HA01.spr
B0772E93	253283490	48104	32	41209	\spr\npcres\man\MA_LH_131_HD01.spr
B08C63FA	253324699	304485	32	240699	\spr\npcres\man\MA_BD_135_WK04.spr
B096B51D	253565398	38933	32	30598	\spr\npcres\man\MA_HD_128_WK03.spr
B09E5244	253595996	78617	32	63041	\spr\npcres\man\MA_LH_137_MG02.spr
B0C6FE71	253659037	16945	32	14156	\spr\npcres\woman\FM_HD_131_DE03.spr
B0D1A5C3	253673193	140329	32	104859	\spr\npcres\man\MA_RH_130_WK03.spr
B0E4ED46	253778052	64008	32	48777	\spr\npcres\woman\FM_RW_200_ST01.spr
B0E5E078	253826829	226481	32	191103	\spr\npcres\woman\FM_BD_130_RN01.spr
B0E7404E	254017932	21826	32	17501	\spr\npcres\woman\FM_HD_140_RN01.spr
B0F8DE09	254035433	62687	32	54186	\spr\npcres\woman\FM_LH_153_RN01.spr
B0FDCB44	254089619	59675	32	52137	\spr\npcres\man\MA_HR_138_IJ04.spr
B1225422	254141756	148978	32	107834	\spr\npcres\woman\FM_BD_134_ST01.spr
B122658C	254249590	34439	32	29634	\spr\npcres\man\MA_HR_129_HD01.spr
B12D7182	254279224	229479	32	178300	\spr\npcres\woman\FM_BD_140_HA02.spr
B131DEDA	254457524	29933	32	24357	\spr\npcres\woman\FM_HR_135_AT03.spr
B1411E6F	254481881	23386	32	18735	\spr\npcres\woman\FM_HD_141_WK01.spr
B14662FD	254500616	176287	32	143534	\spr\npcres\woman\FM_BD_131_WK01.spr
B14D2711	254644150	55829	32	47806	\spr\npcres\man\MA_HR_138_RN01.spr
B15AD3F8	254691956	100661	32	84843	\spr\npcres\man\MA_RH_139_DE04.spr
B15CD009	254776799	76471	32	58109	\spr\npcres\man\MA_HR_131_AT06.spr
B16B45F4	254834908	22534	32	18195	\spr\npcres\woman\FM_HR_141_ST01.spr
B16E0209	254853103	76033	32	51126	\spr\npcres\woman\FM_LH_142_RD01.spr
B17F7FB2	254904229	116736	32	94418	\spr\npcres\man\MA_LH_137_AT01.spr
B17FE4A3	254998647	127803	32	107576	\spr\npcres\man\MA_LW_200_HR01.spr
B192A3ED	255106223	29502	32	23325	\spr\npcres\woman\FM_HD_133_AT03.spr
B199DF74	255129548	78018	32	62198	\spr\npcres\woman\FM_RH_135_RN03.spr
B19B8BD9	255191746	245802	32	176212	\spr\npcres\man\MA_BD_135_ST05.spr
B1A5E7DA	255367958	22722	32	17779	\spr\npcres\woman\FM_HD_153_AT05.spr
B1BB2BEE	255385737	185329	32	143607	\spr\npcres\woman\FM_BD_143_AT05.spr
B1CCC134	255529344	77489	32	62287	\spr\npcres\man\MA_LH_150_HM01.spr
B1D9407E	255591631	139209	32	113724	\spr\npcres\man\MA_LH_138_JP01.spr
B1E1DE3C	255705355	27397	32	19728	\spr\npcres\woman\FM_RH_131_AT02.spr
B1E9C652	255725083	103568	32	73979	\spr\npcres\man\MA_RH_130_ST04.spr
B1EE6411	255799062	101457	32	89325	\spr\npcres\woman\FM_RW_196_RN02.spr
B1F078BB	255888387	30841	32	25048	\spr\npcres\woman\FM_HR_134_RN04.spr
B1F15FA0	255913435	22719	32	19142	\spr\npcres\woman\FM_LH_133_IJ04.spr
B1F30B6E	255932577	36730	32	27152	\spr\npcres\man\MA_HD_139_ST02.spr
B1FABCFC	255959729	77231	32	64661	\spr\npcres\man\MA_RH_138_HA02.spr
B2090B91	256024390	16850	32	14346	\spr\npcres\woman\FM_HD_131_DE04.spr
B20ACB76	256038736	71414	32	60025	\spr\npcres\man\MA_RH_132_RN01.spr
B20D500F	256098761	143539	32	114379	\spr\npcres\woman\FM_RW_184_AT06.spr
B21458C6	256213140	79624	32	65013	\spr\npcres\man\MA_LH_137_MG03.spr
B21A167C	256278153	612836	32	476922	\spr\npcres\man\MA_BD_135_WK05.spr
B2236829	256755075	61787	32	53397	\spr\npcres\woman\FM_LH_153_RN02.spr
B2258100	256808472	168463	32	136599	\spr\npcres\man\MA_RW_189_HR01.spr
B2283D98	256945071	222989	32	188735	\spr\npcres\woman\FM_BD_130_RN02.spr
B2299A6E	257133806	21915	32	17550	\spr\npcres\woman\FM_HD_140_RN02.spr
B22CBB9F	257151356	38931	32	30299	\spr\npcres\man\MA_HD_128_WK04.spr
B22DEA50	257181655	30464	32	24684	\spr\npcres\woman\FM_HD_129_ZZ01.spr
B2408342	257206339	53365	32	43416	\spr\npcres\woman\FM_LH_143_HA01.spr
B2487FD7	257249755	34626	32	30139	\spr\npcres\woman\FM_HD_130_HA01.spr
B254EE42	257279894	121905	32	74976	\spr\npcres\woman\FM_BD_134_ST02.spr
B25800E5	257354870	23025	32	18539	\spr\npcres\woman\FM_HR_153_ST08.spr
B25EA0D3	257373409	285496	32	229992	\spr\npcres\woman\FM_BD_153_AT10.spr
B26468FA	257603401	29687	32	25043	\spr\npcres\woman\FM_HR_135_AT04.spr
B2695CDF	257628444	57018	32	48770	\spr\npcres\woman\FM_HR_131_HD01.spr
B26FA845	257677214	132636	32	104699	\spr\npcres\man\MA_RH_130_WK04.spr
B288BC1D	257781913	176749	32	143906	\spr\npcres\woman\FM_BD_131_WK02.spr
B28BAB8F	257925819	23395	32	18672	\spr\npcres\woman\FM_HD_141_WK02.spr
B2913221	257944491	254041	32	208385	\spr\npcres\man\MA_BD_135_HA01.spr
B29961B9	258152876	177254	32	149838	\spr\npcres\man\MA_BD_128_ZZ01.spr
B29D9F14	258302714	20007	32	15173	\spr\npcres\woman\FM_HR_141_ST02.spr
B2A6D3C9	258317887	110214	32	60834	\spr\npcres\woman\FM_RW_190_ST04.spr
B2A708D9	258378721	19946	32	16292	\spr\npcres\woman\FM_HR_135_IJ01.spr
B2C3BFAD	258395013	64112	32	51003	\spr\npcres\woman\FM_LH_142_HD01.spr
B2C5FD0D	258446016	29193	32	23235	\spr\npcres\woman\FM_HD_133_AT04.spr
B2C84CED	258469251	189675	32	157097	\spr\npcres\woman\FM_RW_189_RN03.spr
B2CC6894	258626348	73721	32	59383	\spr\npcres\woman\FM_RH_135_RN04.spr
B2DB2D93	258685731	55857	32	47673	\spr\npcres\man\MA_HR_138_RN02.spr
B2E831FA	258733404	29944	32	24695	\spr\npcres\woman\FM_HD_153_AT06.spr
B2EAC68B	258758099	56309	32	44142	\spr\npcres\man\MA_HR_131_AT07.spr
B2EE650E	258802241	258548	32	204914	\spr\npcres\woman\FM_BD_143_AT06.spr
B2F56234	259007155	102827	32	84408	\spr\npcres\man\MA_LH_137_AT02.spr
B2F9E1C6	259091563	300205	32	190328	\spr\npcres\man\MA_BD_135_RD01.spr
B3009DEC	259281891	17249	32	14437	\spr\npcres\woman\FM_HD_133_IJ01.spr
B30931E0	259296328	27289	32	20900	\spr\npcres\man\MA_HD_139_ST03.spr
B311BE5B	259317228	244852	32	169505	\spr\npcres\man\MA_BD_135_ST06.spr
B314685C	259486733	25946	32	20772	\spr\npcres\woman\FM_RH_131_AT03.spr
B319D994	259507505	54814	32	44623	\spr\npcres\man\MA_LH_130_HI01.spr
B31CF167	259552128	27698	32	23480	\spr\npcres\woman\FM_HR_135_MG01.spr
B33AB2DB	259575608	30115	32	25477	\spr\npcres\woman\FM_HR_134_RN05.spr
B343DD46	259601085	26063	32	21354	\spr\npcres\man\MA_HR_130_IJ01.spr
B367CCD4	259622439	102027	32	74026	\spr\npcres\man\MA_RH_130_ST05.spr
B369FA96	259696465	226704	32	180201	\spr\npcres\man\MA_BD_130_HW01.spr
B3809481	259876666	19051	32	13581	\spr\npcres\woman\FM_HD_153_MG03.spr
B385A77C	259890247	39801	32	31749	\spr\npcres\woman\FM_HR_134_JP01.spr
B385ED6F	259921996	157108	32	119936	\spr\npcres\woman\FM_BD_143_MG03.spr
B3BA469F	260041932	69332	32	58635	\spr\npcres\woman\FM_LH_153_MG07.spr
B3BC98C2	260100567	28560	32	23421	\spr\npcres\woman\FM_HR_130_IJ01.spr
B3C741B7	260123988	34495	32	29015	\spr\npcres\man\MA_HR_128_HI01.spr
B3DE1F8F	260153003	160783	32	133738	\spr\npcres\woman\FM_BD_135_RN01.spr
B3E4D9D8	260286741	218788	32	177261	\spr\npcres\man\MA_BD_137_IJ04.spr
B3F1D205	260464002	52332	32	38787	\spr\npcres\man\MA_RW_292_RD01.spr
B40D8567	260502789	240912	32	166327	\spr\npcres\man\MA_BD_135_ST04.spr
B42225AB	260669116	123799	32	87605	\spr\npcres\woman\FM_BD_135_MG05.spr
B430F0AD	260756721	30413	32	23287	\spr\npcres\woman\FM_LH_141_WK04.spr
B43A44BC	260780008	294888	32	235578	\spr\npcres\man\MA_BD_128_HA02.spr
B43E0872	261015586	86776	32	70266	\spr\npcres\woman\FM_LW_184_DE04.spr
B44D2E9B	261085852	30882	32	25050	\spr\npcres\woman\FM_HR_134_RN03.spr
B44E0580	261110902	21649	32	17386	\spr\npcres\woman\FM_LH_133_IJ03.spr
B44E1EE2	261128288	107538	32	86997	\spr\npcres\man\MA_RW_199_MG03.spr
B453D3D0	261215285	96836	32	71612	\spr\npcres\man\MA_RH_130_ST03.spr
B4568554	261286897	78022	32	62256	\spr\npcres\woman\FM_RH_135_RN02.spr
B45952C0	261349153	93140	32	70216	\spr\npcres\man\MA_RW_291_HW01.spr
B46504EC	261419369	36882	32	23006	\spr\npcres\man\MA_HD_139_ST01.spr
B46869CD	261442375	29273	32	22233	\spr\npcres\woman\FM_HD_133_AT02.spr
B46CB67A	261464608	65916	32	56468	\spr\npcres\man\MA_RH_138_HA01.spr
B46F214A	261521076	31015	32	21195	\spr\npcres\man\MA_HD_150_RD01.spr
B47091CE	261542271	194318	32	155600	\spr\npcres\woman\FM_BD_143_AT04.spr
B472ADBA	261697871	24731	32	20024	\spr\npcres\woman\FM_HD_153_AT04.spr
B48655E3	261717895	294616	32	241326	\spr\npcres\man\MA_BD_139_WK04.spr
B4AC1080	261959221	208209	32	167741	\spr\npcres\man\MA_BD_135_HR01.spr
B4B54CE9	262126962	79568	32	57340	\spr\npcres\man\MA_RH_138_RD01.spr
B4BE841C	262184302	22462	32	17258	\spr\npcres\woman\FM_RH_131_AT01.spr
B4CCF35F	262201560	54128	32	46297	\spr\npcres\woman\FM_LH_153_MG05.spr
B4D02CE4	262247857	148663	32	115847	\spr\npcres\man\MA_BD_137_IJ02.spr
B4ED1C8E	262363704	57692	32	42804	\spr\npcres\man\MA_RH_138_ST06.spr
B505C9A6	262406508	40087	32	28046	\spr\npcres\man\MA_RW_292_ST04.spr
B511ACFC	262434554	80042	32	64076	\spr\npcres\man\MA_RH_129_RN03.spr
B51280BD	262498630	23961	32	20397	\spr\npcres\man\MA_LH_140_IJ02.spr
B51DEBC4	262519027	26540	32	21930	\spr\npcres\woman\FM_HD_132_RN03.spr
B528192F	262540957	195889	32	155973	\spr\npcres\woman\FM_BD_143_MG01.spr
B52B0141	262696930	22600	32	18090	\spr\npcres\woman\FM_HD_153_MG01.spr
B52F3850	262715020	144000	32	118123	\spr\npcres\man\MA_RW_199_AT02.spr
B5443862	262833143	21678	32	13968	\spr\npcres\woman\FM_LH_129_ST01.spr
B546E24C	262847111	81147	32	67096	\spr\npcres\woman\FM_LH_135_HA02.spr
B5657AC1	262914207	231283	32	182496	\spr\npcres\man\MA_RW_189_ST01.spr
B56E0AEE	263096703	28330	32	23492	\spr\npcres\woman\FM_HR_153_HM01.spr
B5829819	263120195	38952	32	30509	\spr\npcres\man\MA_HD_128_WK01.spr
B592B554	263150704	32237	32	22739	\spr\npcres\woman\FM_HR_133_ST03.spr
B5A04F21	263173443	95432	32	77780	\spr\npcres\woman\FM_LW_184_HM01.spr
B5A445CF	263251223	40489	32	30982	\spr\npcres\man\MA_RW_292_HR01.spr
B5AB93B8	263282205	45395	32	35535	\spr\npcres\woman\FM_HR_133_DE01.spr
B5B2BC3A	263317740	50933	32	43761	\spr\npcres\man\MA_RW_192_HI01.spr
B5C7032E	263361501	141605	32	116095	\spr\npcres\woman\FM_BD_135_AT07.spr
B5CD88CF	263477596	133768	32	104917	\spr\npcres\man\MA_RH_130_WK01.spr
B5E0332E	263582513	14573	32	12651	\spr\npcres\woman\FM_HD_143_HI01.spr
B5E46FD1	263595164	28543	32	18587	\spr\npcres\woman\FM_RH_129_RD01.spr
B5E755D2	263613751	98464	32	76523	\spr\npcres\woman\FM_BD_133_HI01.spr
B5E9DE40	263690274	43900	32	37866	\spr\npcres\man\MA_HR_138_IJ02.spr
B5EF1DA7	263728140	73866	32	56724	\spr\npcres\man\MA_HR_131_MG05.spr
B5F620D0	263784864	245150	32	198398	\spr\npcres\woman\FM_BD_142_JP01.spr
B5F87606	263983262	307306	32	242401	\spr\npcres\man\MA_BD_135_WK02.spr
B5FE1F1F	264225663	26570	32	20880	\spr\npcres\woman\FM_HD_133_WK03.spr
B6295183	264246543	37717	32	30760	\spr\npcres\woman\FM_LH_133_HR01.spr
B63D8480	264277303	108996	32	76225	\spr\npcres\woman\FM_RW_291_RD01.spr
B64025E4	264353528	26460	32	21917	\spr\npcres\woman\FM_HD_132_RN04.spr
B6483232	264375445	90999	32	76157	\spr\npcres\woman\FM_RW_197_WK02.spr
B653534F	264451602	195461	32	152523	\spr\npcres\woman\FM_BD_143_MG02.spr
B65E5B61	264604125	22329	32	17127	\spr\npcres\woman\FM_HD_153_MG02.spr
B66ED366	264621252	129604	32	101245	\spr\npcres\man\MA_BD_137_IJ03.spr
B68F7582	264722497	17746	32	11357	\spr\npcres\woman\FM_LH_129_ST02.spr
B6A52ED2	264733854	119617	32	99609	\spr\npcres\man\MA_RW_199_AT03.spr
B6A8537E	264833463	77357	32	64744	\spr\npcres\man\MA_RH_129_RN04.spr
B6A8B73F	264898207	18968	32	15925	\spr\npcres\man\MA_LH_140_IJ03.spr
B6C5CF74	264914132	47911	32	32830	\spr\npcres\woman\FM_HR_133_ST04.spr
B6D58D17	264946962	31309	32	26000	\spr\npcres\woman\FM_RH_134_DE01.spr
B6DE2DD8	264972962	52202	32	40596	\spr\npcres\woman\FM_HR_133_DE02.spr
B6DE7ECB	265013558	35509	32	30680	\spr\npcres\man\MA_LH_135_ZZ01.spr
B6F36143	265044238	234836	32	163269	\spr\npcres\man\MA_RW_189_ST02.spr
B707AFC2	265207507	97674	32	79974	\spr\npcres\man\MA_LH_137_MG01.spr
B7188E9B	265287481	38807	32	28644	\spr\npcres\man\MA_HD_128_WK02.spr
B720A93F	265316125	26589	32	20978	\spr\npcres\woman\FM_HD_133_WK04.spr
B745B451	265337103	42760	32	32687	\spr\npcres\man\MA_HR_135_HW01.spr
B7584DC9	265369790	25495	32	19993	\spr\npcres\woman\FM_RH_129_HD01.spr
B75BBF41	265389783	138206	32	106917	\spr\npcres\man\MA_RH_130_WK02.spr
B75D5415	265496700	38757	32	31691	\spr\npcres\woman\FM_HR_130_WK04.spr
B767C4C2	265528391	38633	32	33633	\spr\npcres\man\MA_HR_138_IJ03.spr
B76B61F0	265562024	39929	32	34524	\spr\npcres\man\MA_RH_131_HM01.spr
B7767D78	265596548	304585	32	241286	\spr\npcres\man\MA_BD_135_WK03.spr
B78E84BA	265837834	30995	32	25989	\spr\npcres\woman\FM_HR_135_AT02.spr
B792AC4C	265863823	160774	32	128931	\spr\npcres\woman\FM_RW_186_HW01.spr
B793A451	265992754	25266	32	20819	\spr\npcres\woman\FM_HD_131_DE02.spr
B7978352	266013573	11340	32	9495	\spr\npcres\woman\FM_RH_143_IJ04.spr
B7A1B242	266023068	135783	32	95755	\spr\npcres\woman\FM_BD_141_ST06.spr
B7AA821C	266118823	270583	32	234631	\spr\npcres\man\MA_BD_129_DE04.spr
B7B41E0E	266353454	184731	32	149004	\spr\npcres\woman\FM_BD_134_ZZ01.spr
B7C62D97	266502458	54965	32	43809	\spr\npcres\man\MA_HR_131_AT05.spr
B7C94F89	266546267	77851	32	61616	\spr\npcres\woman\FM_RW_190_ST02.spr
B7CC2C86	266607883	89187	32	75043	\spr\npcres\man\MA_RH_139_DE03.spr
B7CF5D5F	266682926	21498	32	16510	\spr\npcres\woman\FM_RH_143_HR01.spr
B7DFBC2C	266699436	86036	32	69334	\spr\npcres\woman\FM_RW_193_HW01.spr
B7E1168A	266768770	164335	32	146291	\spr\npcres\woman\FM_LW_187_HD01.spr
B7E2BCA5	266915061	18501	32	14145	\spr\npcres\woman\FM_HR_153_ST06.spr
B7F298DB	266929206	96639	32	83014	\spr\npcres\man\MA_LH_132_DE04.spr
B7FA2462	267012220	193595	32	147206	\spr\npcres\woman\FM_BD_140_HA01.spr
B811EC21	267159426	18202	32	14846	\spr\npcres\man\MA_HD_132_ZZ01.spr
B813A82C	267174272	69918	32	58007	\spr\npcres\woman\FM_LH_135_HA01.spr
B84627A5	267232279	72413	32	63744	\spr\npcres\man\MA_RH_150_DE06.spr
B84BC5FF	267296023	26584	32	20866	\spr\npcres\woman\FM_HD_133_WK02.spr
B8511725	267316889	61451	32	45897	\spr\npcres\man\MA_HR_131_MG04.spr
B8532BCE	267362786	45196	32	39994	\spr\npcres\man\MA_HR_138_IJ01.spr
B853ACA0	267402780	41956	32	33488	\spr\npcres\man\MA_HR_139_HW01.spr
B8607A87	267436268	40672	32	32275	\spr\npcres\woman\FM_RH_140_HA02.spr
B8624384	267468543	308695	32	245149	\spr\npcres\man\MA_BD_135_WK01.spr
B8655744	267713692	86823	32	71147	\spr\npcres\man\MA_RW_200_HA02.spr
B86748CB	267784839	85410	32	70903	\spr\npcres\man\MA_LH_139_HD01.spr
B8687B34	267855742	32574	32	23153	\spr\npcres\woman\FM_HR_133_ST02.spr
B87E7248	267878895	55425	32	48357	\spr\npcres\man\MA_LH_135_HA02.spr
B87F5A95	267927252	238627	32	206037	\spr\npcres\man\MA_BD_150_HD01.spr
B8832B97	268133289	34254	32	28459	\spr\npcres\woman\FM_LH_134_HD01.spr
B886E918	268161748	192903	32	169540	\spr\npcres\man\MA_BD_129_DE02.spr
B89CC90E	268331288	213412	32	173130	\spr\npcres\woman\FM_BD_135_AT06.spr
B89EE967	268504418	295051	32	239859	\spr\npcres\man\MA_BD_128_WK04.spr
B8B92701	268744277	39923	32	34441	\spr\npcres\man\MA_RH_137_AT07.spr
B8BE698E	268778718	190081	32	144071	\spr\npcres\man\MA_LW_200_ST01.spr
B8C1CFFB	268922789	85116	32	67621	\spr\npcres\man\MA_RH_138_WK03.spr
B8D8CD7F	268990410	18211	32	15171	\spr\npcres\woman\FM_LH_131_DE04.spr
B8E53A48	269005581	102129	32	74809	\spr\npcres\man\MA_RW_200_ST07.spr
B8E7C0D5	269080390	39363	32	31808	\spr\npcres\woman\FM_HR_130_WK02.spr
B8EEEFE7	269112198	67235	32	57536	\spr\npcres\man\MA_LH_132_DE02.spr
B8FEF182	269169734	58850	32	44617	\spr\npcres\man\MA_LH_135_ST07.spr
B912A2EE	269214351	48175	32	37427	\spr\npcres\man\MA_RH_137_HW01.spr
B9323093	269251778	64117	32	49592	\spr\npcres\man\MA_HR_131_AT03.spr
B9342E02	269301370	210331	32	144966	\spr\npcres\woman\FM_BD_141_ST04.spr
B9383382	269446336	77937	32	63489	\spr\npcres\man\MA_RH_139_DE01.spr
B93A3F12	269509825	17929	32	13734	\spr\npcres\woman\FM_RH_143_IJ02.spr
B94F26DC	269523559	143959	32	100195	\spr\npcres\man\MA_RH_130_ST01.spr
B95B6D6D	269623754	30504	32	23276	\spr\npcres\woman\FM_LH_141_WK02.spr
B9698445	269647030	266255	32	216104	\spr\npcres\man\MA_BD_138_AT06.spr
B9752965	269863134	27377	32	19550	\spr\npcres\woman\FM_HR_153_ST04.spr
B979E863	269882684	307387	32	176055	\spr\npcres\man\MA_BD_135_ST02.spr
B985C67A	270058739	24724	32	18806	\spr\npcres\woman\FM_HD_153_AT02.spr
B9963ECC	270077545	229385	32	163856	\spr\npcres\man\MA_BD_128_ST05.spr
B99B0D8E	270241401	199209	32	157260	\spr\npcres\woman\FM_BD_143_AT02.spr
B9A4B207	270398661	52471	32	44369	\spr\npcres\woman\FM_RW_199_HI01.spr
B9A53DCD	270443030	28502	32	23528	\spr\npcres\woman\FM_HD_140_AT06.spr
B9B55E6B	270466558	124723	32	95021	\spr\npcres\woman\FM_BD_135_MG03.spr
B9BE86B2	270561579	80290	32	69643	\spr\npcres\woman\FM_LH_153_AT06.spr
B9BE9A2B	270631222	84905	32	69713	\spr\npcres\man\MA_RH_129_IJ04.spr
B9D05B5B	270700935	30380	32	24982	\spr\npcres\woman\FM_HR_134_RN01.spr
B9D0BE40	270725917	31608	32	25881	\spr\npcres\woman\FM_LH_133_IJ01.spr
B9D9638A	270751798	60937	32	43866	\spr\npcres\man\MA_RH_138_ST04.spr
B9E02486	270795664	11089	32	8517	\spr\npcres\woman\FM_HD_140_IJ03.spr
B9E61A60	270804181	118805	32	94070	\spr\npcres\woman\FM_BD_130_IJ03.spr
B9F1B8EF	270898251	295906	32	236155	\spr\npcres\man\MA_BD_139_WK02.spr
BA0C291C	271134406	160717	32	137108	\spr\npcres\woman\FM_LW_187_RD01.spr
BA1C9F9A	271271514	267552	32	231594	\spr\npcres\man\MA_BD_129_DE03.spr
BA2A1AF5	271503108	39433	32	32022	\spr\npcres\woman\FM_HR_130_WK03.spr
BA444A9A	271535130	26980	32	22716	\spr\npcres\woman\FM_HR_135_AT01.spr
BA47FDE9	271557846	76920	32	58346	\spr\npcres\woman\FM_RH_132_HW01.spr
BA482715	271616192	51945	32	41636	\spr\npcres\man\MA_HR_131_AT04.spr
BA5FF27D	271657828	85964	32	70894	\spr\npcres\man\MA_RH_138_WK04.spr
BA649259	271728722	87845	32	74786	\spr\npcres\man\MA_LH_132_DE03.spr
BA696A31	271803508	21653	32	17835	\spr\npcres\woman\FM_HD_131_DE01.spr
BA6D4932	271821343	12169	32	8880	\spr\npcres\woman\FM_RH_143_IJ03.spr
BA7F7822	271830223	140950	32	101495	\spr\npcres\woman\FM_BD_141_ST05.spr
BA863269	271931718	97861	32	74984	\spr\npcres\woman\FM_RW_190_ST01.spr
BA8DA68D	272006702	24722	32	19983	\spr\npcres\woman\FM_LH_141_WK03.spr
BAAC5E3A	272026685	253582	32	203848	\spr\npcres\man\MA_BD_128_HA01.spr
BAB62604	272230533	69518	32	58527	\spr\npcres\man\MA_RH_139_DE02.spr
BAB86285	272289060	19185	32	14680	\spr\npcres\woman\FM_HR_153_ST05.spr
BAC52D5E	272303740	142989	32	98985	\spr\npcres\man\MA_RH_130_ST02.spr
BAC8139A	272402725	24816	32	20085	\spr\npcres\woman\FM_HD_153_AT03.spr
BACE47AE	272422810	204317	32	160078	\spr\npcres\woman\FM_BD_143_AT03.spr
BAD2C31C	272582888	52961	32	37465	\spr\npcres\man\MA_LH_131_RD01.spr
BAE1D0D2	272620353	68624	32	58618	\spr\npcres\woman\FM_LH_153_AT07.spr
BAE78AC7	272678971	193078	32	159635	\spr\npcres\man\MA_BD_138_AT07.spr
BAE877ED	272838606	21613	32	17997	\spr\npcres\woman\FM_HD_140_AT07.spr
BAF414A9	272856603	306973	32	194100	\spr\npcres\man\MA_BD_128_RD01.spr
BAF79EE5	273050703	240195	32	175177	\spr\npcres\man\MA_BD_135_ST03.spr
BAFFEB8B	273225880	156716	32	118027	\spr\npcres\woman\FM_BD_135_MG04.spr
BB0FAF61	273343907	294316	32	241944	\spr\npcres\man\MA_BD_139_WK03.spr
BB1A957B	273585851	30863	32	25068	\spr\npcres\woman\FM_HR_134_RN02.spr
BB1B6656	273610919	47537	32	37352	\spr\npcres\man\MA_LH_138_HI01.spr
BB1BC860	273648271	32737	32	26243	\spr\npcres\woman\FM_LH_133_IJ02.spr
BB25DFAD	273674514	27088	32	20528	\spr\npcres\woman\FM_HD_133_AT01.spr
BB295780	273695042	117223	32	98408	\spr\npcres\woman\FM_BD_130_IJ04.spr
BB2B7EA6	273793450	11323	32	9624	\spr\npcres\woman\FM_HD_140_IJ04.spr
BB2C254E	273803074	228701	32	158465	\spr\npcres\man\MA_BD_128_ST06.spr
BB2C4B34	273961539	76180	32	60966	\spr\npcres\woman\FM_RH_135_RN01.spr
BB31F79F	274022505	241448	32	181589	\spr\npcres\woman\FM_BD_129_HW01.spr
BB415DB3	274204094	222617	32	175554	\spr\npcres\woman\FM_BD_130_HR01.spr
BB4369AF	274379648	18418	32	14925	\spr\npcres\woman\FM_HD_140_HR01.spr
BB44F294	274394573	58864	32	48818	\spr\npcres\woman\FM_LH_153_HR01.spr
BB57160C	274443391	60393	32	44792	\spr\npcres\man\MA_RH_138_ST05.spr
BB5A2662	274488183	164157	32	134519	\spr\npcres\man\MA_BD_137_IJ01.spr
BB720100	274622702	52117	32	42890	\spr\npcres\man\MA_HD_135_JP01.spr
BB849A3B	274665592	25081	32	21539	\spr\npcres\man\MA_LH_140_IJ01.spr
BB99B93F	274687131	61447	32	53234	\spr\npcres\woman\FM_LH_153_MG04.spr
BB9BA67A	274740365	78846	32	64923	\spr\npcres\man\MA_RH_129_RN02.spr
BBE0F139	274805288	195450	32	160470	\spr\npcres\woman\FM_BD_142_RN04.spr
BBEB51A4	274965758	26541	32	21930	\spr\npcres\woman\FM_HD_132_RN02.spr
BBEEE24E	274987688	24109	32	17890	\spr\npcres\woman\FM_LH_129_ZZ01.spr
BBFA21C3	275005578	37442	32	31868	\spr\npcres\man\MA_HR_139_AT07.spr
BC02044B	275037446	164441	32	125096	\spr\npcres\woman\FM_BD_135_MG02.spr
BC0CA6E9	275162542	60040	32	47397	\spr\npcres\woman\FM_RH_130_MG05.spr
BC10D34D	275209939	30494	32	23286	\spr\npcres\woman\FM_LH_141_WK01.spr
BC18084A	275233225	225866	32	154294	\spr\npcres\man\MA_BD_128_ST04.spr
BC1DFEE9	275387519	210283	32	178533	\spr\npcres\woman\FM_BD_134_RN06.spr
BC2097A9	275566052	53619	32	43254	\spr\npcres\man\MA_RH_129_IJ03.spr
BC429549	275609306	99299	32	84174	\spr\npcres\man\MA_RW_195_RN02.spr
BC437D08	275693480	53713	32	41955	\spr\npcres\man\MA_RH_138_ST03.spr
BC50F06E	275735435	198394	32	155947	\spr\npcres\woman\FM_BD_143_AT01.spr
BC528C5A	275891382	23061	32	17692	\spr\npcres\woman\FM_HD_153_AT01.spr
BC61A9C0	275909074	31317	32	26091	\spr\npcres\woman\FM_RH_141_HM01.spr
BC72E3AD	275935165	21745	32	17108	\spr\npcres\woman\FM_HD_140_AT05.spr
BC744C92	275952273	62524	32	53638	\spr\npcres\woman\FM_LH_153_AT05.spr
BC7BB26D	276005911	294364	32	242593	\spr\npcres\man\MA_BD_139_WK01.spr
BC8572E6	276248504	34727	32	28601	\spr\npcres\man\MA_LH_131_HR01.spr
BCB3C040	276277105	155842	32	129024	\spr\npcres\woman\FM_BD_130_IJ02.spr
BCBC27D8	276406129	15878	32	13639	\spr\npcres\man\MA_HD_135_HI01.spr
BCBDEB66	276419768	14496	32	12178	\spr\npcres\woman\FM_HD_140_IJ02.spr
BCBEBF13	276431946	208867	32	168759	\spr\npcres\man\MA_BD_128_HR01.spr
BCC41F85	276600705	67254	32	52354	\spr\npcres\woman\FM_RH_142_JP01.spr
BCD28BC9	276653059	63462	32	52908	\spr\npcres\man\MA_LH_135_WK04.spr
BCD634CF	276705967	37596	32	32393	\spr\npcres\man\MA_HR_139_AT05.spr
BCFBD620	276738360	55847	32	41093	\spr\npcres\man\MA_RW_292_ST01.spr
BD039744	276779453	70767	32	59527	\spr\npcres\woman\FM_HR_134_AT08.spr
BD0B6DF9	276838980	200667	32	165458	\spr\npcres\woman\FM_BD_142_RN02.spr
BD0D8607	277004438	153627	32	135193	\spr\npcres\woman\FM_BD_153_DE06.spr
BD1BF225	277139631	50854	32	43364	\spr\npcres\man\MA_HR_140_HD01.spr
BD2CD5FF	277182995	67562	32	56850	\spr\npcres\woman\FM_LH_153_MG02.spr
BD4D7A21	277239845	57390	32	43474	\spr\npcres\man\MA_HR_131_MG02.spr
BD4E83D3	277283319	37050	32	30645	\spr\npcres\woman\FM_HR_134_IJ05.spr
BD501EB2	277313964	38824	32	32072	\spr\npcres\woman\FM_RH_135_IJ04.spr
BD580D7D	277346036	123318	32	103424	\spr\npcres\man\MA_RW_185_HI01.spr
BD5C5DE5	277449460	93752	32	64479	\spr\npcres\woman\FM_RW_189_IJ03.spr
BD6344A2	277513939	114061	32	76316	\spr\npcres\woman\FM_BD_133_ST06.spr
BD64E4B0	277590255	29568	32	25080	\spr\npcres\man\MA_HD_130_IJ04.spr
BD6D109E	277615335	19405	32	12117	\spr\npcres\woman\FM_HD_143_ST06.spr
BD881095	277627452	59235	32	48158	\spr\npcres\woman\FM_RH_135_HR01.spr
BD8AFC63	277675610	294967	32	232939	\spr\npcres\man\MA_BD_128_WK02.spr
BD950A0D	277908549	41060	32	35366	\spr\npcres\man\MA_RH_137_AT05.spr
BD9A53E8	277943915	228169	32	169355	\spr\npcres\man\MA_BD_129_HM01.spr
BDA5160E	278113270	30004	32	23071	\spr\npcres\woman\FM_HR_140_ST06.spr
BDB20AA1	278136341	93938	32	81937	\spr\npcres\man\MA_RH_150_DE04.spr
BDB2C324	278218278	27430	32	22763	\spr\npcres\man\MA_HD_132_HA02.spr
BDB49EAC	278241041	205206	32	160248	\spr\npcres\woman\FM_BD_132_HA01.spr
BDB5D8F1	278401289	24678	32	21012	\spr\npcres\woman\FM_RH_141_DE03.spr
BDBE7572	278422301	34706	32	30350	\spr\npcres\woman\FM_HR_140_DE04.spr
BDE4C1D3	278452651	267617	32	219125	\spr\npcres\man\MA_BD_138_MG05.spr
BDEAC48E	278671776	36631	32	30395	\spr\npcres\man\MA_LH_135_ST05.spr
BDF14D93	278702171	48990	32	38842	\spr\npcres\woman\FM_LH_133_WK04.spr
BE0DB3F8	278741013	76756	32	64504	\spr\npcres\man\MA_RH_129_RN01.spr
BE124464	278805517	23419	32	18603	\spr\npcres\man\MA_HD_150_HR01.spr
BE42002E	278824120	27283	32	19775	\spr\npcres\woman\FM_LH_131_HM01.spr
BE4FA5EF	278843895	99203	32	74442	\spr\npcres\woman\FM_RW_291_HW01.spr
BE576F1F	278918337	52498	32	44367	\spr\npcres\woman\FM_LH_153_MG03.spr
BE57EE61	278962704	194175	32	156205	\spr\npcres\man\MA_RW_200_WK05.spr
BE68BE4B	279118909	115658	32	95470	\spr\npcres\man\MA_LH_135_WK05.spr
BE6C3B41	279214379	52939	32	44077	\spr\npcres\man\MA_HR_139_AT06.spr
BE71DCA2	279258456	56502	32	36283	\spr\npcres\man\MA_RW_292_ST02.spr
BE7FE303	279294739	55289	32	45756	\spr\npcres\man\MA_RH_138_HR01.spr
BEA00784	279340495	26576	32	22171	\spr\npcres\woman\FM_HD_132_RN01.spr
BEB62164	279362666	62981	32	52965	\spr\npcres\woman\FM_HR_134_AT09.spr
BEBDA719	279415631	197349	32	162636	\spr\npcres\woman\FM_BD_142_RN03.spr
BEC83B6B	279578267	59192	32	45720	\spr\npcres\man\MA_LH_135_RD01.spr
BEDB60A3	279623987	55770	32	42940	\spr\npcres\man\MA_HR_131_MG03.spr
BEE04FD6	279666927	47475	32	41533	\spr\npcres\man\MA_LH_135_HA01.spr
BEEEA0C2	279708460	80279	32	66521	\spr\npcres\man\MA_RW_200_HA01.spr
BEF81211	279774981	25758	32	21351	\spr\npcres\woman\FM_RH_141_DE04.spr
BEFF28CC	279796332	237668	32	181287	\spr\npcres\woman\FM_BD_132_HA02.spr
BF008BDF	279977619	26560	32	20901	\spr\npcres\woman\FM_HD_133_WK01.spr
BF00E2E5	279998520	293671	32	239572	\spr\npcres\man\MA_BD_128_WK03.spr
BF07E7A2	280238092	87670	32	76091	\spr\npcres\woman\FM_RW_196_HR01.spr
BF08E2A6	280314183	205973	32	178624	\spr\npcres\man\MA_BD_129_DE01.spr
BF23308F	280492807	52373	32	45244	\spr\npcres\man\MA_RH_137_AT06.spr
BF252114	280538051	40655	32	29695	\spr\npcres\woman\FM_HR_133_ST01.spr
BF2E9E69	280567746	37595	32	26105	\spr\npcres\woman\FM_LH_134_RD01.spr
BF376731	280593851	89032	32	68333	\spr\npcres\man\MA_RW_200_RD01.spr
BF3D2167	280662184	35119	32	28484	\spr\npcres\woman\FM_RH_140_HA01.spr
BF3FC95E	280690668	159558	32	134033	\spr\npcres\woman\FM_RW_189_HR01.spr
BF49E34E	280824701	72584	32	60387	\spr\npcres\man\MA_RH_139_HM01.spr
BF4BD979	280885088	85083	32	69019	\spr\npcres\man\MA_RH_138_WK02.spr
BF50F965	280954107	77700	32	64250	\spr\npcres\man\MA_LH_132_DE01.spr
BF60CB00	281018357	41894	32	33761	\spr\npcres\man\MA_LH_135_ST06.spr
BF69BFEE	281052118	155442	32	118388	\spr\npcres\woman\FM_BD_135_AT05.spr
BF6E89C1	281170506	57645	32	48150	\spr\npcres\woman\FM_HR_134_MG06.spr
BF8194E2	281218656	140474	32	94292	\spr\npcres\woman\FM_BD_141_ST03.spr
BF95B35F	281312948	18169	32	15175	\spr\npcres\woman\FM_LH_131_DE03.spr
BFA40A11	281328123	73557	32	56547	\spr\npcres\man\MA_HR_131_AT02.spr
BFAF1137	281384670	118550	32	88461	\spr\npcres\man\MA_LH_130_HW01.spr
BFBCB6B5	281473131	39415	32	31470	\spr\npcres\woman\FM_HR_130_WK01.spr
BFC29F45	281504601	19054	32	13974	\spr\npcres\woman\FM_HR_153_ST03.spr
BFD0370D	281518575	78626	32	63222	\spr\npcres\woman\FM_RW_200_RN06.spr
BFD391C3	281581797	198859	32	163534	\spr\npcres\man\MA_BD_138_AT05.spr
BFE3E5E1	281745331	307480	32	176052	\spr\npcres\man\MA_BD_135_ST01.spr
BFF0F970	281921383	190906	32	155251	\spr\npcres\man\MA_BD_150_WK06.spr
BFF7E5F2	282076634	15790	32	12714	\spr\npcres\woman\FM_RH_143_IJ01.spr
BFFE1C84	282089348	27817	32	22271	\spr\npcres\man\MA_LH_128_ZZ01.spr
C001AA3B	282111619	105083	32	88859	\spr\npcres\man\MA_RW_195_DE02.spr
C008707B	282200478	96978	32	52268	\spr\npcres\woman\FM_RW_198_ST04.spr
C0168FA6	282252746	13761	32	11590	\spr\npcres\woman\FM_HD_131_IJ02.spr
C0198739	282264336	128107	32	106981	\spr\npcres\woman\FM_RW_190_AT03.spr
C02B0807	282371317	28914	32	20394	\spr\npcres\woman\FM_HR_129_ZZ01.spr
C02F7893	282391711	85885	32	69396	\spr\npcres\man\MA_RH_130_MG02.spr
C0308451	282461107	111746	32	97454	\spr\npcres\man\MA_LH_150_JP01.spr
C03FDDB7	282558561	46949	32	41194	\spr\npcres\man\MA_LH_135_AT07.spr
C04757E0	282599755	231691	32	176756	\spr\npcres\woman\FM_BD_129_HM01.spr
C048A68F	282776511	18004	32	15126	\spr\npcres\man\MA_HR_150_IJ03.spr
C04BC9F2	282791637	28537	32	22495	\spr\npcres\man\MA_HD_135_RN02.spr
C04C2D85	282814132	45571	32	36915	\spr\npcres\man\MA_HD_128_AT01.spr
C05E3466	282851047	77914	32	66762	\spr\npcres\man\MA_RH_129_HM01.spr
C0612608	282917809	37290	32	26588	\spr\npcres\man\MA_HD_140_WK02.spr
C071A2FA	282944397	26882	32	22134	\spr\npcres\woman\FM_HR_141_AT01.spr
C0883651	282966531	139245	32	112586	\spr\npcres\man\MA_RH_130_AT01.spr
C08DC226	283079117	28612	32	21959	\spr\npcres\man\MA_HR_130_ZZ01.spr
C0AB80FF	283101076	210063	32	163414	\spr\npcres\woman\FM_BD_141_MG04.spr
C0B108ED	283264490	55039	32	43945	\spr\npcres\woman\FM_LW_184_IJ04.spr
C0B1280B	283308435	97502	32	65525	\spr\npcres\woman\FM_RH_135_RD01.spr
C0B393F5	283373960	82193	32	61106	\spr\npcres\woman\FM_RH_134_WK05.spr
C0B8A241	283435066	81870	32	71501	\spr\npcres\man\MA_RH_138_MG05.spr
C0B99862	283506567	349108	32	272989	\spr\npcres\man\MA_BD_135_AT02.spr
C0BCC225	283779556	50758	32	42611	\spr\npcres\woman\FM_RH_133_JP01.spr
C0CF4C94	283822167	31566	32	25629	\spr\npcres\woman\FM_RH_141_RN01.spr
C0D11F59	283847796	45436	32	36207	\spr\npcres\man\MA_RW_292_MG03.spr
C0D70E41	283884003	249002	32	203064	\spr\npcres\man\MA_BD_128_AT05.spr
C0E233B8	284087067	17410	32	10841	\spr\npcres\woman\FM_HD_134_ST06.spr
C0FAF322	284097908	16313	32	13612	\spr\npcres\man\MA_HD_131_IJ03.spr
C0FE0999	284111520	182331	32	151994	\spr\npcres\woman\FM_BD_133_RN02.spr
C10D1687	284263514	140856	32	116277	\spr\npcres\man\MA_RW_190_WK02.spr
C10E748E	284379791	104623	32	85496	\spr\npcres\woman\FM_RW_193_DE02.spr
C1104452	284465287	40611	32	35339	\spr\npcres\woman\FM_HR_131_DE04.spr
C11A4FBF	284500626	64671	32	54764	\spr\npcres\man\MA_RH_138_AT04.spr
C11CF2B3	284555390	224781	32	176856	\spr\npcres\man\MA_BD_140_HA02.spr
C11D7131	284732246	68870	32	52352	\spr\npcres\man\MA_HD_129_JP01.spr
C11E0B4E	284784598	32471	32	26812	\spr\npcres\woman\FM_HR_131_ST06.spr
C130D7B5	284811410	41706	32	34670	\spr\npcres\woman\FM_HR_140_RN02.spr
C138E491	284846080	64604	32	52966	\spr\npcres\woman\FM_RH_132_DE03.spr
C14574A6	284899046	26891	32	19988	\spr\npcres\man\MA_RH_128_ST03.spr
C1551298	284919034	39774	32	33331	\spr\npcres\woman\FM_HR_130_HA01.spr
C15F3347	284952365	65206	32	56389	\spr\npcres\man\MA_RH_131_JP01.spr
C17D974F	285008754	255835	32	210808	\spr\npcres\man\MA_BD_129_WK01.spr
C18B4455	285219562	31194	32	27304	\spr\npcres\man\MA_HD_130_DE01.spr
C1956838	285246866	24366	32	17558	\spr\npcres\woman\FM_LH_129_AT02.spr
C19AB3D8	285264424	73526	32	58786	\spr\npcres\woman\FM_LH_135_ZZ01.spr
C1AAC611	285323210	157309	32	131656	\spr\npcres\woman\FM_BD_129_DE03.spr
C1B238D7	285454866	60847	32	48784	\spr\npcres\man\MA_RW_292_AT02.spr
C1B4CE71	285503650	64695	32	57020	\spr\npcres\man\MA_RH_150_HA01.spr
C1B9F84F	285560670	63635	32	47508	\spr\npcres\woman\FM_RH_142_WK01.spr
C1C879C6	285608178	27450	32	22353	\spr\npcres\woman\FM_LH_141_HA01.spr
C1CD48C8	285630531	16427	32	11304	\spr\npcres\woman\FM_HD_142_ST02.spr
C1DCA43C	285641835	122885	32	84749	\spr\npcres\woman\FM_BD_132_ST02.spr
C1E394DF	285726584	157259	32	107754	\spr\npcres\woman\FM_BD_135_HW01.spr
C1E3CC04	285834338	47074	32	35569	\spr\npcres\woman\FM_HR_133_AT04.spr
C1F03EF6	285869907	42925	32	27870	\spr\npcres\woman\FM_LH_142_ST06.spr
C2063CD3	285897777	119385	32	97718	\spr\npcres\man\MA_RH_130_AT02.spr
C2154DD8	285995495	33128	32	23139	\spr\npcres\woman\FM_HD_134_ST07.spr
C2166229	286018634	77900	32	65303	\spr\npcres\woman\FM_RH_135_HD01.spr
C21C3FD7	286083937	97991	32	81850	\spr\npcres\man\MA_RW_194_HA01.spr
C22143B9	286165787	181173	32	151011	\spr\npcres\woman\FM_BD_133_RN03.spr
C2378EE4	286316798	306979	32	247272	\spr\npcres\man\MA_BD_135_AT03.spr
C24B284E	286564070	73851	32	58686	\spr\npcres\man\MA_RH_150_WK06.spr
C2592ADB	286622756	88746	32	70585	\spr\npcres\man\MA_RW_186_HI01.spr
C2633EB1	286693341	59720	32	49436	\spr\npcres\woman\FM_RH_132_DE04.spr
C26D34C3	286742777	332162	32	267717	\spr\npcres\man\MA_BD_128_AT06.spr
C270F9A4	287010494	27339	32	22133	\spr\npcres\man\MA_HD_131_IJ04.spr
C27186B4	287032627	34062	32	27010	\spr\npcres\woman\FM_RH_141_RN02.spr
C27457F4	287059637	140025	32	117055	\spr\npcres\woman\FM_RW_186_DE03.spr
C27B61D5	287176692	41704	32	34631	\spr\npcres\woman\FM_HR_140_RN03.spr
C27B8BF6	287211323	106961	32	85157	\spr\npcres\man\MA_RW_194_RD01.spr
C2813A4E	287296480	12915	32	9760	\spr\npcres\woman\FM_RH_129_HI01.spr
C28B9DC1	287306240	255315	32	202595	\spr\npcres\man\MA_BD_129_WK02.spr
C2907231	287508835	63251	32	54415	\spr\npcres\man\MA_RH_138_AT05.spr
C29A3731	287563250	30199	32	25765	\spr\npcres\man\MA_HD_137_HD01.spr
C29FACB8	287589015	45964	32	38399	\spr\npcres\woman\FM_HR_130_HA02.spr
C2A63F89	287627414	63413	32	39968	\spr\npcres\man\MA_RH_135_ST01.spr
C2B30867	287667382	25146	32	19575	\spr\npcres\woman\FM_RH_131_HA01.spr
C2C2F4F3	287686957	79803	32	68129	\spr\npcres\man\MA_RH_150_HA02.spr
C2C82F49	287755086	49772	32	41101	\spr\npcres\man\MA_RW_292_AT03.spr
C2D37B18	287796187	33824	32	22543	\spr\npcres\man\MA_RH_128_ST04.spr
C2DD1031	287818730	156697	32	133571	\spr\npcres\woman\FM_BD_129_DE04.spr
C2DFA258	287952301	23610	32	18696	\spr\npcres\woman\FM_LH_129_AT03.spr
C2EC326F	287970997	64467	32	47918	\spr\npcres\woman\FM_RH_142_WK02.spr
C2ED2CE3	288018915	228531	32	189197	\spr\npcres\man\MA_RW_185_RN03.spr
C3014AD7	288208112	29518	32	25618	\spr\npcres\man\MA_HD_130_DE02.spr
C307FE5C	288233730	119693	32	70234	\spr\npcres\woman\FM_BD_132_ST03.spr
C3160624	288303964	46987	32	35571	\spr\npcres\woman\FM_HR_133_AT05.spr
C323F212	288339535	72584	32	59213	\spr\npcres\woman\FM_RH_130_HD01.spr
C32D287B	288398748	104047	32	82067	\spr\npcres\man\MA_RH_139_WK01.spr
C3526153	288480815	33333	32	24705	\spr\npcres\woman\FM_HR_133_IJ02.spr
C3688632	288505520	18917	32	15645	\spr\npcres\woman\FM_RH_134_IJ01.spr
C370C426	288521165	68772	32	51890	\spr\npcres\woman\FM_LH_135_ST01.spr
C371C9BB	288573055	31020	32	24672	\spr\npcres\man\MA_RH_128_HR01.spr
C372B3E6	288597727	31913	32	25874	\spr\npcres\woman\FM_LH_141_HA02.spr
C37782E8	288623601	16753	32	9977	\spr\npcres\woman\FM_HD_142_ST03.spr
C3832336	288633578	209497	32	157353	\spr\npcres\man\MA_BD_129_ST03.spr
C389F963	288790931	85722	32	66428	\spr\npcres\woman\FM_LH_132_WK01.spr
C3AB26D6	288857359	160587	32	143880	\spr\npcres\man\MA_RW_187_HD01.spr
C3AC1B82	289001239	113868	32	95726	\spr\npcres\man\MA_RW_198_HA02.spr
C3C8B528	289096965	212933	32	170204	\spr\npcres\woman\FM_BD_134_AT01.spr
C3CFC171	289267169	46281	32	33828	\spr\npcres\woman\FM_HR_133_MG02.spr
C3D55D3A	289300997	75568	32	60758	\spr\npcres\woman\FM_RH_132_HM01.spr
C3D93944	289361755	260463	32	210714	\spr\npcres\man\MA_BD_135_MG03.spr
C3E30017	289572469	30898	32	24579	\spr\npcres\man\MA_HD_128_MG02.spr
C3E46315	289597048	141905	32	111923	\spr\npcres\woman\FM_RH_153_RN07.spr
C3EB386F	289708971	75692	32	56695	\spr\npcres\man\MA_LH_132_ST03.spr
C3EB909D	289765666	20315	32	15958	\spr\npcres\woman\FM_HD_131_AT05.spr
C3F32D68	289781624	204499	32	169199	\spr\npcres\woman\FM_BD_141_AT07.spr
C3FA4931	289950823	154431	32	134398	\spr\npcres\woman\FM_RW_187_RN04.spr
C4041EEB	290085221	29852	32	25399	\spr\npcres\man\MA_HD_130_HM01.spr
C4075345	290110620	177441	32	117795	\spr\npcres\man\MA_BD_140_ST06.spr
C42F0186	290228415	82087	32	66475	\spr\npcres\man\MA_RW_194_HR01.spr
C431D83F	290294890	40334	32	35107	\spr\npcres\woman\FM_HD_130_JP01.spr
C434980C	290329997	16223	32	13160	\spr\npcres\woman\FM_LH_134_HI01.spr
C435E7D5	290343157	30463	32	23266	\spr\npcres\woman\FM_HD_132_RD01.spr
C44A0745	290366423	79642	32	70560	\spr\npcres\man\MA_LH_135_MG06.spr
C44DE4D6	290436983	42297	32	29629	\spr\npcres\woman\FM_LH_142_ST05.spr
C452FA64	290466612	69232	32	59636	\spr\npcres\man\MA_RW_196_IJ02.spr
C462DE18	290526248	23373	32	16872	\spr\npcres\woman\FM_LH_129_AT01.spr
C4678CF1	290543120	241034	32	201657	\spr\npcres\woman\FM_BD_129_DE02.spr
C47FEAF3	290744777	28580	32	22254	\spr\npcres\man\MA_HD_128_RN04.spr
C49A3EA8	290767031	20242	32	15008	\spr\npcres\woman\FM_HD_142_ST01.spr
C49D8463	290782039	76145	32	65961	\spr\npcres\man\MA_LH_129_HA01.spr
C49FA36B	290848000	48303	32	40777	\spr\npcres\man\MA_HD_138_DE03.spr
C4A29FB1	290888777	216240	32	165009	\spr\npcres\man\MA_BD_150_HW01.spr
C4AA6A1C	291053786	151889	32	107775	\spr\npcres\woman\FM_BD_132_ST01.spr
C4AA8B7D	291161561	90044	32	67801	\spr\npcres\man\MA_LH_139_HW01.spr
C4B1775B	291229362	136172	32	112194	\spr\npcres\man\MA_RW_200_MG06.spr
C4B8B2E4	291341556	50045	32	37541	\spr\npcres\woman\FM_HR_133_AT03.spr
C4BBF6CF	291379097	94754	32	75474	\spr\npcres\man\MA_RH_130_RN04.spr
C4BC7198	291454571	100488	32	83949	\spr\npcres\woman\FM_RW_199_RN02.spr
C4BF4729	291538520	69920	32	50549	\spr\npcres\man\MA_RH_150_ST05.spr
C4C4C279	291589069	32649	32	21760	\spr\npcres\woman\FM_LH_140_RD01.spr
C4C70F6B	291610829	104283	32	76457	\spr\npcres\man\MA_LH_132_ST01.spr
C4C8ABB1	291687286	40756	32	33511	\spr\npcres\man\MA_RH_140_DE03.spr
C4FF3632	291720797	253557	32	138852	\spr\npcres\man\MA_BD_129_ST01.spr
C5056335	291859649	126016	32	103319	\spr\npcres\man\MA_RW_195_HM01.spr
C5065928	291962968	207268	32	168055	\spr\npcres\woman\FM_BD_141_AT05.spr
C52B20B3	292131023	43499	32	38309	\spr\npcres\man\MA_LH_135_AT05.spr
C5350C40	292169332	315043	32	265583	\spr\npcres\man\MA_BD_135_MG01.spr
C549C181	292434915	87669	32	74491	\spr\npcres\woman\FM_RW_194_RN02.spr
C553D99A	292509406	11723	32	9705	\spr\npcres\woman\FM_LH_131_IJ04.spr
C5624BDF	292519111	269253	32	210208	\spr\npcres\man\MA_BD_128_MG04.spr
C5644CBE	292729319	48088	32	38832	\spr\npcres\woman\FM_RH_133_RN03.spr
C5653294	292768151	30719	32	22482	\spr\npcres\man\MA_HD_137_RD01.spr
C56DD7DF	292790633	54233	32	43596	\spr\npcres\woman\FM_HR_132_RN04.spr
C572AF0F	292834229	38332	32	31952	\spr\npcres\man\MA_LH_150_HI01.spr
C573B25D	292866181	23654	32	19522	\spr\npcres\man\MA_HD_132_AT07.spr
C57E0D5D	292885703	22194	32	18053	\spr\npcres\woman\FM_HD_131_AT03.spr
C58B6684	292903756	100378	32	83675	\spr\npcres\woman\FM_RW_184_HA01.spr
C58BF31D	292987431	20402	32	15661	\spr\npcres\woman\FM_LH_131_HR01.spr
C592EC3B	293003092	70477	32	55869	\spr\npcres\woman\FM_RW_198_ST02.spr
C594894D	293058961	64837	32	54524	\spr\npcres\man\MA_RH_138_MG03.spr
C59DC329	293113485	24414	32	19474	\spr\npcres\man\MA_HD_137_ST06.spr
C59F8C90	293132959	183482	32	159232	\spr\npcres\man\MA_RW_188_DE03.spr
C5A48D8B	293292191	21420	32	18442	\spr\npcres\man\MA_HR_150_IJ01.spr
C5A6DE93	293310633	279951	32	250275	\spr\npcres\man\MA_BD_130_DE04.spr
C5B98A9B	293560908	98113	32	87308	\spr\npcres\man\MA_RW_291_DE06.spr
C5C3154D	293648216	290959	32	241966	\spr\npcres\man\MA_BD_128_AT03.spr
C5C60FB5	293890182	28602	32	22753	\spr\npcres\woman\FM_RH_134_WK03.spr
C5D6C62E	293912935	20507	32	17125	\spr\npcres\man\MA_HD_131_IJ01.spr
C5E9B54C	293930060	76074	32	65530	\spr\npcres\woman\FM_RH_153_JP01.spr
C5F10834	293995590	222308	32	181021	\spr\npcres\man\MA_BD_140_WK04.spr
C615A9ED	294176611	54534	32	46176	\spr\npcres\man\MA_HD_138_DE04.spr
C6161500	294222787	105661	32	89086	\spr\npcres\man\MA_RW_198_HA01.spr
C62B8AE5	294311873	96898	32	81292	\spr\npcres\man\MA_LH_129_HA02.spr
C62FD733	294393165	32114	32	23746	\spr\npcres\woman\FM_HR_133_IJ01.spr
C6354DAB	294416911	68582	32	50082	\spr\npcres\man\MA_RH_150_ST06.spr
C64332C2	294466993	258966	32	206476	\spr\npcres\man\MA_BD_135_MG02.spr
C6475E33	294673469	45056	32	37087	\spr\npcres\man\MA_RH_140_DE04.spr
C6489348	294710556	293693	32	241249	\spr\npcres\woman\FM_BD_141_AT06.spr
C6551D95	294951805	40823	32	33428	\spr\npcres\man\MA_HD_128_MG01.spr
C65D35ED	294985233	103851	32	73955	\spr\npcres\man\MA_LH_132_ST02.spr
C66D9C2B	295059188	24852	32	20341	\spr\npcres\woman\FM_HD_134_HM01.spr
C6753CB4	295079529	253172	32	139571	\spr\npcres\man\MA_BD_129_ST02.spr
C684B751	295219100	45607	32	34455	\spr\npcres\woman\FM_HR_133_MG01.spr
C68DA583	295253555	72511	32	55732	\spr\npcres\woman\FM_LH_153_HW01.spr
C6917211	295309287	125979	32	101914	\spr\npcres\man\MA_RH_130_MG01.spr
C6A1477D	295411201	22126	32	18016	\spr\npcres\woman\FM_HD_131_AT04.spr
C6A1D735	295429217	58973	32	52259	\spr\npcres\man\MA_LH_135_AT06.spr
C6AE86DE	295481476	44558	32	36370	\spr\npcres\woman\FM_RH_133_RN04.spr
C6B96AC1	295517846	29267	32	23402	\spr\npcres\woman\FM_LH_140_HD01.spr
C6D74D19	295541248	122044	32	94799	\spr\npcres\woman\FM_RW_190_AT02.spr
C6EB3396	295636047	36969	32	29162	\spr\npcres\man\MA_HD_140_WK01.spr
C6EC7586	295665209	13787	32	11528	\spr\npcres\woman\FM_HD_131_IJ01.spr
C6F87E51	295676737	332007	32	270077	\spr\npcres\man\MA_BD_128_MG05.spr
C70959D5	295946814	32716	32	25118	\spr\npcres\woman\FM_RH_134_WK04.spr
C7109E92	295971932	148277	32	127971	\spr\npcres\woman\FM_RW_188_WK03.spr
C722BFCF	296099903	68640	32	56097	\spr\npcres\man\MA_RH_138_MG04.spr
C72395E0	296156000	388714	32	312048	\spr\npcres\man\MA_BD_135_AT01.spr
C732B00D	296468048	20732	32	17406	\spr\npcres\man\MA_HR_150_IJ02.spr
C73DB0A4	296485454	108509	32	89319	\spr\npcres\woman\FM_RW_184_HA02.spr
C73DC370	296574773	28556	32	22450	\spr\npcres\man\MA_HD_135_RN01.spr
C74BFC79	296597223	177188	32	146323	\spr\npcres\woman\FM_BD_133_RN01.spr
C7591BCF	296743546	249811	32	207801	\spr\npcres\man\MA_BD_128_AT04.spr
C76176DF	296951347	173912	32	137430	\spr\npcres\woman\FM_BD_141_MG03.spr
C7653AAC	297088777	37889	32	29701	\spr\npcres\woman\FM_HR_134_RD01.spr
C76CCCA0	297118478	18166	32	15184	\spr\npcres\man\MA_HD_131_IJ02.spr
C77C41C6	297133662	61431	32	50004	\spr\npcres\woman\FM_HR_132_JP01.spr
C786CC31	297183666	190811	32	152185	\spr\npcres\man\MA_BD_140_HA01.spr
C78C593D	297335851	75442	32	64669	\spr\npcres\man\MA_RH_138_AT03.spr
C78D9D95	297400520	40177	32	33796	\spr\npcres\woman\FM_HR_140_RN01.spr
C78FAE97	297434316	84046	32	63439	\spr\npcres\man\MA_RW_194_ST04.spr
C7996CB9	297497755	26381	32	21768	\spr\npcres\woman\FM_HD_153_HA02.spr
C7A73F4A	297519523	96390	32	78987	\spr\npcres\man\MA_RH_150_WK04.spr
C7BFF998	297598510	17375	32	12834	\spr\npcres\woman\FM_HD_134_ST05.spr
C7CA6FAA	297611344	66143	32	51593	\spr\npcres\woman\FM_LH_143_JP01.spr
C7CF4E24	297662937	49962	32	26670	\spr\npcres\man\MA_RH_128_ST02.spr
C7DD0530	297689607	93257	32	73982	\spr\npcres\woman\FM_RW_291_HM01.spr
C7EBF12E	297763589	32843	32	26947	\spr\npcres\woman\FM_HR_131_ST05.spr
C7ED0A32	297790536	41429	32	35597	\spr\npcres\woman\FM_HR_131_DE03.spr
C7EE82A0	297826133	224252	32	127087	\spr\npcres\man\MA_BD_140_RD01.spr
C7F5AB71	297953220	90859	32	73810	\spr\npcres\woman\FM_RH_132_DE02.spr
C807DCB7	298027030	24366	32	19699	\spr\npcres\man\MA_HD_137_ST05.spr
C81E82CB	298046729	60052	32	49782	\spr\npcres\man\MA_RH_138_MG02.spr
C8282811	298096511	283904	32	255371	\spr\npcres\man\MA_BD_130_DE03.spr
C8288C7A	298351882	11008	32	8239	\spr\npcres\woman\FM_LH_131_IJ03.spr
C8307726	298360121	165132	32	142906	\spr\npcres\man\MA_LW_200_IJ05.spr
C831329E	298503027	48083	32	38884	\spr\npcres\woman\FM_RH_133_RN02.spr
C83A9DBF	298541911	54517	32	43591	\spr\npcres\woman\FM_HR_132_RN03.spr
C868521B	298585502	88394	32	66699	\spr\npcres\woman\FM_RW_198_ST01.spr
C87B05B2	298652201	223865	32	182850	\spr\npcres\man\MA_BD_140_WK03.spr
C88BE29F	298835051	218620	32	181169	\spr\npcres\woman\FM_BD_141_MG01.spr
C88F6415	299016220	28084	32	22730	\spr\npcres\woman\FM_HR_143_HI01.spr
C89032A7	299038950	37602	32	29794	\spr\npcres\man\MA_HR_130_HA01.spr
C8930256	299068744	97838	32	77718	\spr\npcres\man\MA_RH_150_WK02.spr
C893F595	299146462	32700	32	25016	\spr\npcres\woman\FM_RH_134_WK02.spr
C8B56ECB	299171478	329201	32	262871	\spr\npcres\man\MA_BD_128_AT02.spr
C8C21258	299434349	17379	32	10719	\spr\npcres\woman\FM_HD_134_ST03.spr
C8C7FF41	299445068	28653	32	23427	\spr\npcres\man\MA_LH_140_ZZ01.spr
C8D96C7A	299468495	35144	32	29045	\spr\npcres\man\MA_LH_128_AT07.spr
C8DBC19E	299497540	14487	32	10927	\spr\npcres\woman\FM_RH_129_ST05.spr
C8EA6B84	299508467	17541	32	15033	\spr\npcres\man\MA_HD_139_IJ03.spr
C8F1E2F3	299523500	50513	32	41262	\spr\npcres\woman\FM_LH_143_RN03.spr
C8F81428	299564762	34810	32	29373	\spr\npcres\woman\FM_HD_130_RN03.spr
C8FBB593	299594135	116263	32	81624	\spr\npcres\man\MA_RW_194_ST02.spr
C8FBC476	299675759	36965	32	26531	\spr\npcres\woman\FM_LH_134_ST07.spr
C8FFAC39	299702290	94758	32	81252	\spr\npcres\man\MA_RH_138_AT01.spr
C9342099	299783542	55771	32	45752	\spr\npcres\woman\FM_HD_153_AT11.spr
C93C771C	299829294	50219	32	42247	\spr\npcres\woman\FM_LH_133_HA02.spr
C94F34D7	299871541	46825	32	37638	\spr\npcres\man\MA_HR_140_HW01.spr
C95A2249	299909179	20477	32	16489	\spr\npcres\woman\FM_HD_131_WK03.spr
C9639D7A	299925668	217698	32	168158	\spr\npcres\woman\FM_BD_140_JP01.spr
C968C5C8	300093826	11987	32	10308	\spr\npcres\woman\FM_HD_141_HI01.spr
C96BF1FF	300104134	28623	32	22471	\spr\npcres\man\MA_HD_128_RN02.spr
C96DCE8C	300126605	97058	32	77996	\spr\npcres\woman\FM_BD_131_HI01.spr
C971FA6E	300204601	106145	32	81236	\spr\npcres\man\MA_LH_129_WK03.spr
C972A641	300285837	174408	32	115247	\spr\npcres\man\MA_BD_140_ST04.spr
C977A6F2	300401084	52116	32	44496	\spr\npcres\woman\FM_HR_131_DE01.spr
C97C766F	300445580	122288	32	101798	\spr\npcres\man\MA_RW_198_WK02.spr
C97E6DEE	300547378	32983	32	27197	\spr\npcres\woman\FM_HR_131_ST03.spr
C9809322	300574575	162845	32	140940	\spr\npcres\woman\FM_BD_153_IJ06.spr
C98BB677	300715515	39697	32	33409	\spr\npcres\man\MA_HD_138_DE01.spr
C9912A90	300748924	158995	32	127199	\spr\npcres\man\MA_BD_140_HR01.spr
C992F328	300876123	56989	32	47469	\spr\npcres\man\MA_HR_135_DE04.spr
C997DDCB	300923592	97459	32	76840	\spr\npcres\man\MA_RH_130_RN02.spr
C99E3024	301000432	46182	32	39901	\spr\npcres\man\MA_HR_138_ZZ01.spr
C9A66A41	301040333	49281	32	40916	\spr\npcres\man\MA_LH_135_MG04.spr
C9AAAA35	301081249	63878	32	49313	\spr\npcres\man\MA_RH_150_ST03.spr
C9BCFFC8	301130562	166116	32	139078	\spr\npcres\woman\FM_BD_133_AT07.spr
C9BDA66B	301269640	112598	32	94583	\spr\npcres\man\MA_RH_139_JP01.spr
C9BE4174	301364223	28631	32	23847	\spr\npcres\woman\FM_HD_143_AT07.spr
C9C32EA4	301388070	44722	32	33423	\spr\npcres\woman\FM_HR_133_AT01.spr
C9C8C6F2	301421493	16378	32	12092	\spr\npcres\woman\FM_RH_141_IJ03.spr
C9CF506D	301433585	66152	32	51311	\spr\npcres\woman\FM_RH_130_HW01.spr
C9D01096	301484896	39365	32	27257	\spr\npcres\woman\FM_LH_142_ST03.spr
C9EA668F	301512153	117545	32	98640	\spr\npcres\man\MA_RW_189_IJ03.spr
C9F646E4	301610793	43204	32	37006	\spr\npcres\woman\FM_HR_140_AT07.spr
C9F7A90C	301647799	263811	32	219991	\spr\npcres\man\MA_BD_131_IJ04.spr
CA0E1BBE	301867790	13924	32	8180	\spr\npcres\woman\FM_RH_129_ST06.spr
CA22AE48	301875970	34830	32	29258	\spr\npcres\woman\FM_HD_130_RN04.spr
CA243C13	301905228	58708	32	45058	\spr\npcres\woman\FM_LH_143_RN04.spr
CA258702	301950286	107779	32	90034	\spr\npcres\woman\FM_RW_195_WK02.spr
CA2908C8	302040320	96634	32	73720	\spr\npcres\man\MA_RH_150_WK03.spr
CA2E3919	302114040	42484	32	33683	\spr\npcres\man\MA_HR_130_HA02.spr
CA3E3CBF	302147723	217751	32	176151	\spr\npcres\woman\FM_BD_141_MG02.spr
CA431151	302323874	87281	32	69910	\spr\npcres\woman\FM_RH_132_DE01.spr
CA56D299	302393784	22669	32	18815	\spr\npcres\woman\FM_HD_153_HA01.spr
CA5F0DC5	302412599	21298	32	17601	\spr\npcres\man\MA_HD_129_HI01.spr
CA601E06	302430200	29813	32	24451	\spr\npcres\man\MA_HD_139_IJ04.spr
CA74AC78	302454651	25134	32	17253	\spr\npcres\woman\FM_HD_134_ST04.spr
CA762229	302471904	160592	32	136832	\spr\npcres\man\MA_RW_187_RD01.spr
CA7652BB	302608736	86769	32	73957	\spr\npcres\man\MA_RH_138_AT02.spr
CA88ACC3	302682693	177978	32	122901	\spr\npcres\man\MA_BD_140_ST05.spr
CA8D7C69	302805594	20484	32	16379	\spr\npcres\woman\FM_HD_131_WK04.spr
CA8FE0E0	302821973	113085	32	90788	\spr\npcres\man\MA_LH_129_WK04.spr
CA96C5F9	302912761	104744	32	66967	\spr\npcres\woman\FM_LW_187_ST06.spr
CA99CFCB	302979728	22957	32	19045	\spr\npcres\man\MA_RH_131_HI01.spr
CAA0A70E	302998773	47985	32	39702	\spr\npcres\woman\FM_HR_131_ST04.spr
CAAEF2CE	303038475	139988	32	114132	\spr\npcres\man\MA_RW_187_ST06.spr
CAB15BA2	303152607	50104	32	27494	\spr\npcres\man\MA_RH_128_ST01.spr
CABAF012	303180101	59954	32	51210	\spr\npcres\woman\FM_HR_131_DE02.spr
CAD54407	303231311	26864	32	22276	\spr\npcres\woman\FM_HR_153_WK06.spr
CAE1E471	303253587	28384	32	22447	\spr\npcres\man\MA_HD_128_RN03.spr
CB01BCE9	303276034	37146	32	31102	\spr\npcres\man\MA_HD_138_DE02.spr
CB1AAAB6	303307136	66255	32	47334	\spr\npcres\woman\FM_LH_142_ST04.spr
CB2150B7	303354470	71019	32	50003	\spr\npcres\man\MA_RH_150_ST04.spr
CB238AF4	303404473	24452	32	19134	\spr\npcres\woman\FM_HD_142_ZZ01.spr
CB28F9AA	303423607	41483	32	35051	\spr\npcres\man\MA_HR_135_DE05.spr
CB2DC04D	303458658	98202	32	76204	\spr\npcres\man\MA_RH_130_RN03.spr
CB3C10C3	303534862	64604	32	54919	\spr\npcres\man\MA_LH_135_MG05.spr
CB3CD58E	303589781	156051	32	126363	\spr\npcres\woman\FM_BD_132_ZZ01.spr
CB3D72D1	303716144	213479	32	177058	\spr\npcres\woman\FM_BD_129_DE01.spr
CB46332A	303893202	110918	32	89089	\spr\npcres\woman\FM_RW_191_HW01.spr
CB731012	303982291	15748	32	13162	\spr\npcres\woman\FM_RH_141_IJ04.spr
CB7678C4	303995453	43983	32	33551	\spr\npcres\woman\FM_HR_133_AT02.spr
CB99626B	304029004	24111	32	19843	\spr\npcres\woman\FM_HD_143_MG05.spr
CB9D3A31	304048847	45475	32	39841	\spr\npcres\man\MA_LH_135_AT04.spr
CB9F90CF	304088688	153074	32	113140	\spr\npcres\woman\FM_BD_133_MG05.spr
CBAB0645	304201828	27619	32	21978	\spr\npcres\woman\FM_RH_141_HR01.spr
CBB2A53F	304223806	31429	32	26273	\spr\npcres\man\MA_RH_140_DE02.spr
CBC445B5	304250079	68228	32	57731	\spr\npcres\woman\FM_RH_153_RN04.spr
CBCBF33D	304307810	22123	32	17189	\spr\npcres\woman\FM_HD_131_AT02.spr
CBD1A22B	304324999	38672	32	31753	\spr\npcres\woman\FM_HR_140_MG05.spr
CBD30F08	304356752	217605	32	182292	\spr\npcres\woman\FM_BD_141_AT04.spr
CBD40480	304539044	80696	32	69864	\spr\npcres\man\MA_RH_132_HD01.spr
CBD4455D	304608908	247172	32	202051	\spr\npcres\man\MA_BD_128_MG03.spr
CBE58FDB	304810959	31199	32	25866	\spr\npcres\man\MA_HD_132_AT06.spr
CC04CCB6	304836825	50787	32	42032	\spr\npcres\man\MA_HR_135_DE03.spr
CC05400D	304878857	36961	32	30639	\spr\npcres\man\MA_HD_138_HM01.spr
CC09A5A8	304909496	248799	32	204930	\spr\npcres\woman\FM_BD_133_AT06.spr
CC0B3754	305114426	38053	32	31141	\spr\npcres\woman\FM_HD_143_AT06.spr
CC17E829	305145567	20489	32	16406	\spr\npcres\woman\FM_HD_131_WK02.spr
CC19D749	305161973	92118	32	74115	\spr\npcres\man\MA_RH_130_RN01.spr
CC1CA7B3	305236088	98761	32	62886	\spr\npcres\man\MA_RH_150_ST02.spr
CC2867CF	305298974	46307	32	40804	\spr\npcres\man\MA_LH_135_MG03.spr
CC394C93	305339778	116761	32	101308	\spr\npcres\man\MA_RW_187_HR01.spr
CC430CC4	305441086	58178	32	49068	\spr\npcres\woman\FM_HR_140_AT06.spr
CC6FFC57	305490154	89419	32	71905	\spr\npcres\woman\FM_LH_132_HD01.spr
CC70C969	305562059	31213	32	25930	\spr\npcres\man\MA_HD_132_MG05.spr
CC79A28A	305587989	153126	32	124488	\spr\npcres\man\MA_BD_131_IJ03.spr
CC7FF0C7	305712477	26860	32	22264	\spr\npcres\woman\FM_HR_153_WK04.spr
CC858CD2	305734741	23387	32	18464	\spr\npcres\woman\FM_RH_141_IJ02.spr
CC89013D	305753205	61696	32	54220	\spr\npcres\man\MA_LH_135_AT02.spr
CC8F17F3	305807425	23720	32	19659	\spr\npcres\woman\FM_HR_140_IJ03.spr
CCA23334	305827084	136297	32	118907	\spr\npcres\man\MA_LW_187_HW01.spr
CCADC776	305945991	44637	32	29488	\spr\npcres\woman\FM_LH_142_ST02.spr
CCB135FA	305975479	93711	32	75042	\spr\npcres\woman\FM_LW_184_WK04.spr
CCB66F0F	306050521	33135	32	27626	\spr\npcres\man\MA_RH_140_HM01.spr
CCC7A859	306078147	311295	32	264412	\spr\npcres\man\MA_BD_128_MG01.spr
CCD192E7	306342559	23665	32	19510	\spr\npcres\man\MA_HD_132_AT04.spr
CD043F1D	306362069	225934	32	185835	\spr\npcres\man\MA_BD_130_DE01.spr
CD04ABB8	306547904	165655	32	135234	\spr\npcres\man\MA_RW_188_HM01.spr
CD220C8F	306683138	143936	32	113448	\spr\npcres\woman\FM_BD_133_MG03.spr
CD239E2B	306796586	24236	32	17613	\spr\npcres\woman\FM_HD_143_MG03.spr
CD2D44A1	306814199	47010	32	40898	\spr\npcres\woman\FM_RW_197_HI01.spr
CD4D367F	306855097	53539	32	43580	\spr\npcres\woman\FM_HR_132_RN01.spr
CD5768BE	306898677	222587	32	182387	\spr\npcres\man\MA_BD_140_WK01.spr
CD5BF13B	307081064	218253	32	181613	\spr\npcres\man\MA_BD_139_RN03.spr
CD64DEEB	307262677	36873	32	30274	\spr\npcres\woman\FM_HR_140_MG03.spr
CD65BBC8	307292951	219566	32	178813	\spr\npcres\woman\FM_BD_141_AT02.spr
CD6EFE75	307471764	70540	32	58736	\spr\npcres\woman\FM_RH_153_RN02.spr
CD7323B3	307530500	24376	32	19622	\spr\npcres\man\MA_HD_137_ST03.spr
CD754818	307550122	46168	32	34513	\spr\npcres\man\MA_HR_130_WK03.spr
CD7B80F0	307584635	49995	32	40409	\spr\npcres\man\MA_HD_140_JP01.spr
CD85266A	307625044	86646	32	70128	\spr\npcres\woman\FM_LH_135_JP01.spr
CDAF3578	307695172	25331	32	19896	\spr\npcres\woman\FM_RH_143_HA01.spr
CDB3383A	307715068	16165	32	12956	\spr\npcres\woman\FM_LH_131_IJ01.spr
CDC67E80	307728024	21765	32	18742	\spr\npcres\man\MA_HD_139_IJ01.spr
CE0737BF	307746766	53923	32	47244	\spr\npcres\man\MA_LH_135_AT03.spr
CE14D6DF	307794010	255687	32	216416	\spr\npcres\man\MA_BD_137_HD01.spr
CE24BEBD	308010426	32391	32	26337	\spr\npcres\man\MA_RH_140_DE01.spr
CE31A113	308036763	20481	32	17869	\spr\npcres\woman\FM_HR_140_IJ04.spr
CE5546AF	308054632	181095	32	137420	\spr\npcres\woman\FM_BD_133_MG04.spr
CE56284B	308192052	28702	32	22900	\spr\npcres\woman\FM_HD_143_MG04.spr
CE5E5EDB	308214952	248046	32	194958	\spr\npcres\man\MA_BD_128_MG02.spr
CE69A260	308409910	32858	32	28052	\spr\npcres\woman\FM_HR_140_HR01.spr
CE6F9959	308437962	23650	32	19789	\spr\npcres\man\MA_HD_132_AT05.spr
CE809C49	308457751	85211	32	73621	\spr\npcres\man\MA_RH_138_MG01.spr
CE80B91D	308531372	20311	32	15862	\spr\npcres\woman\FM_HD_131_AT01.spr
CE837E9A	308547234	46284	32	34536	\spr\npcres\man\MA_HR_130_WK04.spr
CE89D635	308581770	24477	32	19355	\spr\npcres\man\MA_HD_137_ST04.spr
CE8EF97E	308601125	46515	32	37837	\spr\npcres\woman\FM_RH_133_RN01.spr
CE910B95	308638962	70558	32	58745	\spr\npcres\woman\FM_RH_153_RN03.spr
CE92259F	308697707	198173	32	179538	\spr\npcres\man\MA_BD_130_DE02.spr
CEA8F5E8	308877245	229145	32	185969	\spr\npcres\woman\FM_BD_141_AT03.spr
CEAF680B	309063214	45859	32	37693	\spr\npcres\woman\FM_HR_140_MG04.spr
CED1E7BD	309100907	221804	32	182118	\spr\npcres\man\MA_BD_139_RN04.spr
CED24E98	309283025	29593	32	22527	\spr\npcres\woman\FM_RH_143_HA02.spr
CEE6725A	309305552	16903	32	13340	\spr\npcres\woman\FM_LH_131_IJ02.spr
CEED1F30	309318892	223890	32	175886	\spr\npcres\man\MA_BD_140_WK02.spr
CEEF7E2E	309494778	166928	32	128711	\spr\npcres\man\MA_RW_186_HW01.spr
CEF0439F	309623489	54537	32	43632	\spr\npcres\woman\FM_HR_132_RN02.spr
CF051FD4	309667121	97155	32	79654	\spr\npcres\man\MA_RH_150_WK01.spr
CF2FA9AE	309746775	22162	32	18545	\spr\npcres\man\MA_HD_137_HR01.spr
CF3F7849	309765320	369033	32	303138	\spr\npcres\man\MA_BD_128_AT01.spr
CF4379F8	310068458	43955	32	36850	\spr\npcres\man\MA_LH_128_AT06.spr
CF4EA8D3	310105308	52692	32	42531	\spr\npcres\woman\FM_LH_143_RN02.spr
CF5C6502	310147839	19823	32	16812	\spr\npcres\man\MA_HD_139_IJ02.spr
CF5E5133	310164651	175428	32	143778	\spr\npcres\woman\FM_BD_140_RN04.spr
CF62846A	310308429	34366	32	28740	\spr\npcres\woman\FM_HD_129_HD01.spr
CF68B875	310337169	32704	32	25069	\spr\npcres\woman\FM_RH_134_WK01.spr
CF6D8F11	310362238	114180	32	90035	\spr\npcres\man\MA_RW_194_ST01.spr
CF819779	310452273	33696	32	27309	\spr\npcres\woman\FM_HD_153_AT10.spr
CF893DFC	310479582	43269	32	36562	\spr\npcres\woman\FM_LH_133_HA01.spr
CF8E653F	310516144	362597	32	312860	\spr\npcres\man\MA_BD_129_JP01.spr
CF90B47E	310829004	25449	32	17344	\spr\npcres\woman\FM_RH_129_ST04.spr
CF9FD838	310846348	16932	32	12122	\spr\npcres\woman\FM_HD_134_ST02.spr
CFB08A56	310858470	19679	32	12117	\spr\npcres\woman\FM_LH_134_ST06.spr
CFB5DA08	310870587	34808	32	29380	\spr\npcres\woman\FM_HD_130_RN02.spr
CFCBD3CE	310899967	33373	32	27657	\spr\npcres\woman\FM_HR_131_ST02.spr
CFDDCB7D	310927624	28608	32	22465	\spr\npcres\man\MA_HD_128_RN01.spr
CFE4B3CF	310950089	174059	32	125432	\spr\npcres\man\MA_BD_140_ST03.spr
CFE52ED5	311075521	34374	32	26227	\spr\npcres\woman\FM_HR_134_HW01.spr
CFFBF7EC	311101748	114870	32	90039	\spr\npcres\man\MA_LH_129_WK02.spr
D0043403	311191787	27274	32	19224	\spr\npcres\woman\FM_RH_131_HW01.spr
D0105207	311211011	82233	32	71650	\spr\npcres\man\MA_HR_138_DE03.spr
D013CDCC	311282661	38511	32	26505	\spr\npcres\woman\FM_LH_143_ST03.spr
D01798EC	311309166	31552	32	23146	\spr\npcres\woman\FM_RH_142_IJ03.spr
D0189E64	311332312	31937	32	26073	\spr\npcres\woman\FM_HR_134_AT01.spr
D01CE43B	311358385	37178	32	32330	\spr\npcres\woman\FM_HD_130_DE01.spr
D01EF235	311390715	19873	32	13137	\spr\npcres\woman\FM_HR_129_ST06.spr
D022E702	311403852	126961	32	85665	\spr\npcres\woman\FM_BD_140_ST05.spr
D026ABCE	311489517	63427	32	51393	\spr\npcres\woman\FM_RW_200_HR01.spr
D02DB3EE	311540910	21743	32	12968	\spr\npcres\woman\FM_HD_135_ST03.spr
D03261BA	311553878	28586	32	23267	\spr\npcres\woman\FM_HR_141_AT07.spr
D04BF4C5	311577145	87958	32	69087	\spr\npcres\man\MA_LH_150_WK03.spr
D04E056A	311646232	40640	32	32965	\spr\npcres\man\MA_HR_131_IJ01.spr
D0633E17	311679197	27788	32	21847	\spr\npcres\man\MA_HD_131_MG03.spr
D06BF86A	311701044	246965	32	194762	\spr\npcres\man\MA_BD_131_HW01.spr
D07D1A49	311895806	14054	32	11797	\spr\npcres\woman\FM_HR_141_IJ04.spr
D095007C	311907603	21403	32	18069	\spr\npcres\woman\FM_HR_141_HR01.spr
D0A1CCA5	311925672	199417	32	151129	\spr\npcres\woman\FM_BD_134_MG04.spr
D0AC9881	312076801	30276	32	23778	\spr\npcres\woman\FM_HD_129_MG02.spr
D0AFDBEA	312100579	97412	32	74116	\spr\npcres\man\MA_LH_130_RN03.spr
D0B0FB1D	312174695	23572	32	18745	\spr\npcres\woman\FM_LH_140_WK03.spr
D0C06F15	312193440	14951	32	13130	\spr\npcres\man\MA_HR_129_HI01.spr
D0C4893A	312206570	29553	32	23822	\spr\npcres\woman\FM_RH_134_RN01.spr
D0CCDB85	312230392	36552	32	29203	\spr\npcres\man\MA_HD_131_AT02.spr
D0CE105B	312259595	43317	32	31855	\spr\npcres\woman\FM_HR_133_RN02.spr
D0D3079F	312291450	49618	32	30831	\spr\npcres\man\MA_LH_128_ST01.spr
D0E6EFF8	312322281	214258	32	168908	\spr\npcres\woman\FM_BD_142_AT03.spr
D0E86CED	312491189	26484	32	21707	\spr\npcres\woman\FM_HD_132_AT01.spr
D0EAF627	312512896	30103	32	23406	\spr\npcres\woman\FM_HR_141_MG04.spr
D108ED71	312536302	30578	32	25270	\spr\npcres\man\MA_HD_128_AT07.spr
D111A69C	312561572	194352	32	132658	\spr\npcres\man\MA_BD_132_ST04.spr
D13C1140	312694230	57123	32	44026	\spr\npcres\woman\FM_LH_132_IJ02.spr
D151C4F1	312738256	105720	32	91460	\spr\npcres\man\MA_RW_196_MG03.spr
D15465FF	312829716	48363	32	42032	\spr\npcres\man\MA_RH_135_HA01.spr
D1665B5E	312871748	632441	32	522273	\spr\npcres\man\MA_BD_135_AT08.spr
D16B26CD	313394021	64424	32	52155	\spr\npcres\man\MA_HR_128_RN03.spr
D183F9FE	313446176	20725	32	16266	\spr\npcres\woman\FM_HD_131_RN02.spr
D18E49C6	313462442	57567	32	38695	\spr\npcres\woman\FM_LH_135_ST06.spr
D19A5E98	313501137	28493	32	19736	\spr\npcres\woman\FM_HR_129_HM01.spr
D1A9A252	313520873	80639	32	65297	\spr\npcres\man\MA_LH_138_MG02.spr
D1AAC729	313586170	208219	32	171710	\spr\npcres\woman\FM_BD_141_RN04.spr
D1B02615	313757880	174732	32	142629	\spr\npcres\man\MA_BD_132_HR01.spr
D1B49C13	313900509	170971	32	145633	\spr\npcres\man\MA_BD_138_RN01.spr
D1B4C94D	314046142	88367	32	72461	\spr\npcres\man\MA_RH_130_AT07.spr
D1B70FCF	314118603	79994	32	62067	\spr\npcres\woman\FM_RH_135_WK01.spr
D1BC386E	314180670	58404	32	45176	\spr\npcres\man\MA_RH_135_RD01.spr
D1C31EF2	314225846	34302	32	29189	\spr\npcres\man\MA_LH_140_DE02.spr
D1C5BE1C	314255035	29299	32	24229	\spr\npcres\woman\FM_LH_134_HA01.spr
D1D35FD1	314279264	52249	32	40160	\spr\npcres\man\MA_RH_131_WK03.spr
D1D4C803	314319424	41792	32	33660	\spr\npcres\man\MA_RH_135_ST06.spr
D1F83368	314353084	34641	32	30237	\spr\npcres\man\MA_HR_139_IJ04.spr
D20FC35A	314383321	31309	32	24946	\spr\npcres\woman\FM_RH_134_RN02.spr
D2127F9D	314408267	122120	32	106226	\spr\npcres\woman\FM_RW_291_AT10.spr
D212A60D	314514493	28942	32	23764	\spr\npcres\woman\FM_HD_132_AT02.spr
D21D0047	314538257	25086	32	19485	\spr\npcres\woman\FM_HR_141_MG05.spr
D225CE6C	314557742	95060	32	75247	\spr\npcres\man\MA_LH_130_RN04.spr
D2275323	314632989	41957	32	21466	\spr\npcres\woman\FM_RW_292_ST04.spr
D2293918	314654455	203902	32	166326	\spr\npcres\woman\FM_BD_142_AT04.spr
D23269C1	314820781	363222	32	311203	\spr\npcres\man\MA_LW_200_AT08.spr
D23AD089	315131984	22599	32	17193	\spr\npcres\woman\FM_LH_129_RN01.spr
D25532AC	315149177	2668	32	2566	\spr\item\equip\nick\obj-neck119.spr
D25ACE07	315151743	33085	32	26166	\spr\npcres\man\MA_HD_131_AT03.spr
D26234D2	315177909	64626	32	50737	\spr\npcres\woman\FM_RH_130_AT01.spr
D266AB60	315228646	41596	32	33194	\spr\npcres\woman\FM_LH_132_IJ03.spr
D266C7EC	315261840	117125	32	91139	\spr\npcres\man\MA_RW_197_ST01.spr
D2690A11	315352979	49703	32	29093	\spr\npcres\man\MA_LH_128_ST02.spr
D270AA7B	315382072	43297	32	31768	\spr\npcres\woman\FM_HR_133_RN03.spr
D28D16F7	315413840	38797	32	29249	\spr\npcres\man\MA_HR_130_HM01.spr
D2AB0F51	315443089	94013	32	70458	\spr\npcres\woman\FM_RW_199_ST01.spr
D2AFAD1E	315513547	191003	32	136047	\spr\npcres\man\MA_BD_132_ST05.spr
D2C18185	315649594	202658	32	165890	\spr\npcres\woman\FM_BD_142_MG01.spr
D2C28295	315815484	171361	32	145644	\spr\npcres\man\MA_BD_138_RN02.spr
D2E12D4F	315961128	64262	32	51944	\spr\npcres\man\MA_HR_128_RN04.spr
D2E26871	316013072	56512	32	48429	\spr\npcres\man\MA_RH_135_HA02.spr
D2FA59EF	316061501	84221	32	64468	\spr\npcres\woman\FM_RH_135_WK02.spr
D2FC41D0	316125969	514107	32	430205	\spr\npcres\man\MA_BD_135_AT09.spr
D308C83C	316556174	34216	32	28168	\spr\npcres\woman\FM_LH_134_HA02.spr
D327A8D4	316584342	81763	32	67255	\spr\npcres\man\MA_LH_138_MG03.spr
D336331E	316651597	20722	32	16351	\spr\npcres\woman\FM_HD_131_RN03.spr
D344E488	316667948	38443	32	28793	\spr\npcres\woman\FM_HR_132_ST03.spr
D34894E1	316696741	120109	32	106435	\spr\npcres\man\MA_RW_196_AT03.spr
D3590574	316803176	42097	32	35570	\spr\npcres\man\MA_LH_140_DE03.spr
D35F6DC2	316838746	54911	32	44928	\spr\npcres\woman\FM_HR_132_DE01.spr
D362FE85	316883674	59128	32	39053	\spr\npcres\man\MA_RH_135_ST07.spr
D365AC8E	316922727	72556	32	55019	\spr\npcres\woman\FM_RH_153_ST04.spr
D3694253	316977746	57648	32	46277	\spr\npcres\man\MA_RH_131_WK04.spr
D38255B8	317024023	105668	32	87548	\spr\npcres\man\MA_LH_138_AT02.spr
D38970E8	317111571	187316	32	153980	\spr\npcres\woman\FM_BD_134_AT07.spr
D39A0F27	317265551	154286	32	131650	\spr\npcres\man\MA_BD_129_ZZ01.spr
D3A19AFF	317397201	26089	32	22087	\spr\npcres\woman\FM_HD_132_WK03.spr
D3ABA25E	317419288	12122	32	10185	\spr\npcres\woman\FM_HD_142_HI01.spr
D3B8119A	317429473	255928	32	210486	\spr\npcres\woman\FM_BD_141_JP01.spr
D3BBEA72	317639959	102843	32	80589	\spr\npcres\woman\FM_BD_132_HI01.spr
D3E20450	317720548	56725	32	46801	\spr\npcres\man\MA_LH_132_ZZ01.spr
D3F431AA	317767349	30523	32	23920	\spr\npcres\woman\FM_HD_129_AT05.spr
D40301F1	317791269	25373	32	21941	\spr\npcres\man\MA_LH_135_HI01.spr
D405F71F	317813210	38286	32	31772	\spr\npcres\man\MA_HD_132_JP01.spr
D40A6567	317844982	40207	32	33572	\spr\npcres\man\MA_RW_200_HI01.spr
D413BFD0	317878554	100629	32	82677	\spr\npcres\man\MA_LH_138_MG01.spr
D4229DD8	317961231	21464	32	17028	\spr\npcres\woman\FM_LH_129_AT07.spr
D43EC2CB	317978259	122776	32	100268	\spr\npcres\man\MA_RH_130_AT06.spr
D444A95F	318078527	57697	32	45147	\spr\npcres\man\MA_RH_131_WK02.spr
D454AEF3	318123674	28015	32	22327	\spr\npcres\woman\FM_RH_143_HD01.spr
D458AFDE	318146001	20519	32	16435	\spr\npcres\woman\FM_HD_131_RN01.spr
D45B3FA6	318162436	55949	32	41487	\spr\npcres\woman\FM_LH_135_ST05.spr
D45EC581	318203923	41938	32	33283	\spr\npcres\man\MA_RH_135_ST05.spr
D4620CF6	318237206	22411	32	19267	\spr\npcres\man\MA_HR_139_IJ03.spr
D4678D09	318256473	208284	32	172848	\spr\npcres\woman\FM_BD_141_RN03.spr
D4759A28	318429321	70084	32	52713	\spr\npcres\woman\FM_LH_130_HM01.spr
D485BE14	318482034	19029	32	14493	\spr\npcres\woman\FM_LH_129_HR01.spr
D488D94E	318496527	50740	32	37226	\spr\npcres\woman\FM_RH_153_ST02.spr
D4A13EBC	318533753	224316	32	176285	\spr\npcres\woman\FM_BD_131_HA02.spr
D4A27801	318710038	28086	32	23151	\spr\npcres\woman\FM_RH_140_DE04.spr
D4B3F1B2	318733189	30706	32	25829	\spr\npcres\woman\FM_RH_134_IJ05.spr
D4B56870	318759018	38089	32	30552	\spr\npcres\man\MA_LH_140_DE01.spr
D4D269F9	318789570	56709	32	39508	\spr\npcres\woman\FM_LH_133_RD01.spr
D4DBAF0F	318829078	20485	32	16230	\spr\npcres\woman\FM_LH_129_MG04.spr
D4EF1148	318845308	48554	32	38064	\spr\npcres\woman\FM_HR_132_ST01.spr
D4FC1C18	318883372	123423	32	103779	\spr\npcres\woman\FM_RW_188_HR01.spr
D503422D	318987151	87105	32	72137	\spr\npcres\man\MA_LH_132_HA02.spr
D503B903	319059288	64931	32	56831	\spr\npcres\man\MA_HR_138_DE01.spr
D513ECA8	319116119	198961	32	159401	\spr\npcres\woman\FM_BD_134_AT05.spr
D51EAA6A	319275520	32703	32	27103	\spr\npcres\woman\FM_HD_129_AT03.spr
D5210234	319302623	25908	32	21619	\spr\npcres\man\MA_RH_137_IJ03.spr
D53436BF	319324242	26133	32	22025	\spr\npcres\woman\FM_HD_132_WK01.spr
D536658D	319346267	248779	32	222078	\spr\npcres\man\MA_LW_200_MG06.spr
D5396CF8	319568345	95198	32	79744	\spr\npcres\woman\FM_RW_195_HR01.spr
D53B621A	319648089	265495	32	211156	\spr\npcres\man\MA_BD_129_HA02.spr
D5449A7A	319859245	26876	32	22298	\spr\npcres\woman\FM_HR_141_AT05.spr
D558C209	319881543	53724	32	44438	\spr\npcres\woman\FM_LH_130_DE03.spr
D55A702E	319925981	45377	32	35373	\spr\npcres\man\MA_RW_292_HW01.spr
D55C8FFE	319961354	69889	32	58611	\spr\npcres\man\MA_RH_139_HA01.spr
D55F0513	320019965	36710	32	29494	\spr\npcres\man\MA_HD_131_MG01.spr
D587B609	320049459	20599	32	16321	\spr\npcres\woman\FM_HR_141_IJ02.spr
D59943A5	320065780	127565	32	105927	\spr\npcres\woman\FM_LW_200_ST01.spr
D59B2EF6	320171707	92701	32	73893	\spr\npcres\man\MA_LH_130_RN01.spr
D5A16EF5	320245600	29781	32	19414	\spr\npcres\woman\FM_HR_129_ST04.spr
D5A6798C	320265014	53286	32	37639	\spr\npcres\woman\FM_LH_143_ST01.spr
D5A7DBC1	320302653	96645	32	78968	\spr\npcres\man\MA_LH_150_WK01.spr
D5B02FAE	320381621	26689	32	19625	\spr\npcres\woman\FM_HD_135_ST01.spr
D5B513C2	320401246	124724	32	78502	\spr\npcres\woman\FM_BD_140_ST03.spr
D5BA34AC	320479748	42280	32	31067	\spr\npcres\woman\FM_RH_142_IJ01.spr
D5DB17DD	320510815	28452	32	21142	\spr\npcres\woman\FM_LH_140_WK01.spr
D60BAF46	320531957	120660	32	98427	\spr\npcres\man\MA_LH_138_AT01.spr
D60EF92F	320630384	17388	32	13713	\spr\npcres\woman\FM_LH_129_MG05.spr
D611AB68	320644097	38967	32	29988	\spr\npcres\woman\FM_HR_132_ST02.spr
D6208CE1	320674085	27847	32	20990	\spr\npcres\woman\FM_HR_135_HW01.spr
D632EE6F	320695075	144631	32	125778	\spr\npcres\man\MA_RW_196_AT02.spr
D633136E	320820853	49349	32	34450	\spr\npcres\woman\FM_RH_153_ST03.spr
D641E78A	320855303	32824	32	26716	\spr\npcres\woman\FM_HD_129_AT04.spr
D64626C8	320882019	276744	32	225411	\spr\npcres\woman\FM_BD_134_AT06.spr
D67F40DF	321107430	26105	32	21891	\spr\npcres\woman\FM_HD_132_WK02.spr
D6831C29	321129321	53380	32	44203	\spr\npcres\woman\FM_LH_130_DE04.spr
D687AE25	321173524	33697	32	28530	\spr\npcres\man\MA_HD_140_HD01.spr
D68FD79A	321202054	39458	32	31302	\spr\npcres\woman\FM_HR_141_AT06.spr
D699AF85	321233356	61488	32	53771	\spr\npcres\man\MA_HR_138_DE02.spr
D6B75777	321287127	48287	32	41300	\spr\npcres\woman\FM_LH_133_HD01.spr
D6BF08B6	321328427	40273	32	34036	\spr\npcres\man\MA_RH_137_IJ04.spr
D6CAC029	321362463	16458	32	12851	\spr\npcres\woman\FM_HR_141_IJ03.spr
D6D2BD60	321375314	352816	32	301502	\spr\npcres\man\MA_BD_150_JP01.spr
D6D50B95	321676816	27358	32	20944	\spr\npcres\man\MA_HD_131_MG02.spr
D6DAA82C	321697760	119867	32	98775	\spr\npcres\man\MA_LH_139_JP01.spr
D6E3A3FE	321796535	41031	32	33910	\spr\npcres\man\MA_RH_128_HD01.spr
D6E8B3AC	321830445	44094	32	28550	\spr\npcres\woman\FM_LH_143_ST02.spr
D6EAB270	321858995	89078	32	72795	\spr\npcres\man\MA_RH_139_HA02.spr
D6EBB815	321931790	19628	32	12915	\spr\npcres\woman\FM_HR_129_ST05.spr
D6ED4ECC	321944705	44119	32	32648	\spr\npcres\woman\FM_RH_142_IJ02.spr
D6FB79CE	321977353	21634	32	14517	\spr\npcres\woman\FM_HD_135_ST02.spr
D6FFADE2	321991870	184009	32	122130	\spr\npcres\woman\FM_BD_140_ST04.spr
D70DA1FD	322114000	28450	32	21183	\spr\npcres\woman\FM_LH_140_WK02.spr
D711D568	322135183	92694	32	73972	\spr\npcres\man\MA_LH_130_RN02.spr
D73DCE43	322209155	98621	32	76726	\spr\npcres\man\MA_LH_150_WK02.spr
D749CFE3	322285881	31912	32	23369	\spr\npcres\woman\FM_RW_292_ST02.spr
D779D4EB	322309250	50288	32	43309	\spr\npcres\woman\FM_RW_198_HI01.spr
D77A4F61	322352559	30530	32	24680	\spr\npcres\woman\FM_HD_129_MG01.spr
D77EB285	322377239	159116	32	123381	\spr\npcres\woman\FM_BD_134_MG03.spr
D789C720	322500620	56829	32	44372	\spr\npcres\woman\FM_LH_132_IJ01.spr
D79BB01A	322544992	195584	32	142572	\spr\npcres\man\MA_BD_132_ST03.spr
D79BC63B	322687564	42531	32	32053	\spr\npcres\woman\FM_HR_133_RN01.spr
D7A39E94	322719617	124991	32	106402	\spr\npcres\man\MA_RW_190_HD01.spr
D7A7BC07	322826019	25096	32	19518	\spr\npcres\woman\FM_HR_141_MG03.spr
D7B6D503	322845537	41679	32	33543	\spr\npcres\man\MA_HD_131_AT01.spr
D7BC55D8	322879080	201985	32	160903	\spr\npcres\woman\FM_BD_142_AT02.spr
D7DD304B	323039983	64259	32	51933	\spr\npcres\man\MA_HR_128_RN02.spr
D7E854DC	323091916	264144	32	213257	\spr\npcres\man\MA_BD_135_AT07.spr
D7F2E6FF	323305173	41156	32	33631	\spr\npcres\man\MA_HD_128_AT06.spr
D802D9A2	323338804	123989	32	76885	\spr\npcres\woman\FM_BD_140_ST02.spr
D80573DA	323415689	42670	32	34437	\spr\npcres\man\MA_LH_139_HI01.spr
D80D238D	323450126	41227	32	34007	\spr\npcres\man\MA_HD_128_MG05.spr
D812405A	323484133	32066	32	25565	\spr\npcres\woman\FM_HR_141_AT04.spr
D81588E9	323509698	81877	32	65566	\spr\npcres\woman\FM_LH_130_DE02.spr
D81D49F4	323575264	110859	32	90656	\spr\npcres\man\MA_BD_150_HI01.spr
D82DC2AC	323665920	206023	32	145772	\spr\npcres\man\MA_BD_129_ST06.spr
D83D00DF	323811692	207389	32	149953	\spr\npcres\woman\FM_BD_143_HW01.spr
D83F2BF5	323961645	22550	32	17281	\spr\npcres\woman\FM_HD_153_HW01.spr
D8444CF2	323978926	258383	32	200341	\spr\npcres\man\MA_BD_139_HW01.spr
D8491809	324179267	113539	32	94488	\spr\npcres\man\MA_RH_130_MG05.spr
D85D7CE9	324273755	20998	32	16493	\spr\npcres\woman\FM_HR_141_IJ01.spr
D86083FB	324290248	105360	32	90093	\spr\npcres\woman\FM_RW_197_HA02.spr
D875DBE5	324380341	74407	32	55940	\spr\npcres\man\MA_LH_132_ST06.spr
D87BD8BA	324436281	469371	32	389984	\spr\npcres\man\MA_BD_135_MG06.spr
D87ED4D5	324826265	19828	32	14049	\spr\npcres\woman\FM_HR_129_ST03.spr
D8812F45	324840314	215107	32	175075	\spr\npcres\woman\FM_BD_134_MG01.spr
D8933191	325015389	24073	32	19104	\spr\npcres\woman\FM_HD_142_HM01.spr
D8A83EE2	325034493	83004	32	62287	\spr\npcres\man\MA_LH_138_RN03.spr
D8CA28C7	325096780	28557	32	23209	\spr\npcres\woman\FM_HR_141_MG01.spr
D8D1693E	325119989	94161	32	79911	\spr\npcres\man\MA_RH_129_DE03.spr
D8D36FF6	325199900	111415	32	61281	\spr\npcres\woman\FM_RW_190_MG03.spr
D8D5E968	325261181	32026	32	25525	\spr\npcres\man\MA_HD_135_RN05.spr
D8DBBBD8	325286706	264336	32	212739	\spr\npcres\man\MA_BD_135_AT05.spr
D8EB4605	325499445	17397	32	14730	\spr\npcres\man\MA_HR_150_IJ06.spr
D8EECDFB	325514175	30569	32	25225	\spr\npcres\man\MA_HD_128_AT04.spr
D8EF6AF4	325539400	32006	32	25894	\spr\npcres\woman\FM_RH_141_RN04.spr
D8F78726	325565294	242701	32	127111	\spr\npcres\man\MA_BD_132_ST01.spr
D92A29D7	325692405	100160	32	80248	\spr\npcres\man\MA_RH_130_AT04.spr
D9479ECD	325772653	12289	32	10534	\spr\npcres\man\MA_HD_132_HI01.spr
D94A288D	325783187	35764	32	29804	\spr\npcres\man\MA_RH_135_ST03.spr
D94A40CE	325812991	86687	32	75546	\spr\npcres\man\MA_RW_192_RN02.spr
D94F4787	325888537	46061	32	29907	\spr\npcres\man\MA_RH_128_RD01.spr
D95999AF	325918444	63247	32	47264	\spr\npcres\woman\FM_RH_142_WK04.spr
D95E13F2	325965708	27551	32	23976	\spr\npcres\man\MA_HR_139_IJ01.spr
D9660E7E	325989684	12972	32	11072	\spr\npcres\woman\FM_HD_134_HI01.spr
D979D920	326000756	207072	32	172566	\spr\npcres\woman\FM_BD_133_JP01.spr
D983EA64	326173322	46490	32	35638	\spr\npcres\woman\FM_HR_133_AT07.spr
D98A39C9	326208960	210232	32	174223	\spr\npcres\woman\FM_BD_141_RN01.spr
D99FB6C5	326383183	255113	32	208912	\spr\npcres\man\MA_BD_129_WK04.spr
D9A1B626	326592095	54709	32	46048	\spr\npcres\man\MA_RH_150_ZZ01.spr
D9A46F35	326638143	63452	32	54905	\spr\npcres\man\MA_RH_138_AT07.spr
D9B3EA8C	326693048	47917	32	41597	\spr\npcres\woman\FM_HR_140_JP01.spr
D9B50998	326734645	21445	32	15991	\spr\npcres\woman\FM_LH_129_AT05.spr
D9C66A72	326750636	14887	32	11106	\spr\npcres\woman\FM_RH_134_IJ03.spr
D9CFF493	326761742	21558	32	17218	\spr\npcres\woman\FM_HR_133_IJ04.spr
D9E7141C	326778960	31576	32	22203	\spr\npcres\man\MA_RH_128_ST06.spr
D9E87690	326801163	70239	32	58817	\spr\npcres\woman\FM_RH_153_ZZ01.spr
D9ED1628	326859980	16481	32	11742	\spr\npcres\woman\FM_HD_142_ST05.spr
D9EDA866	326871722	50275	32	36967	\spr\npcres\woman\FM_LH_135_ST03.spr
D9FD459C	326908689	132369	32	90049	\spr\npcres\woman\FM_BD_132_ST05.spr
DA06B5C3	326998738	40089	32	28688	\spr\npcres\woman\FM_RW_292_ST01.spr
DA091BB8	327027426	207195	32	166610	\spr\npcres\woman\FM_BD_142_AT01.spr
DA0D8D98	327194036	242692	32	128613	\spr\npcres\man\MA_BD_132_ST02.spr
DA262564	327322649	83343	32	65471	\spr\npcres\man\MA_LH_138_RN04.spr
DA2B868A	327388120	33658	32	27628	\spr\npcres\woman\FM_RH_140_HM01.spr
DA347965	327415748	215011	32	168469	\spr\npcres\woman\FM_BD_134_MG02.spr
DA470DC9	327584217	64248	32	51844	\spr\npcres\man\MA_HR_128_RN01.spr
DA51AE5A	327636061	353458	32	280012	\spr\npcres\man\MA_BD_135_AT06.spr
DA639FEA	327916073	31929	32	25366	\spr\npcres\man\MA_HD_135_RN06.spr
DA64F07D	327941439	30527	32	25404	\spr\npcres\man\MA_HD_128_AT05.spr
DA6F1FB0	327966843	106792	32	90887	\spr\npcres\man\MA_RH_129_DE04.spr
DA7D62E7	328057730	28387	32	22770	\spr\npcres\woman\FM_HR_141_MG02.spr
DAA0DC49	328080500	86089	32	70631	\spr\npcres\man\MA_RH_130_AT05.spr
DAC0DF0F	328151131	43880	32	34397	\spr\npcres\man\MA_RH_135_ST04.spr
DAC6239C	328185528	40879	32	31986	\spr\npcres\man\MA_LH_140_HM01.spr
DACEA2DD	328217514	57426	32	46262	\spr\npcres\man\MA_RH_131_WK01.spr
DAD40674	328263776	27098	32	22639	\spr\npcres\man\MA_HR_139_IJ02.spr
DAF1744B	328286415	31549	32	20250	\spr\npcres\woman\FM_RH_143_RD01.spr
DAF843B8	328306665	27578	32	22075	\spr\npcres\woman\FM_LH_129_AT06.spr
DAFD5D8B	328328740	37433	32	30319	\spr\npcres\woman\FM_RH_141_JP01.spr
DB08A792	328359059	14053	32	11922	\spr\npcres\woman\FM_RH_134_IJ04.spr
DB10E586	328370981	85904	32	62016	\spr\npcres\woman\FM_LH_135_ST04.spr
DB11DCD5	328432997	73604	32	50983	\spr\npcres\woman\FM_RW_188_IJ03.spr
DB17A048	328483980	16707	32	10185	\spr\npcres\woman\FM_HD_142_ST06.spr
DB279FBC	328494165	120264	32	76260	\spr\npcres\woman\FM_BD_132_ST06.spr
DB3D73E9	328570425	210240	32	174480	\spr\npcres\woman\FM_BD_141_RN02.spr
DB458F2E	328744905	62664	32	46912	\spr\npcres\woman\FM_RH_153_ST01.spr
DB4FCBF1	328791817	103577	32	82247	\spr\npcres\man\MA_RH_139_WK04.spr
DB5C7FD0	328874064	94045	32	74243	\spr\npcres\woman\FM_RW_184_HW01.spr
DB67405E	328948307	40218	32	34514	\spr\npcres\man\MA_RH_135_HR01.spr
DB7EE49C	328982821	190630	32	153459	\spr\npcres\woman\FM_BD_131_HA01.spr
DB7F2EE1	329136280	27194	32	22644	\spr\npcres\woman\FM_RH_140_DE03.spr
DB9115EF	329158924	16674	32	12003	\spr\npcres\woman\FM_LH_129_MG03.spr
DB99F6E3	329170927	101135	32	86721	\spr\npcres\man\MA_RW_194_HD01.spr
DB9D7399	329257648	69951	32	59140	\spr\npcres\man\MA_HR_138_HM01.spr
DBA0ADC5	329316788	25239	32	20288	\spr\npcres\woman\FM_RH_134_HR01.spr
DBA986C3	329337076	85358	32	65530	\spr\npcres\woman\FM_LH_132_WK04.spr
DBAB1FB2	329402606	29754	32	24230	\spr\npcres\man\MA_RH_137_IJ02.spr
DBAD7F98	329426836	224996	32	184718	\spr\npcres\man\MA_BD_129_HA01.spr
DBC82068	329611554	56391	32	43974	\spr\npcres\woman\FM_LH_143_ZZ01.spr
DBD4104A	329655528	33048	32	25542	\spr\npcres\woman\FM_HD_129_AT02.spr
DBDA9710	329681070	31765	32	25009	\spr\npcres\woman\FM_HD_135_ZZ01.spr
DBDD0B40	329706079	96960	32	71431	\spr\npcres\man\MA_LH_132_RD01.spr
DBE95288	329777510	213937	32	177329	\spr\npcres\woman\FM_BD_134_AT04.spr
DBEEAF57	329954839	291617	32	239267	\spr\npcres\woman\FM_BD_130_HD01.spr
DBEFEED1	330194106	38686	32	28178	\spr\npcres\woman\FM_HR_133_MG05.spr
DBF55FAB	330222284	69107	32	58483	\spr\npcres\man\MA_LH_132_HA01.spr
DBFFD586	330280767	73160	32	61275	\spr\npcres\man\MA_HR_140_JP01.spr
DC018043	330342042	254103	32	208985	\spr\npcres\man\MA_BD_129_WK03.spr
DC02FC78	330551027	24939	32	19039	\spr\npcres\woman\FM_LH_129_AT04.spr
DC174F8F	330570066	61835	32	45786	\spr\npcres\woman\FM_RH_142_WK03.spr
DC2E78B3	330615852	82121	32	70828	\spr\npcres\man\MA_RH_138_AT06.spr
DC3C220B	330686680	63976	32	40409	\spr\npcres\man\MA_RH_135_ST02.spr
DC4A087C	330727089	188574	32	126028	\spr\npcres\woman\FM_BD_132_ST04.spr
DC595044	330853117	61191	32	45835	\spr\npcres\woman\FM_HR_133_AT06.spr
DC69619A	330898952	32641	32	22515	\spr\npcres\man\MA_RH_128_ST05.spr
DC825AA1	330921467	36741	32	29853	\spr\npcres\woman\FM_RH_140_DE01.spr
DC84BB73	330951320	23649	32	17528	\spr\npcres\woman\FM_HR_133_IJ03.spr
DC8A6C92	330968848	62182	32	52131	\spr\npcres\man\MA_LH_129_ZZ01.spr
DC93D052	331020979	21381	32	17073	\spr\npcres\woman\FM_RH_134_IJ02.spr
DC9F7149	331038052	38977	32	33571	\spr\npcres\man\MA_HD_130_DE03.spr
DCBADC08	331071623	24411	32	16000	\spr\npcres\woman\FM_HD_142_ST04.spr
DCBB1E46	331087623	58004	32	40082	\spr\npcres\woman\FM_LH_135_ST02.spr
DCBB55DF	331127705	122082	32	101854	\spr\npcres\woman\FM_RW_191_HD01.spr
DCBB7C6F	331229559	46158	32	35468	\spr\npcres\man\MA_LH_131_HW01.spr
DCBBDEFD	331265027	107062	32	83149	\spr\npcres\man\MA_RH_139_WK02.spr
DCD966AF	331348176	63164	32	47162	\spr\npcres\man\MA_RH_150_ST08.spr
DD1929A8	331395338	210036	32	149007	\spr\npcres\man\MA_BD_129_ST04.spr
DD1E2ABD	331544345	26796	32	22063	\spr\npcres\woman\FM_HD_131_AT06.spr
DD200F9D	331566408	191389	32	157156	\spr\npcres\woman\FM_RW_186_HM01.spr
DD39FD34	331723564	22096	32	19380	\spr\npcres\man\MA_HR_140_HI01.spr
DD3B81AF	331742944	21911	32	17269	\spr\npcres\woman\FM_LH_129_MG01.spr
DD3C3283	331760213	83411	32	64801	\spr\npcres\woman\FM_LH_132_WK02.spr
DD3D04AD	331825014	66245	32	56065	\spr\npcres\woman\FM_RW_291_ST08.spr
DD55B358	331881079	31714	32	25402	\spr\npcres\man\MA_HR_129_HW01.spr
DD572FC6	331906481	289500	32	230970	\spr\npcres\man\MA_BD_135_MG04.spr
DD59D9C6	332137451	10550	32	8039	\spr\npcres\woman\FM_HD_131_IJ03.spr
DD612EE1	332145490	77656	32	57290	\spr\npcres\man\MA_LH_132_ST04.spr
DD62766E	332202780	172985	32	132434	\spr\npcres\woman\FM_BD_140_ZZ01.spr
DD6D682D	332335214	100432	32	79756	\spr\npcres\woman\FM_RW_193_HM01.spr
DD721A91	332414970	37678	32	27429	\spr\npcres\woman\FM_HR_133_MG03.spr
DD73CF48	332442399	214304	32	168718	\spr\npcres\woman\FM_BD_134_AT02.spr
DD793689	332611117	30550	32	25152	\spr\npcres\man\MA_HD_128_MG03.spr
DD7D7BE5	332636269	3884	32	3537	\spr\item\equip\weapon\obj-lyre05.spr
DD814095	332639806	24786	32	16725	\spr\npcres\woman\FM_HR_129_ST01.spr
DD8405EE	332656531	82117	32	65051	\spr\npcres\man\MA_LH_138_RN01.spr
DD87BA0A	332721582	60279	32	49719	\spr\npcres\man\MA_LH_132_HR01.spr
DDA4FC1A	332771301	30374	32	24017	\spr\npcres\woman\FM_HR_141_AT02.spr
DDA56F15	332795318	105776	32	83915	\spr\npcres\man\MA_RH_130_MG03.spr
DDB5C029	332879233	105602	32	93257	\spr\npcres\man\MA_LH_135_AT08.spr
DDBC304F	332972490	183755	32	150888	\spr\npcres\man\MA_RW_200_AT08.spr
DDC1FC74	333123378	28655	32	22700	\spr\npcres\man\MA_HD_135_RN03.spr
DDC6AD01	333146078	29193	32	24791	\spr\npcres\man\MA_HR_150_IJ04.spr
DDC88BC8	333170869	119284	32	99961	\spr\npcres\woman\FM_RW_196_RD01.spr
DDCD7C3A	333270830	85552	32	70501	\spr\npcres\man\MA_RH_129_DE01.spr
DDDAD007	333341331	40711	32	32816	\spr\npcres\man\MA_HD_128_AT02.spr
DDDEDA1F	333374147	176505	32	134696	\spr\npcres\woman\FM_BD_141_MG05.spr
DDE05984	333508843	211577	32	175024	\spr\npcres\woman\FM_RW_189_RD01.spr
DDFF2C8A	333683867	36969	32	29054	\spr\npcres\man\MA_HD_140_WK03.spr
DE0B43C9	333712921	288910	32	201136	\spr\npcres\woman\FM_BD_130_RD01.spr
DE1567CB	333914057	43339	32	37615	\spr\npcres\man\MA_HD_130_DE04.spr
DE1D6930	333951672	30804	32	26332	\spr\npcres\man\MA_RH_137_IJ01.spr
DE2B9295	333978004	72315	32	62286	\spr\npcres\woman\FM_RW_195_IJ02.spr
DE304F73	334040290	26560	32	20529	\spr\npcres\man\MA_HD_150_HW01.spr
DE31C57F	334060819	107169	32	80605	\spr\npcres\man\MA_RH_139_WK03.spr
DE3494C1	334141424	43356	32	34880	\spr\npcres\woman\FM_RH_140_DE02.spr
DE4164DD	334176304	20380	32	16794	\spr\npcres\woman\FM_HD_131_AT07.spr
DE576D21	334193098	61237	32	45809	\spr\npcres\man\MA_RH_150_ST09.spr
DE605ECD	334238907	71207	32	59581	\spr\npcres\woman\FM_RW_291_ST09.spr
DE668E90	334298488	36296	32	27881	\spr\npcres\woman\FM_HR_133_HR01.spr
DE674CA3	334326369	85522	32	65322	\spr\npcres\woman\FM_LH_132_WK03.spr
DE6EDBCF	334391691	20787	32	15903	\spr\npcres\woman\FM_LH_129_MG02.spr
DE742125	334407594	25059	32	17587	\spr\npcres\woman\FM_HD_140_RD01.spr
DE756E9C	334425181	27817	32	22918	\spr\npcres\woman\FM_LH_142_HI01.spr
DE8C13E6	334448099	10652	32	9117	\spr\npcres\woman\FM_HD_131_IJ04.spr
DE97DC2A	334457216	207027	32	151413	\spr\npcres\man\MA_BD_129_ST05.spr
DEA1C62A	334608629	30393	32	23779	\spr\npcres\woman\FM_HD_129_AT01.spr
DEA554B1	334632408	47042	32	33828	\spr\npcres\woman\FM_HR_133_MG04.spr
DEA61968	334666236	229405	32	176552	\spr\npcres\woman\FM_BD_134_AT03.spr
DEC3F6AB	334842788	88569	32	79154	\spr\npcres\man\MA_LH_135_AT09.spr
DECA26C1	334921942	151183	32	124761	\spr\npcres\man\MA_RW_200_AT09.spr
DECB9AB5	335046703	19672	32	13354	\spr\npcres\woman\FM_HR_129_ST02.spr
DED5B683	335060057	45543	32	38767	\spr\npcres\woman\FM_RW_291_HI01.spr
DEDF8F82	335098824	154410	32	109043	\spr\npcres\woman\FM_BD_140_ST01.spr
DEE37EC9	335207867	74224	32	58184	\spr\npcres\woman\FM_LH_130_DE01.spr
DEEDD238	335266051	355933	32	283097	\spr\npcres\man\MA_BD_135_MG05.spr
DEEF363A	335549148	29962	32	24444	\spr\npcres\woman\FM_HR_141_AT03.spr
DEF73D0B	335573592	33258	32	26843	\spr\npcres\man\MA_HD_128_MG04.spr
DEFFD563	335600435	70165	32	53349	\spr\npcres\man\MA_LH_132_ST05.spr
DF120860	335653784	82141	32	65202	\spr\npcres\man\MA_LH_138_RN02.spr
DF241909	335718986	17104	32	13961	\spr\npcres\woman\FM_HD_131_HR01.spr
DF331597	335732947	95904	32	77485	\spr\npcres\man\MA_RH_130_MG04.spr
DF3E49DB	335810432	98894	32	84375	\spr\npcres\woman\FM_RW_197_HA01.spr
DF44EECC	335894807	205362	32	175189	\spr\npcres\woman\FM_RW_189_HD01.spr
DF4DB566	336069996	265237	32	215704	\spr\npcres\man\MA_BD_135_AT04.spr
DF50C779	336285700	34995	32	28075	\spr\npcres\man\MA_HD_128_AT03.spr
DF5B62BC	336313775	75848	32	64677	\spr\npcres\man\MA_RH_129_DE02.spr
DF5FE2F6	336378452	28530	32	22108	\spr\npcres\man\MA_HD_135_RN04.spr
DF6B9DD9	336400560	183450	32	151877	\spr\npcres\woman\FM_BD_133_RN04.spr
DF75D30C	336552437	36729	32	28914	\spr\npcres\man\MA_HD_140_WK04.spr
DF9C2355	336581351	100403	32	83043	\spr\npcres\man\MA_RH_130_AT03.spr
DFA4D0D4	336664394	34055	32	27058	\spr\npcres\woman\FM_RH_141_RN03.spr
DFAA2249	336691452	104160	32	87650	\spr\npcres\man\MA_RW_194_HA02.spr
DFADBBF5	336779102	41688	32	34610	\spr\npcres\woman\FM_HR_140_RN04.spr
DFADC946	336813712	115532	32	102833	\spr\npcres\woman\FM_RW_196_HD01.spr
DFE64587	336916545	29029	32	22156	\spr\npcres\woman\FM_RH_131_HA02.spr
DFF39FB0	336938701	124037	32	104792	\spr\npcres\man\MA_BD_140_ZZ01.spr
DFFB3B45	337043493	252123	32	206012	\spr\npcres\man\MA_BD_128_AT07.spr
E007B0CB	337249505	25930	32	20732	\spr\npcres\woman\FM_RH_131_DE01.spr
E007B8D1	337270237	58463	32	45813	\spr\npcres\woman\FM_HR_143_ZZ01.spr
E01A6874	337316050	36986	32	30427	\spr\npcres\man\MA_HD_130_WK04.spr
E02A6B44	337346477	50464	32	41888	\spr\npcres\man\MA_RH_135_MG04.spr
E030E5C5	337388365	309813	32	252352	\spr\npcres\man\MA_BD_132_AT01.spr
E03E9D42	337640717	26865	32	17752	\spr\npcres\woman\FM_HD_133_ST04.spr
E06A9818	337658469	39900	32	30172	\spr\npcres\woman\FM_HR_130_ST04.spr
E06CC602	337688641	51144	32	42327	\spr\npcres\woman\FM_HR_130_DE02.spr
E07C31EF	337730968	73499	32	59600	\spr\npcres\man\MA_RH_129_HR01.spr
E08B3802	337790568	53847	32	47433	\spr\npcres\man\MA_RH_135_AT03.spr
E09582F2	337838001	89458	32	74506	\spr\npcres\woman\FM_LH_135_AT06.spr
E0B74259	337912507	34552	32	29419	\spr\npcres\woman\FM_HD_130_WK04.spr
E0B9759D	337941926	47144	32	37413	\spr\npcres\man\MA_LH_139_IJ03.spr
E0BDA995	337979339	178328	32	143295	\spr\npcres\woman\FM_BD_153_WK02.spr
E0CDFA60	338122634	30298	32	22108	\spr\npcres\woman\FM_LH_141_ST04.spr
E0DA7074	338144742	66830	32	57711	\spr\npcres\woman\FM_RH_153_AT03.spr
E0E10DE4	338202453	23317	32	19046	\spr\npcres\woman\FM_HD_141_ZZ01.spr
E0E1DCB7	338221499	107820	32	87439	\spr\npcres\woman\FM_RW_184_HM01.spr
E0E605C2	338308938	170782	32	138209	\spr\npcres\woman\FM_BD_131_ZZ01.spr
E1037FE9	338447147	97201	32	85515	\spr\npcres\man\MA_RW_196_DE02.spr
E109A3E0	338532662	111348	32	92359	\spr\npcres\woman\FM_RW_190_HW01.spr
E111B053	338625021	27407	32	22370	\spr\npcres\man\MA_HD_130_ST05.spr
E1204F6B	338647391	43827	32	36741	\spr\npcres\man\MA_RH_128_AT06.spr
E1254056	338684132	16915	32	14137	\spr\npcres\woman\FM_RH_140_IJ04.spr
E1309A68	338698269	40474	32	33777	\spr\npcres\man\MA_HR_140_RN02.spr
E139EBF4	338732046	54079	32	43631	\spr\npcres\woman\FM_HR_132_AT02.spr
E13DCF71	338775677	31061	32	26515	\spr\npcres\woman\FM_HR_153_HD01.spr
E142E020	338802192	205428	32	149076	\spr\npcres\woman\FM_BD_143_HM01.spr
E1481765	338951268	114831	32	91175	\spr\npcres\man\MA_RH_129_WK02.spr
E14CE14B	339042443	20244	32	16147	\spr\npcres\woman\FM_HD_142_MG05.spr
E14E6DC9	339058590	58380	32	47049	\spr\npcres\woman\FM_LH_135_MG03.spr
E15C296F	339105639	163994	32	118370	\spr\npcres\woman\FM_BD_132_MG05.spr
E15D7679	339224009	29554	32	23441	\spr\npcres\woman\FM_RH_140_HR01.spr
E17703B4	339247450	114862	32	93052	\spr\npcres\woman\FM_LW_184_HD01.spr
E18246D4	339340502	34327	32	25628	\spr\npcres\woman\FM_HD_135_AT02.spr
E1868AE8	339366130	200011	32	155263	\spr\npcres\woman\FM_BD_140_AT04.spr
E1965B9E	339521393	138453	32	121211	\spr\npcres\man\MA_BD_130_ZZ01.spr
E1A8BBC5	339642604	90097	32	76354	\spr\npcres\man\MA_RH_139_MG05.spr
E1D116FF	339718958	228653	32	191548	\spr\npcres\man\MA_BD_129_AT05.spr
E1D9D5D5	339910506	263036	32	220212	\spr\npcres\man\MA_BD_132_MG01.spr
E1DC0215	340130718	46927	32	40085	\spr\npcres\woman\FM_HR_131_RN03.spr
E1DC3EAA	340170803	34676	32	26797	\spr\npcres\woman\FM_LH_130_IJ03.spr
E1E4A354	340197600	83801	32	65739	\spr\npcres\woman\FM_RH_132_RN02.spr
E1EFA689	340263339	35019	32	28843	\spr\npcres\woman\FM_HD_129_HA02.spr
E1F0F028	340292182	55128	32	43224	\spr\npcres\woman\FM_LH_143_AT02.spr
E1FF626D	340335406	37533	32	31287	\spr\npcres\woman\FM_HD_130_AT02.spr
E2012E84	340366693	46222	32	40228	\spr\npcres\man\MA_RH_135_AT04.spr
E2061FB2	340406921	27593	32	22043	\spr\npcres\man\MA_HD_138_ZZ01.spr
E20C8D94	340428964	75274	32	63485	\spr\npcres\woman\FM_RH_153_AT04.spr
E224E65C	340492449	50515	32	31499	\spr\npcres\man\MA_LH_140_ST01.spr
E22F3A9B	340523948	29519	32	25274	\spr\npcres\man\MA_HD_130_HA01.spr
E237781F	340549222	72996	32	60306	\spr\npcres\man\MA_LH_139_IJ04.spr
E23958F8	340609528	45439	32	37340	\spr\npcres\man\MA_LH_129_HI01.spr
E24E80EA	340646868	40660	32	34045	\spr\npcres\man\MA_HR_140_RN03.spr
E25074D4	340680913	21487	32	18944	\spr\npcres\man\MA_HR_129_IJ01.spr
E25C5BE6	340699857	141100	32	100420	\spr\npcres\woman\FM_BD_131_ST01.spr
E25F4272	340800277	19315	32	14815	\spr\npcres\woman\FM_HD_141_ST01.spr
E26C2514	340815092	60458	32	48290	\spr\npcres\woman\FM_HR_132_AT03.spr
E2703780	340863382	17256	32	12886	\spr\npcres\woman\FM_LH_141_ST05.spr
E27088B2	340876268	95993	32	81738	\spr\npcres\woman\FM_RW_198_RN02.spr
E2866D9C	340958006	74146	32	59401	\spr\npcres\man\MA_LH_139_RN01.spr
E29E7ED0	341017407	184961	32	152653	\spr\npcres\man\MA_BD_150_RN01.spr
E2AFA6D5	341170060	27397	32	22116	\spr\npcres\man\MA_HD_130_ST06.spr
E2B3F14E	341192176	62459	32	49561	\spr\npcres\woman\FM_LH_135_HR01.spr
E2B6CE8E	341241737	25877	32	21107	\spr\npcres\man\MA_RH_140_ZZ01.spr
E2BE75ED	341262844	34730	32	28956	\spr\npcres\man\MA_RH_128_AT07.spr
E2C61DE7	341291800	114356	32	86039	\spr\npcres\man\MA_RH_129_WK03.spr
E2C9C408	341377839	188079	32	140575	\spr\npcres\woman\FM_BD_140_AT05.spr
E2CBFFF1	341518414	29533	32	23047	\spr\npcres\man\MA_HD_140_HW01.spr
E2F0A7E9	341541461	69436	32	57565	\spr\npcres\woman\FM_LH_135_MG04.spr
E2F33B3F	341599026	83348	32	66357	\spr\npcres\man\MA_HR_138_ST01.spr
E30748CA	341665383	35387	32	28242	\spr\npcres\woman\FM_LH_130_IJ04.spr
E3075C35	341693625	46753	32	40107	\spr\npcres\woman\FM_HR_131_RN04.spr
E317F0CA	341733732	40698	32	29804	\spr\npcres\man\MA_RH_128_HW01.spr
E321BF8D	341763536	36975	32	31464	\spr\npcres\woman\FM_HD_130_AT03.spr
E32512F1	341795000	57425	32	50567	\spr\npcres\woman\FM_RH_153_MG01.spr
E3280FE5	341845567	119651	32	100428	\spr\npcres\man\MA_RW_195_HA01.spr
E32FFD74	341945995	83801	32	65618	\spr\npcres\woman\FM_RH_132_RN03.spr
E33490F4	342011613	34255	32	26773	\spr\npcres\woman\FM_HD_135_AT03.spr
E33B0A48	342038386	57296	32	46023	\spr\npcres\woman\FM_LH_143_AT03.spr
E3461F6B	342084409	67003	32	52051	\spr\npcres\woman\FM_RW_197_ST02.spr
E357D857	342136460	214805	32	163416	\spr\npcres\man\MA_BD_132_MG02.spr
E35D083F	342299876	27805	32	20063	\spr\npcres\woman\FM_HR_135_ST04.spr
E36F1D71	342319939	296655	32	245751	\spr\npcres\man\MA_BD_129_AT06.spr
E370FB7A	342565690	130593	32	103845	\spr\npcres\man\MA_RW_195_RD01.spr
E37D70B1	342669535	85448	32	69275	\spr\npcres\woman\FM_RW_193_RN02.spr
E37F99F8	342738810	83933	32	69381	\spr\npcres\woman\FM_RW_184_DE04.spr
E3804BB5	342808191	71655	32	59570	\spr\npcres\man\MA_RH_139_AT05.spr
E3887FE9	342867761	46801	32	36587	\spr\npcres\woman\FM_RH_133_WK03.spr
E39E1F68	342904348	13851	32	10740	\spr\npcres\woman\FM_RH_143_HI01.spr
E3B63234	342915088	97278	32	80574	\spr\npcres\man\MA_LH_132_AT06.spr
E3BF4AAD	342995662	57051	32	44613	\spr\npcres\woman\FM_LH_130_HR01.spr
E3C0888F	343040275	21530	32	17321	\spr\npcres\man\MA_HD_132_RN01.spr
E3C794F7	343057596	2907	32	2851	\spr\item\equip\sash\obj-sash124.spr
E3CF6E89	343060447	25090	32	17606	\spr\npcres\woman\FM_LH_129_HW01.spr
E3D7D3B0	343078053	112692	32	91808	\spr\npcres\man\MA_RW_190_HW01.spr
E3D8AD71	343169861	132705	32	109564	\spr\npcres\woman\FM_BD_143_DE04.spr
E3DB6A43	343279425	18626	32	16036	\spr\npcres\woman\FM_HD_153_DE04.spr
E3DDA34C	343295461	85557	32	62041	\spr\npcres\man\MA_RH_129_ST04.spr
E3DE2F5C	343357502	88031	32	74113	\spr\npcres\woman\FM_RW_194_WK02.spr
E3E1AFEF	343431615	192447	32	151022	\spr\npcres\woman\FM_BD_140_MG02.spr
E3E33592	343582637	28438	32	24142	\spr\npcres\man\MA_HR_150_DE02.spr
E3EECA41	343606779	167034	32	136307	\spr\npcres\man\MA_RW_186_RN03.spr
E3F9772D	343743086	59606	32	45113	\spr\npcres\woman\FM_LH_142_RN04.spr
E412B543	343788199	76744	32	62686	\spr\npcres\man\MA_RH_139_MG04.spr
E416BF2D	343850885	26979	32	22628	\spr\npcres\woman\FM_LH_134_RN06.spr
E41A572B	343873513	24219	32	18851	\spr\npcres\woman\FM_HD_142_MG04.spr
E41BD3A9	343892364	76304	32	61052	\spr\npcres\woman\FM_LH_135_MG02.spr
E41D0D11	343953416	67995	32	56151	\spr\npcres\man\MA_LH_150_RN04.spr
E4299F4F	344009567	196969	32	154414	\spr\npcres\woman\FM_BD_132_MG04.spr
E43260E3	344163981	111820	32	91057	\spr\npcres\man\MA_RH_129_WK01.spr
E44DA608	344255038	55818	32	43507	\spr\npcres\woman\FM_LH_143_AT01.spr
E45B607D	344298545	224620	32	191039	\spr\npcres\man\MA_BD_129_AT04.spr
E45C70C8	344489584	199675	32	160463	\spr\npcres\woman\FM_BD_140_AT03.spr
E45F0CB4	344650047	31695	32	23812	\spr\npcres\woman\FM_HD_135_AT01.spr
E476ACA5	344673859	22164	32	17130	\spr\npcres\woman\FM_RH_129_RN04.spr
E4849E1B	344690989	103405	32	77250	\spr\npcres\man\MA_RW_195_ST04.spr
E485CA78	344768239	65252	32	51607	\spr\npcres\woman\FM_RH_142_HA02.spr
E48808AA	344819846	355815	32	301306	\spr\npcres\man\MA_BD_137_JP01.spr
E49F16E0	345121152	152668	32	133394	\spr\npcres\woman\FM_LW_187_RN04.spr
E4A21930	345254546	70462	32	59402	\spr\npcres\man\MA_LH_132_AT04.spr
E4A56D69	345313948	30427	32	25101	\spr\npcres\woman\FM_HD_129_HA01.spr
E4A66E3A	345339049	165947	32	139503	\spr\npcres\man\MA_RW_188_HA02.spr
E4A9C8F5	345478552	46920	32	40101	\spr\npcres\woman\FM_HR_131_RN02.spr
E4A9E48A	345518653	49897	32	38495	\spr\npcres\woman\FM_LH_130_IJ02.spr
E4B26934	345557148	81197	32	63956	\spr\npcres\woman\FM_RH_132_RN01.spr
E4B4284D	345621104	34747	32	28711	\spr\npcres\woman\FM_HD_130_AT01.spr
E4C9B648	345649815	118091	32	78319	\spr\npcres\man\MA_RH_129_ST02.spr
E4CAEA09	345728134	58394	32	49091	\spr\npcres\man\MA_LH_140_JP01.spr
E4E6C73C	345777225	32144	32	26400	\spr\npcres\man\MA_HR_150_HM01.spr
E4E7A4FF	345803625	19542	32	15238	\spr\npcres\woman\FM_HR_135_ST02.spr
E4FC5EB1	345818863	81454	32	68508	\spr\npcres\man\MA_RH_139_AT03.spr
E503E3ED	345887371	54007	32	42919	\spr\npcres\woman\FM_LH_142_RN02.spr
E5067E40	345930290	43480	32	36796	\spr\npcres\man\MA_RH_135_MG02.spr
E5074811	345967086	58304	32	51699	\spr\npcres\woman\FM_LH_153_DE06.spr
E5106EF9	346018785	26487	32	21742	\spr\npcres\man\MA_HD_131_HM01.spr
E512EBA9	346040527	49827	32	39272	\spr\npcres\woman\FM_RH_133_WK01.spr
E53B1194	346079799	99483	32	81196	\spr\npcres\man\MA_RW_195_HR01.spr
E5410902	346160995	17716	32	12589	\spr\npcres\woman\FM_HD_133_ST02.spr
E55DFFF7	346173584	27289	32	23190	\spr\npcres\man\MA_HR_140_IJ03.spr
E563D931	346196774	200835	32	163559	\spr\npcres\woman\FM_BD_143_DE02.spr
E56405E6	346360333	31752	32	20764	\spr\npcres\woman\FM_LH_133_ST06.spr
E56D8603	346381097	27823	32	23556	\spr\npcres\woman\FM_HD_153_DE02.spr
E5767F70	346404653	36950	32	28647	\spr\npcres\man\MA_HD_130_WK02.spr
E57AD227	346433300	38595	32	27728	\spr\npcres\man\MA_HD_129_RN04.spr
E5827C33	346461028	31191	32	25121	\spr\npcres\man\MA_HR_135_ZZ01.spr
E5955899	346486149	55711	32	45868	\spr\npcres\man\MA_LH_139_IJ01.spr
E59AEA9F	346532017	38496	32	32456	\spr\npcres\man\MA_HD_139_DE03.spr
E5A24556	346564473	74693	32	60666	\spr\npcres\woman\FM_LH_132_HA01.spr
E5A4942D	346625139	39909	32	32815	\spr\npcres\man\MA_RH_131_RN04.spr
E5A87F15	346657954	45056	32	31291	\spr\npcres\woman\FM_HR_133_HW01.spr
E5B2BC49	346689245	43933	32	37603	\spr\npcres\man\MA_RH_128_MG05.spr
E5C2D291	346726848	2711	32	2485	\spr\item\equip\weapon\obj-sword55.spr
E5CE99FC	346729333	150715	32	130828	\spr\npcres\man\MA_LW_187_IJ04.spr
E5CEFCC2	346860161	257039	32	216515	\spr\npcres\woman\FM_BD_132_AT06.spr
E5D9FE19	347076676	34538	32	29418	\spr\npcres\woman\FM_HD_130_WK02.spr
E5E70F0E	347106094	66492	32	58279	\spr\npcres\man\MA_RH_135_AT01.spr
E5FD34D8	347164373	27963	32	22392	\spr\npcres\woman\FM_HR_130_ST02.spr
E60A4533	347186765	76988	32	62503	\spr\npcres\man\MA_RH_139_AT04.spr
E613C54B	347249268	85109	32	63266	\spr\npcres\woman\FM_RW_197_ST01.spr
E61BBCC6	347312534	25880	32	20342	\spr\npcres\woman\FM_RH_129_JP01.spr
E62AFE1F	347332876	19307	32	14108	\spr\npcres\woman\FM_HR_135_ST03.spr
E633F73C	347346984	18016	32	14809	\spr\npcres\man\MA_HR_130_HI01.spr
E6380FB2	347361793	65847	32	55649	\spr\npcres\man\MA_LH_132_AT05.spr
E64525C9	347417442	51514	32	39810	\spr\npcres\woman\FM_RH_133_WK02.spr
E647BCCA	347457252	75927	32	57711	\spr\npcres\man\MA_RH_129_ST03.spr
E6550F10	347514963	33637	32	28440	\spr\npcres\man\MA_HR_150_DE01.spr
E68C65F2	347543403	37173	32	30575	\spr\npcres\man\MA_HD_130_WK03.spr
E690D023	347573978	18283	32	15746	\spr\npcres\woman\FM_HD_153_DE03.spr
E6961351	347589724	137954	32	113104	\spr\npcres\woman\FM_BD_143_DE03.spr
E69C64C2	347702828	46600	32	40555	\spr\npcres\man\MA_RH_135_MG03.spr
E69D5AD7	347743383	2913	32	2650	\spr\item\equip\sash\obj-sash123.spr
E6B63D0D	347746033	51769	32	42036	\spr\npcres\woman\FM_LH_142_RN03.spr
E6BF15CF	347788069	192334	32	147802	\spr\npcres\woman\FM_BD_140_MG01.spr
E6D49F76	347935871	87782	32	70577	\spr\npcres\woman\FM_LH_132_HA02.spr
E6EBE269	348006448	42661	32	35991	\spr\npcres\man\MA_HR_140_IJ04.spr
E6F44322	348042439	17969	32	10596	\spr\npcres\woman\FM_HD_133_ST03.spr
E70B1C75	348053035	177053	32	141779	\spr\npcres\woman\FM_BD_153_WK01.spr
E70C0839	348194814	34457	32	29309	\spr\npcres\woman\FM_HD_130_WK03.spr
E7101E46	348224123	133980	32	105140	\spr\npcres\woman\FM_BD_130_HI01.spr
E7109111	348329263	42753	32	36367	\spr\npcres\man\MA_HD_139_DE04.spr
E71226E2	348365630	10939	32	9503	\spr\npcres\woman\FM_HD_140_HI01.spr
E71835E7	348375133	64471	32	50737	\spr\npcres\man\MA_HR_131_HD01.spr
E7204EF8	348425870	27023	32	20116	\spr\npcres\woman\FM_HR_130_ST03.spr
E721B05F	348445986	2179	32	2019	\spr\item\equip\weapon\obj-sword56.spr
E7234F1B	348448005	54025	32	43485	\spr\npcres\man\MA_LH_139_IJ02.spr
E72BB727	348491490	32165	32	27934	\spr\npcres\woman\FM_LH_153_HI01.spr
E7398CE2	348519424	43731	32	36371	\spr\npcres\woman\FM_HR_130_DE01.spr
E761CC54	348555795	24169	32	19496	\spr\npcres\woman\FM_HD_142_AT07.spr
E76348D2	348575291	66568	32	55453	\spr\npcres\woman\FM_LH_135_AT05.spr
E77136E2	348630744	175790	32	147487	\spr\npcres\woman\FM_BD_132_AT07.spr
E77D3580	348778231	62113	32	54287	\spr\npcres\man\MA_RH_135_AT02.spr
E792C246	348832518	114551	32	85142	\spr\npcres\woman\FM_LW_184_RD01.spr
E7972654	348917660	62720	32	53657	\spr\npcres\woman\FM_RH_153_AT02.spr
E79AA040	348971317	19392	32	11571	\spr\npcres\woman\FM_LH_141_ST03.spr
E79B8DD1	348982888	27236	32	21807	\spr\npcres\man\MA_HD_130_ST04.spr
E7A6133F	349004695	42982	32	35729	\spr\npcres\man\MA_HD_138_HA02.spr
E7AA58E9	349040424	34058	32	28319	\spr\npcres\man\MA_RH_128_AT05.spr
E7BA97F6	349068743	40475	32	33789	\spr\npcres\man\MA_HR_140_RN01.spr
E7C17FC2	349102532	99913	32	81936	\spr\npcres\man\MA_LH_132_MG05.spr
E7CD0B0F	349184468	92628	32	75392	\spr\npcres\man\MA_RW_194_HW01.spr
E7D70D5B	349259860	40207	32	32206	\spr\npcres\man\MA_RH_140_HA02.spr
E7F23636	349292066	17402	32	12919	\spr\npcres\woman\FM_RH_140_IJ03.spr
E7F751D4	349304985	55647	32	44895	\spr\npcres\woman\FM_HR_132_AT01.spr
E7F91FBF	349349880	299917	32	249839	\spr\npcres\man\MA_BD_129_MG05.spr
E80CE41D	349599719	27761	32	23841	\spr\npcres\man\MA_HD_139_DE02.spr
E81B8836	349623560	45738	32	36210	\spr\npcres\man\MA_HD_138_WK04.spr
E81EFFE2	349659770	21967	32	16537	\spr\npcres\woman\FM_HD_133_ST01.spr
E82489D7	349676307	38254	32	29830	\spr\npcres\man\MA_RH_128_MG04.spr
E82EE1AB	349706137	37798	32	30499	\spr\npcres\man\MA_RH_131_RN03.spr
E8316BD9	349736636	36558	32	29754	\spr\npcres\woman\FM_RH_141_HD01.spr
E831CBC6	349766390	30714	32	23382	\spr\npcres\woman\FM_LH_133_ST05.spr
E8388F11	349789772	193174	32	155040	\spr\npcres\woman\FM_BD_143_DE01.spr
E83B4CE3	349944812	24631	32	20400	\spr\npcres\woman\FM_HD_153_DE01.spr
E841868B	349965212	47619	32	38230	\spr\npcres\woman\FM_HD_134_MG06.spr
E84AFAB8	350003442	34376	32	27457	\spr\npcres\woman\FM_HR_130_ST01.spr
E869FC12	350030899	141438	32	115340	\spr\npcres\woman\FM_RW_186_HR01.spr
E885AFF5	350146239	40382	32	33563	\spr\npcres\man\MA_RH_128_AT03.spr
E8949A8C	350179802	68243	32	57759	\spr\npcres\man\MA_RH_150_MG07.spr
E896A4F9	350237561	34451	32	29284	\spr\npcres\woman\FM_HD_130_WK01.spr
E896CCF2	350266845	74515	32	60246	\spr\npcres\woman\FM_RW_193_HR01.spr
E89BA2A2	350327091	193388	32	155872	\spr\npcres\woman\FM_BD_132_AT05.spr
E8AB3B2D	350482963	29740	32	20353	\spr\npcres\woman\FM_HR_129_WK04.spr
E8B442DC	350503316	47020	32	35908	\spr\npcres\man\MA_RH_140_WK04.spr
E8BC8A93	350539224	31451	32	19757	\spr\npcres\woman\FM_LH_131_RD01.spr
E8D562BB	350558981	226625	32	190140	\spr\npcres\man\MA_BD_129_MG03.spr
E8DDA5EC	350749121	183712	32	149524	\spr\npcres\man\MA_BD_140_AT07.spr
E8F47814	350898645	24063	32	18396	\spr\npcres\woman\FM_HD_142_AT05.spr
E8F5E492	350917041	72604	32	59454	\spr\npcres\woman\FM_LH_135_AT03.spr
E8F790DD	350976495	36629	32	29313	\spr\npcres\man\MA_HD_130_ST02.spr
E904A2F6	351005808	22915	32	18563	\spr\npcres\woman\FM_RH_140_IJ01.spr
E909101D	351024371	67228	32	55636	\spr\npcres\man\MA_LH_150_RN02.spr
E90E984F	351080007	66660	32	55124	\spr\npcres\man\MA_RH_139_MG02.spr
E9132CC5	351135131	33560	32	26608	\spr\npcres\man\MA_HD_138_ST05.spr
E92A30CF	351161739	320481	32	277687	\spr\npcres\man\MA_BD_131_DE03.spr
E92DDC00	351439426	26358	32	17996	\spr\npcres\woman\FM_LH_141_ST01.spr
E93D42CE	351457422	70677	32	59637	\spr\npcres\man\MA_LH_132_MG03.spr
E9439F91	351517059	30637	32	21647	\spr\npcres\man\MA_RH_140_ST05.spr
E95FD518	351538706	35563	32	29853	\spr\npcres\woman\FM_RH_135_HI01.spr
E975A4FA	351568559	87907	32	76142	\spr\npcres\man\MA_RH_150_AT06.spr
E9814E8E	351644701	268991	32	158291	\spr\npcres\man\MA_BD_130_RD01.spr
E98F3E07	351802992	109629	32	92893	\spr\npcres\woman\FM_BD_135_DE04.spr
E999D965	351895885	24689	32	18289	\spr\npcres\woman\FM_RH_129_RN02.spr
E99E6C3C	351914174	91691	32	77637	\spr\npcres\man\MA_LH_132_AT02.spr
E9ACC3EB	351991811	24320	32	18238	\spr\npcres\woman\FM_HD_142_MG02.spr
E9B77779	352010049	298810	32	245317	\spr\npcres\man\MA_BD_129_AT02.spr
E9B893E9	352255366	227954	32	187483	\spr\npcres\man\MA_BD_130_HA01.spr
E9B92BED	352442849	28268	32	23148	\spr\npcres\woman\FM_LH_134_RN04.spr
E9BC0B0F	352465997	205247	32	162463	\spr\npcres\woman\FM_BD_132_MG02.spr
E9C7D4BB	352628460	28450	32	23137	\spr\npcres\woman\FM_HR_135_ZZ01.spr
E9CAD058	352651597	109704	32	88539	\spr\npcres\man\MA_BD_137_HI01.spr
E9D0D608	352740136	15812	32	12211	\spr\npcres\woman\FM_RH_143_ST05.spr
E9D5616E	352752347	77652	32	65754	\spr\npcres\man\MA_LH_129_AT07.spr
E9E6EC88	352818101	193007	32	152411	\spr\npcres\woman\FM_BD_140_AT01.spr
E9EFA5BD	352970512	107606	32	88230	\spr\npcres\man\MA_RH_139_AT01.spr
E9F0E527	353058742	140615	32	96907	\spr\npcres\man\MA_RW_195_ST02.spr
EA060093	353155649	116913	32	99364	\spr\npcres\man\MA_RW_196_HM01.spr
EA0D875F	353255013	27187	32	21976	\spr\npcres\man\MA_HD_130_ST03.spr
EA11C4B1	353276989	28187	32	22500	\spr\npcres\woman\FM_LH_131_HD01.spr
EA1C5277	353299489	35523	32	29098	\spr\npcres\man\MA_RH_128_AT04.spr
EA286CBD	353328587	36608	32	30692	\spr\npcres\man\MA_HD_138_HA01.spr
EA383EB2	353359279	73034	32	61172	\spr\npcres\woman\FM_LH_135_AT04.spr
EA3EB234	353420451	32020	32	25324	\spr\npcres\woman\FM_HD_142_AT06.spr
EA4B4940	353445775	71574	32	59795	\spr\npcres\man\MA_LH_132_MG04.spr
EA4FFC16	353505570	24498	32	19639	\spr\npcres\woman\FM_RH_140_IJ02.spr
EA501620	353525209	20816	32	13336	\spr\npcres\woman\FM_LH_141_ST02.spr
EA5906D9	353538545	34336	32	28081	\spr\npcres\man\MA_RH_140_HA01.spr
EA63693D	353566626	252403	32	202970	\spr\npcres\man\MA_BD_129_MG04.spr
EA6CEC34	353769596	62931	32	53656	\spr\npcres\woman\FM_RH_153_AT01.spr
EA7102A2	353823252	42747	32	29881	\spr\npcres\man\MA_HD_138_RD01.spr
EA775EE4	353853133	138204	32	114544	\spr\npcres\man\MA_RW_195_WK02.spr
EA83AB7C	353967677	63198	32	55064	\spr\npcres\man\MA_RH_150_AT07.spr
EA848EC1	354022741	82364	32	65917	\spr\npcres\man\MA_RH_139_MG03.spr
EA87069F	354088658	65094	32	52322	\spr\npcres\man\MA_LH_150_RN03.spr
EA8E5F41	354140980	93271	32	80437	\spr\npcres\woman\FM_RW_189_HI01.spr
EA9AC174	354221417	232872	32	193903	\spr\npcres\man\MA_RW_189_DE03.spr
EAA02741	354415320	315241	32	274289	\spr\npcres\man\MA_BD_131_DE04.spr
EAA1F27E	354689609	43108	32	28942	\spr\npcres\man\MA_RH_140_RD01.spr
EAA9D347	354718551	33669	32	26423	\spr\npcres\man\MA_HD_138_ST06.spr
EAB3E26F	354744974	42764	32	34796	\spr\npcres\woman\FM_RW_292_WK02.spr
EACC1285	354779770	24687	32	18344	\spr\npcres\woman\FM_RH_129_RN03.spr
EACD7DFB	354798114	260556	32	220155	\spr\npcres\man\MA_BD_129_AT03.spr
EAD09989	355018269	75797	32	61714	\spr\npcres\woman\FM_LH_135_MG01.spr
EAD6B9BB	355079983	52355	32	47012	\spr\npcres\woman\FM_RW_196_HI01.spr
EAD71D0B	355126995	20399	32	14216	\spr\npcres\woman\FM_HD_142_MG03.spr
EAD98213	355141211	30098	32	21940	\spr\npcres\man\MA_RH_140_ST06.spr
EAE7452F	355163151	153100	32	120759	\spr\npcres\woman\FM_BD_132_MG03.spr
EAEC650D	355283910	29962	32	24435	\spr\npcres\woman\FM_LH_134_RN05.spr
EAFD2C9E	355308345	105735	32	87461	\spr\npcres\man\MA_RW_186_IJ03.spr
EB1412BE	355395806	81655	32	68693	\spr\npcres\man\MA_LH_132_AT03.spr
EB1B6028	355464499	14815	32	8560	\spr\npcres\woman\FM_RH_143_ST06.spr
EB287BB8	355473059	155594	32	129405	\spr\npcres\man\MA_RW_188_HA01.spr
EB2926A8	355602464	195288	32	149067	\spr\npcres\woman\FM_BD_140_AT02.spr
EB36866B	355751531	265809	32	218415	\spr\npcres\man\MA_BD_130_HA02.spr
EB4AE5FD	355969946	79294	32	62757	\spr\npcres\man\MA_RW_291_ST09.spr
EB4F69AE	356032703	33664	32	27804	\spr\npcres\woman\FM_LH_134_JP01.spr
EB52B058	356060507	58242	32	45916	\spr\npcres\woman\FM_RH_142_HA01.spr
EB65A83F	356106423	93306	32	77611	\spr\npcres\man\MA_RH_139_AT02.spr
EB66AB6A	356184034	49103	32	38467	\spr\npcres\woman\FM_LH_130_IJ01.spr
EB66BED5	356222501	46403	32	40076	\spr\npcres\woman\FM_HR_131_RN01.spr
EB7111AD	356262577	169884	32	136166	\spr\npcres\man\MA_RW_188_RD01.spr
EB884BCE	356398743	58787	32	51798	\spr\npcres\man\MA_RH_135_MG01.spr
EBA93E2E	356450541	51031	32	41320	\spr\npcres\woman\FM_HD_134_AT09.spr
EBB383D6	356491861	118975	32	80105	\spr\npcres\man\MA_RH_129_ST01.spr
EBBD6ADF	356571966	23831	32	18889	\spr\npcres\woman\FM_HR_135_ST01.spr
EBC7C975	356590855	31410	32	26356	\spr\npcres\man\MA_HR_140_IJ02.spr
EBD8A9CD	356617211	55584	32	43587	\spr\npcres\woman\FM_LH_142_RN01.spr
EBEC2FA5	356660798	40178	32	29324	\spr\npcres\man\MA_HD_129_RN03.spr
EBF848FE	356690122	37180	32	30621	\spr\npcres\man\MA_HD_130_WK01.spr
EC0079BA	356720743	104379	32	87561	\spr\npcres\man\MA_LH_132_AT01.spr
EC033069	356808304	16423	32	13684	\spr\npcres\woman\FM_HR_134_HI01.spr
EC090124	356821988	41770	32	32938	\spr\npcres\man\MA_HD_129_IJ04.spr
EC09F1EF	356854926	199613	32	164584	\spr\npcres\woman\FM_BD_132_MG01.spr
EC13035A	357019510	73608	32	59229	\spr\npcres\woman\FM_LH_153_HM01.spr
EC19B49F	357078739	21114	32	17582	\spr\npcres\woman\FM_HD_140_HM01.spr
EC264CCF	357096321	98670	32	84386	\spr\npcres\man\MA_RW_291_HA02.spr
EC2D4A13	357180707	48075	32	36976	\spr\npcres\woman\FM_LH_142_MG05.spr
EC35E91F	357217683	31937	32	21844	\spr\npcres\man\MA_RH_140_ST04.spr
EC394007	357239527	330785	32	276931	\spr\npcres\man\MA_BD_129_AT01.spr
EC3B4B1C	357516458	30852	32	24946	\spr\npcres\man\MA_HD_138_HR01.spr
EC44E4E7	357541404	117127	32	98301	\spr\npcres\woman\FM_BD_135_DE03.spr
EC546888	357639705	29090	32	23282	\spr\npcres\man\MA_RH_140_HR01.spr
EC568F45	357662987	22730	32	17309	\spr\npcres\woman\FM_RH_129_RN01.spr
EC5F7AEC	357680296	105883	32	86864	\spr\npcres\man\MA_LH_129_AT06.spr
EC7691CD	357767160	29834	32	24177	\spr\npcres\woman\FM_LH_134_RN03.spr
EC7989CB	357791337	24309	32	18973	\spr\npcres\woman\FM_HD_142_MG01.spr
EC7AFEA5	357810310	138112	32	108454	\spr\npcres\man\MA_RW_195_ST01.spr
ECA368A1	357918764	218028	32	163874	\spr\npcres\man\MA_BD_130_ST05.spr
ECAD9CE8	358082638	27428	32	18604	\spr\npcres\woman\FM_RH_143_ST04.spr
ECD3FC92	358101242	13481	32	11911	\spr\npcres\woman\FM_HD_132_HI01.spr
ECD832A1	358113153	38831	32	28102	\spr\npcres\man\MA_HD_129_RN01.spr
ECDDE40E	358141255	35027	32	29292	\spr\npcres\man\MA_HD_137_AT06.spr
ECE04104	358170547	212484	32	175784	\spr\npcres\woman\FM_BD_131_JP01.spr
ECEBF3DE	358346331	129634	32	109790	\spr\npcres\woman\FM_RW_190_HA02.spr
ED078831	358456121	29010	32	24216	\spr\npcres\man\MA_HD_139_HM01.spr
ED109CD3	358480337	31712	32	25673	\spr\npcres\man\MA_RH_128_MG02.spr
ED137DE6	358506010	50613	32	40941	\spr\npcres\woman\FM_HR_140_RD01.spr
ED1AF4B7	358546951	40055	32	32973	\spr\npcres\man\MA_RH_131_RN01.spr
ED256589	358579924	37380	32	28666	\spr\npcres\woman\FM_RH_140_WK04.spr
ED33AAEE	358608590	25405	32	20902	\spr\npcres\woman\FM_HD_134_AT07.spr
ED3B5541	358629492	130494	32	105616	\spr\npcres\man\MA_RW_188_HR01.spr
ED446786	358735108	31629	32	21674	\spr\npcres\woman\FM_LH_133_ST03.spr
ED64EABE	358756782	123863	32	98365	\spr\npcres\man\MA_BD_132_IJ03.spr
ED66AAB1	358855147	52428	32	46651	\spr\npcres\woman\FM_LH_153_DE03.spr
ED6A2596	358901798	160694	32	110765	\spr\npcres\woman\FM_BD_130_ST05.spr
ED6B83E2	359012563	14840	32	11222	\spr\npcres\woman\FM_HD_140_ST05.spr
ED6FA274	359023785	49237	32	42496	\spr\npcres\woman\FM_HR_131_AT07.spr
ED779F32	359066281	45639	32	32935	\spr\npcres\man\MA_HD_138_WK02.spr
ED80E188	359099216	81114	32	72279	\spr\npcres\man\MA_RH_150_MG05.spr
ED8141A9	359171495	56809	32	47024	\spr\npcres\woman\FM_RW_193_IJ02.spr
ED94ACB4	359218519	41396	32	33376	\spr\npcres\man\MA_HR_135_HA01.spr
ED9B167B	359251895	74301	32	60039	\spr\npcres\man\MA_RH_139_RN04.spr
EDA7A9D8	359311934	47053	32	35030	\spr\npcres\man\MA_RH_140_WK02.spr
EDAB4253	359346964	24340	32	21336	\spr\npcres\woman\FM_HR_131_IJ04.spr
EDB3E62A	359368300	103981	32	88668	\spr\npcres\man\MA_RW_194_AT03.spr
EDB3F1BC	359456968	44746	32	34133	\spr\npcres\woman\FM_RH_132_IJ03.spr
EDC149C7	359491101	274739	32	236833	\spr\npcres\man\MA_BD_129_MG01.spr
EDC28892	359727934	57502	32	44611	\spr\npcres\woman\FM_LH_142_AT07.spr
EDC34B86	359772545	38799	32	33966	\spr\npcres\woman\FM_HR_131_HR01.spr
EDC45E0B	359806511	2668	32	2540	\spr\item\equip\nick\obj-neck122.spr
EDC988E8	359809051	189030	32	152936	\spr\npcres\man\MA_BD_140_AT05.spr
EDD4334B	359961987	25190	32	20254	\spr\npcres\woman\FM_HD_134_MG04.spr
EDD437A9	359982241	76703	32	61353	\spr\npcres\man\MA_LH_130_ZZ01.spr
EDDC2C9D	360043594	72608	32	55732	\spr\npcres\woman\FM_LH_130_WK03.spr
EDE2DB46	360099326	14182	32	11133	\spr\npcres\woman\FM_LH_140_HI01.spr
EDE80C93	360110459	195858	32	171625	\spr\npcres\man\MA_RW_187_AT06.spr
EDEF9FA2	360282084	36004	32	28937	\spr\npcres\man\MA_HR_130_AT07.spr
EDF1B2F1	360311021	49857	32	41297	\spr\npcres\man\MA_RH_128_AT01.spr
EDFD6323	360352318	48203	32	36834	\spr\npcres\man\MA_HR_135_RD01.spr
EE133BC0	360389152	144257	32	114671	\spr\npcres\man\MA_RW_188_ST05.spr
EE391F23	360503823	217574	32	158796	\spr\npcres\man\MA_BD_130_ST06.spr
EE3CFF7B	360662619	72042	32	56645	\spr\npcres\man\MA_RW_291_ST08.spr
EE49C2F3	360719264	31886	32	27297	\spr\npcres\man\MA_HR_140_IJ01.spr
EE563923	360746561	38814	32	28113	\spr\npcres\man\MA_HD_129_RN02.spr
EE5C2CE5	360774674	40845	32	27737	\spr\npcres\woman\FM_RH_141_RD01.spr
EE66E40E	360802411	63307	32	49890	\spr\npcres\woman\FM_HD_134_AT08.spr
EE6BEA80	360852301	26613	32	22196	\spr\npcres\man\MA_HD_137_AT07.spr
EE7480E1	360874497	20184	32	16804	\spr\npcres\man\MA_LH_140_HI01.spr
EE8D85B4	360891301	45609	32	36389	\spr\npcres\man\MA_HD_138_WK03.spr
EE8EA01F	360927690	86967	32	58111	\spr\npcres\woman\FM_RW_186_IJ03.spr
EE8EB1A6	360985801	50927	32	38221	\spr\npcres\woman\FM_LH_133_ST04.spr
EE90FB29	361024022	41066	32	33237	\spr\npcres\man\MA_RH_131_RN02.spr
EE9818D2	361057259	30347	32	25405	\spr\npcres\man\MA_HR_139_ZZ01.spr
EE9D7FB6	361082664	137296	32	87908	\spr\npcres\woman\FM_BD_130_ST06.spr
EE9EDD02	361170572	14531	32	9141	\spr\npcres\woman\FM_HD_140_ST06.spr
EEA0B9CE	361179713	27149	32	21479	\spr\npcres\woman\FM_HD_133_ZZ01.spr
EEA48F98	361201192	100399	32	54450	\spr\npcres\woman\FM_RW_198_MG03.spr
EEA9E4D1	361255642	49999	32	44489	\spr\npcres\woman\FM_LH_153_DE04.spr
EEAE8355	361300131	35834	32	29272	\spr\npcres\man\MA_RH_128_MG03.spr
EEBF43F4	361329403	32028	32	26842	\spr\npcres\woman\FM_HD_143_HD01.spr
EEC3DE74	361356245	30471	32	27110	\spr\npcres\man\MA_HR_138_HI01.spr
EECE50BD	361383355	26301	32	21299	\spr\npcres\man\MA_HD_137_HW01.spr
EEE60BDC	361404654	41578	32	34035	\spr\npcres\woman\FM_RH_132_IJ04.spr
EEF29130	361438689	215599	32	176186	\spr\npcres\man\MA_BD_132_IJ04.spr
EEF6F19B	361614875	30822	32	26346	\spr\npcres\man\MA_HD_139_DE01.spr
EF0766BD	361641221	72361	32	54846	\spr\npcres\woman\FM_LH_130_WK04.spr
EF0FB973	361696067	46725	32	38286	\spr\npcres\man\MA_RH_128_AT02.spr
EF10A74E	361734353	32898	32	27614	\spr\npcres\man\MA_HD_150_DE06.spr
EF15F43D	361761967	222930	32	194768	\spr\npcres\man\MA_BD_138_HD01.spr
EF1E0DBF	361956735	63850	32	50571	\spr\npcres\woman\FM_RH_132_HR01.spr
EF1F4D6B	362007306	20940	32	17279	\spr\npcres\woman\FM_HD_134_MG05.spr
EF235336	362024585	47259	32	38430	\spr\npcres\man\MA_HR_135_HA02.spr
EF3E5C5A	362063015	42153	32	31336	\spr\npcres\man\MA_RH_140_WK03.spr
EF412EF4	362094351	26186	32	20653	\spr\npcres\woman\FM_HD_142_AT04.spr
EF42AB72	362115004	71449	32	58449	\spr\npcres\woman\FM_LH_135_AT02.spr
EF47BF6A	362173453	252816	32	201012	\spr\npcres\man\MA_BD_140_AT06.spr
EF4B4841	362374465	41913	32	35103	\spr\npcres\woman\FM_HR_131_MG05.spr
EF501E32	362409568	107170	32	87304	\spr\npcres\woman\FM_BD_129_IJ04.spr
EF516882	362496872	209985	32	177524	\spr\npcres\woman\FM_BD_132_AT04.spr
EF587196	362674396	33727	32	28099	\spr\npcres\man\MA_RH_137_ZZ01.spr
EF5F7C39	362702495	229168	32	184971	\spr\npcres\man\MA_BD_129_MG02.spr
EF60E10D	362887466	29586	32	20189	\spr\npcres\woman\FM_HR_129_WK03.spr
EF663315	362907655	148387	32	130545	\spr\npcres\man\MA_RW_187_AT07.spr
EF7175B6	363038200	167026	32	115925	\spr\npcres\woman\FM_BD_135_HM01.spr
EF79EA5B	363154125	36583	32	25682	\spr\npcres\man\MA_HD_130_ST01.spr
EF852643	363179807	33473	32	25666	\spr\npcres\man\MA_HD_138_ST04.spr
EF8700DB	363205473	163419	32	140343	\spr\npcres\woman\FM_RW_188_HA02.spr
EF880465	363345816	192587	32	155592	\spr\npcres\woman\FM_BD_129_HR01.spr
EF8DFB89	363501408	212399	32	169577	\spr\npcres\man\MA_RW_188_WK03.spr
EF9C0A4D	363670985	234957	32	204326	\spr\npcres\man\MA_BD_131_DE02.spr
EF9F8D43	363875311	231478	32	177786	\spr\npcres\woman\FM_BD_141_HW01.spr
EFA3263A	364053097	45443	32	35356	\spr\npcres\man\MA_HR_135_ST07.spr
EFA75C4C	364088453	69328	32	57493	\spr\npcres\man\MA_LH_132_MG02.spr
EFAEBF44	364145946	85486	32	71386	\spr\npcres\man\MA_RW_291_WK06.spr
EFB0E7E8	364217332	29040	32	22619	\spr\npcres\woman\FM_LH_141_ZZ01.spr
EFCC10BB	364239951	125681	32	106300	\spr\npcres\woman\FM_RW_195_HA02.spr
EFD8AA52	364346251	27591	32	21539	\spr\npcres\woman\FM_HR_153_HW01.spr
EFDF77A2	364367790	138298	32	120075	\spr\npcres\man\MA_RW_187_HW01.spr
EFF095CD	364487865	96457	32	79487	\spr\npcres\man\MA_RH_139_MG01.spr
EFF36D9B	364567352	67167	32	55911	\spr\npcres\man\MA_LH_150_RN01.spr
EFFFBE78	364623263	64621	32	56281	\spr\npcres\man\MA_RH_150_AT05.spr
F00B620F	364679544	38129	32	28504	\spr\npcres\woman\FM_HR_143_ST06.spr
F03184CB	364708048	44688	32	36769	\spr\npcres\woman\FM_HR_140_MG02.spr
F03361A8	364744817	220812	32	178741	\spr\npcres\woman\FM_BD_141_AT01.spr
F03BA455	364923558	67080	32	56420	\spr\npcres\woman\FM_RH_153_RN01.spr
F04B2B3F	364979978	106950	32	91255	\spr\npcres\man\MA_RW_197_AT03.spr
F0A331C1	365071233	77476	32	62732	\spr\npcres\man\MA_RW_200_RN05.spr
F0A4F5FB	365133965	47888	32	41880	\spr\npcres\man\MA_LH_135_RN05.spr
F0A6BEA5	365175845	40778	32	32688	\spr\npcres\woman\FM_RH_140_JP01.spr
F0BAA515	365208533	76389	32	51334	\spr\npcres\woman\FM_RH_142_RD01.spr
F0BF4C04	365259867	34125	32	28152	\spr\npcres\man\MA_LH_128_AT04.spr
F0C8303D	365288019	113971	32	93204	\spr\npcres\man\MA_BD_129_HI01.spr
F0D086CB	365381223	226446	32	105121	\spr\npcres\man\MA_BD_140_ST01.spr
F0D4F712	365486344	15822	32	10087	\spr\npcres\woman\FM_HD_141_ST06.spr
F0DB2616	365496431	32140	32	23736	\spr\npcres\woman\FM_LH_134_ST04.spr
F0E06DB4	365520167	104309	32	56923	\spr\npcres\woman\FM_RW_199_MG03.spr
F0E0CDF3	365577090	177060	32	146569	\spr\npcres\woman\FM_BD_140_RN02.spr
F0E9CC4C	365723659	36573	32	30876	\spr\npcres\man\MA_LH_140_HA01.spr
F0E9CC86	365754535	112019	32	73714	\spr\npcres\woman\FM_BD_131_ST06.spr
F0F62CD6	365828249	172829	32	123660	\spr\npcres\man\MA_RW_187_ST02.spr
F0FCA4B1	365951909	210371	32	169300	\spr\npcres\man\MA_BD_132_AT07.spr
F0FF498A	366121209	25420	32	20707	\spr\npcres\woman\FM_HD_134_ZZ01.spr
F1044ACB	366141916	60153	32	52813	\spr\npcres\man\MA_LH_135_MG01.spr
F112E955	366194729	48829	32	41926	\spr\npcres\man\MA_HR_139_DE03.spr
F1213456	366236655	253952	32	197784	\spr\npcres\woman\FM_BD_130_HA01.spr
F1328CFC	366434439	22307	32	18689	\spr\npcres\woman\FM_RH_133_IJ04.spr
F13B203E	366453128	17809	32	11784	\spr\npcres\woman\FM_RH_129_ST02.spr
F143EA79	366464912	90578	32	76821	\spr\npcres\woman\FM_LW_187_ST02.spr
F153F607	366541733	27493	32	19904	\spr\npcres\woman\FM_LH_131_WK04.spr
F1558996	366561637	192699	32	163895	\spr\npcres\man\MA_BD_131_IJ01.spr
F156239E	366725532	211650	32	164585	\spr\npcres\man\MA_BD_132_HW01.spr
F16AB22F	366890117	36660	32	30119	\spr\npcres\woman\FM_RH_133_HR01.spr
F16AB2D6	366920236	32114	32	23117	\spr\npcres\man\MA_LH_140_ST06.spr
F16CDC75	366943353	23840	32	19547	\spr\npcres\man\MA_HD_132_MG03.spr
F170D3B2	366962900	41589	32	34810	\spr\npcres\man\MA_HR_135_DE01.spr
F180F5CC	366997710	79677	32	61444	\spr\npcres\man\MA_LH_150_HW01.spr
F1826C87	367059154	27232	32	22461	\spr\npcres\woman\FM_HR_153_WK02.spr
F1892714	367081615	75450	32	62307	\spr\npcres\man\MA_HR_138_RD01.spr
F18D7732	367143922	56869	32	44451	\spr\npcres\woman\FM_LH_142_ZZ01.spr
F1923F11	367188373	47974	32	37808	\spr\npcres\woman\FM_HR_132_MG05.spr
F19CDE68	367226181	192226	32	159727	\spr\npcres\woman\FM_BD_133_AT04.spr
F19DA314	367385908	30890	32	25206	\spr\npcres\woman\FM_HD_143_AT04.spr
F1A0012F	367411114	60701	32	52919	\spr\npcres\man\MA_HR_138_HA01.spr
F1B7FBFE	367464033	91551	32	81095	\spr\npcres\man\MA_RH_135_AT09.spr
F1C18F71	367545128	210839	32	180098	\spr\npcres\woman\FM_RW_189_HA02.spr
F1CDF9E3	367725226	31452	32	25805	\spr\npcres\man\MA_HD_132_AT02.spr
F1D19069	367751031	51725	32	44757	\spr\npcres\man\MA_RH_137_DE03.spr
F1D5A829	367795788	206515	32	155177	\spr\npcres\woman\FM_BD_142_HW01.spr
F1D5B884	367950965	46772	32	39642	\spr\npcres\woman\FM_HR_140_AT04.spr
F1E0F5C2	367990607	88201	32	68002	\spr\npcres\woman\FM_BD_153_IJ03.spr
F1E45C0E	368058609	122206	32	101306	\spr\npcres\man\MA_LH_130_DE04.spr
F1F6F048	368159915	60436	32	46324	\spr\npcres\woman\FM_HR_143_HM01.spr
F20280E8	368206239	34693	32	29426	\spr\npcres\woman\FM_HD_130_RN01.spr
F2041EB3	368235665	53257	32	42805	\spr\npcres\woman\FM_LH_143_RN01.spr
F20E4B0F	368278470	77841	32	68274	\spr\npcres\woman\FM_RW_187_IJ04.spr
F20E7036	368346744	18630	32	14451	\spr\npcres\woman\FM_LH_134_ST05.spr
F2182DD3	368361195	60766	32	49919	\spr\npcres\woman\FM_RH_142_HD01.spr
F22B0713	368411114	174812	32	144324	\spr\npcres\woman\FM_BD_140_RN03.spr
F232F87D	368555438	43157	32	38195	\spr\npcres\man\MA_LH_135_RN06.spr
F2357286	368593633	32571	32	27181	\spr\npcres\man\MA_LH_128_AT05.spr
F2392443	368620814	74631	32	60385	\spr\npcres\man\MA_RW_200_RN06.spr
F2544E76	368681199	310066	32	237964	\spr\npcres\woman\FM_BD_130_HA02.spr
F2548E18	368919163	20855	32	15876	\spr\npcres\woman\FM_HD_134_ST01.spr
F2602909	368935039	15786	32	13364	\spr\npcres\man\MA_HD_150_IJ06.spr
F267F2CE	368948403	43376	32	35847	\spr\npcres\man\MA_LH_140_HA02.spr
F26DC16A	368984250	110657	32	90340	\spr\npcres\man\MA_LH_129_WK01.spr
F26E7A5E	369074590	14438	32	8451	\spr\npcres\woman\FM_RH_129_ST03.spr
F26E8D4D	369083041	226479	32	104814	\spr\npcres\man\MA_BD_140_ST02.spr
F28099AE	369187855	40188	32	33951	\spr\npcres\woman\FM_HR_131_ST01.spr
F286B131	369221806	99862	32	63902	\spr\npcres\man\MA_RH_150_ST01.spr
F28B5679	369285708	103448	32	73186	\spr\npcres\woman\FM_LH_132_RD01.spr
F28EC634	369358894	38400	32	31722	\spr\npcres\man\MA_HR_135_DE02.spr
F292714D	369390616	44260	32	37363	\spr\npcres\man\MA_LH_135_MG02.spr
F2A66482	369427979	115079	32	102576	\spr\npcres\woman\FM_RW_187_HR01.spr
F2A89FD7	369530555	55838	32	47549	\spr\npcres\man\MA_HR_139_DE04.spr
F2B6D993	369578104	103760	32	75308	\spr\npcres\man\MA_RH_132_RD01.spr
F2C0FD34	369653412	28647	32	22194	\spr\npcres\woman\FM_HD_143_AT05.spr
F2C76B88	369675606	170948	32	135421	\spr\npcres\woman\FM_BD_133_AT05.spr
F2E35C3C	369811027	77647	32	64522	\spr\npcres\woman\FM_RW_194_HR01.spr
F2E3BC08	369875549	173886	32	141390	\spr\npcres\man\MA_BD_131_IJ02.spr
F2E5D1B1	370016939	76738	32	62885	\spr\npcres\woman\FM_RH_153_MG07.spr
F2ED5E09	370079824	20445	32	16378	\spr\npcres\woman\FM_HD_131_WK01.spr
F2F84119	370096202	43178	32	34508	\spr\npcres\man\MA_RH_139_HI01.spr
F2FAC2F7	370130710	25769	32	20439	\spr\npcres\man\MA_HD_132_MG04.spr
F318F2A4	370151149	43578	32	36935	\spr\npcres\woman\FM_HR_140_AT05.spr
F32B0FE2	370188084	90177	32	72885	\spr\npcres\woman\FM_BD_153_IJ04.spr
F334A6A7	370260969	27231	32	22370	\spr\npcres\woman\FM_HR_153_WK03.spr
F33E37A1	370283339	70276	32	61492	\spr\npcres\man\MA_HR_138_HA02.spr
F34326EB	370344831	158831	32	126805	\spr\npcres\woman\FM_BD_153_HR01.spr
F344DDD3	370471636	31121	32	26002	\spr\npcres\woman\FM_HR_140_IJ02.spr
F35372B2	370497638	21223	32	17236	\spr\npcres\woman\FM_RH_141_IJ01.spr
F35A31CC	370514874	182613	32	152748	\spr\npcres\man\MA_BD_150_RN07.spr
F35BEC65	370667622	27428	32	22460	\spr\npcres\man\MA_HD_132_AT03.spr
F36F86EB	370690082	57927	32	49725	\spr\npcres\man\MA_RH_137_DE04.spr
F3731ABB	370739807	65242	32	57678	\spr\npcres\man\MA_LH_135_AT01.spr
F37A8D56	370797485	53222	32	38100	\spr\npcres\woman\FM_LH_142_ST01.spr
F3CDCAB9	370835585	218239	32	180526	\spr\npcres\man\MA_BD_139_RN02.spr
F3DD7846	371016111	50235	32	39190	\spr\npcres\man\MA_LH_128_MG05.spr
F3E32A23	371055301	26862	32	22508	\spr\npcres\man\MA_HR_129_RN04.spr
F3E45322	371077809	247634	32	223017	\spr\npcres\woman\FM_LW_200_MG06.spr
F3E53D31	371300826	32906	32	25604	\spr\npcres\man\MA_HD_137_ST02.spr
F3F69AAD	371326430	76817	32	61077	\spr\npcres\woman\FM_LH_135_RN04.spr
F3F9440B	371387507	28796	32	22550	\spr\npcres\woman\FM_HD_143_MG02.spr
F3FF45A6	371410057	46551	32	34634	\spr\npcres\man\MA_HR_130_WK02.spr
F3FFF36F	371444691	185677	32	149249	\spr\npcres\woman\FM_BD_133_MG02.spr
F4084A71	371593940	57237	32	48496	\spr\npcres\woman\FM_RH_153_MG05.spr
F40E65C8	371642436	57807	32	45104	\spr\npcres\woman\FM_LH_143_AT07.spr
F4195059	371687540	113749	32	97555	\spr\npcres\woman\FM_LW_187_ST01.spr
F41FC874	371785095	31710	32	25367	\spr\npcres\woman\FM_HD_135_AT07.spr
F428BCE7	371810462	21589	32	17073	\spr\npcres\woman\FM_LH_131_WK03.spr
F42A3F56	371827535	45021	32	37136	\spr\npcres\woman\FM_HR_132_HR01.spr
F439F57C	371864671	106473	32	94792	\spr\npcres\man\MA_RH_135_AT08.spr
F43F5C66	371959463	15104	32	12178	\spr\npcres\woman\FM_LH_141_HI01.spr
F45BEDF7	371971641	39469	32	33923	\spr\npcres\man\MA_RH_137_DE02.spr
F45FD367	372005564	27352	32	22209	\spr\npcres\woman\FM_HR_153_WK01.spr
F4698448	372027773	194277	32	158041	\spr\npcres\woman\FM_BD_133_AT03.spr
F46B69F4	372185814	31192	32	25041	\spr\npcres\woman\FM_HD_143_AT03.spr
F46DA98C	372210855	120560	32	98614	\spr\npcres\man\MA_LH_130_DE03.spr
F46FE5F1	372309469	57158	32	45084	\spr\npcres\woman\FM_HR_132_MG04.spr
F474970D	372354553	35116	32	30583	\spr\npcres\woman\FM_HD_130_AT07.spr
F479A8D3	372385136	70192	32	57551	\spr\npcres\man\MA_RH_132_HR01.spr
F484A1ED	372442687	93403	32	74306	\spr\npcres\man\MA_RW_291_HM01.spr
F493362E	372516993	82568	32	67740	\spr\npcres\woman\FM_RH_135_HA02.spr
F49F7551	372584733	195642	32	165779	\spr\npcres\woman\FM_RW_189_HA01.spr
F4A36F64	372750512	46997	32	39216	\spr\npcres\woman\FM_HR_140_AT03.spr
F4ABC137	372789728	61155	32	51192	\spr\npcres\man\MA_HR_138_ST05.spr
F4B79EC6	372840920	17479	32	15451	\spr\npcres\woman\FM_HD_130_IJ04.spr
F4B7F361	372856371	35253	32	29096	\spr\npcres\man\MA_HD_132_AT01.spr
F4BDBBA2	372885467	116040	32	92795	\spr\npcres\woman\FM_BD_153_IJ02.spr
F4C94F42	372978262	34143	32	28405	\spr\npcres\man\MA_LH_128_MG03.spr
F4DF312F	373006667	26879	32	22455	\spr\npcres\man\MA_HR_129_RN02.spr
F4E02864	373029122	47509	32	36985	\spr\npcres\woman\FM_LH_143_HR01.spr
F4E05FCB	373066107	109190	32	95809	\spr\npcres\woman\FM_RW_196_HA01.spr
F4EF89CF	373161916	28828	32	24507	\spr\npcres\woman\FM_HD_130_HR01.spr
F519376D	373186423	67185	32	55744	\spr\npcres\woman\FM_LH_135_RN02.spr
F51A61BC	373242167	162341	32	138676	\spr\npcres\woman\FM_RW_188_HD01.spr
F5259E0F	373380843	52831	32	41999	\spr\npcres\woman\FM_LH_143_MG04.spr
F52820A3	373422842	186938	32	158622	\spr\npcres\woman\FM_BD_132_RN04.spr
F537AFFB	373581464	31838	32	24649	\spr\npcres\woman\FM_HD_135_MG04.spr
F547719C	373606113	122375	32	104627	\spr\npcres\woman\FM_RW_195_HD01.spr
F54F706D	373710740	40205	32	31798	\spr\npcres\man\MA_LH_140_WK03.spr
F56E393E	373742538	35973	32	28359	\spr\npcres\woman\FM_RH_140_RN03.spr
F5808115	373770897	182443	32	145348	\spr\npcres\woman\FM_BD_153_WK06.spr
F590D807	373916245	37452	32	32622	\spr\npcres\man\MA_LH_135_RN03.spr
F595EC3E	373948867	103770	32	91004	\spr\npcres\man\MA_RH_150_JP01.spr
F59BDB8A	374039871	36555	32	30955	\spr\npcres\man\MA_HR_150_DE06.spr
F59D9ECF	374070826	57578	32	42890	\spr\npcres\woman\FM_HR_143_ST04.spr
F5A89531	374113716	77068	32	60953	\spr\npcres\woman\FM_RH_130_HA02.spr
F5AB5300	374174669	46541	32	38854	\spr\npcres\man\MA_LH_128_AT02.spr
F5C60993	374213523	15794	32	13463	\spr\npcres\man\MA_HD_150_IJ03.spr
F5C7DEE7	374226986	39356	32	33341	\spr\npcres\man\MA_LH_131_IJ04.spr
F5C8C30F	374260327	31197	32	24709	\spr\npcres\woman\FM_RH_141_WK03.spr
F5E88BBD	374285036	212467	32	169647	\spr\npcres\man\MA_BD_132_AT05.spr
F5F91B14	374454683	250936	32	207747	\spr\npcres\man\MA_BD_128_IJ04.spr
F5FD3ADE	374662430	116780	32	97671	\spr\npcres\woman\FM_RW_191_HA01.spr
F61183B3	374760101	31505	32	26171	\spr\npcres\woman\FM_HR_140_IJ01.spr
F621F7A9	374786272	60959	32	51129	\spr\npcres\man\MA_HR_138_ST06.spr
F62AE9EB	374837401	118604	32	104192	\spr\npcres\woman\FM_RW_196_HA02.spr
F64775C4	374941593	37350	32	29078	\spr\npcres\man\MA_LH_128_MG04.spr
F64C408D	374970671	64967	32	54000	\spr\npcres\woman\FM_LH_135_RN03.spr
F64E9185	375024671	14018	32	12038	\spr\npcres\woman\FM_HR_135_HI01.spr
F6505385	375036709	23233	32	19152	\spr\npcres\woman\FM_HD_141_HM01.spr
F65527A1	375055861	26844	32	22409	\spr\npcres\man\MA_HR_129_RN03.spr
F65C1B4F	375078270	97535	32	80551	\spr\npcres\man\MA_RW_197_MG03.spr
F65E98BB	375158821	63254	32	52930	\spr\npcres\man\MA_RH_129_ZZ01.spr
F6615F24	375211751	46364	32	34565	\spr\npcres\man\MA_HR_130_WK01.spr
F668282F	375246316	47845	32	37406	\spr\npcres\woman\FM_LH_143_MG05.spr
F66F36BF	375283722	32676	32	21918	\spr\npcres\man\MA_HD_137_ST01.spr
F67AF91B	375305640	26461	32	21171	\spr\npcres\woman\FM_HD_135_MG05.spr
F68F4AAB	375326811	43289	32	36692	\spr\npcres\woman\FM_HR_140_MG01.spr
F691735E	375363503	34510	32	27577	\spr\npcres\woman\FM_RH_140_RN04.spr
F6A5ABAE	375391080	15169	32	13077	\spr\npcres\man\MA_HD_140_HI01.spr
F6B4B94F	375404157	187836	32	154853	\spr\npcres\woman\FM_BD_133_MG01.spr
F6B60AEB	375559010	28726	32	23073	\spr\npcres\woman\FM_HD_143_MG01.spr
F6B7C447	375582083	218087	32	181032	\spr\npcres\man\MA_BD_139_RN01.spr
F6C028EF	375763115	39541	32	29565	\spr\npcres\woman\FM_HR_143_ST05.spr
F6C566EF	375792680	50155	32	38443	\spr\npcres\man\MA_LH_140_WK04.spr
F6ED5382	375831123	42047	32	30830	\spr\npcres\man\MA_HD_129_HW01.spr
F72074FE	375861953	128408	32	106703	\spr\npcres\woman\FM_RW_191_HA02.spr
F7215982	375968656	41608	32	34284	\spr\npcres\man\MA_LH_128_AT03.spr
F7286288	376002940	13469	32	11448	\spr\npcres\woman\FM_HD_133_HI01.spr
F72ECF79	376014388	44480	32	38116	\spr\npcres\man\MA_LH_135_RN04.spr
F72F1588	376052504	46542	32	35519	\spr\npcres\man\MA_RH_131_HW01.spr
F73D24BD	376088023	130368	32	108358	\spr\npcres\man\MA_RW_197_AT02.spr
F73E7B14	376196381	208334	32	174745	\spr\npcres\woman\FM_BD_132_JP01.spr
F741981D	376371126	58447	32	49771	\spr\npcres\man\MA_RW_190_HI01.spr
F75C3C15	376420897	26327	32	21522	\spr\npcres\man\MA_HD_150_IJ04.spr
F75EDBF2	376442419	32106	32	24890	\spr\npcres\woman\FM_HR_141_RD01.spr
F766BE3F	376467309	278980	32	222350	\spr\npcres\man\MA_BD_132_AT06.spr
F7731D2F	376689659	35548	32	27145	\spr\npcres\woman\FM_RH_141_WK04.spr
F7782654	376716804	172051	32	141362	\spr\npcres\man\MA_RW_187_ST01.spr
F784E2D3	376858166	38111	32	32581	\spr\npcres\man\MA_HR_139_DE02.spr
F78872DC	376890747	23590	32	18066	\spr\npcres\woman\FM_RH_133_IJ03.spr
F790ECF6	376908813	21052	32	12443	\spr\npcres\woman\FM_LH_134_ST03.spr
F793B472	376921256	82903	32	68589	\spr\npcres\man\MA_HR_138_WK04.spr
F79AB651	376989845	158890	32	135344	\spr\npcres\woman\FM_LH_153_AT11.spr
F7A1BDF2	377125189	15923	32	11739	\spr\npcres\woman\FM_HD_141_ST05.spr
F7A6B366	377136928	118669	32	83246	\spr\npcres\woman\FM_BD_131_ST05.spr
F7B71C94	377220174	55932	32	45719	\spr\npcres\woman\FM_HR_132_AT07.spr
F7BDB3D3	377265893	179989	32	141624	\spr\npcres\woman\FM_BD_140_RN01.spr
F7D234CC	377407517	29708	32	23079	\spr\npcres\man\MA_RW_292_IJ02.spr
F7D629F3	377430596	23653	32	18716	\spr\npcres\man\MA_HD_132_MG02.spr
F7DC8C54	377449312	27956	32	21218	\spr\npcres\man\MA_LH_140_ST05.spr
F7DDF7AF	377470530	58681	32	50679	\spr\npcres\woman\FM_RW_194_IJ02.spr
F7F0961E	377521209	21679	32	13674	\spr\npcres\woman\FM_RH_129_ST01.spr
F7F2044D	377534883	25866	32	21960	\spr\npcres\woman\FM_HR_132_IJ04.spr
F81AD585	377556843	44268	32	38111	\spr\npcres\man\MA_LH_135_RN02.spr
F81CAC8E	377594954	48243	32	40542	\spr\npcres\man\MA_LH_128_AT01.spr
F8205E2B	377635496	18330	32	15147	\spr\npcres\woman\FM_RH_131_DE04.spr
F82FF3A7	377650643	119131	32	98172	\spr\npcres\woman\FM_RW_199_AT03.spr
F8314DEB	377748815	51043	32	37653	\spr\npcres\man\MA_LH_140_WK02.spr
F83BEF1E	377786468	35983	32	28750	\spr\npcres\woman\FM_RH_140_RN02.spr
F8480311	377815218	18343	32	15297	\spr\npcres\man\MA_HD_150_IJ02.spr
F8492865	377830515	22269	32	19071	\spr\npcres\man\MA_LH_131_IJ03.spr
F852853B	377849586	209590	32	174112	\spr\npcres\man\MA_BD_132_AT04.spr
F862A805	378023698	21554	32	17261	\spr\npcres\man\MA_HD_132_RN04.spr
F8631492	378040959	145496	32	117710	\spr\npcres\man\MA_BD_128_IJ03.spr
F8665B11	378158669	69390	32	55366	\spr\npcres\woman\FM_RH_130_HA01.spr
F86B44AF	378214035	39216	32	29219	\spr\npcres\woman\FM_HR_143_ST03.spr
F88589EF	378243254	35659	32	27145	\spr\npcres\woman\FM_RH_141_WK02.spr
F88F9B7E	378270399	82834	32	67249	\spr\npcres\man\MA_HR_138_WK02.spr
F89FACA3	378337648	44111	32	35375	\spr\npcres\man\MA_HR_139_HM01.spr
F8C89350	378373023	32700	32	24246	\spr\npcres\man\MA_LH_140_ST03.spr
F8C92F26	378397269	114096	32	73968	\spr\npcres\woman\FM_BD_131_ST03.spr
F8D98954	378471237	56141	32	45651	\spr\npcres\woman\FM_HR_132_AT05.spr
F8FA11D4	378516888	83678	32	71653	\spr\npcres\woman\FM_RH_153_AT06.spr
F8FEB14A	378588541	127693	32	107191	\spr\npcres\man\MA_LH_129_JP01.spr
F904B00D	378695732	38616	32	30798	\spr\npcres\woman\FM_HR_132_IJ02.spr
F912EE9C	378726530	31275	32	25272	\spr\npcres\woman\FM_RH_133_IJ01.spr
F915D878	378751802	59362	32	52583	\spr\npcres\man\MA_RH_135_AT06.spr
F9260B76	378804385	29666	32	23570	\spr\npcres\woman\FM_LH_140_HA02.spr
F93429B2	378827955	15884	32	9980	\spr\npcres\woman\FM_HD_141_ST03.spr
F93B18B6	378837935	27352	32	19260	\spr\npcres\woman\FM_LH_134_ST01.spr
F959BC88	378857195	104598	32	84053	\spr\npcres\man\MA_LH_130_DE01.spr
F95EB10B	378941248	40777	32	35144	\spr\npcres\man\MA_RH_137_HM01.spr
F96461C8	378976392	18483	32	15841	\spr\npcres\man\MA_HR_129_IJ03.spr
F987D433	378992233	61111	32	50625	\spr\npcres\man\MA_HR_138_ST03.spr
F9909188	379042858	50967	32	40452	\spr\npcres\woman\FM_LH_143_AT05.spr
F992E631	379083310	53063	32	44594	\spr\npcres\woman\FM_RH_153_MG03.spr
F99F03CD	379127904	35280	32	29735	\spr\npcres\woman\FM_HD_130_AT05.spr
F9A26434	379157639	31541	32	23835	\spr\npcres\woman\FM_HD_135_AT05.spr
F9A26BD4	379181474	187104	32	156773	\spr\npcres\man\MA_BD_150_RN03.spr
F9A6A848	379338247	179748	32	139478	\spr\npcres\woman\FM_BD_140_AT07.spr
F9A995DA	379477725	23844	32	19110	\spr\npcres\woman\FM_RH_131_HM01.spr
F9AA0690	379496835	73630	32	57070	\spr\npcres\man\MA_LH_139_RN03.spr
F9B328A7	379553905	27296	32	19947	\spr\npcres\woman\FM_LH_131_WK01.spr
F9CA9C7F	379573852	18706	32	14196	\spr\npcres\woman\FM_HR_135_ST06.spr
F9DA0A86	379588048	23289	32	20406	\spr\npcres\woman\FM_HD_130_IJ02.spr
F9F211B1	379608454	56765	32	45061	\spr\npcres\woman\FM_HR_132_MG02.spr
F9FC3008	379653515	186436	32	151131	\spr\npcres\woman\FM_BD_133_AT01.spr
F9FD85B4	379804646	28579	32	22452	\spr\npcres\woman\FM_HD_143_AT01.spr
FA04E340	379827098	22454	32	18724	\spr\npcres\man\MA_HD_130_ZZ01.spr
FA0581F0	379845822	82992	32	68947	\spr\npcres\man\MA_HR_138_WK03.spr
FA0CC374	379914769	71849	32	57741	\spr\npcres\woman\FM_HR_132_AT06.spr
FA0E169B	379972510	30622	32	23830	\spr\npcres\woman\FM_HD_129_HW01.spr
FA0EFC51	379996340	40382	32	35092	\spr\npcres\man\MA_HR_139_DE01.spr
FA1B45D0	380031432	23797	32	17560	\spr\npcres\woman\FM_RH_129_ZZ01.spr
FA2CABF4	380048992	61430	32	54142	\spr\npcres\woman\FM_RH_153_AT07.spr
FA4538BC	380103134	33281	32	26711	\spr\npcres\woman\FM_RH_133_IJ02.spr
FA4699D2	380129845	35799	32	24566	\spr\npcres\man\MA_LH_140_ST04.spr
FA4FCA2D	380154411	28459	32	22618	\spr\npcres\woman\FM_HR_132_IJ03.spr
FA507C31	380177029	101903	32	84628	\spr\npcres\woman\FM_LH_153_AT10.spr
FA582371	380261657	31363	32	25965	\spr\npcres\man\MA_HD_132_MG01.spr
FA696C74	380287622	95487	32	77242	\spr\npcres\man\MA_LH_137_HD01.spr
FA6E52D6	380364864	21789	32	14504	\spr\npcres\woman\FM_LH_134_ST02.spr
FA6ED0BF	380379368	124616	32	105819	\spr\npcres\woman\FM_RW_190_HD01.spr
FA7C7946	380485187	170943	32	120875	\spr\npcres\woman\FM_BD_131_ST04.spr
FA7F63D2	380606062	23630	32	15966	\spr\npcres\woman\FM_HD_141_ST04.spr
FAA3CEFA	380622028	46099	32	40722	\spr\npcres\man\MA_RH_135_AT07.spr
FAC25DED	380662750	45892	32	39637	\spr\npcres\woman\FM_HD_130_AT06.spr
FAC53051	380702387	70014	32	58181	\spr\npcres\woman\FM_RH_153_MG04.spr
FACDE775	380760568	41646	32	34732	\spr\npcres\man\MA_RH_137_DE01.spr
FAD4BE54	380795300	41861	32	32814	\spr\npcres\woman\FM_HD_135_AT06.spr
FAD7A30A	380828114	92156	32	75692	\spr\npcres\man\MA_LH_130_DE02.spr
FADB2BA8	380903806	68698	32	54121	\spr\npcres\woman\FM_LH_143_AT06.spr
FAE662C7	380957927	27316	32	19898	\spr\npcres\woman\FM_LH_131_WK02.spr
FAF2144A	380977825	28180	32	24503	\spr\npcres\man\MA_HR_129_IJ04.spr
FB054DE7	381002328	50893	32	41865	\spr\npcres\man\MA_RH_135_HW01.spr
FB0B6182	381044193	117446	32	87051	\spr\npcres\woman\FM_BD_153_IJ01.spr
FB0D44A6	381131244	17669	32	14457	\spr\npcres\woman\FM_HD_130_IJ03.spr
FB1DDAB5	381145701	60991	32	50447	\spr\npcres\man\MA_HR_138_ST04.spr
FB200D12	381196148	75119	32	59851	\spr\npcres\man\MA_LH_139_RN04.spr
FB20DFD4	381255999	31213	32	24111	\spr\npcres\woman\FM_HD_143_AT02.spr
FB24ABD1	381280110	45217	32	35757	\spr\npcres\woman\FM_HR_132_MG03.spr
FB274A28	381315867	188241	32	153706	\spr\npcres\woman\FM_BD_133_AT02.spr
FB381E56	381469573	187835	32	155286	\spr\npcres\man\MA_BD_150_RN04.spr
FB410AAD	381624859	26866	32	22509	\spr\npcres\man\MA_HR_129_RN01.spr
FB68FC0E	381647368	75304	32	61748	\spr\npcres\woman\FM_RH_135_HA01.spr
FB78D544	381709116	45560	32	38743	\spr\npcres\woman\FM_HR_140_AT02.spr
FB824D4F	381747859	159913	32	116797	\spr\npcres\woman\FM_BD_140_MG05.spr
FB8D15DB	381864656	26605	32	18381	\spr\npcres\woman\FM_HD_135_MG03.spr
FBA4F868	381883037	166608	32	135329	\spr\npcres\woman\FM_RW_188_RD01.spr
FBB358C0	382018366	32056	32	25798	\spr\npcres\man\MA_LH_128_MG02.spr
FBB37AA8	382044164	49354	32	42817	\spr\npcres\man\MA_HR_138_HR01.spr
FBCEBF59	382086981	33287	32	27680	\spr\npcres\woman\FM_RH_134_HD01.spr
FBD6FD4D	382114661	71406	32	58294	\spr\npcres\woman\FM_LH_135_RN01.spr
FBE59683	382172955	184286	32	157533	\spr\npcres\woman\FM_BD_132_RN03.spr
FBE7E6AE	382330488	302808	32	258958	\spr\npcres\man\MA_BD_140_JP01.spr
FBF1FBCD	382589446	278639	32	224234	\spr\npcres\man\MA_BD_132_MG05.spr
FBF344EF	382813680	44407	32	34157	\spr\npcres\woman\FM_LH_143_MG03.spr
FBFC3AF8	382847837	125066	32	100114	\spr\npcres\woman\FM_RW_195_RD01.spr
FBFFC688	382947951	94548	32	78251	\spr\npcres\man\MA_RH_129_HA02.spr
FC0921B1	383026202	83556	32	69209	\spr\npcres\man\MA_HR_138_ST02.spr
FC146552	383095411	187077	32	154877	\spr\npcres\man\MA_BD_150_RN02.spr
FC17CDF5	383250288	25746	32	21030	\spr\npcres\woman\FM_HD_133_HM01.spr
FC1C101E	383271318	74218	32	59524	\spr\npcres\man\MA_LH_139_RN02.spr
FC3BF109	383330842	62955	32	50934	\spr\npcres\woman\FM_LH_135_MG05.spr
FC4FC791	383381776	55186	32	44927	\spr\npcres\woman\FM_HR_132_MG01.spr
FC523694	383426703	80126	32	63651	\spr\npcres\woman\FM_RH_132_RN04.spr
FC54C9AD	383490354	37742	32	32570	\spr\npcres\woman\FM_HD_130_AT04.spr
FC5C0059	383522924	110547	32	90041	\spr\npcres\man\MA_RH_129_WK04.spr
FC6E4468	383612965	56781	32	46048	\spr\npcres\woman\FM_LH_143_AT04.spr
FC6FAC11	383659013	71559	32	59443	\spr\npcres\woman\FM_RH_153_MG02.spr
FC7ABAF1	383718456	173478	32	143563	\spr\npcres\woman\FM_RW_186_RN03.spr
FC7C1E28	383862019	254367	32	195849	\spr\npcres\woman\FM_BD_140_AT06.spr
FC7F2A14	384057868	34252	32	26734	\spr\npcres\woman\FM_HD_135_AT04.spr
FC80425F	384084602	19246	32	14480	\spr\npcres\woman\FM_HR_135_ST05.spr
FC833E40	384099082	115438	32	96780	\spr\npcres\man\MA_RW_199_HD01.spr
FC97F166	384195862	23598	32	20502	\spr\npcres\woman\FM_HD_130_IJ01.spr
FCA63267	384216364	128061	32	107260	\spr\npcres\man\MA_RW_195_HA02.spr
FCBF2C97	384323624	62677	32	51204	\spr\npcres\man\MA_LH_150_RN07.spr
FCCC38B6	384374828	69487	32	57953	\spr\npcres\man\MA_LH_132_AT07.spr
FCE503F3	384432781	224889	32	189120	\spr\npcres\man\MA_BD_129_AT07.spr
FCEDCEC9	384621901	213021	32	170730	\spr\npcres\man\MA_BD_132_MG03.spr
FCF12F8E	384792631	60518	32	47431	\spr\npcres\man\MA_HR_130_JP01.spr
FD05F0AF	384840062	57686	32	45429	\spr\npcres\woman\FM_LH_143_MG01.spr
FD080343	384885491	183766	32	156911	\spr\npcres\woman\FM_BD_132_RN01.spr
FD090D00	385042402	88673	32	77189	\spr\npcres\man\MA_RW_192_DE02.spr
FD148FCC	385119591	57824	32	49364	\spr\npcres\woman\FM_HR_131_JP01.spr
FD14F90F	385168955	153049	32	117591	\spr\npcres\woman\FM_BD_140_MG03.spr
FD17819B	385286546	32180	32	24905	\spr\npcres\woman\FM_HD_135_MG01.spr
FD1E7E37	385311451	95739	32	79268	\spr\npcres\man\MA_RH_139_AT06.spr
FD218E5C	385390719	97111	32	79153	\spr\npcres\man\MA_BD_140_HI01.spr
FD28B98C	385469872	54251	32	39081	\spr\npcres\woman\FM_HR_133_RD01.spr
FD328909	385508953	50849	32	39528	\spr\npcres\woman\FM_RH_133_WK04.spr
FD4ACAEB	385548481	28583	32	23021	\spr\npcres\woman\FM_RH_131_DE02.spr
FD4EE847	385571502	279240	32	221136	\spr\npcres\man\MA_BD_132_AT02.spr
FD5EBF01	385792638	21519	32	17420	\spr\npcres\man\MA_HD_132_RN02.spr
FD5F7B9E	385810058	185376	32	155350	\spr\npcres\man\MA_BD_128_IJ01.spr
FD61D762	385965408	17900	32	13174	\spr\npcres\woman\FM_HD_133_ST05.spr
FD6BA9CE	385978582	84508	32	62127	\spr\npcres\man\MA_RH_129_ST05.spr
FD793814	386040709	39794	32	33836	\spr\npcres\man\MA_HR_150_DE03.spr
FD8FFDC4	386074545	68038	32	52581	\spr\npcres\woman\FM_LH_142_JP01.spr
FD971022	386127126	33623	32	27386	\spr\npcres\woman\FM_HR_130_DE03.spr
FD9DD238	386154512	27396	32	21159	\spr\npcres\woman\FM_HR_130_ST05.spr
FDA011C6	386175671	58683	32	52584	\spr\npcres\man\MA_RH_135_MG05.spr
FDA53F61	386228255	28888	32	24906	\spr\npcres\man\MA_LH_131_IJ01.spr
FDD651A1	386253161	394903	32	312306	\spr\npcres\woman\FM_LW_200_WK05.spr
FDD8DC12	386565467	75485	32	60738	\spr\npcres\woman\FM_LH_135_AT07.spr
FDE0E3B5	386626205	168992	32	134270	\spr\npcres\woman\FM_BD_153_WK03.spr
FDEE0CB5	386760475	23996	32	16897	\spr\npcres\woman\FM_HD_131_RD01.spr
FDF807EC	386777372	22010	32	18771	\spr\npcres\woman\FM_LH_133_HI01.spr
FDFDF16F	386796143	48201	32	36980	\spr\npcres\woman\FM_HR_143_ST01.spr
FE0E786C	386833123	135318	32	120626	\spr\npcres\woman\FM_RW_187_WK04.spr
FE25524E	386953749	45424	32	37667	\spr\npcres\man\MA_LH_128_MG01.spr
FE33E2AB	386991416	92058	32	48933	\spr\npcres\woman\FM_RW_197_ST04.spr
FE359B24	387040349	42561	32	35964	\spr\npcres\woman\FM_HR_140_AT01.spr
FE480ACF	387076313	57621	32	44448	\spr\npcres\woman\FM_LH_143_MG02.spr
FE498FAB	387120761	109643	32	79261	\spr\npcres\man\MA_RH_129_RD01.spr
FE5ADBBB	387200022	32251	32	24059	\spr\npcres\woman\FM_HD_135_MG02.spr
FE5F332F	387224081	191692	32	138129	\spr\npcres\woman\FM_BD_140_MG04.spr
FE607555	387362210	91583	32	73366	\spr\npcres\woman\FM_RH_132_JP01.spr
FE61D016	387435576	75983	32	65408	\spr\npcres\man\MA_RH_129_HA01.spr
FE6A688B	387500984	37156	32	26158	\spr\npcres\woman\FM_RH_134_RD01.spr
FE7BF54B	387527142	231477	32	177673	\spr\npcres\man\MA_BD_132_MG04.spr
FE8C2F03	387704815	44214	32	38083	\spr\npcres\man\MA_LH_135_RN01.spr
FE946082	387742898	17745	32	10780	\spr\npcres\woman\FM_HD_133_ST06.spr
FE9464A9	387753678	69117	32	57756	\spr\npcres\man\MA_RH_139_AT07.spr
FEB0F183	387811434	22278	32	18984	\spr\npcres\woman\FM_HD_153_DE06.spr
FEB35D63	387830418	186494	32	159103	\spr\npcres\woman\FM_BD_132_RN02.spr
FEBB4769	387989521	50279	32	38848	\spr\npcres\man\MA_LH_140_WK01.spr
FEC06C58	388028369	26359	32	20399	\spr\npcres\woman\FM_HR_130_ST06.spr
FEC49EB9	388048768	243145	32	200317	\spr\npcres\man\MA_BD_132_AT03.spr
FED4A583	388249085	21685	32	17417	\spr\npcres\man\MA_HD_132_RN03.spr
FED56E10	388266502	165566	32	132432	\spr\npcres\man\MA_BD_128_IJ02.spr
FED7839C	388398934	38960	32	32622	\spr\npcres\man\MA_RH_150_HI01.spr
FED9AA42	388431556	33885	32	28517	\spr\npcres\woman\FM_HR_130_DE04.spr
FEE25C40	388460073	83714	32	61934	\spr\npcres\man\MA_RH_129_ST06.spr
FEE4B987	388522007	111147	32	86761	\spr\npcres\woman\FM_RW_199_AT02.spr
FEF155FE	388608768	33877	32	27355	\spr\npcres\woman\FM_RH_140_RN01.spr
FEF72E96	388636123	45036	32	38020	\spr\npcres\man\MA_HR_150_DE04.spr
FEFD040B	388674143	17849	32	14975	\spr\npcres\woman\FM_RH_131_DE03.spr
FF200A8F	388689118	40368	32	30566	\spr\npcres\woman\FM_HR_143_ST02.spr
FF2B3DD5	388719684	169601	32	134644	\spr\npcres\woman\FM_BD_153_WK04.spr
FF321C9F	388854328	20230	32	17213	\spr\npcres\man\MA_HD_150_IJ01.spr
FF3325E3	388871541	27451	32	23693	\spr\npcres\man\MA_LH_131_IJ02.spr
FF3E0438	388895234	81373	32	72303	\spr\npcres\man\MA_RH_135_MG06.spr
FF4E0B68	388967537	30954	32	24555	\spr\npcres\woman\FM_LH_134_ZZ01.spr
FF537FCF	388992092	35533	32	27205	\spr\npcres\woman\FM_RH_141_WK01.spr
FF681ABD	389019297	74338	32	59904	\spr\npcres\woman\FM_RW_200_HW01.spr
FF7194FC	389079201	83005	32	69004	\spr\npcres\man\MA_HR_138_WK01.spr
FF819F92	389148205	15862	32	11490	\spr\npcres\woman\FM_HD_141_ST02.spr
FF869506	389159695	114641	32	73610	\spr\npcres\woman\FM_BD_131_ST02.spr
FF95C9E9	389233305	210173	32	147640	\spr\npcres\woman\FM_BD_134_HW01.spr
FF977F34	389380945	55716	32	45373	\spr\npcres\woman\FM_HR_132_AT04.spr
FF9FD506	389426318	45113	32	39530	\spr\npcres\man\MA_RH_135_AT05.spr
FFA5211D	389465848	34668	32	29413	\spr\npcres\man\MA_HD_130_HA02.spr
FFB1D72B	389495261	52501	32	44335	\spr\npcres\man\MA_RW_198_HI01.spr
FFB2ECDE	389539596	50481	32	30059	\spr\npcres\man\MA_LH_140_ST02.spr
FFB66C32	389569655	29040	32	23516	\spr\npcres\woman\FM_HR_135_HM01.spr
FFB7C7B4	389593171	63991	32	54377	\spr\npcres\woman\FM_RH_153_AT05.spr
FFBB41A0	389647548	18398	32	11155	\spr\npcres\woman\FM_LH_141_ST06.spr
FFC4B76C	389658703	40393	32	33650	\spr\npcres\man\MA_HR_140_RN04.spr
FFD266ED	389692353	38654	32	30610	\spr\npcres\woman\FM_HR_132_IJ01.spr
FFDEF36B	389722963	29484	32	22388	\spr\npcres\woman\FM_HR_141_HW01.spr
FFEB7804	389745351	109673	32	84937	\spr\npcres\man\MA_LH_130_HM01.spr
FFEE7B56	389830288	21515	32	18140	\spr\npcres\man\MA_HR_129_IJ02.spr
FFF3F156	389848428	25397	32	20354	\spr\npcres\woman\FM_LH_140_HA01.spr
