error: attempt to index global `FORBITMAP_LIST' (a nil value)
stack traceback:
   1:  method `SetForbitItem' at line 249 [string "?"]
   2:  main of string "?" at line 273

2026/08/25 01:48:55.655 	 ScriptError 4:[1] (\script\missions\challengeoftime\chuangguang30.lua) 

error: [string "?"]:111: unexpected symbol near '%'
2026/09/05 12:04:53.193 	 ScriptError 3. (\script\missions\challengeoftime\award.lua) 

2026/09/05 12:04:53.193 	 ScriptError 3. (\script\missions\challengeoftime\award.lua) 

error: ...ourceVs22\TESTLOFFF_ONLINE\bin\server\script\lib\log.lua:94: unexpected symbol near '%'
error: ...ourceVs22\TESTLOFFF_ONLINE\bin\server\script\lib\log.lua:94: unexpected symbol near '%'
error: ...ourceVs22\TESTLOFFF_ONLINE\bin\server\script\lib\log.lua:94: unexpected symbol near '%'
error: ...NLINE\bin\server\script\missions\challengeoftime\npc.lua:492: unexpected symbol near '%'
error: ...eVs22\TESTLOFFF_ONLINE\bin\server\scriptjx2\lib\file.lua:57: unexpected symbol near '%'
error: ...eVs22\TESTLOFFF_ONLINE\bin\server\scriptjx2\lib\file.lua:57: unexpected symbol near '%'
error: ...eVs22\TESTLOFFF_ONLINE\bin\server\scriptjx2\lib\file.lua:57: unexpected symbol near '%'
error: ...FF_ONLINE\bin\server\script\activitysys\playerfunlib.lua:708: unexpected symbol near '%'
error: ...OFFF_ONLINE\bin\server\script\task\task_addplayerexp.lua:16: unexpected symbol near '%'
error: ...ourceVs22\TESTLOFFF_ONLINE\bin\server\script\lib\log.lua:94: unexpected symbol near '%'
error: ...FFF_ONLINE\bin\server\script\activitysys\functionlib.lua:105: unexpected symbol near '%'
error: ...eVs22\TESTLOFFF_ONLINE\bin\server\scriptjx2\lib\file.lua:57: unexpected symbol near '%'
error: ...s22\TESTLOFFF_ONLINE\bin\server\script\lib\baseclass.lua:26: unexpected symbol near '%'
error: ..._ONLINE\bin\server\script\activitysys\activitydetail.lua:106: unexpected symbol near '%'
error: ...\TESTLOFFF_ONLINE\bin\server\script\misc\taskmanager.lua:340: unexpected symbol near '%'
error: ...ourceVs22\TESTLOFFF_ONLINE\bin\server\script\lib\log.lua:94: unexpected symbol near '%'
error: ...ourceVs22\TESTLOFFF_ONLINE\bin\server\script\lib\log.lua:94: unexpected symbol near '%'
error: ...ourceVs22\TESTLOFFF_ONLINE\bin\server\script\lib\log.lua:94: unexpected symbol near '%'
error: ...FFF_ONLINE\bin\server\script\activitysys\functionlib.lua:105: unexpected symbol near '%'
error: ...FFF_ONLINE\bin\server\script\activitysys\functionlib.lua:105: unexpected symbol near '%'
error: [string "?"]:77: attempt to call a table value (for iterator 'for iterator')
stack traceback:
	[string "?"]:77: in method 'Unregist'
	[string "?"]:276: in main chunk
2026/09/05 12:04:53.215 	 ScriptError 4:[1] (\script\missions\challengeoftime\chuangguang30.lua) 

error: [string "?"]:10: unexpected symbol near '%'
2026/09/05 12:04:53.215 	 ScriptError 3. (\script\missions\challengeoftime\doubleexp.lua) 

2026/09/05 12:04:53.215 	 ScriptError 3. (\script\missions\challengeoftime\doubleexp.lua) 

error: ...eVs22\TESTLOFFF_ONLINE\bin\server\scriptjx2\lib\file.lua:57: unexpected symbol near '%'
error: ...eVs22\TESTLOFFF_ONLINE\bin\server\scriptjx2\lib\file.lua:57: unexpected symbol near '%'
error: ...eVs22\TESTLOFFF_ONLINE\bin\server\scriptjx2\lib\file.lua:57: unexpected symbol near '%'
error: ...FF_ONLINE\bin\server\script\activitysys\playerfunlib.lua:708: unexpected symbol near '%'
error: ...OFFF_ONLINE\bin\server\script\task\task_addplayerexp.lua:16: unexpected symbol near '%'
error: ...ourceVs22\TESTLOFFF_ONLINE\bin\server\script\lib\log.lua:94: unexpected symbol near '%'
error: ...FFF_ONLINE\bin\server\script\activitysys\functionlib.lua:105: unexpected symbol near '%'
error: ...eVs22\TESTLOFFF_ONLINE\bin\server\scriptjx2\lib\file.lua:57: unexpected symbol near '%'
error: ...eVs22\TESTLOFFF_ONLINE\bin\server\scriptjx2\lib\file.lua:57: unexpected symbol near '%'
error: ...eVs22\TESTLOFFF_ONLINE\bin\server\scriptjx2\lib\file.lua:57: unexpected symbol near '%'
error: ...FF_ONLINE\bin\server\script\activitysys\playerfunlib.lua:708: unexpected symbol near '%'
error: ...OFFF_ONLINE\bin\server\script\task\task_addplayerexp.lua:16: unexpected symbol near '%'
error: ...ourceVs22\TESTLOFFF_ONLINE\bin\server\script\lib\log.lua:94: unexpected symbol near '%'
error: ...FFF_ONLINE\bin\server\script\activitysys\functionlib.lua:105: unexpected symbol near '%'
error: ...OFFF_ONLINE\bin\server\script\misc\eventsys\eventsys.lua:11: attempt to call a table value (for iterator 'for iterator')
stack traceback:
	...OFFF_ONLINE\bin\server\script\misc\eventsys\eventsys.lua:11: in method 'NewType'
	...OFFF_ONLINE\bin\server\script\misc\eventsys\type\npc.lua:3: in main chunk
	[C]: in function 'Include'
	[string "?"]:7: in main chunk
error: [string "?"]:492: unexpected symbol near '%'
2026/09/05 12:04:53.242 	 ScriptError 3. (\script\missions\challengeoftime\npc.lua) 

2026/09/05 12:04:53.242 	 ScriptError 3. (\script\missions\challengeoftime\npc.lua) 

error: ...eVs22\TESTLOFFF_ONLINE\bin\server\scriptjx2\lib\file.lua:57: unexpected symbol near '%'
error: ...eVs22\TESTLOFFF_ONLINE\bin\server\scriptjx2\lib\file.lua:57: unexpected symbol near '%'
error: ...eVs22\TESTLOFFF_ONLINE\bin\server\scriptjx2\lib\file.lua:57: unexpected symbol near '%'
error: ...FF_ONLINE\bin\server\script\activitysys\playerfunlib.lua:708: unexpected symbol near '%'
error: ...OFFF_ONLINE\bin\server\script\task\task_addplayerexp.lua:16: unexpected symbol near '%'
error: ...ourceVs22\TESTLOFFF_ONLINE\bin\server\script\lib\log.lua:94: unexpected symbol near '%'
error: ...FFF_ONLINE\bin\server\script\activitysys\functionlib.lua:105: unexpected symbol near '%'
error: ...NLINE\bin\server\script\missions\challengeoftime\npc.lua:492: unexpected symbol near '%'
error: ...INE\bin\server\script\missions\challengeoftime\award.lua:111: unexpected symbol near '%'
error: ...s22\TESTLOFFF_ONLINE\bin\server\script\lib\baseclass.lua:26: unexpected symbol near '%'
error: ..._ONLINE\bin\server\script\activitysys\activitydetail.lua:106: unexpected symbol near '%'
error: ...\TESTLOFFF_ONLINE\bin\server\script\misc\taskmanager.lua:340: unexpected symbol near '%'
error: ...ourceVs22\TESTLOFFF_ONLINE\bin\server\script\lib\log.lua:94: unexpected symbol near '%'
error: ...ourceVs22\TESTLOFFF_ONLINE\bin\server\script\lib\log.lua:94: unexpected symbol near '%'
error: ...ourceVs22\TESTLOFFF_ONLINE\bin\server\script\lib\log.lua:94: unexpected symbol near '%'
error: ...FFF_ONLINE\bin\server\script\activitysys\functionlib.lua:105: unexpected symbol near '%'
error: ...FFF_ONLINE\bin\server\script\activitysys\functionlib.lua:105: unexpected symbol near '%'
error: ...FFF_ONLINE\bin\server\script\activitysys\functionlib.lua:105: unexpected symbol near '%'
error: ...ourceVs22\TESTLOFFF_ONLINE\bin\server\script\lib\log.lua:94: unexpected symbol near '%'
error: ...ourceVs22\TESTLOFFF_ONLINE\bin\server\script\lib\log.lua:94: unexpected symbol near '%'
error: ...ourceVs22\TESTLOFFF_ONLINE\bin\server\script\lib\log.lua:94: unexpected symbol near '%'
error: ...ourceVs22\TESTLOFFF_ONLINE\bin\server\script\lib\log.lua:94: unexpected symbol near '%'
error: ...eVs22\TESTLOFFF_ONLINE\bin\server\scriptjx2\lib\file.lua:57: unexpected symbol near '%'
error: ...eVs22\TESTLOFFF_ONLINE\bin\server\scriptjx2\lib\file.lua:57: unexpected symbol near '%'
error: ...OFFF_ONLINE\bin\server\script\misc\eventsys\eventsys.lua:11: attempt to call a table value (for iterator 'for iterator')
stack traceback:
	...OFFF_ONLINE\bin\server\script\misc\eventsys\eventsys.lua:11: in method 'NewType'
	...F_ONLINE\bin\server\script\misc\eventsys\type\player.lua:3: in main chunk
	[C]: in function 'Include'
	...LINE\bin\server\script\task\metempsychosis\task_func.lua:16: in main chunk
	[C]: in function 'Include'
	...F_ONLINE\bin\server\script\event\change_destiny\head.lua:2: in main chunk
	[C]: in function 'Include'
	...NLINE\bin\server\script\event\change_destiny\mission.lua:1: in main chunk
	[C]: in function 'Include'
	[string "?"]:17: in main chunk
error: ...s22\TESTLOFFF_ONLINE\bin\server\script\lib\baseclass.lua:26: unexpected symbol near '%'
error: ...ourceVs22\TESTLOFFF_ONLINE\bin\server\script\lib\log.lua:94: unexpected symbol near '%'
error: ...ourceVs22\TESTLOFFF_ONLINE\bin\server\script\lib\log.lua:94: unexpected symbol near '%'
error: ...ourceVs22\TESTLOFFF_ONLINE\bin\server\script\lib\log.lua:94: unexpected symbol near '%'
error: ...s22\TESTLOFFF_ONLINE\bin\server\script\lib\baseclass.lua:26: unexpected symbol near '%'
error: ...n\server\script\event\birthday_jieri\200905\taskctrl.lua:16: attempt to index a nil value (global 'tbBaseClass')
stack traceback:
	...n\server\script\event\birthday_jieri\200905\taskctrl.lua:16: in main chunk
	[C]: in function 'Include'
	...\bin\server\script\event\birthday_jieri\200905\class.lua:5: in main chunk
	[C]: in function 'Include'
	[string "?"]:21: in main chunk
error: ...\bin\server\script\event\birthday_jieri\200905\class.lua:9: attempt to index a nil value (global 'tbBaseClass')
stack traceback:
	...\bin\server\script\event\birthday_jieri\200905\class.lua:9: in main chunk
	[C]: in function 'Include'
	[string "?"]:21: in main chunk
error: ...ourceVs22\TESTLOFFF_ONLINE\bin\server\script\lib\log.lua:94: unexpected symbol near '%'
error: ...ourceVs22\TESTLOFFF_ONLINE\bin\server\script\lib\log.lua:94: unexpected symbol near '%'
error: ...ourceVs22\TESTLOFFF_ONLINE\bin\server\script\lib\log.lua:94: unexpected symbol near '%'
error: ...ourceVs22\TESTLOFFF_ONLINE\bin\server\script\lib\log.lua:94: unexpected symbol near '%'
error: ...ourceVs22\TESTLOFFF_ONLINE\bin\server\script\lib\log.lua:94: unexpected symbol near '%'
error: ...ourceVs22\TESTLOFFF_ONLINE\bin\server\script\lib\log.lua:94: unexpected symbol near '%'
error: ...bin\server\script\missions\challengeoftime\doubleexp.lua:10: unexpected symbol near '%'
error: ...ourceVs22\TESTLOFFF_ONLINE\bin\server\script\lib\log.lua:94: unexpected symbol near '%'
error: ...ourceVs22\TESTLOFFF_ONLINE\bin\server\script\lib\log.lua:94: unexpected symbol near '%'
error: ...ourceVs22\TESTLOFFF_ONLINE\bin\server\script\lib\log.lua:94: unexpected symbol near '%'
error: ...STLOFFF_ONLINE\bin\server\script\vng_lib\vngtranslog.lua:31: unexpected symbol near '%'
error: ...FFF_ONLINE\bin\server\script\activitysys\functionlib.lua:105: unexpected symbol near '%'
error: ...eVs22\TESTLOFFF_ONLINE\bin\server\scriptjx2\lib\file.lua:57: unexpected symbol near '%'
error: ...eVs22\TESTLOFFF_ONLINE\bin\server\scriptjx2\lib\file.lua:57: unexpected symbol near '%'
error: ...eVs22\TESTLOFFF_ONLINE\bin\server\scriptjx2\lib\file.lua:57: unexpected symbol near '%'
error: ...FF_ONLINE\bin\server\script\activitysys\playerfunlib.lua:708: unexpected symbol near '%'
error: ...OFFF_ONLINE\bin\server\script\task\task_addplayerexp.lua:16: unexpected symbol near '%'
error: ...ourceVs22\TESTLOFFF_ONLINE\bin\server\script\lib\log.lua:94: unexpected symbol near '%'
error: ...FFF_ONLINE\bin\server\script\activitysys\functionlib.lua:105: unexpected symbol near '%'
error: ...ourceVs22\TESTLOFFF_ONLINE\bin\server\script\lib\log.lua:94: unexpected symbol near '%'
error: ...ourceVs22\TESTLOFFF_ONLINE\bin\server\script\lib\log.lua:94: unexpected symbol near '%'
error: ...ourceVs22\TESTLOFFF_ONLINE\bin\server\script\lib\log.lua:94: unexpected symbol near '%'
error: ...eVs22\TESTLOFFF_ONLINE\bin\server\scriptjx2\lib\file.lua:57: unexpected symbol near '%'
error: ...eVs22\TESTLOFFF_ONLINE\bin\server\scriptjx2\lib\file.lua:57: unexpected symbol near '%'
error: ...eVs22\TESTLOFFF_ONLINE\bin\server\scriptjx2\lib\file.lua:57: unexpected symbol near '%'
error: ...FF_ONLINE\bin\server\script\activitysys\playerfunlib.lua:708: unexpected symbol near '%'
error: ...OFFF_ONLINE\bin\server\script\task\task_addplayerexp.lua:16: unexpected symbol near '%'
error: ...ourceVs22\TESTLOFFF_ONLINE\bin\server\script\lib\log.lua:94: unexpected symbol near '%'
error: ...FFF_ONLINE\bin\server\script\activitysys\functionlib.lua:105: unexpected symbol near '%'
error: ...eVs22\TESTLOFFF_ONLINE\bin\server\scriptjx2\lib\file.lua:57: unexpected symbol near '%'
error: ...eVs22\TESTLOFFF_ONLINE\bin\server\scriptjx2\lib\file.lua:57: unexpected symbol near '%'
error: ...eVs22\TESTLOFFF_ONLINE\bin\server\scriptjx2\lib\file.lua:57: unexpected symbol near '%'
error: ...FF_ONLINE\bin\server\script\activitysys\playerfunlib.lua:708: unexpected symbol near '%'
error: ...OFFF_ONLINE\bin\server\script\task\task_addplayerexp.lua:16: unexpected symbol near '%'
error: ...ourceVs22\TESTLOFFF_ONLINE\bin\server\script\lib\log.lua:94: unexpected symbol near '%'
error: ...FFF_ONLINE\bin\server\script\activitysys\functionlib.lua:105: unexpected symbol near '%'
error: ...eVs22\TESTLOFFF_ONLINE\bin\server\scriptjx2\lib\file.lua:57: unexpected symbol near '%'
error: ...eVs22\TESTLOFFF_ONLINE\bin\server\scriptjx2\lib\file.lua:57: unexpected symbol near '%'
error: ...eVs22\TESTLOFFF_ONLINE\bin\server\scriptjx2\lib\file.lua:57: unexpected symbol near '%'
error: ...FF_ONLINE\bin\server\script\activitysys\playerfunlib.lua:708: unexpected symbol near '%'
error: ...OFFF_ONLINE\bin\server\script\task\task_addplayerexp.lua:16: unexpected symbol near '%'
error: ...ourceVs22\TESTLOFFF_ONLINE\bin\server\script\lib\log.lua:94: unexpected symbol near '%'
error: ...FFF_ONLINE\bin\server\script\activitysys\functionlib.lua:105: unexpected symbol near '%'
error: ...NLINE\bin\server\script\missions\challengeoftime\npc.lua:492: unexpected symbol near '%'
error: [string "?"]:111: unexpected symbol near '%'
2026/09/05 12:22:39.159 	 ScriptError 3. (\script\missions\challengeoftime\award.lua) 

2026/09/05 12:22:39.159 	 ScriptError 3. (\script\missions\challengeoftime\award.lua) 

error: ...ourceVs22\TESTLOFFF_ONLINE\bin\server\script\lib\log.lua:94: unexpected symbol near '%'
error: ...ourceVs22\TESTLOFFF_ONLINE\bin\server\script\lib\log.lua:94: unexpected symbol near '%'
error: ...ourceVs22\TESTLOFFF_ONLINE\bin\server\script\lib\log.lua:94: unexpected symbol near '%'
error: ...NLINE\bin\server\script\missions\challengeoftime\npc.lua:492: unexpected symbol near '%'
error: ...eVs22\TESTLOFFF_ONLINE\bin\server\scriptjx2\lib\file.lua:57: unexpected symbol near '%'
error: ...eVs22\TESTLOFFF_ONLINE\bin\server\scriptjx2\lib\file.lua:57: unexpected symbol near '%'
error: ...eVs22\TESTLOFFF_ONLINE\bin\server\scriptjx2\lib\file.lua:57: unexpected symbol near '%'
error: ...FF_ONLINE\bin\server\script\activitysys\playerfunlib.lua:708: unexpected symbol near '%'
error: ...OFFF_ONLINE\bin\server\script\task\task_addplayerexp.lua:16: unexpected symbol near '%'
error: ...ourceVs22\TESTLOFFF_ONLINE\bin\server\script\lib\log.lua:94: unexpected symbol near '%'
error: ...FFF_ONLINE\bin\server\script\activitysys\functionlib.lua:105: unexpected symbol near '%'
error: ...eVs22\TESTLOFFF_ONLINE\bin\server\scriptjx2\lib\file.lua:57: unexpected symbol near '%'
error: ...s22\TESTLOFFF_ONLINE\bin\server\script\lib\baseclass.lua:26: unexpected symbol near '%'
error: ..._ONLINE\bin\server\script\activitysys\activitydetail.lua:106: unexpected symbol near '%'
error: ...\TESTLOFFF_ONLINE\bin\server\script\misc\taskmanager.lua:340: unexpected symbol near '%'
error: ...ourceVs22\TESTLOFFF_ONLINE\bin\server\script\lib\log.lua:94: unexpected symbol near '%'
error: ...ourceVs22\TESTLOFFF_ONLINE\bin\server\script\lib\log.lua:94: unexpected symbol near '%'
error: ...ourceVs22\TESTLOFFF_ONLINE\bin\server\script\lib\log.lua:94: unexpected symbol near '%'
error: ...FFF_ONLINE\bin\server\script\activitysys\functionlib.lua:105: unexpected symbol near '%'
error: ...FFF_ONLINE\bin\server\script\activitysys\functionlib.lua:105: unexpected symbol near '%'
error: [string "?"]:77: attempt to call a table value (for iterator 'for iterator')
stack traceback:
	[string "?"]:77: in method 'Unregist'
	[string "?"]:276: in main chunk
2026/09/05 12:22:39.169 	 ScriptError 4:[1] (\script\missions\challengeoftime\chuangguang30.lua) 

error: [string "?"]:10: unexpected symbol near '%'
2026/09/05 12:22:39.170 	 ScriptError 3. (\script\missions\challengeoftime\doubleexp.lua) 

2026/09/05 12:22:39.170 	 ScriptError 3. (\script\missions\challengeoftime\doubleexp.lua) 

error: ...eVs22\TESTLOFFF_ONLINE\bin\server\scriptjx2\lib\file.lua:57: unexpected symbol near '%'
error: ...eVs22\TESTLOFFF_ONLINE\bin\server\scriptjx2\lib\file.lua:57: unexpected symbol near '%'
error: ...eVs22\TESTLOFFF_ONLINE\bin\server\scriptjx2\lib\file.lua:57: unexpected symbol near '%'
error: ...FF_ONLINE\bin\server\script\activitysys\playerfunlib.lua:708: unexpected symbol near '%'
error: ...OFFF_ONLINE\bin\server\script\task\task_addplayerexp.lua:16: unexpected symbol near '%'
error: ...ourceVs22\TESTLOFFF_ONLINE\bin\server\script\lib\log.lua:94: unexpected symbol near '%'
error: ...FFF_ONLINE\bin\server\script\activitysys\functionlib.lua:105: unexpected symbol near '%'
error: ...eVs22\TESTLOFFF_ONLINE\bin\server\scriptjx2\lib\file.lua:57: unexpected symbol near '%'
error: ...eVs22\TESTLOFFF_ONLINE\bin\server\scriptjx2\lib\file.lua:57: unexpected symbol near '%'
error: ...eVs22\TESTLOFFF_ONLINE\bin\server\scriptjx2\lib\file.lua:57: unexpected symbol near '%'
error: ...FF_ONLINE\bin\server\script\activitysys\playerfunlib.lua:708: unexpected symbol near '%'
error: ...OFFF_ONLINE\bin\server\script\task\task_addplayerexp.lua:16: unexpected symbol near '%'
error: ...ourceVs22\TESTLOFFF_ONLINE\bin\server\script\lib\log.lua:94: unexpected symbol near '%'
error: ...FFF_ONLINE\bin\server\script\activitysys\functionlib.lua:105: unexpected symbol near '%'
error: ...OFFF_ONLINE\bin\server\script\misc\eventsys\eventsys.lua:11: attempt to call a table value (for iterator 'for iterator')
stack traceback:
	...OFFF_ONLINE\bin\server\script\misc\eventsys\eventsys.lua:11: in method 'NewType'
	...OFFF_ONLINE\bin\server\script\misc\eventsys\type\npc.lua:3: in main chunk
	[C]: in function 'Include'
	[string "?"]:7: in main chunk
error: [string "?"]:492: unexpected symbol near '%'
2026/09/05 12:22:39.200 	 ScriptError 3. (\script\missions\challengeoftime\npc.lua) 

2026/09/05 12:22:39.200 	 ScriptError 3. (\script\missions\challengeoftime\npc.lua) 

error: ...eVs22\TESTLOFFF_ONLINE\bin\server\scriptjx2\lib\file.lua:57: unexpected symbol near '%'
error: ...eVs22\TESTLOFFF_ONLINE\bin\server\scriptjx2\lib\file.lua:57: unexpected symbol near '%'
error: ...eVs22\TESTLOFFF_ONLINE\bin\server\scriptjx2\lib\file.lua:57: unexpected symbol near '%'
error: ...FF_ONLINE\bin\server\script\activitysys\playerfunlib.lua:708: unexpected symbol near '%'
error: ...OFFF_ONLINE\bin\server\script\task\task_addplayerexp.lua:16: unexpected symbol near '%'
error: ...ourceVs22\TESTLOFFF_ONLINE\bin\server\script\lib\log.lua:94: unexpected symbol near '%'
error: ...FFF_ONLINE\bin\server\script\activitysys\functionlib.lua:105: unexpected symbol near '%'
error: ...NLINE\bin\server\script\missions\challengeoftime\npc.lua:492: unexpected symbol near '%'
error: ...INE\bin\server\script\missions\challengeoftime\award.lua:111: unexpected symbol near '%'
error: ...s22\TESTLOFFF_ONLINE\bin\server\script\lib\baseclass.lua:26: unexpected symbol near '%'
error: ..._ONLINE\bin\server\script\activitysys\activitydetail.lua:106: unexpected symbol near '%'
error: ...\TESTLOFFF_ONLINE\bin\server\script\misc\taskmanager.lua:340: unexpected symbol near '%'
error: ...ourceVs22\TESTLOFFF_ONLINE\bin\server\script\lib\log.lua:94: unexpected symbol near '%'
error: ...ourceVs22\TESTLOFFF_ONLINE\bin\server\script\lib\log.lua:94: unexpected symbol near '%'
error: ...ourceVs22\TESTLOFFF_ONLINE\bin\server\script\lib\log.lua:94: unexpected symbol near '%'
error: ...FFF_ONLINE\bin\server\script\activitysys\functionlib.lua:105: unexpected symbol near '%'
error: ...FFF_ONLINE\bin\server\script\activitysys\functionlib.lua:105: unexpected symbol near '%'
error: ...FFF_ONLINE\bin\server\script\activitysys\functionlib.lua:105: unexpected symbol near '%'
error: ...ourceVs22\TESTLOFFF_ONLINE\bin\server\script\lib\log.lua:94: unexpected symbol near '%'
error: ...ourceVs22\TESTLOFFF_ONLINE\bin\server\script\lib\log.lua:94: unexpected symbol near '%'
error: ...ourceVs22\TESTLOFFF_ONLINE\bin\server\script\lib\log.lua:94: unexpected symbol near '%'
error: ...ourceVs22\TESTLOFFF_ONLINE\bin\server\script\lib\log.lua:94: unexpected symbol near '%'
error: ...eVs22\TESTLOFFF_ONLINE\bin\server\scriptjx2\lib\file.lua:57: unexpected symbol near '%'
error: ...eVs22\TESTLOFFF_ONLINE\bin\server\scriptjx2\lib\file.lua:57: unexpected symbol near '%'
error: ...OFFF_ONLINE\bin\server\script\misc\eventsys\eventsys.lua:11: attempt to call a table value (for iterator 'for iterator')
stack traceback:
	...OFFF_ONLINE\bin\server\script\misc\eventsys\eventsys.lua:11: in method 'NewType'
	...F_ONLINE\bin\server\script\misc\eventsys\type\player.lua:3: in main chunk
	[C]: in function 'Include'
	...LINE\bin\server\script\task\metempsychosis\task_func.lua:16: in main chunk
	[C]: in function 'Include'
	...F_ONLINE\bin\server\script\event\change_destiny\head.lua:2: in main chunk
	[C]: in function 'Include'
	...NLINE\bin\server\script\event\change_destiny\mission.lua:1: in main chunk
	[C]: in function 'Include'
	[string "?"]:17: in main chunk
error: ...s22\TESTLOFFF_ONLINE\bin\server\script\lib\baseclass.lua:26: unexpected symbol near '%'
error: ...ourceVs22\TESTLOFFF_ONLINE\bin\server\script\lib\log.lua:94: unexpected symbol near '%'
error: ...ourceVs22\TESTLOFFF_ONLINE\bin\server\script\lib\log.lua:94: unexpected symbol near '%'
error: ...ourceVs22\TESTLOFFF_ONLINE\bin\server\script\lib\log.lua:94: unexpected symbol near '%'
error: ...s22\TESTLOFFF_ONLINE\bin\server\script\lib\baseclass.lua:26: unexpected symbol near '%'
error: ...n\server\script\event\birthday_jieri\200905\taskctrl.lua:16: attempt to index a nil value (global 'tbBaseClass')
stack traceback:
	...n\server\script\event\birthday_jieri\200905\taskctrl.lua:16: in main chunk
	[C]: in function 'Include'
	...\bin\server\script\event\birthday_jieri\200905\class.lua:5: in main chunk
	[C]: in function 'Include'
	[string "?"]:21: in main chunk
error: ...\bin\server\script\event\birthday_jieri\200905\class.lua:9: attempt to index a nil value (global 'tbBaseClass')
stack traceback:
	...\bin\server\script\event\birthday_jieri\200905\class.lua:9: in main chunk
	[C]: in function 'Include'
	[string "?"]:21: in main chunk
error: ...ourceVs22\TESTLOFFF_ONLINE\bin\server\script\lib\log.lua:94: unexpected symbol near '%'
error: ...ourceVs22\TESTLOFFF_ONLINE\bin\server\script\lib\log.lua:94: unexpected symbol near '%'
error: ...ourceVs22\TESTLOFFF_ONLINE\bin\server\script\lib\log.lua:94: unexpected symbol near '%'
error: ...ourceVs22\TESTLOFFF_ONLINE\bin\server\script\lib\log.lua:94: unexpected symbol near '%'
error: ...ourceVs22\TESTLOFFF_ONLINE\bin\server\script\lib\log.lua:94: unexpected symbol near '%'
error: ...ourceVs22\TESTLOFFF_ONLINE\bin\server\script\lib\log.lua:94: unexpected symbol near '%'
error: ...bin\server\script\missions\challengeoftime\doubleexp.lua:10: unexpected symbol near '%'
error: ...ourceVs22\TESTLOFFF_ONLINE\bin\server\script\lib\log.lua:94: unexpected symbol near '%'
error: ...ourceVs22\TESTLOFFF_ONLINE\bin\server\script\lib\log.lua:94: unexpected symbol near '%'
error: ...ourceVs22\TESTLOFFF_ONLINE\bin\server\script\lib\log.lua:94: unexpected symbol near '%'
error: ...STLOFFF_ONLINE\bin\server\script\vng_lib\vngtranslog.lua:31: unexpected symbol near '%'
error: ...FFF_ONLINE\bin\server\script\activitysys\functionlib.lua:105: unexpected symbol near '%'
error: ...eVs22\TESTLOFFF_ONLINE\bin\server\scriptjx2\lib\file.lua:57: unexpected symbol near '%'
error: ...eVs22\TESTLOFFF_ONLINE\bin\server\scriptjx2\lib\file.lua:57: unexpected symbol near '%'
error: ...eVs22\TESTLOFFF_ONLINE\bin\server\scriptjx2\lib\file.lua:57: unexpected symbol near '%'
error: ...FF_ONLINE\bin\server\script\activitysys\playerfunlib.lua:708: unexpected symbol near '%'
error: ...OFFF_ONLINE\bin\server\script\task\task_addplayerexp.lua:16: unexpected symbol near '%'
error: ...ourceVs22\TESTLOFFF_ONLINE\bin\server\script\lib\log.lua:94: unexpected symbol near '%'
error: ...FFF_ONLINE\bin\server\script\activitysys\functionlib.lua:105: unexpected symbol near '%'
error: ...ourceVs22\TESTLOFFF_ONLINE\bin\server\script\lib\log.lua:94: unexpected symbol near '%'
error: ...ourceVs22\TESTLOFFF_ONLINE\bin\server\script\lib\log.lua:94: unexpected symbol near '%'
error: ...ourceVs22\TESTLOFFF_ONLINE\bin\server\script\lib\log.lua:94: unexpected symbol near '%'
error: ...eVs22\TESTLOFFF_ONLINE\bin\server\scriptjx2\lib\file.lua:57: unexpected symbol near '%'
error: ...eVs22\TESTLOFFF_ONLINE\bin\server\scriptjx2\lib\file.lua:57: unexpected symbol near '%'
error: ...eVs22\TESTLOFFF_ONLINE\bin\server\scriptjx2\lib\file.lua:57: unexpected symbol near '%'
error: ...FF_ONLINE\bin\server\script\activitysys\playerfunlib.lua:708: unexpected symbol near '%'
error: ...OFFF_ONLINE\bin\server\script\task\task_addplayerexp.lua:16: unexpected symbol near '%'
error: ...ourceVs22\TESTLOFFF_ONLINE\bin\server\script\lib\log.lua:94: unexpected symbol near '%'
error: ...FFF_ONLINE\bin\server\script\activitysys\functionlib.lua:105: unexpected symbol near '%'
error: ...eVs22\TESTLOFFF_ONLINE\bin\server\scriptjx2\lib\file.lua:57: unexpected symbol near '%'
error: ...eVs22\TESTLOFFF_ONLINE\bin\server\scriptjx2\lib\file.lua:57: unexpected symbol near '%'
error: ...eVs22\TESTLOFFF_ONLINE\bin\server\scriptjx2\lib\file.lua:57: unexpected symbol near '%'
error: ...FF_ONLINE\bin\server\script\activitysys\playerfunlib.lua:708: unexpected symbol near '%'
error: ...OFFF_ONLINE\bin\server\script\task\task_addplayerexp.lua:16: unexpected symbol near '%'
error: ...ourceVs22\TESTLOFFF_ONLINE\bin\server\script\lib\log.lua:94: unexpected symbol near '%'
error: ...FFF_ONLINE\bin\server\script\activitysys\functionlib.lua:105: unexpected symbol near '%'
error: ...eVs22\TESTLOFFF_ONLINE\bin\server\scriptjx2\lib\file.lua:57: unexpected symbol near '%'
error: ...eVs22\TESTLOFFF_ONLINE\bin\server\scriptjx2\lib\file.lua:57: unexpected symbol near '%'
error: ...eVs22\TESTLOFFF_ONLINE\bin\server\scriptjx2\lib\file.lua:57: unexpected symbol near '%'
error: ...FF_ONLINE\bin\server\script\activitysys\playerfunlib.lua:708: unexpected symbol near '%'
error: ...OFFF_ONLINE\bin\server\script\task\task_addplayerexp.lua:16: unexpected symbol near '%'
error: ...ourceVs22\TESTLOFFF_ONLINE\bin\server\script\lib\log.lua:94: unexpected symbol near '%'
error: ...FFF_ONLINE\bin\server\script\activitysys\functionlib.lua:105: unexpected symbol near '%'
error: ...NLINE\bin\server\script\missions\challengeoftime\npc.lua:492: unexpected symbol near '%'
error: [string "?"]:111: unexpected symbol near '%'
2026/09/05 12:25:00.063 	 ScriptError 3. (\script\missions\challengeoftime\award.lua) 

2026/09/05 12:25:00.063 	 ScriptError 3. (\script\missions\challengeoftime\award.lua) 

error: ...ourceVs22\TESTLOFFF_ONLINE\bin\server\script\lib\log.lua:94: unexpected symbol near '%'
error: ...ourceVs22\TESTLOFFF_ONLINE\bin\server\script\lib\log.lua:94: unexpected symbol near '%'
error: ...ourceVs22\TESTLOFFF_ONLINE\bin\server\script\lib\log.lua:94: unexpected symbol near '%'
error: ...NLINE\bin\server\script\missions\challengeoftime\npc.lua:492: unexpected symbol near '%'
error: ...eVs22\TESTLOFFF_ONLINE\bin\server\scriptjx2\lib\file.lua:57: unexpected symbol near '%'
error: ...eVs22\TESTLOFFF_ONLINE\bin\server\scriptjx2\lib\file.lua:57: unexpected symbol near '%'
error: ...eVs22\TESTLOFFF_ONLINE\bin\server\scriptjx2\lib\file.lua:57: unexpected symbol near '%'
error: ...FF_ONLINE\bin\server\script\activitysys\playerfunlib.lua:708: unexpected symbol near '%'
error: ...OFFF_ONLINE\bin\server\script\task\task_addplayerexp.lua:16: unexpected symbol near '%'
error: ...ourceVs22\TESTLOFFF_ONLINE\bin\server\script\lib\log.lua:94: unexpected symbol near '%'
error: ...FFF_ONLINE\bin\server\script\activitysys\functionlib.lua:105: unexpected symbol near '%'
error: ...eVs22\TESTLOFFF_ONLINE\bin\server\scriptjx2\lib\file.lua:57: unexpected symbol near '%'
error: ...s22\TESTLOFFF_ONLINE\bin\server\script\lib\baseclass.lua:26: unexpected symbol near '%'
error: ..._ONLINE\bin\server\script\activitysys\activitydetail.lua:106: unexpected symbol near '%'
error: ...\TESTLOFFF_ONLINE\bin\server\script\misc\taskmanager.lua:340: unexpected symbol near '%'
error: ...ourceVs22\TESTLOFFF_ONLINE\bin\server\script\lib\log.lua:94: unexpected symbol near '%'
error: ...ourceVs22\TESTLOFFF_ONLINE\bin\server\script\lib\log.lua:94: unexpected symbol near '%'
error: ...ourceVs22\TESTLOFFF_ONLINE\bin\server\script\lib\log.lua:94: unexpected symbol near '%'
error: ...FFF_ONLINE\bin\server\script\activitysys\functionlib.lua:105: unexpected symbol near '%'
error: ...FFF_ONLINE\bin\server\script\activitysys\functionlib.lua:105: unexpected symbol near '%'
error: [string "?"]:77: attempt to call a table value (for iterator 'for iterator')
stack traceback:
	[string "?"]:77: in method 'Unregist'
	[string "?"]:276: in main chunk
2026/09/05 12:25:00.073 	 ScriptError 4:[1] (\script\missions\challengeoftime\chuangguang30.lua) 

error: [string "?"]:10: unexpected symbol near '%'
2026/09/05 12:25:00.075 	 ScriptError 3. (\script\missions\challengeoftime\doubleexp.lua) 

2026/09/05 12:25:00.075 	 ScriptError 3. (\script\missions\challengeoftime\doubleexp.lua) 

error: ...eVs22\TESTLOFFF_ONLINE\bin\server\scriptjx2\lib\file.lua:57: unexpected symbol near '%'
error: ...eVs22\TESTLOFFF_ONLINE\bin\server\scriptjx2\lib\file.lua:57: unexpected symbol near '%'
error: ...eVs22\TESTLOFFF_ONLINE\bin\server\scriptjx2\lib\file.lua:57: unexpected symbol near '%'
error: ...FF_ONLINE\bin\server\script\activitysys\playerfunlib.lua:708: unexpected symbol near '%'
error: ...OFFF_ONLINE\bin\server\script\task\task_addplayerexp.lua:16: unexpected symbol near '%'
error: ...ourceVs22\TESTLOFFF_ONLINE\bin\server\script\lib\log.lua:94: unexpected symbol near '%'
error: ...FFF_ONLINE\bin\server\script\activitysys\functionlib.lua:105: unexpected symbol near '%'
error: ...eVs22\TESTLOFFF_ONLINE\bin\server\scriptjx2\lib\file.lua:57: unexpected symbol near '%'
error: ...eVs22\TESTLOFFF_ONLINE\bin\server\scriptjx2\lib\file.lua:57: unexpected symbol near '%'
error: ...eVs22\TESTLOFFF_ONLINE\bin\server\scriptjx2\lib\file.lua:57: unexpected symbol near '%'
error: ...FF_ONLINE\bin\server\script\activitysys\playerfunlib.lua:708: unexpected symbol near '%'
error: ...OFFF_ONLINE\bin\server\script\task\task_addplayerexp.lua:16: unexpected symbol near '%'
error: ...ourceVs22\TESTLOFFF_ONLINE\bin\server\script\lib\log.lua:94: unexpected symbol near '%'
error: ...FFF_ONLINE\bin\server\script\activitysys\functionlib.lua:105: unexpected symbol near '%'
error: ...OFFF_ONLINE\bin\server\script\misc\eventsys\eventsys.lua:11: attempt to call a table value (for iterator 'for iterator')
stack traceback:
	...OFFF_ONLINE\bin\server\script\misc\eventsys\eventsys.lua:11: in method 'NewType'
	...OFFF_ONLINE\bin\server\script\misc\eventsys\type\npc.lua:3: in main chunk
	[C]: in function 'Include'
	[string "?"]:7: in main chunk
error: [string "?"]:492: unexpected symbol near '%'
2026/09/05 12:25:00.106 	 ScriptError 3. (\script\missions\challengeoftime\npc.lua) 

2026/09/05 12:25:00.106 	 ScriptError 3. (\script\missions\challengeoftime\npc.lua) 

error: ...eVs22\TESTLOFFF_ONLINE\bin\server\scriptjx2\lib\file.lua:57: unexpected symbol near '%'
error: ...eVs22\TESTLOFFF_ONLINE\bin\server\scriptjx2\lib\file.lua:57: unexpected symbol near '%'
error: ...eVs22\TESTLOFFF_ONLINE\bin\server\scriptjx2\lib\file.lua:57: unexpected symbol near '%'
error: ...FF_ONLINE\bin\server\script\activitysys\playerfunlib.lua:708: unexpected symbol near '%'
error: ...OFFF_ONLINE\bin\server\script\task\task_addplayerexp.lua:16: unexpected symbol near '%'
error: ...ourceVs22\TESTLOFFF_ONLINE\bin\server\script\lib\log.lua:94: unexpected symbol near '%'
error: ...FFF_ONLINE\bin\server\script\activitysys\functionlib.lua:105: unexpected symbol near '%'
error: ...NLINE\bin\server\script\missions\challengeoftime\npc.lua:492: unexpected symbol near '%'
error: ...INE\bin\server\script\missions\challengeoftime\award.lua:111: unexpected symbol near '%'
error: ...s22\TESTLOFFF_ONLINE\bin\server\script\lib\baseclass.lua:26: unexpected symbol near '%'
error: ..._ONLINE\bin\server\script\activitysys\activitydetail.lua:106: unexpected symbol near '%'
error: ...\TESTLOFFF_ONLINE\bin\server\script\misc\taskmanager.lua:340: unexpected symbol near '%'
error: ...ourceVs22\TESTLOFFF_ONLINE\bin\server\script\lib\log.lua:94: unexpected symbol near '%'
error: ...ourceVs22\TESTLOFFF_ONLINE\bin\server\script\lib\log.lua:94: unexpected symbol near '%'
error: ...ourceVs22\TESTLOFFF_ONLINE\bin\server\script\lib\log.lua:94: unexpected symbol near '%'
error: ...FFF_ONLINE\bin\server\script\activitysys\functionlib.lua:105: unexpected symbol near '%'
error: ...FFF_ONLINE\bin\server\script\activitysys\functionlib.lua:105: unexpected symbol near '%'
error: ...FFF_ONLINE\bin\server\script\activitysys\functionlib.lua:105: unexpected symbol near '%'
error: ...ourceVs22\TESTLOFFF_ONLINE\bin\server\script\lib\log.lua:94: unexpected symbol near '%'
error: ...ourceVs22\TESTLOFFF_ONLINE\bin\server\script\lib\log.lua:94: unexpected symbol near '%'
error: ...ourceVs22\TESTLOFFF_ONLINE\bin\server\script\lib\log.lua:94: unexpected symbol near '%'
error: ...ourceVs22\TESTLOFFF_ONLINE\bin\server\script\lib\log.lua:94: unexpected symbol near '%'
error: ...eVs22\TESTLOFFF_ONLINE\bin\server\scriptjx2\lib\file.lua:57: unexpected symbol near '%'
error: ...eVs22\TESTLOFFF_ONLINE\bin\server\scriptjx2\lib\file.lua:57: unexpected symbol near '%'
error: ...OFFF_ONLINE\bin\server\script\misc\eventsys\eventsys.lua:11: attempt to call a table value (for iterator 'for iterator')
stack traceback:
	...OFFF_ONLINE\bin\server\script\misc\eventsys\eventsys.lua:11: in method 'NewType'
	...F_ONLINE\bin\server\script\misc\eventsys\type\player.lua:3: in main chunk
	[C]: in function 'Include'
	...LINE\bin\server\script\task\metempsychosis\task_func.lua:16: in main chunk
	[C]: in function 'Include'
	...F_ONLINE\bin\server\script\event\change_destiny\head.lua:2: in main chunk
	[C]: in function 'Include'
	...NLINE\bin\server\script\event\change_destiny\mission.lua:1: in main chunk
	[C]: in function 'Include'
	[string "?"]:17: in main chunk
error: ...s22\TESTLOFFF_ONLINE\bin\server\script\lib\baseclass.lua:26: unexpected symbol near '%'
error: ...ourceVs22\TESTLOFFF_ONLINE\bin\server\script\lib\log.lua:94: unexpected symbol near '%'
error: ...ourceVs22\TESTLOFFF_ONLINE\bin\server\script\lib\log.lua:94: unexpected symbol near '%'
error: ...ourceVs22\TESTLOFFF_ONLINE\bin\server\script\lib\log.lua:94: unexpected symbol near '%'
error: ...s22\TESTLOFFF_ONLINE\bin\server\script\lib\baseclass.lua:26: unexpected symbol near '%'
error: ...n\server\script\event\birthday_jieri\200905\taskctrl.lua:16: attempt to index a nil value (global 'tbBaseClass')
stack traceback:
	...n\server\script\event\birthday_jieri\200905\taskctrl.lua:16: in main chunk
	[C]: in function 'Include'
	...\bin\server\script\event\birthday_jieri\200905\class.lua:5: in main chunk
	[C]: in function 'Include'
	[string "?"]:21: in main chunk
error: ...\bin\server\script\event\birthday_jieri\200905\class.lua:9: attempt to index a nil value (global 'tbBaseClass')
stack traceback:
	...\bin\server\script\event\birthday_jieri\200905\class.lua:9: in main chunk
	[C]: in function 'Include'
	[string "?"]:21: in main chunk
error: ...ourceVs22\TESTLOFFF_ONLINE\bin\server\script\lib\log.lua:94: unexpected symbol near '%'
error: ...ourceVs22\TESTLOFFF_ONLINE\bin\server\script\lib\log.lua:94: unexpected symbol near '%'
error: ...ourceVs22\TESTLOFFF_ONLINE\bin\server\script\lib\log.lua:94: unexpected symbol near '%'
error: ...ourceVs22\TESTLOFFF_ONLINE\bin\server\script\lib\log.lua:94: unexpected symbol near '%'
error: ...ourceVs22\TESTLOFFF_ONLINE\bin\server\script\lib\log.lua:94: unexpected symbol near '%'
error: ...ourceVs22\TESTLOFFF_ONLINE\bin\server\script\lib\log.lua:94: unexpected symbol near '%'
error: ...bin\server\script\missions\challengeoftime\doubleexp.lua:10: unexpected symbol near '%'
error: ...ourceVs22\TESTLOFFF_ONLINE\bin\server\script\lib\log.lua:94: unexpected symbol near '%'
error: ...ourceVs22\TESTLOFFF_ONLINE\bin\server\script\lib\log.lua:94: unexpected symbol near '%'
error: ...ourceVs22\TESTLOFFF_ONLINE\bin\server\script\lib\log.lua:94: unexpected symbol near '%'
error: ...STLOFFF_ONLINE\bin\server\script\vng_lib\vngtranslog.lua:31: unexpected symbol near '%'
error: ...FFF_ONLINE\bin\server\script\activitysys\functionlib.lua:105: unexpected symbol near '%'
error: ...eVs22\TESTLOFFF_ONLINE\bin\server\scriptjx2\lib\file.lua:57: unexpected symbol near '%'
error: ...eVs22\TESTLOFFF_ONLINE\bin\server\scriptjx2\lib\file.lua:57: unexpected symbol near '%'
error: ...eVs22\TESTLOFFF_ONLINE\bin\server\scriptjx2\lib\file.lua:57: unexpected symbol near '%'
error: ...FF_ONLINE\bin\server\script\activitysys\playerfunlib.lua:708: unexpected symbol near '%'
error: ...OFFF_ONLINE\bin\server\script\task\task_addplayerexp.lua:16: unexpected symbol near '%'
error: ...ourceVs22\TESTLOFFF_ONLINE\bin\server\script\lib\log.lua:94: unexpected symbol near '%'
error: ...FFF_ONLINE\bin\server\script\activitysys\functionlib.lua:105: unexpected symbol near '%'
error: ...ourceVs22\TESTLOFFF_ONLINE\bin\server\script\lib\log.lua:94: unexpected symbol near '%'
error: ...ourceVs22\TESTLOFFF_ONLINE\bin\server\script\lib\log.lua:94: unexpected symbol near '%'
error: ...ourceVs22\TESTLOFFF_ONLINE\bin\server\script\lib\log.lua:94: unexpected symbol near '%'
error: ...eVs22\TESTLOFFF_ONLINE\bin\server\scriptjx2\lib\file.lua:57: unexpected symbol near '%'
error: ...eVs22\TESTLOFFF_ONLINE\bin\server\scriptjx2\lib\file.lua:57: unexpected symbol near '%'
error: ...eVs22\TESTLOFFF_ONLINE\bin\server\scriptjx2\lib\file.lua:57: unexpected symbol near '%'
error: ...FF_ONLINE\bin\server\script\activitysys\playerfunlib.lua:708: unexpected symbol near '%'
error: ...OFFF_ONLINE\bin\server\script\task\task_addplayerexp.lua:16: unexpected symbol near '%'
error: ...ourceVs22\TESTLOFFF_ONLINE\bin\server\script\lib\log.lua:94: unexpected symbol near '%'
error: ...FFF_ONLINE\bin\server\script\activitysys\functionlib.lua:105: unexpected symbol near '%'
error: ...eVs22\TESTLOFFF_ONLINE\bin\server\scriptjx2\lib\file.lua:57: unexpected symbol near '%'
error: ...eVs22\TESTLOFFF_ONLINE\bin\server\scriptjx2\lib\file.lua:57: unexpected symbol near '%'
error: ...eVs22\TESTLOFFF_ONLINE\bin\server\scriptjx2\lib\file.lua:57: unexpected symbol near '%'
error: ...FF_ONLINE\bin\server\script\activitysys\playerfunlib.lua:708: unexpected symbol near '%'
error: ...OFFF_ONLINE\bin\server\script\task\task_addplayerexp.lua:16: unexpected symbol near '%'
error: ...ourceVs22\TESTLOFFF_ONLINE\bin\server\script\lib\log.lua:94: unexpected symbol near '%'
error: ...FFF_ONLINE\bin\server\script\activitysys\functionlib.lua:105: unexpected symbol near '%'
error: ...eVs22\TESTLOFFF_ONLINE\bin\server\scriptjx2\lib\file.lua:57: unexpected symbol near '%'
error: ...eVs22\TESTLOFFF_ONLINE\bin\server\scriptjx2\lib\file.lua:57: unexpected symbol near '%'
error: ...eVs22\TESTLOFFF_ONLINE\bin\server\scriptjx2\lib\file.lua:57: unexpected symbol near '%'
error: ...FF_ONLINE\bin\server\script\activitysys\playerfunlib.lua:708: unexpected symbol near '%'
error: ...OFFF_ONLINE\bin\server\script\task\task_addplayerexp.lua:16: unexpected symbol near '%'
error: ...ourceVs22\TESTLOFFF_ONLINE\bin\server\script\lib\log.lua:94: unexpected symbol near '%'
error: ...FFF_ONLINE\bin\server\script\activitysys\functionlib.lua:105: unexpected symbol near '%'
error: ...NLINE\bin\server\script\missions\challengeoftime\npc.lua:492: unexpected symbol near '%'
error: ...eVs22\TESTLOFFF_ONLINE\bin\server\scriptjx2\lib\file.lua:57: unexpected symbol near '%'
error: ...eVs22\TESTLOFFF_ONLINE\bin\server\scriptjx2\lib\file.lua:57: unexpected symbol near '%'
error: ...eVs22\TESTLOFFF_ONLINE\bin\server\scriptjx2\lib\file.lua:57: unexpected symbol near '%'
error: ...eVs22\TESTLOFFF_ONLINE\bin\server\scriptjx2\lib\file.lua:57: unexpected symbol near '%'
error: ...eVs22\TESTLOFFF_ONLINE\bin\server\scriptjx2\lib\file.lua:57: unexpected symbol near '%'
error: ...eVs22\TESTLOFFF_ONLINE\bin\server\scriptjx2\lib\file.lua:57: unexpected symbol near '%'
error: ...eVs22\TESTLOFFF_ONLINE\bin\server\scriptjx2\lib\file.lua:57: unexpected symbol near '%'
error: ...eVs22\TESTLOFFF_ONLINE\bin\server\scriptjx2\lib\file.lua:57: unexpected symbol near '%'
error: ...eVs22\TESTLOFFF_ONLINE\bin\server\scriptjx2\lib\file.lua:57: unexpected symbol near '%'
error: ...eVs22\TESTLOFFF_ONLINE\bin\server\scriptjx2\lib\file.lua:57: unexpected symbol near '%'
error: ...eVs22\TESTLOFFF_ONLINE\bin\server\scriptjx2\lib\file.lua:57: unexpected symbol near '%'
error: ...eVs22\TESTLOFFF_ONLINE\bin\server\scriptjx2\lib\file.lua:57: unexpected symbol near '%'
error: ...eVs22\TESTLOFFF_ONLINE\bin\server\scriptjx2\lib\file.lua:57: unexpected symbol near '%'
error: ...eVs22\TESTLOFFF_ONLINE\bin\server\scriptjx2\lib\file.lua:57: unexpected symbol near '%'
error: ...eVs22\TESTLOFFF_ONLINE\bin\server\scriptjx2\lib\file.lua:57: unexpected symbol near '%'
error: ...eVs22\TESTLOFFF_ONLINE\bin\server\scriptjx2\lib\file.lua:57: unexpected symbol near '%'
error: ...eVs22\TESTLOFFF_ONLINE\bin\server\scriptjx2\lib\file.lua:57: unexpected symbol near '%'
error: ...eVs22\TESTLOFFF_ONLINE\bin\server\scriptjx2\lib\file.lua:57: unexpected symbol near '%'
error: ...eVs22\TESTLOFFF_ONLINE\bin\server\scriptjx2\lib\file.lua:57: unexpected symbol near '%'
error: ...eVs22\TESTLOFFF_ONLINE\bin\server\scriptjx2\lib\file.lua:57: unexpected symbol near '%'
error: ...eVs22\TESTLOFFF_ONLINE\bin\server\scriptjx2\lib\file.lua:57: unexpected symbol near '%'
error: ...eVs22\TESTLOFFF_ONLINE\bin\server\scriptjx2\lib\file.lua:57: unexpected symbol near '%'
error: ...eVs22\TESTLOFFF_ONLINE\bin\server\scriptjx2\lib\file.lua:57: unexpected symbol near '%'
error: ...eVs22\TESTLOFFF_ONLINE\bin\server\scriptjx2\lib\file.lua:57: unexpected symbol near '%'
error: ...eVs22\TESTLOFFF_ONLINE\bin\server\scriptjx2\lib\file.lua:57: unexpected symbol near '%'
error: ...eVs22\TESTLOFFF_ONLINE\bin\server\scriptjx2\lib\file.lua:57: unexpected symbol near '%'
error: ...eVs22\TESTLOFFF_ONLINE\bin\server\scriptjx2\lib\file.lua:57: unexpected symbol near '%'
error: ...eVs22\TESTLOFFF_ONLINE\bin\server\scriptjx2\lib\file.lua:57: unexpected symbol near '%'
error: ...eVs22\TESTLOFFF_ONLINE\bin\server\scriptjx2\lib\file.lua:57: unexpected symbol near '%'
error: ...eVs22\TESTLOFFF_ONLINE\bin\server\scriptjx2\lib\file.lua:57: unexpected symbol near '%'
error: ...eVs22\TESTLOFFF_ONLINE\bin\server\scriptjx2\lib\file.lua:57: unexpected symbol near '%'
error: ...eVs22\TESTLOFFF_ONLINE\bin\server\scriptjx2\lib\file.lua:57: unexpected symbol near '%'
error: ...eVs22\TESTLOFFF_ONLINE\bin\server\scriptjx2\lib\file.lua:57: unexpected symbol near '%'
error: ...eVs22\TESTLOFFF_ONLINE\bin\server\scriptjx2\lib\file.lua:57: unexpected symbol near '%'
error: ...eVs22\TESTLOFFF_ONLINE\bin\server\scriptjx2\lib\file.lua:57: unexpected symbol near '%'
error: ...eVs22\TESTLOFFF_ONLINE\bin\server\scriptjx2\lib\file.lua:57: unexpected symbol near '%'
error: ...eVs22\TESTLOFFF_ONLINE\bin\server\scriptjx2\lib\file.lua:57: unexpected symbol near '%'
error: ...eVs22\TESTLOFFF_ONLINE\bin\server\scriptjx2\lib\file.lua:57: unexpected symbol near '%'
error: ...eVs22\TESTLOFFF_ONLINE\bin\server\scriptjx2\lib\file.lua:57: unexpected symbol near '%'
error: ...eVs22\TESTLOFFF_ONLINE\bin\server\scriptjx2\lib\file.lua:57: unexpected symbol near '%'
error: ...eVs22\TESTLOFFF_ONLINE\bin\server\scriptjx2\lib\file.lua:57: unexpected symbol near '%'
error: ...eVs22\TESTLOFFF_ONLINE\bin\server\scriptjx2\lib\file.lua:57: unexpected symbol near '%'
error: ...eVs22\TESTLOFFF_ONLINE\bin\server\scriptjx2\lib\file.lua:57: unexpected symbol near '%'
error: ...eVs22\TESTLOFFF_ONLINE\bin\server\scriptjx2\lib\file.lua:57: unexpected symbol near '%'
error: ...eVs22\TESTLOFFF_ONLINE\bin\server\scriptjx2\lib\file.lua:57: unexpected symbol near '%'
error: ...eVs22\TESTLOFFF_ONLINE\bin\server\scriptjx2\lib\file.lua:57: unexpected symbol near '%'
error: ...eVs22\TESTLOFFF_ONLINE\bin\server\scriptjx2\lib\file.lua:57: unexpected symbol near '%'
error: ...eVs22\TESTLOFFF_ONLINE\bin\server\scriptjx2\lib\file.lua:57: unexpected symbol near '%'
error: ...eVs22\TESTLOFFF_ONLINE\bin\server\scriptjx2\lib\file.lua:57: unexpected symbol near '%'
error: ...eVs22\TESTLOFFF_ONLINE\bin\server\scriptjx2\lib\file.lua:57: unexpected symbol near '%'
error: ...eVs22\TESTLOFFF_ONLINE\bin\server\scriptjx2\lib\file.lua:57: unexpected symbol near '%'
error: ...eVs22\TESTLOFFF_ONLINE\bin\server\scriptjx2\lib\file.lua:57: unexpected symbol near '%'
error: ...eVs22\TESTLOFFF_ONLINE\bin\server\scriptjx2\lib\file.lua:57: unexpected symbol near '%'
error: ...eVs22\TESTLOFFF_ONLINE\bin\server\scriptjx2\lib\file.lua:57: unexpected symbol near '%'
error: ...eVs22\TESTLOFFF_ONLINE\bin\server\scriptjx2\lib\file.lua:57: unexpected symbol near '%'
error: ...eVs22\TESTLOFFF_ONLINE\bin\server\scriptjx2\lib\file.lua:57: unexpected symbol near '%'
error: ...eVs22\TESTLOFFF_ONLINE\bin\server\scriptjx2\lib\file.lua:57: unexpected symbol near '%'
error: ...eVs22\TESTLOFFF_ONLINE\bin\server\scriptjx2\lib\file.lua:57: unexpected symbol near '%'
error: ...eVs22\TESTLOFFF_ONLINE\bin\server\scriptjx2\lib\file.lua:57: unexpected symbol near '%'
error: ...eVs22\TESTLOFFF_ONLINE\bin\server\scriptjx2\lib\file.lua:57: unexpected symbol near '%'
error: ...eVs22\TESTLOFFF_ONLINE\bin\server\scriptjx2\lib\file.lua:57: unexpected symbol near '%'
error: ...eVs22\TESTLOFFF_ONLINE\bin\server\scriptjx2\lib\file.lua:57: unexpected symbol near '%'
error: ...eVs22\TESTLOFFF_ONLINE\bin\server\scriptjx2\lib\file.lua:57: unexpected symbol near '%'
error: ...eVs22\TESTLOFFF_ONLINE\bin\server\scriptjx2\lib\file.lua:57: unexpected symbol near '%'
error: ...eVs22\TESTLOFFF_ONLINE\bin\server\scriptjx2\lib\file.lua:57: unexpected symbol near '%'
error: ...eVs22\TESTLOFFF_ONLINE\bin\server\scriptjx2\lib\file.lua:57: unexpected symbol near '%'
error: ...eVs22\TESTLOFFF_ONLINE\bin\server\scriptjx2\lib\file.lua:57: unexpected symbol near '%'
error: ...eVs22\TESTLOFFF_ONLINE\bin\server\scriptjx2\lib\file.lua:57: unexpected symbol near '%'
error: ...eVs22\TESTLOFFF_ONLINE\bin\server\scriptjx2\lib\file.lua:57: unexpected symbol near '%'
error: ...eVs22\TESTLOFFF_ONLINE\bin\server\scriptjx2\lib\file.lua:57: unexpected symbol near '%'
error: ...eVs22\TESTLOFFF_ONLINE\bin\server\scriptjx2\lib\file.lua:57: unexpected symbol near '%'
error: ...eVs22\TESTLOFFF_ONLINE\bin\server\scriptjx2\lib\file.lua:57: unexpected symbol near '%'
error: ...eVs22\TESTLOFFF_ONLINE\bin\server\scriptjx2\lib\file.lua:57: unexpected symbol near '%'
error: ...eVs22\TESTLOFFF_ONLINE\bin\server\scriptjx2\lib\file.lua:57: unexpected symbol near '%'
error: ...eVs22\TESTLOFFF_ONLINE\bin\server\scriptjx2\lib\file.lua:57: unexpected symbol near '%'
error: ...eVs22\TESTLOFFF_ONLINE\bin\server\scriptjx2\lib\file.lua:57: unexpected symbol near '%'
error: ...eVs22\TESTLOFFF_ONLINE\bin\server\scriptjx2\lib\file.lua:57: unexpected symbol near '%'
error: ...eVs22\TESTLOFFF_ONLINE\bin\server\scriptjx2\lib\file.lua:57: unexpected symbol near '%'
error: ...eVs22\TESTLOFFF_ONLINE\bin\server\scriptjx2\lib\file.lua:57: unexpected symbol near '%'
error: ...eVs22\TESTLOFFF_ONLINE\bin\server\scriptjx2\lib\file.lua:57: unexpected symbol near '%'
error: ...eVs22\TESTLOFFF_ONLINE\bin\server\scriptjx2\lib\file.lua:57: unexpected symbol near '%'
error: ...eVs22\TESTLOFFF_ONLINE\bin\server\scriptjx2\lib\file.lua:57: unexpected symbol near '%'
error: ...eVs22\TESTLOFFF_ONLINE\bin\server\scriptjx2\lib\file.lua:57: unexpected symbol near '%'
error: ...eVs22\TESTLOFFF_ONLINE\bin\server\scriptjx2\lib\file.lua:57: unexpected symbol near '%'
error: ...eVs22\TESTLOFFF_ONLINE\bin\server\scriptjx2\lib\file.lua:57: unexpected symbol near '%'
error: ...eVs22\TESTLOFFF_ONLINE\bin\server\scriptjx2\lib\file.lua:57: unexpected symbol near '%'
error: ...eVs22\TESTLOFFF_ONLINE\bin\server\scriptjx2\lib\file.lua:57: unexpected symbol near '%'
error: ...eVs22\TESTLOFFF_ONLINE\bin\server\scriptjx2\lib\file.lua:57: unexpected symbol near '%'
error: ...eVs22\TESTLOFFF_ONLINE\bin\server\scriptjx2\lib\file.lua:57: unexpected symbol near '%'
error: ...eVs22\TESTLOFFF_ONLINE\bin\server\scriptjx2\lib\file.lua:57: unexpected symbol near '%'
error: ...eVs22\TESTLOFFF_ONLINE\bin\server\scriptjx2\lib\file.lua:57: unexpected symbol near '%'
error: ...eVs22\TESTLOFFF_ONLINE\bin\server\scriptjx2\lib\file.lua:57: unexpected symbol near '%'
error: ...eVs22\TESTLOFFF_ONLINE\bin\server\scriptjx2\lib\file.lua:57: unexpected symbol near '%'
error: ...eVs22\TESTLOFFF_ONLINE\bin\server\scriptjx2\lib\file.lua:57: unexpected symbol near '%'
error: ...eVs22\TESTLOFFF_ONLINE\bin\server\scriptjx2\lib\file.lua:57: unexpected symbol near '%'
error: ...eVs22\TESTLOFFF_ONLINE\bin\server\scriptjx2\lib\file.lua:57: unexpected symbol near '%'
error: ...eVs22\TESTLOFFF_ONLINE\bin\server\scriptjx2\lib\file.lua:57: unexpected symbol near '%'
error: ...eVs22\TESTLOFFF_ONLINE\bin\server\scriptjx2\lib\file.lua:57: unexpected symbol near '%'
error: ...eVs22\TESTLOFFF_ONLINE\bin\server\scriptjx2\lib\file.lua:57: unexpected symbol near '%'
error: ...eVs22\TESTLOFFF_ONLINE\bin\server\scriptjx2\lib\file.lua:57: unexpected symbol near '%'
error: ...eVs22\TESTLOFFF_ONLINE\bin\server\scriptjx2\lib\file.lua:57: unexpected symbol near '%'
error: ...eVs22\TESTLOFFF_ONLINE\bin\server\scriptjx2\lib\file.lua:57: unexpected symbol near '%'
error: ...eVs22\TESTLOFFF_ONLINE\bin\server\scriptjx2\lib\file.lua:57: unexpected symbol near '%'
error: ...eVs22\TESTLOFFF_ONLINE\bin\server\scriptjx2\lib\file.lua:57: unexpected symbol near '%'
error: ...eVs22\TESTLOFFF_ONLINE\bin\server\scriptjx2\lib\file.lua:57: unexpected symbol near '%'
error: ...eVs22\TESTLOFFF_ONLINE\bin\server\scriptjx2\lib\file.lua:57: unexpected symbol near '%'
error: ...eVs22\TESTLOFFF_ONLINE\bin\server\scriptjx2\lib\file.lua:57: unexpected symbol near '%'
error: ...eVs22\TESTLOFFF_ONLINE\bin\server\scriptjx2\lib\file.lua:57: unexpected symbol near '%'
error: ...eVs22\TESTLOFFF_ONLINE\bin\server\scriptjx2\lib\file.lua:57: unexpected symbol near '%'
error: ...eVs22\TESTLOFFF_ONLINE\bin\server\scriptjx2\lib\file.lua:57: unexpected symbol near '%'
error: ...eVs22\TESTLOFFF_ONLINE\bin\server\scriptjx2\lib\file.lua:57: unexpected symbol near '%'
error: ...eVs22\TESTLOFFF_ONLINE\bin\server\scriptjx2\lib\file.lua:57: unexpected symbol near '%'
error: ...eVs22\TESTLOFFF_ONLINE\bin\server\scriptjx2\lib\file.lua:57: unexpected symbol near '%'
error: ...eVs22\TESTLOFFF_ONLINE\bin\server\scriptjx2\lib\file.lua:57: unexpected symbol near '%'
error: ...eVs22\TESTLOFFF_ONLINE\bin\server\scriptjx2\lib\file.lua:57: unexpected symbol near '%'
error: ...eVs22\TESTLOFFF_ONLINE\bin\server\scriptjx2\lib\file.lua:57: unexpected symbol near '%'
error: ...eVs22\TESTLOFFF_ONLINE\bin\server\scriptjx2\lib\file.lua:57: unexpected symbol near '%'
error: ...eVs22\TESTLOFFF_ONLINE\bin\server\scriptjx2\lib\file.lua:57: unexpected symbol near '%'
error: ...eVs22\TESTLOFFF_ONLINE\bin\server\scriptjx2\lib\file.lua:57: unexpected symbol near '%'
error: ...eVs22\TESTLOFFF_ONLINE\bin\server\scriptjx2\lib\file.lua:57: unexpected symbol near '%'
error: ...eVs22\TESTLOFFF_ONLINE\bin\server\scriptjx2\lib\file.lua:57: unexpected symbol near '%'
error: ...eVs22\TESTLOFFF_ONLINE\bin\server\scriptjx2\lib\file.lua:57: unexpected symbol near '%'
error: ...eVs22\TESTLOFFF_ONLINE\bin\server\scriptjx2\lib\file.lua:57: unexpected symbol near '%'
error: ...eVs22\TESTLOFFF_ONLINE\bin\server\scriptjx2\lib\file.lua:57: unexpected symbol near '%'
error: ...eVs22\TESTLOFFF_ONLINE\bin\server\scriptjx2\lib\file.lua:57: unexpected symbol near '%'
error: ...eVs22\TESTLOFFF_ONLINE\bin\server\scriptjx2\lib\file.lua:57: unexpected symbol near '%'
error: ...eVs22\TESTLOFFF_ONLINE\bin\server\scriptjx2\lib\file.lua:57: unexpected symbol near '%'
error: ...eVs22\TESTLOFFF_ONLINE\bin\server\scriptjx2\lib\file.lua:57: unexpected symbol near '%'
error: ...eVs22\TESTLOFFF_ONLINE\bin\server\scriptjx2\lib\file.lua:57: unexpected symbol near '%'
error: ...eVs22\TESTLOFFF_ONLINE\bin\server\scriptjx2\lib\file.lua:57: unexpected symbol near '%'
error: ...eVs22\TESTLOFFF_ONLINE\bin\server\scriptjx2\lib\file.lua:57: unexpected symbol near '%'
error: ...eVs22\TESTLOFFF_ONLINE\bin\server\scriptjx2\lib\file.lua:57: unexpected symbol near '%'
error: ...eVs22\TESTLOFFF_ONLINE\bin\server\scriptjx2\lib\file.lua:57: unexpected symbol near '%'
error: ...eVs22\TESTLOFFF_ONLINE\bin\server\scriptjx2\lib\file.lua:57: unexpected symbol near '%'
error: ...eVs22\TESTLOFFF_ONLINE\bin\server\scriptjx2\lib\file.lua:57: unexpected symbol near '%'
error: ...eVs22\TESTLOFFF_ONLINE\bin\server\scriptjx2\lib\file.lua:57: unexpected symbol near '%'
error: ...eVs22\TESTLOFFF_ONLINE\bin\server\scriptjx2\lib\file.lua:57: unexpected symbol near '%'
error: ...eVs22\TESTLOFFF_ONLINE\bin\server\scriptjx2\lib\file.lua:57: unexpected symbol near '%'
error: ...eVs22\TESTLOFFF_ONLINE\bin\server\scriptjx2\lib\file.lua:57: unexpected symbol near '%'
error: ...eVs22\TESTLOFFF_ONLINE\bin\server\scriptjx2\lib\file.lua:57: unexpected symbol near '%'
error: ...eVs22\TESTLOFFF_ONLINE\bin\server\scriptjx2\lib\file.lua:57: unexpected symbol near '%'
error: ...eVs22\TESTLOFFF_ONLINE\bin\server\scriptjx2\lib\file.lua:57: unexpected symbol near '%'
error: ...eVs22\TESTLOFFF_ONLINE\bin\server\scriptjx2\lib\file.lua:57: unexpected symbol near '%'
error: ...eVs22\TESTLOFFF_ONLINE\bin\server\scriptjx2\lib\file.lua:57: unexpected symbol near '%'
error: ...eVs22\TESTLOFFF_ONLINE\bin\server\scriptjx2\lib\file.lua:57: unexpected symbol near '%'
error: ...eVs22\TESTLOFFF_ONLINE\bin\server\scriptjx2\lib\file.lua:57: unexpected symbol near '%'
error: ...eVs22\TESTLOFFF_ONLINE\bin\server\scriptjx2\lib\file.lua:57: unexpected symbol near '%'
error: ...eVs22\TESTLOFFF_ONLINE\bin\server\scriptjx2\lib\file.lua:57: unexpected symbol near '%'
error: ...eVs22\TESTLOFFF_ONLINE\bin\server\scriptjx2\lib\file.lua:57: unexpected symbol near '%'
error: ...eVs22\TESTLOFFF_ONLINE\bin\server\scriptjx2\lib\file.lua:57: unexpected symbol near '%'
error: ...eVs22\TESTLOFFF_ONLINE\bin\server\scriptjx2\lib\file.lua:57: unexpected symbol near '%'
error: ...eVs22\TESTLOFFF_ONLINE\bin\server\scriptjx2\lib\file.lua:57: unexpected symbol near '%'
error: ...eVs22\TESTLOFFF_ONLINE\bin\server\scriptjx2\lib\file.lua:57: unexpected symbol near '%'
error: ...eVs22\TESTLOFFF_ONLINE\bin\server\scriptjx2\lib\file.lua:57: unexpected symbol near '%'
error: ...eVs22\TESTLOFFF_ONLINE\bin\server\scriptjx2\lib\file.lua:57: unexpected symbol near '%'
error: ...eVs22\TESTLOFFF_ONLINE\bin\server\scriptjx2\lib\file.lua:57: unexpected symbol near '%'
error: ...eVs22\TESTLOFFF_ONLINE\bin\server\scriptjx2\lib\file.lua:57: unexpected symbol near '%'
error: ...eVs22\TESTLOFFF_ONLINE\bin\server\scriptjx2\lib\file.lua:57: unexpected symbol near '%'
error: ...eVs22\TESTLOFFF_ONLINE\bin\server\scriptjx2\lib\file.lua:57: unexpected symbol near '%'
error: ...eVs22\TESTLOFFF_ONLINE\bin\server\scriptjx2\lib\file.lua:57: unexpected symbol near '%'
error: ...eVs22\TESTLOFFF_ONLINE\bin\server\scriptjx2\lib\file.lua:57: unexpected symbol near '%'
error: ...eVs22\TESTLOFFF_ONLINE\bin\server\scriptjx2\lib\file.lua:57: unexpected symbol near '%'
error: ...eVs22\TESTLOFFF_ONLINE\bin\server\scriptjx2\lib\file.lua:57: unexpected symbol near '%'
error: ...eVs22\TESTLOFFF_ONLINE\bin\server\scriptjx2\lib\file.lua:57: unexpected symbol near '%'
error: ...eVs22\TESTLOFFF_ONLINE\bin\server\scriptjx2\lib\file.lua:57: unexpected symbol near '%'
error: ...eVs22\TESTLOFFF_ONLINE\bin\server\scriptjx2\lib\file.lua:57: unexpected symbol near '%'
error: ...eVs22\TESTLOFFF_ONLINE\bin\server\scriptjx2\lib\file.lua:57: unexpected symbol near '%'
error: ...eVs22\TESTLOFFF_ONLINE\bin\server\scriptjx2\lib\file.lua:57: unexpected symbol near '%'
error: ...eVs22\TESTLOFFF_ONLINE\bin\server\scriptjx2\lib\file.lua:57: unexpected symbol near '%'
error: ...eVs22\TESTLOFFF_ONLINE\bin\server\scriptjx2\lib\file.lua:57: unexpected symbol near '%'
error: ...eVs22\TESTLOFFF_ONLINE\bin\server\scriptjx2\lib\file.lua:57: unexpected symbol near '%'
error: ...eVs22\TESTLOFFF_ONLINE\bin\server\scriptjx2\lib\file.lua:57: unexpected symbol near '%'
error: ...eVs22\TESTLOFFF_ONLINE\bin\server\scriptjx2\lib\file.lua:57: unexpected symbol near '%'
error: ...eVs22\TESTLOFFF_ONLINE\bin\server\scriptjx2\lib\file.lua:57: unexpected symbol near '%'
error: ...eVs22\TESTLOFFF_ONLINE\bin\server\scriptjx2\lib\file.lua:57: unexpected symbol near '%'
error: ...eVs22\TESTLOFFF_ONLINE\bin\server\scriptjx2\lib\file.lua:57: unexpected symbol near '%'
error: ...eVs22\TESTLOFFF_ONLINE\bin\server\scriptjx2\lib\file.lua:57: unexpected symbol near '%'
error: ...eVs22\TESTLOFFF_ONLINE\bin\server\scriptjx2\lib\file.lua:57: unexpected symbol near '%'
error: ...eVs22\TESTLOFFF_ONLINE\bin\server\scriptjx2\lib\file.lua:57: unexpected symbol near '%'
error: ...eVs22\TESTLOFFF_ONLINE\bin\server\scriptjx2\lib\file.lua:57: unexpected symbol near '%'
error: ...eVs22\TESTLOFFF_ONLINE\bin\server\scriptjx2\lib\file.lua:57: unexpected symbol near '%'
error: ...eVs22\TESTLOFFF_ONLINE\bin\server\scriptjx2\lib\file.lua:57: unexpected symbol near '%'
error: ...eVs22\TESTLOFFF_ONLINE\bin\server\scriptjx2\lib\file.lua:57: unexpected symbol near '%'
error: ...eVs22\TESTLOFFF_ONLINE\bin\server\scriptjx2\lib\file.lua:57: unexpected symbol near '%'
error: ...eVs22\TESTLOFFF_ONLINE\bin\server\scriptjx2\lib\file.lua:57: unexpected symbol near '%'
error: ...eVs22\TESTLOFFF_ONLINE\bin\server\scriptjx2\lib\file.lua:57: unexpected symbol near '%'
error: ...eVs22\TESTLOFFF_ONLINE\bin\server\scriptjx2\lib\file.lua:57: unexpected symbol near '%'
error: ...eVs22\TESTLOFFF_ONLINE\bin\server\scriptjx2\lib\file.lua:57: unexpected symbol near '%'
error: ...eVs22\TESTLOFFF_ONLINE\bin\server\scriptjx2\lib\file.lua:57: unexpected symbol near '%'
error: ...eVs22\TESTLOFFF_ONLINE\bin\server\scriptjx2\lib\file.lua:57: unexpected symbol near '%'
error: ...eVs22\TESTLOFFF_ONLINE\bin\server\scriptjx2\lib\file.lua:57: unexpected symbol near '%'
error: ...eVs22\TESTLOFFF_ONLINE\bin\server\scriptjx2\lib\file.lua:57: unexpected symbol near '%'
error: ...eVs22\TESTLOFFF_ONLINE\bin\server\scriptjx2\lib\file.lua:57: unexpected symbol near '%'
error: ...eVs22\TESTLOFFF_ONLINE\bin\server\scriptjx2\lib\file.lua:57: unexpected symbol near '%'
error: ...eVs22\TESTLOFFF_ONLINE\bin\server\scriptjx2\lib\file.lua:57: unexpected symbol near '%'
error: ...eVs22\TESTLOFFF_ONLINE\bin\server\scriptjx2\lib\file.lua:57: unexpected symbol near '%'
error: ...eVs22\TESTLOFFF_ONLINE\bin\server\scriptjx2\lib\file.lua:57: unexpected symbol near '%'
error: ...eVs22\TESTLOFFF_ONLINE\bin\server\scriptjx2\lib\file.lua:57: unexpected symbol near '%'
error: ...eVs22\TESTLOFFF_ONLINE\bin\server\scriptjx2\lib\file.lua:57: unexpected symbol near '%'
error: ...eVs22\TESTLOFFF_ONLINE\bin\server\scriptjx2\lib\file.lua:57: unexpected symbol near '%'
error: ...eVs22\TESTLOFFF_ONLINE\bin\server\scriptjx2\lib\file.lua:57: unexpected symbol near '%'
error: ...eVs22\TESTLOFFF_ONLINE\bin\server\scriptjx2\lib\file.lua:57: unexpected symbol near '%'
error: ...eVs22\TESTLOFFF_ONLINE\bin\server\scriptjx2\lib\file.lua:57: unexpected symbol near '%'
error: ...eVs22\TESTLOFFF_ONLINE\bin\server\scriptjx2\lib\file.lua:57: unexpected symbol near '%'
error: ...eVs22\TESTLOFFF_ONLINE\bin\server\scriptjx2\lib\file.lua:57: unexpected symbol near '%'
error: ...eVs22\TESTLOFFF_ONLINE\bin\server\scriptjx2\lib\file.lua:57: unexpected symbol near '%'
error: ...eVs22\TESTLOFFF_ONLINE\bin\server\scriptjx2\lib\file.lua:57: unexpected symbol near '%'
error: ...eVs22\TESTLOFFF_ONLINE\bin\server\scriptjx2\lib\file.lua:57: unexpected symbol near '%'
error: ...eVs22\TESTLOFFF_ONLINE\bin\server\scriptjx2\lib\file.lua:57: unexpected symbol near '%'
error: ...eVs22\TESTLOFFF_ONLINE\bin\server\scriptjx2\lib\file.lua:57: unexpected symbol near '%'
error: ...eVs22\TESTLOFFF_ONLINE\bin\server\scriptjx2\lib\file.lua:57: unexpected symbol near '%'
error: ...eVs22\TESTLOFFF_ONLINE\bin\server\scriptjx2\lib\file.lua:57: unexpected symbol near '%'
error: ...eVs22\TESTLOFFF_ONLINE\bin\server\scriptjx2\lib\file.lua:57: unexpected symbol near '%'
error: ...eVs22\TESTLOFFF_ONLINE\bin\server\scriptjx2\lib\file.lua:57: unexpected symbol near '%'
error: ...eVs22\TESTLOFFF_ONLINE\bin\server\scriptjx2\lib\file.lua:57: unexpected symbol near '%'
error: ...eVs22\TESTLOFFF_ONLINE\bin\server\scriptjx2\lib\file.lua:57: unexpected symbol near '%'
error: ...eVs22\TESTLOFFF_ONLINE\bin\server\scriptjx2\lib\file.lua:57: unexpected symbol near '%'
error: ...eVs22\TESTLOFFF_ONLINE\bin\server\scriptjx2\lib\file.lua:57: unexpected symbol near '%'
error: ...eVs22\TESTLOFFF_ONLINE\bin\server\scriptjx2\lib\file.lua:57: unexpected symbol near '%'
error: ...eVs22\TESTLOFFF_ONLINE\bin\server\scriptjx2\lib\file.lua:57: unexpected symbol near '%'
error: ...eVs22\TESTLOFFF_ONLINE\bin\server\scriptjx2\lib\file.lua:57: unexpected symbol near '%'
error: ...eVs22\TESTLOFFF_ONLINE\bin\server\scriptjx2\lib\file.lua:57: unexpected symbol near '%'
error: ...eVs22\TESTLOFFF_ONLINE\bin\server\scriptjx2\lib\file.lua:57: unexpected symbol near '%'
error: ...eVs22\TESTLOFFF_ONLINE\bin\server\scriptjx2\lib\file.lua:57: unexpected symbol near '%'
error: ...eVs22\TESTLOFFF_ONLINE\bin\server\scriptjx2\lib\file.lua:57: unexpected symbol near '%'
error: ...eVs22\TESTLOFFF_ONLINE\bin\server\scriptjx2\lib\file.lua:57: unexpected symbol near '%'
error: ...eVs22\TESTLOFFF_ONLINE\bin\server\scriptjx2\lib\file.lua:57: unexpected symbol near '%'
error: ...eVs22\TESTLOFFF_ONLINE\bin\server\scriptjx2\lib\file.lua:57: unexpected symbol near '%'
error: ...eVs22\TESTLOFFF_ONLINE\bin\server\scriptjx2\lib\file.lua:57: unexpected symbol near '%'
error: ...eVs22\TESTLOFFF_ONLINE\bin\server\scriptjx2\lib\file.lua:57: unexpected symbol near '%'
error: ...eVs22\TESTLOFFF_ONLINE\bin\server\scriptjx2\lib\file.lua:57: unexpected symbol near '%'
error: ...eVs22\TESTLOFFF_ONLINE\bin\server\scriptjx2\lib\file.lua:57: unexpected symbol near '%'
error: ...eVs22\TESTLOFFF_ONLINE\bin\server\scriptjx2\lib\file.lua:57: unexpected symbol near '%'
error: ...eVs22\TESTLOFFF_ONLINE\bin\server\scriptjx2\lib\file.lua:57: unexpected symbol near '%'
error: ...eVs22\TESTLOFFF_ONLINE\bin\server\scriptjx2\lib\file.lua:57: unexpected symbol near '%'
error: ...eVs22\TESTLOFFF_ONLINE\bin\server\scriptjx2\lib\file.lua:57: unexpected symbol near '%'
error: ...eVs22\TESTLOFFF_ONLINE\bin\server\scriptjx2\lib\file.lua:57: unexpected symbol near '%'
error: ...eVs22\TESTLOFFF_ONLINE\bin\server\scriptjx2\lib\file.lua:57: unexpected symbol near '%'
error: ...eVs22\TESTLOFFF_ONLINE\bin\server\scriptjx2\lib\file.lua:57: unexpected symbol near '%'
error: ...eVs22\TESTLOFFF_ONLINE\bin\server\scriptjx2\lib\file.lua:57: unexpected symbol near '%'
error: ...eVs22\TESTLOFFF_ONLINE\bin\server\scriptjx2\lib\file.lua:57: unexpected symbol near '%'
error: ...eVs22\TESTLOFFF_ONLINE\bin\server\scriptjx2\lib\file.lua:57: unexpected symbol near '%'
error: ...eVs22\TESTLOFFF_ONLINE\bin\server\scriptjx2\lib\file.lua:57: unexpected symbol near '%'
error: ...eVs22\TESTLOFFF_ONLINE\bin\server\scriptjx2\lib\file.lua:57: unexpected symbol near '%'
error: ...eVs22\TESTLOFFF_ONLINE\bin\server\scriptjx2\lib\file.lua:57: unexpected symbol near '%'
error: ...eVs22\TESTLOFFF_ONLINE\bin\server\scriptjx2\lib\file.lua:57: unexpected symbol near '%'
error: ...eVs22\TESTLOFFF_ONLINE\bin\server\scriptjx2\lib\file.lua:57: unexpected symbol near '%'
error: ...eVs22\TESTLOFFF_ONLINE\bin\server\scriptjx2\lib\file.lua:57: unexpected symbol near '%'
error: ...eVs22\TESTLOFFF_ONLINE\bin\server\scriptjx2\lib\file.lua:57: unexpected symbol near '%'
error: ...eVs22\TESTLOFFF_ONLINE\bin\server\scriptjx2\lib\file.lua:57: unexpected symbol near '%'
error: ...eVs22\TESTLOFFF_ONLINE\bin\server\scriptjx2\lib\file.lua:57: unexpected symbol near '%'
error: ...eVs22\TESTLOFFF_ONLINE\bin\server\scriptjx2\lib\file.lua:57: unexpected symbol near '%'
error: ...eVs22\TESTLOFFF_ONLINE\bin\server\scriptjx2\lib\file.lua:57: unexpected symbol near '%'
error: ...eVs22\TESTLOFFF_ONLINE\bin\server\scriptjx2\lib\file.lua:57: unexpected symbol near '%'
error: ...eVs22\TESTLOFFF_ONLINE\bin\server\scriptjx2\lib\file.lua:57: unexpected symbol near '%'
error: ...eVs22\TESTLOFFF_ONLINE\bin\server\scriptjx2\lib\file.lua:57: unexpected symbol near '%'
error: ...eVs22\TESTLOFFF_ONLINE\bin\server\scriptjx2\lib\file.lua:57: unexpected symbol near '%'
error: ...eVs22\TESTLOFFF_ONLINE\bin\server\scriptjx2\lib\file.lua:57: unexpected symbol near '%'
error: ...eVs22\TESTLOFFF_ONLINE\bin\server\scriptjx2\lib\file.lua:57: unexpected symbol near '%'
error: ...eVs22\TESTLOFFF_ONLINE\bin\server\scriptjx2\lib\file.lua:57: unexpected symbol near '%'
error: ...eVs22\TESTLOFFF_ONLINE\bin\server\scriptjx2\lib\file.lua:57: unexpected symbol near '%'
error: ...eVs22\TESTLOFFF_ONLINE\bin\server\scriptjx2\lib\file.lua:57: unexpected symbol near '%'
error: ...eVs22\TESTLOFFF_ONLINE\bin\server\scriptjx2\lib\file.lua:57: unexpected symbol near '%'
error: ...eVs22\TESTLOFFF_ONLINE\bin\server\scriptjx2\lib\file.lua:57: unexpected symbol near '%'
error: ...eVs22\TESTLOFFF_ONLINE\bin\server\scriptjx2\lib\file.lua:57: unexpected symbol near '%'
error: ...eVs22\TESTLOFFF_ONLINE\bin\server\scriptjx2\lib\file.lua:57: unexpected symbol near '%'
error: ...eVs22\TESTLOFFF_ONLINE\bin\server\scriptjx2\lib\file.lua:57: unexpected symbol near '%'
error: ...eVs22\TESTLOFFF_ONLINE\bin\server\scriptjx2\lib\file.lua:57: unexpected symbol near '%'
error: ...eVs22\TESTLOFFF_ONLINE\bin\server\scriptjx2\lib\file.lua:57: unexpected symbol near '%'
error: ...eVs22\TESTLOFFF_ONLINE\bin\server\scriptjx2\lib\file.lua:57: unexpected symbol near '%'
error: ...eVs22\TESTLOFFF_ONLINE\bin\server\scriptjx2\lib\file.lua:57: unexpected symbol near '%'
error: ...eVs22\TESTLOFFF_ONLINE\bin\server\scriptjx2\lib\file.lua:57: unexpected symbol near '%'
error: ...eVs22\TESTLOFFF_ONLINE\bin\server\scriptjx2\lib\file.lua:57: unexpected symbol near '%'
error: ...eVs22\TESTLOFFF_ONLINE\bin\server\scriptjx2\lib\file.lua:57: unexpected symbol near '%'
error: ...eVs22\TESTLOFFF_ONLINE\bin\server\scriptjx2\lib\file.lua:57: unexpected symbol near '%'
error: ...eVs22\TESTLOFFF_ONLINE\bin\server\scriptjx2\lib\file.lua:57: unexpected symbol near '%'
error: ...eVs22\TESTLOFFF_ONLINE\bin\server\scriptjx2\lib\file.lua:57: unexpected symbol near '%'
error: ...eVs22\TESTLOFFF_ONLINE\bin\server\scriptjx2\lib\file.lua:57: unexpected symbol near '%'
error: ...eVs22\TESTLOFFF_ONLINE\bin\server\scriptjx2\lib\file.lua:57: unexpected symbol near '%'
error: ...eVs22\TESTLOFFF_ONLINE\bin\server\scriptjx2\lib\file.lua:57: unexpected symbol near '%'
error: ...eVs22\TESTLOFFF_ONLINE\bin\server\scriptjx2\lib\file.lua:57: unexpected symbol near '%'
error: ...eVs22\TESTLOFFF_ONLINE\bin\server\scriptjx2\lib\file.lua:57: unexpected symbol near '%'
error: ...eVs22\TESTLOFFF_ONLINE\bin\server\scriptjx2\lib\file.lua:57: unexpected symbol near '%'
error: ...eVs22\TESTLOFFF_ONLINE\bin\server\scriptjx2\lib\file.lua:57: unexpected symbol near '%'
error: ...eVs22\TESTLOFFF_ONLINE\bin\server\scriptjx2\lib\file.lua:57: unexpected symbol near '%'
error: ...eVs22\TESTLOFFF_ONLINE\bin\server\scriptjx2\lib\file.lua:57: unexpected symbol near '%'
error: ...eVs22\TESTLOFFF_ONLINE\bin\server\scriptjx2\lib\file.lua:57: unexpected symbol near '%'
error: ...eVs22\TESTLOFFF_ONLINE\bin\server\scriptjx2\lib\file.lua:57: unexpected symbol near '%'
error: ...eVs22\TESTLOFFF_ONLINE\bin\server\scriptjx2\lib\file.lua:57: unexpected symbol near '%'
error: ...eVs22\TESTLOFFF_ONLINE\bin\server\scriptjx2\lib\file.lua:57: unexpected symbol near '%'
error: ...eVs22\TESTLOFFF_ONLINE\bin\server\scriptjx2\lib\file.lua:57: unexpected symbol near '%'
error: ...eVs22\TESTLOFFF_ONLINE\bin\server\scriptjx2\lib\file.lua:57: unexpected symbol near '%'
error: ...eVs22\TESTLOFFF_ONLINE\bin\server\scriptjx2\lib\file.lua:57: unexpected symbol near '%'
error: ...eVs22\TESTLOFFF_ONLINE\bin\server\scriptjx2\lib\file.lua:57: unexpected symbol near '%'
error: ...eVs22\TESTLOFFF_ONLINE\bin\server\scriptjx2\lib\file.lua:57: unexpected symbol near '%'
error: ...eVs22\TESTLOFFF_ONLINE\bin\server\scriptjx2\lib\file.lua:57: unexpected symbol near '%'
error: ...eVs22\TESTLOFFF_ONLINE\bin\server\scriptjx2\lib\file.lua:57: unexpected symbol near '%'
error: ...eVs22\TESTLOFFF_ONLINE\bin\server\scriptjx2\lib\file.lua:57: unexpected symbol near '%'
error: ...eVs22\TESTLOFFF_ONLINE\bin\server\scriptjx2\lib\file.lua:57: unexpected symbol near '%'
error: ...eVs22\TESTLOFFF_ONLINE\bin\server\scriptjx2\lib\file.lua:57: unexpected symbol near '%'
error: ...eVs22\TESTLOFFF_ONLINE\bin\server\scriptjx2\lib\file.lua:57: unexpected symbol near '%'
error: ...eVs22\TESTLOFFF_ONLINE\bin\server\scriptjx2\lib\file.lua:57: unexpected symbol near '%'
error: ...eVs22\TESTLOFFF_ONLINE\bin\server\scriptjx2\lib\file.lua:57: unexpected symbol near '%'
error: ...eVs22\TESTLOFFF_ONLINE\bin\server\scriptjx2\lib\file.lua:57: unexpected symbol near '%'
error: ...eVs22\TESTLOFFF_ONLINE\bin\server\scriptjx2\lib\file.lua:57: unexpected symbol near '%'
error: ...eVs22\TESTLOFFF_ONLINE\bin\server\scriptjx2\lib\file.lua:57: unexpected symbol near '%'
error: ...eVs22\TESTLOFFF_ONLINE\bin\server\scriptjx2\lib\file.lua:57: unexpected symbol near '%'
error: ...eVs22\TESTLOFFF_ONLINE\bin\server\scriptjx2\lib\file.lua:57: unexpected symbol near '%'
error: ...eVs22\TESTLOFFF_ONLINE\bin\server\scriptjx2\lib\file.lua:57: unexpected symbol near '%'
error: ...eVs22\TESTLOFFF_ONLINE\bin\server\scriptjx2\lib\file.lua:57: unexpected symbol near '%'
error: ...eVs22\TESTLOFFF_ONLINE\bin\server\scriptjx2\lib\file.lua:57: unexpected symbol near '%'
error: ...eVs22\TESTLOFFF_ONLINE\bin\server\scriptjx2\lib\file.lua:57: unexpected symbol near '%'
error: ...eVs22\TESTLOFFF_ONLINE\bin\server\scriptjx2\lib\file.lua:57: unexpected symbol near '%'
error: ...eVs22\TESTLOFFF_ONLINE\bin\server\scriptjx2\lib\file.lua:57: unexpected symbol near '%'
error: ...eVs22\TESTLOFFF_ONLINE\bin\server\scriptjx2\lib\file.lua:57: unexpected symbol near '%'
error: ...eVs22\TESTLOFFF_ONLINE\bin\server\scriptjx2\lib\file.lua:57: unexpected symbol near '%'
error: ...eVs22\TESTLOFFF_ONLINE\bin\server\scriptjx2\lib\file.lua:57: unexpected symbol near '%'
error: ...eVs22\TESTLOFFF_ONLINE\bin\server\scriptjx2\lib\file.lua:57: unexpected symbol near '%'
error: ...eVs22\TESTLOFFF_ONLINE\bin\server\scriptjx2\lib\file.lua:57: unexpected symbol near '%'
error: ...eVs22\TESTLOFFF_ONLINE\bin\server\scriptjx2\lib\file.lua:57: unexpected symbol near '%'
error: ...eVs22\TESTLOFFF_ONLINE\bin\server\scriptjx2\lib\file.lua:57: unexpected symbol near '%'
error: ...eVs22\TESTLOFFF_ONLINE\bin\server\scriptjx2\lib\file.lua:57: unexpected symbol near '%'
error: ...eVs22\TESTLOFFF_ONLINE\bin\server\scriptjx2\lib\file.lua:57: unexpected symbol near '%'
error: ...eVs22\TESTLOFFF_ONLINE\bin\server\scriptjx2\lib\file.lua:57: unexpected symbol near '%'
error: ...eVs22\TESTLOFFF_ONLINE\bin\server\scriptjx2\lib\file.lua:57: unexpected symbol near '%'
error: ...eVs22\TESTLOFFF_ONLINE\bin\server\scriptjx2\lib\file.lua:57: unexpected symbol near '%'
error: ...eVs22\TESTLOFFF_ONLINE\bin\server\scriptjx2\lib\file.lua:57: unexpected symbol near '%'
error: ...eVs22\TESTLOFFF_ONLINE\bin\server\scriptjx2\lib\file.lua:57: unexpected symbol near '%'
error: ...eVs22\TESTLOFFF_ONLINE\bin\server\scriptjx2\lib\file.lua:57: unexpected symbol near '%'
error: ...eVs22\TESTLOFFF_ONLINE\bin\server\scriptjx2\lib\file.lua:57: unexpected symbol near '%'
error: ...eVs22\TESTLOFFF_ONLINE\bin\server\scriptjx2\lib\file.lua:57: unexpected symbol near '%'
error: ...eVs22\TESTLOFFF_ONLINE\bin\server\scriptjx2\lib\file.lua:57: unexpected symbol near '%'
error: ...eVs22\TESTLOFFF_ONLINE\bin\server\scriptjx2\lib\file.lua:57: unexpected symbol near '%'
error: ...eVs22\TESTLOFFF_ONLINE\bin\server\scriptjx2\lib\file.lua:57: unexpected symbol near '%'
error: ...eVs22\TESTLOFFF_ONLINE\bin\server\scriptjx2\lib\file.lua:57: unexpected symbol near '%'
error: ...eVs22\TESTLOFFF_ONLINE\bin\server\scriptjx2\lib\file.lua:57: unexpected symbol near '%'
error: ...eVs22\TESTLOFFF_ONLINE\bin\server\scriptjx2\lib\file.lua:57: unexpected symbol near '%'
error: ...eVs22\TESTLOFFF_ONLINE\bin\server\scriptjx2\lib\file.lua:57: unexpected symbol near '%'
error: ...eVs22\TESTLOFFF_ONLINE\bin\server\scriptjx2\lib\file.lua:57: unexpected symbol near '%'
error: ...eVs22\TESTLOFFF_ONLINE\bin\server\scriptjx2\lib\file.lua:57: unexpected symbol near '%'
error: ...eVs22\TESTLOFFF_ONLINE\bin\server\scriptjx2\lib\file.lua:57: unexpected symbol near '%'
error: ...eVs22\TESTLOFFF_ONLINE\bin\server\scriptjx2\lib\file.lua:57: unexpected symbol near '%'
error: ...eVs22\TESTLOFFF_ONLINE\bin\server\scriptjx2\lib\file.lua:57: unexpected symbol near '%'
error: ...eVs22\TESTLOFFF_ONLINE\bin\server\scriptjx2\lib\file.lua:57: unexpected symbol near '%'
error: ...eVs22\TESTLOFFF_ONLINE\bin\server\scriptjx2\lib\file.lua:57: unexpected symbol near '%'
error: ...eVs22\TESTLOFFF_ONLINE\bin\server\scriptjx2\lib\file.lua:57: unexpected symbol near '%'
error: ...eVs22\TESTLOFFF_ONLINE\bin\server\scriptjx2\lib\file.lua:57: unexpected symbol near '%'
error: ...eVs22\TESTLOFFF_ONLINE\bin\server\scriptjx2\lib\file.lua:57: unexpected symbol near '%'
error: ...eVs22\TESTLOFFF_ONLINE\bin\server\scriptjx2\lib\file.lua:57: unexpected symbol near '%'
error: ...eVs22\TESTLOFFF_ONLINE\bin\server\scriptjx2\lib\file.lua:57: unexpected symbol near '%'
error: ...eVs22\TESTLOFFF_ONLINE\bin\server\scriptjx2\lib\file.lua:57: unexpected symbol near '%'
error: ...eVs22\TESTLOFFF_ONLINE\bin\server\scriptjx2\lib\file.lua:57: unexpected symbol near '%'
error: ...eVs22\TESTLOFFF_ONLINE\bin\server\scriptjx2\lib\file.lua:57: unexpected symbol near '%'
error: ...eVs22\TESTLOFFF_ONLINE\bin\server\scriptjx2\lib\file.lua:57: unexpected symbol near '%'
error: ...eVs22\TESTLOFFF_ONLINE\bin\server\scriptjx2\lib\file.lua:57: unexpected symbol near '%'
error: ...eVs22\TESTLOFFF_ONLINE\bin\server\scriptjx2\lib\file.lua:57: unexpected symbol near '%'
error: ...eVs22\TESTLOFFF_ONLINE\bin\server\scriptjx2\lib\file.lua:57: unexpected symbol near '%'
error: ...eVs22\TESTLOFFF_ONLINE\bin\server\scriptjx2\lib\file.lua:57: unexpected symbol near '%'
error: ...eVs22\TESTLOFFF_ONLINE\bin\server\scriptjx2\lib\file.lua:57: unexpected symbol near '%'
error: ...eVs22\TESTLOFFF_ONLINE\bin\server\scriptjx2\lib\file.lua:57: unexpected symbol near '%'
error: ...eVs22\TESTLOFFF_ONLINE\bin\server\scriptjx2\lib\file.lua:57: unexpected symbol near '%'
error: ...eVs22\TESTLOFFF_ONLINE\bin\server\scriptjx2\lib\file.lua:57: unexpected symbol near '%'
error: ...eVs22\TESTLOFFF_ONLINE\bin\server\scriptjx2\lib\file.lua:57: unexpected symbol near '%'
error: ...eVs22\TESTLOFFF_ONLINE\bin\server\scriptjx2\lib\file.lua:57: unexpected symbol near '%'
error: ...eVs22\TESTLOFFF_ONLINE\bin\server\scriptjx2\lib\file.lua:57: unexpected symbol near '%'
error: ...eVs22\TESTLOFFF_ONLINE\bin\server\scriptjx2\lib\file.lua:57: unexpected symbol near '%'
error: ...eVs22\TESTLOFFF_ONLINE\bin\server\scriptjx2\lib\file.lua:57: unexpected symbol near '%'
error: ...eVs22\TESTLOFFF_ONLINE\bin\server\scriptjx2\lib\file.lua:57: unexpected symbol near '%'
error: ...eVs22\TESTLOFFF_ONLINE\bin\server\scriptjx2\lib\file.lua:57: unexpected symbol near '%'
error: ...eVs22\TESTLOFFF_ONLINE\bin\server\scriptjx2\lib\file.lua:57: unexpected symbol near '%'
error: ...eVs22\TESTLOFFF_ONLINE\bin\server\scriptjx2\lib\file.lua:57: unexpected symbol near '%'
error: ...eVs22\TESTLOFFF_ONLINE\bin\server\scriptjx2\lib\file.lua:57: unexpected symbol near '%'
error: ...eVs22\TESTLOFFF_ONLINE\bin\server\scriptjx2\lib\file.lua:57: unexpected symbol near '%'
error: ...eVs22\TESTLOFFF_ONLINE\bin\server\scriptjx2\lib\file.lua:57: unexpected symbol near '%'
error: ...eVs22\TESTLOFFF_ONLINE\bin\server\scriptjx2\lib\file.lua:57: unexpected symbol near '%'
error: ...eVs22\TESTLOFFF_ONLINE\bin\server\scriptjx2\lib\file.lua:57: unexpected symbol near '%'
error: ...eVs22\TESTLOFFF_ONLINE\bin\server\scriptjx2\lib\file.lua:57: unexpected symbol near '%'
error: ...eVs22\TESTLOFFF_ONLINE\bin\server\scriptjx2\lib\file.lua:57: unexpected symbol near '%'
error: ...eVs22\TESTLOFFF_ONLINE\bin\server\scriptjx2\lib\file.lua:57: unexpected symbol near '%'
error: ...eVs22\TESTLOFFF_ONLINE\bin\server\scriptjx2\lib\file.lua:57: unexpected symbol near '%'
error: ...eVs22\TESTLOFFF_ONLINE\bin\server\scriptjx2\lib\file.lua:57: unexpected symbol near '%'
error: ...eVs22\TESTLOFFF_ONLINE\bin\server\scriptjx2\lib\file.lua:57: unexpected symbol near '%'
error: ...eVs22\TESTLOFFF_ONLINE\bin\server\scriptjx2\lib\file.lua:57: unexpected symbol near '%'
error: ...eVs22\TESTLOFFF_ONLINE\bin\server\scriptjx2\lib\file.lua:57: unexpected symbol near '%'
error: ...eVs22\TESTLOFFF_ONLINE\bin\server\scriptjx2\lib\file.lua:57: unexpected symbol near '%'
error: ...eVs22\TESTLOFFF_ONLINE\bin\server\scriptjx2\lib\file.lua:57: unexpected symbol near '%'
error: ...eVs22\TESTLOFFF_ONLINE\bin\server\scriptjx2\lib\file.lua:57: unexpected symbol near '%'
error: ...eVs22\TESTLOFFF_ONLINE\bin\server\scriptjx2\lib\file.lua:57: unexpected symbol near '%'
error: ...eVs22\TESTLOFFF_ONLINE\bin\server\scriptjx2\lib\file.lua:57: unexpected symbol near '%'
error: ...eVs22\TESTLOFFF_ONLINE\bin\server\scriptjx2\lib\file.lua:57: unexpected symbol near '%'
error: ...eVs22\TESTLOFFF_ONLINE\bin\server\scriptjx2\lib\file.lua:57: unexpected symbol near '%'
error: ...eVs22\TESTLOFFF_ONLINE\bin\server\scriptjx2\lib\file.lua:57: unexpected symbol near '%'
error: ...eVs22\TESTLOFFF_ONLINE\bin\server\scriptjx2\lib\file.lua:57: unexpected symbol near '%'
error: ...eVs22\TESTLOFFF_ONLINE\bin\server\scriptjx2\lib\file.lua:57: unexpected symbol near '%'
error: ...eVs22\TESTLOFFF_ONLINE\bin\server\scriptjx2\lib\file.lua:57: unexpected symbol near '%'
error: ...eVs22\TESTLOFFF_ONLINE\bin\server\scriptjx2\lib\file.lua:57: unexpected symbol near '%'
error: ...eVs22\TESTLOFFF_ONLINE\bin\server\scriptjx2\lib\file.lua:57: unexpected symbol near '%'
error: ...eVs22\TESTLOFFF_ONLINE\bin\server\scriptjx2\lib\file.lua:57: unexpected symbol near '%'
error: ...eVs22\TESTLOFFF_ONLINE\bin\server\scriptjx2\lib\file.lua:57: unexpected symbol near '%'
error: ...eVs22\TESTLOFFF_ONLINE\bin\server\scriptjx2\lib\file.lua:57: unexpected symbol near '%'
error: ...eVs22\TESTLOFFF_ONLINE\bin\server\scriptjx2\lib\file.lua:57: unexpected symbol near '%'
error: ...eVs22\TESTLOFFF_ONLINE\bin\server\scriptjx2\lib\file.lua:57: unexpected symbol near '%'
error: ...eVs22\TESTLOFFF_ONLINE\bin\server\scriptjx2\lib\file.lua:57: unexpected symbol near '%'
error: ...eVs22\TESTLOFFF_ONLINE\bin\server\scriptjx2\lib\file.lua:57: unexpected symbol near '%'
error: ...eVs22\TESTLOFFF_ONLINE\bin\server\scriptjx2\lib\file.lua:57: unexpected symbol near '%'
error: ...eVs22\TESTLOFFF_ONLINE\bin\server\scriptjx2\lib\file.lua:57: unexpected symbol near '%'
error: ...eVs22\TESTLOFFF_ONLINE\bin\server\scriptjx2\lib\file.lua:57: unexpected symbol near '%'
error: ...eVs22\TESTLOFFF_ONLINE\bin\server\scriptjx2\lib\file.lua:57: unexpected symbol near '%'
error: ...eVs22\TESTLOFFF_ONLINE\bin\server\scriptjx2\lib\file.lua:57: unexpected symbol near '%'
error: ...eVs22\TESTLOFFF_ONLINE\bin\server\scriptjx2\lib\file.lua:57: unexpected symbol near '%'
error: ...eVs22\TESTLOFFF_ONLINE\bin\server\scriptjx2\lib\file.lua:57: unexpected symbol near '%'
error: ...eVs22\TESTLOFFF_ONLINE\bin\server\scriptjx2\lib\file.lua:57: unexpected symbol near '%'
error: ...eVs22\TESTLOFFF_ONLINE\bin\server\scriptjx2\lib\file.lua:57: unexpected symbol near '%'
error: ...eVs22\TESTLOFFF_ONLINE\bin\server\scriptjx2\lib\file.lua:57: unexpected symbol near '%'
error: ...eVs22\TESTLOFFF_ONLINE\bin\server\scriptjx2\lib\file.lua:57: unexpected symbol near '%'
error: ...eVs22\TESTLOFFF_ONLINE\bin\server\scriptjx2\lib\file.lua:57: unexpected symbol near '%'
error: ...eVs22\TESTLOFFF_ONLINE\bin\server\scriptjx2\lib\file.lua:57: unexpected symbol near '%'
error: ...eVs22\TESTLOFFF_ONLINE\bin\server\scriptjx2\lib\file.lua:57: unexpected symbol near '%'
error: ...eVs22\TESTLOFFF_ONLINE\bin\server\scriptjx2\lib\file.lua:57: unexpected symbol near '%'
error: ...eVs22\TESTLOFFF_ONLINE\bin\server\scriptjx2\lib\file.lua:57: unexpected symbol near '%'
error: ...eVs22\TESTLOFFF_ONLINE\bin\server\scriptjx2\lib\file.lua:57: unexpected symbol near '%'
error: ...eVs22\TESTLOFFF_ONLINE\bin\server\scriptjx2\lib\file.lua:57: unexpected symbol near '%'
error: ...eVs22\TESTLOFFF_ONLINE\bin\server\scriptjx2\lib\file.lua:57: unexpected symbol near '%'
error: ...eVs22\TESTLOFFF_ONLINE\bin\server\scriptjx2\lib\file.lua:57: unexpected symbol near '%'
error: ...eVs22\TESTLOFFF_ONLINE\bin\server\scriptjx2\lib\file.lua:57: unexpected symbol near '%'
error: ...eVs22\TESTLOFFF_ONLINE\bin\server\scriptjx2\lib\file.lua:57: unexpected symbol near '%'
error: ...eVs22\TESTLOFFF_ONLINE\bin\server\scriptjx2\lib\file.lua:57: unexpected symbol near '%'
error: ...eVs22\TESTLOFFF_ONLINE\bin\server\scriptjx2\lib\file.lua:57: unexpected symbol near '%'
error: ...eVs22\TESTLOFFF_ONLINE\bin\server\scriptjx2\lib\file.lua:57: unexpected symbol near '%'
error: ...eVs22\TESTLOFFF_ONLINE\bin\server\scriptjx2\lib\file.lua:57: unexpected symbol near '%'
error: ...eVs22\TESTLOFFF_ONLINE\bin\server\scriptjx2\lib\file.lua:57: unexpected symbol near '%'
error: ...eVs22\TESTLOFFF_ONLINE\bin\server\scriptjx2\lib\file.lua:57: unexpected symbol near '%'
error: ...eVs22\TESTLOFFF_ONLINE\bin\server\scriptjx2\lib\file.lua:57: unexpected symbol near '%'
error: ...eVs22\TESTLOFFF_ONLINE\bin\server\scriptjx2\lib\file.lua:57: unexpected symbol near '%'
error: ...eVs22\TESTLOFFF_ONLINE\bin\server\scriptjx2\lib\file.lua:57: unexpected symbol near '%'
error: ...eVs22\TESTLOFFF_ONLINE\bin\server\scriptjx2\lib\file.lua:57: unexpected symbol near '%'
error: ...eVs22\TESTLOFFF_ONLINE\bin\server\scriptjx2\lib\file.lua:57: unexpected symbol near '%'
error: ...eVs22\TESTLOFFF_ONLINE\bin\server\scriptjx2\lib\file.lua:57: unexpected symbol near '%'
error: ...eVs22\TESTLOFFF_ONLINE\bin\server\scriptjx2\lib\file.lua:57: unexpected symbol near '%'
error: ...eVs22\TESTLOFFF_ONLINE\bin\server\scriptjx2\lib\file.lua:57: unexpected symbol near '%'
error: ...eVs22\TESTLOFFF_ONLINE\bin\server\scriptjx2\lib\file.lua:57: unexpected symbol near '%'
error: ...eVs22\TESTLOFFF_ONLINE\bin\server\scriptjx2\lib\file.lua:57: unexpected symbol near '%'
error: ...eVs22\TESTLOFFF_ONLINE\bin\server\scriptjx2\lib\file.lua:57: unexpected symbol near '%'
error: ...eVs22\TESTLOFFF_ONLINE\bin\server\scriptjx2\lib\file.lua:57: unexpected symbol near '%'
error: ...eVs22\TESTLOFFF_ONLINE\bin\server\scriptjx2\lib\file.lua:57: unexpected symbol near '%'
error: ...eVs22\TESTLOFFF_ONLINE\bin\server\scriptjx2\lib\file.lua:57: unexpected symbol near '%'
error: ...eVs22\TESTLOFFF_ONLINE\bin\server\scriptjx2\lib\file.lua:57: unexpected symbol near '%'
error: ...eVs22\TESTLOFFF_ONLINE\bin\server\scriptjx2\lib\file.lua:57: unexpected symbol near '%'
error: ...eVs22\TESTLOFFF_ONLINE\bin\server\scriptjx2\lib\file.lua:57: unexpected symbol near '%'
error: ...eVs22\TESTLOFFF_ONLINE\bin\server\scriptjx2\lib\file.lua:57: unexpected symbol near '%'
error: ...eVs22\TESTLOFFF_ONLINE\bin\server\scriptjx2\lib\file.lua:57: unexpected symbol near '%'
error: ...eVs22\TESTLOFFF_ONLINE\bin\server\scriptjx2\lib\file.lua:57: unexpected symbol near '%'
error: ...eVs22\TESTLOFFF_ONLINE\bin\server\scriptjx2\lib\file.lua:57: unexpected symbol near '%'
error: ...eVs22\TESTLOFFF_ONLINE\bin\server\scriptjx2\lib\file.lua:57: unexpected symbol near '%'
error: ...eVs22\TESTLOFFF_ONLINE\bin\server\scriptjx2\lib\file.lua:57: unexpected symbol near '%'
error: ...eVs22\TESTLOFFF_ONLINE\bin\server\scriptjx2\lib\file.lua:57: unexpected symbol near '%'
error: ...eVs22\TESTLOFFF_ONLINE\bin\server\scriptjx2\lib\file.lua:57: unexpected symbol near '%'
error: ...eVs22\TESTLOFFF_ONLINE\bin\server\scriptjx2\lib\file.lua:57: unexpected symbol near '%'
error: ...eVs22\TESTLOFFF_ONLINE\bin\server\scriptjx2\lib\file.lua:57: unexpected symbol near '%'
error: ...eVs22\TESTLOFFF_ONLINE\bin\server\scriptjx2\lib\file.lua:57: unexpected symbol near '%'
error: ...eVs22\TESTLOFFF_ONLINE\bin\server\scriptjx2\lib\file.lua:57: unexpected symbol near '%'
error: ...eVs22\TESTLOFFF_ONLINE\bin\server\scriptjx2\lib\file.lua:57: unexpected symbol near '%'
error: ...eVs22\TESTLOFFF_ONLINE\bin\server\scriptjx2\lib\file.lua:57: unexpected symbol near '%'
error: ...eVs22\TESTLOFFF_ONLINE\bin\server\scriptjx2\lib\file.lua:57: unexpected symbol near '%'
error: ...eVs22\TESTLOFFF_ONLINE\bin\server\scriptjx2\lib\file.lua:57: unexpected symbol near '%'
error: ...eVs22\TESTLOFFF_ONLINE\bin\server\scriptjx2\lib\file.lua:57: unexpected symbol near '%'
error: ...eVs22\TESTLOFFF_ONLINE\bin\server\scriptjx2\lib\file.lua:57: unexpected symbol near '%'
error: ...eVs22\TESTLOFFF_ONLINE\bin\server\scriptjx2\lib\file.lua:57: unexpected symbol near '%'
error: ...eVs22\TESTLOFFF_ONLINE\bin\server\scriptjx2\lib\file.lua:57: unexpected symbol near '%'
error: ...eVs22\TESTLOFFF_ONLINE\bin\server\scriptjx2\lib\file.lua:57: unexpected symbol near '%'
error: ...eVs22\TESTLOFFF_ONLINE\bin\server\scriptjx2\lib\file.lua:57: unexpected symbol near '%'
error: ...eVs22\TESTLOFFF_ONLINE\bin\server\scriptjx2\lib\file.lua:57: unexpected symbol near '%'
error: ...eVs22\TESTLOFFF_ONLINE\bin\server\scriptjx2\lib\file.lua:57: unexpected symbol near '%'
error: ...eVs22\TESTLOFFF_ONLINE\bin\server\scriptjx2\lib\file.lua:57: unexpected symbol near '%'
error: ...eVs22\TESTLOFFF_ONLINE\bin\server\scriptjx2\lib\file.lua:57: unexpected symbol near '%'
error: ...eVs22\TESTLOFFF_ONLINE\bin\server\scriptjx2\lib\file.lua:57: unexpected symbol near '%'
error: ...eVs22\TESTLOFFF_ONLINE\bin\server\scriptjx2\lib\file.lua:57: unexpected symbol near '%'
error: ...eVs22\TESTLOFFF_ONLINE\bin\server\scriptjx2\lib\file.lua:57: unexpected symbol near '%'
error: ...eVs22\TESTLOFFF_ONLINE\bin\server\scriptjx2\lib\file.lua:57: unexpected symbol near '%'
error: ...eVs22\TESTLOFFF_ONLINE\bin\server\scriptjx2\lib\file.lua:57: unexpected symbol near '%'
error: ...eVs22\TESTLOFFF_ONLINE\bin\server\scriptjx2\lib\file.lua:57: unexpected symbol near '%'
error: ...eVs22\TESTLOFFF_ONLINE\bin\server\scriptjx2\lib\file.lua:57: unexpected symbol near '%'
error: ...eVs22\TESTLOFFF_ONLINE\bin\server\scriptjx2\lib\file.lua:57: unexpected symbol near '%'
error: ...eVs22\TESTLOFFF_ONLINE\bin\server\scriptjx2\lib\file.lua:57: unexpected symbol near '%'
error: ...eVs22\TESTLOFFF_ONLINE\bin\server\scriptjx2\lib\file.lua:57: unexpected symbol near '%'
error: ...eVs22\TESTLOFFF_ONLINE\bin\server\scriptjx2\lib\file.lua:57: unexpected symbol near '%'
error: ...eVs22\TESTLOFFF_ONLINE\bin\server\scriptjx2\lib\file.lua:57: unexpected symbol near '%'
error: ...eVs22\TESTLOFFF_ONLINE\bin\server\scriptjx2\lib\file.lua:57: unexpected symbol near '%'
error: ...eVs22\TESTLOFFF_ONLINE\bin\server\scriptjx2\lib\file.lua:57: unexpected symbol near '%'
error: ...eVs22\TESTLOFFF_ONLINE\bin\server\scriptjx2\lib\file.lua:57: unexpected symbol near '%'
error: ...eVs22\TESTLOFFF_ONLINE\bin\server\scriptjx2\lib\file.lua:57: unexpected symbol near '%'
error: ...eVs22\TESTLOFFF_ONLINE\bin\server\scriptjx2\lib\file.lua:57: unexpected symbol near '%'
error: ...eVs22\TESTLOFFF_ONLINE\bin\server\scriptjx2\lib\file.lua:57: unexpected symbol near '%'
error: ...eVs22\TESTLOFFF_ONLINE\bin\server\scriptjx2\lib\file.lua:57: unexpected symbol near '%'
error: ...eVs22\TESTLOFFF_ONLINE\bin\server\scriptjx2\lib\file.lua:57: unexpected symbol near '%'
error: ...eVs22\TESTLOFFF_ONLINE\bin\server\scriptjx2\lib\file.lua:57: unexpected symbol near '%'
error: ...eVs22\TESTLOFFF_ONLINE\bin\server\scriptjx2\lib\file.lua:57: unexpected symbol near '%'
error: ...eVs22\TESTLOFFF_ONLINE\bin\server\scriptjx2\lib\file.lua:57: unexpected symbol near '%'
error: ...eVs22\TESTLOFFF_ONLINE\bin\server\scriptjx2\lib\file.lua:57: unexpected symbol near '%'
error: ...eVs22\TESTLOFFF_ONLINE\bin\server\scriptjx2\lib\file.lua:57: unexpected symbol near '%'
error: ...eVs22\TESTLOFFF_ONLINE\bin\server\scriptjx2\lib\file.lua:57: unexpected symbol near '%'
error: ...eVs22\TESTLOFFF_ONLINE\bin\server\scriptjx2\lib\file.lua:57: unexpected symbol near '%'
error: ...eVs22\TESTLOFFF_ONLINE\bin\server\scriptjx2\lib\file.lua:57: unexpected symbol near '%'
error: ...eVs22\TESTLOFFF_ONLINE\bin\server\scriptjx2\lib\file.lua:57: unexpected symbol near '%'
error: ...eVs22\TESTLOFFF_ONLINE\bin\server\scriptjx2\lib\file.lua:57: unexpected symbol near '%'
error: ...eVs22\TESTLOFFF_ONLINE\bin\server\scriptjx2\lib\file.lua:57: unexpected symbol near '%'
error: ...eVs22\TESTLOFFF_ONLINE\bin\server\scriptjx2\lib\file.lua:57: unexpected symbol near '%'
error: ...eVs22\TESTLOFFF_ONLINE\bin\server\scriptjx2\lib\file.lua:57: unexpected symbol near '%'
error: ...eVs22\TESTLOFFF_ONLINE\bin\server\scriptjx2\lib\file.lua:57: unexpected symbol near '%'
error: ...eVs22\TESTLOFFF_ONLINE\bin\server\scriptjx2\lib\file.lua:57: unexpected symbol near '%'
error: ...eVs22\TESTLOFFF_ONLINE\bin\server\scriptjx2\lib\file.lua:57: unexpected symbol near '%'
error: ...eVs22\TESTLOFFF_ONLINE\bin\server\scriptjx2\lib\file.lua:57: unexpected symbol near '%'
error: ...eVs22\TESTLOFFF_ONLINE\bin\server\scriptjx2\lib\file.lua:57: unexpected symbol near '%'
error: ...eVs22\TESTLOFFF_ONLINE\bin\server\scriptjx2\lib\file.lua:57: unexpected symbol near '%'
error: ...eVs22\TESTLOFFF_ONLINE\bin\server\scriptjx2\lib\file.lua:57: unexpected symbol near '%'
error: ...eVs22\TESTLOFFF_ONLINE\bin\server\scriptjx2\lib\file.lua:57: unexpected symbol near '%'
error: ...eVs22\TESTLOFFF_ONLINE\bin\server\scriptjx2\lib\file.lua:57: unexpected symbol near '%'
error: ...eVs22\TESTLOFFF_ONLINE\bin\server\scriptjx2\lib\file.lua:57: unexpected symbol near '%'
error: ...eVs22\TESTLOFFF_ONLINE\bin\server\scriptjx2\lib\file.lua:57: unexpected symbol near '%'
error: ...eVs22\TESTLOFFF_ONLINE\bin\server\scriptjx2\lib\file.lua:57: unexpected symbol near '%'
error: ...eVs22\TESTLOFFF_ONLINE\bin\server\scriptjx2\lib\file.lua:57: unexpected symbol near '%'
error: ...eVs22\TESTLOFFF_ONLINE\bin\server\scriptjx2\lib\file.lua:57: unexpected symbol near '%'
error: ...eVs22\TESTLOFFF_ONLINE\bin\server\scriptjx2\lib\file.lua:57: unexpected symbol near '%'
error: ...eVs22\TESTLOFFF_ONLINE\bin\server\scriptjx2\lib\file.lua:57: unexpected symbol near '%'
error: ...eVs22\TESTLOFFF_ONLINE\bin\server\scriptjx2\lib\file.lua:57: unexpected symbol near '%'
error: ...eVs22\TESTLOFFF_ONLINE\bin\server\scriptjx2\lib\file.lua:57: unexpected symbol near '%'
error: ...eVs22\TESTLOFFF_ONLINE\bin\server\scriptjx2\lib\file.lua:57: unexpected symbol near '%'
error: ...eVs22\TESTLOFFF_ONLINE\bin\server\scriptjx2\lib\file.lua:57: unexpected symbol near '%'
error: ...eVs22\TESTLOFFF_ONLINE\bin\server\scriptjx2\lib\file.lua:57: unexpected symbol near '%'
error: ...eVs22\TESTLOFFF_ONLINE\bin\server\scriptjx2\lib\file.lua:57: unexpected symbol near '%'
error: ...eVs22\TESTLOFFF_ONLINE\bin\server\scriptjx2\lib\file.lua:57: unexpected symbol near '%'
error: ...eVs22\TESTLOFFF_ONLINE\bin\server\scriptjx2\lib\file.lua:57: unexpected symbol near '%'
error: ...eVs22\TESTLOFFF_ONLINE\bin\server\scriptjx2\lib\file.lua:57: unexpected symbol near '%'
error: ...eVs22\TESTLOFFF_ONLINE\bin\server\scriptjx2\lib\file.lua:57: unexpected symbol near '%'
error: ...eVs22\TESTLOFFF_ONLINE\bin\server\scriptjx2\lib\file.lua:57: unexpected symbol near '%'
error: ...eVs22\TESTLOFFF_ONLINE\bin\server\scriptjx2\lib\file.lua:57: unexpected symbol near '%'
error: ...eVs22\TESTLOFFF_ONLINE\bin\server\scriptjx2\lib\file.lua:57: unexpected symbol near '%'
error: ...eVs22\TESTLOFFF_ONLINE\bin\server\scriptjx2\lib\file.lua:57: unexpected symbol near '%'
error: ...eVs22\TESTLOFFF_ONLINE\bin\server\scriptjx2\lib\file.lua:57: unexpected symbol near '%'
error: ...eVs22\TESTLOFFF_ONLINE\bin\server\scriptjx2\lib\file.lua:57: unexpected symbol near '%'
error: ...eVs22\TESTLOFFF_ONLINE\bin\server\scriptjx2\lib\file.lua:57: unexpected symbol near '%'
error: ...eVs22\TESTLOFFF_ONLINE\bin\server\scriptjx2\lib\file.lua:57: unexpected symbol near '%'
error: ...eVs22\TESTLOFFF_ONLINE\bin\server\scriptjx2\lib\file.lua:57: unexpected symbol near '%'
error: ...eVs22\TESTLOFFF_ONLINE\bin\server\scriptjx2\lib\file.lua:57: unexpected symbol near '%'
error: ...eVs22\TESTLOFFF_ONLINE\bin\server\scriptjx2\lib\file.lua:57: unexpected symbol near '%'
error: ...eVs22\TESTLOFFF_ONLINE\bin\server\scriptjx2\lib\file.lua:57: unexpected symbol near '%'
error: ...eVs22\TESTLOFFF_ONLINE\bin\server\scriptjx2\lib\file.lua:57: unexpected symbol near '%'
error: ...eVs22\TESTLOFFF_ONLINE\bin\server\scriptjx2\lib\file.lua:57: unexpected symbol near '%'
error: ...eVs22\TESTLOFFF_ONLINE\bin\server\scriptjx2\lib\file.lua:57: unexpected symbol near '%'
error: ...eVs22\TESTLOFFF_ONLINE\bin\server\scriptjx2\lib\file.lua:57: unexpected symbol near '%'
error: ...eVs22\TESTLOFFF_ONLINE\bin\server\scriptjx2\lib\file.lua:57: unexpected symbol near '%'
error: ...eVs22\TESTLOFFF_ONLINE\bin\server\scriptjx2\lib\file.lua:57: unexpected symbol near '%'
error: ...eVs22\TESTLOFFF_ONLINE\bin\server\scriptjx2\lib\file.lua:57: unexpected symbol near '%'
error: ...eVs22\TESTLOFFF_ONLINE\bin\server\scriptjx2\lib\file.lua:57: unexpected symbol near '%'
error: ...eVs22\TESTLOFFF_ONLINE\bin\server\scriptjx2\lib\file.lua:57: unexpected symbol near '%'
error: ...eVs22\TESTLOFFF_ONLINE\bin\server\scriptjx2\lib\file.lua:57: unexpected symbol near '%'
error: ...eVs22\TESTLOFFF_ONLINE\bin\server\scriptjx2\lib\file.lua:57: unexpected symbol near '%'
error: ...eVs22\TESTLOFFF_ONLINE\bin\server\scriptjx2\lib\file.lua:57: unexpected symbol near '%'
error: ...eVs22\TESTLOFFF_ONLINE\bin\server\scriptjx2\lib\file.lua:57: unexpected symbol near '%'
error: ...eVs22\TESTLOFFF_ONLINE\bin\server\scriptjx2\lib\file.lua:57: unexpected symbol near '%'
error: ...eVs22\TESTLOFFF_ONLINE\bin\server\scriptjx2\lib\file.lua:57: unexpected symbol near '%'
error: ...eVs22\TESTLOFFF_ONLINE\bin\server\scriptjx2\lib\file.lua:57: unexpected symbol near '%'
error: ...eVs22\TESTLOFFF_ONLINE\bin\server\scriptjx2\lib\file.lua:57: unexpected symbol near '%'
error: ...eVs22\TESTLOFFF_ONLINE\bin\server\scriptjx2\lib\file.lua:57: unexpected symbol near '%'
error: ...eVs22\TESTLOFFF_ONLINE\bin\server\scriptjx2\lib\file.lua:57: unexpected symbol near '%'
error: ...eVs22\TESTLOFFF_ONLINE\bin\server\scriptjx2\lib\file.lua:57: unexpected symbol near '%'
error: ...eVs22\TESTLOFFF_ONLINE\bin\server\scriptjx2\lib\file.lua:57: unexpected symbol near '%'
error: ...eVs22\TESTLOFFF_ONLINE\bin\server\scriptjx2\lib\file.lua:57: unexpected symbol near '%'
error: ...eVs22\TESTLOFFF_ONLINE\bin\server\scriptjx2\lib\file.lua:57: unexpected symbol near '%'
error: ...eVs22\TESTLOFFF_ONLINE\bin\server\scriptjx2\lib\file.lua:57: unexpected symbol near '%'
error: ...eVs22\TESTLOFFF_ONLINE\bin\server\scriptjx2\lib\file.lua:57: unexpected symbol near '%'
error: ...eVs22\TESTLOFFF_ONLINE\bin\server\scriptjx2\lib\file.lua:57: unexpected symbol near '%'
error: ...eVs22\TESTLOFFF_ONLINE\bin\server\scriptjx2\lib\file.lua:57: unexpected symbol near '%'
error: ...eVs22\TESTLOFFF_ONLINE\bin\server\scriptjx2\lib\file.lua:57: unexpected symbol near '%'
error: ...eVs22\TESTLOFFF_ONLINE\bin\server\scriptjx2\lib\file.lua:57: unexpected symbol near '%'
error: ...eVs22\TESTLOFFF_ONLINE\bin\server\scriptjx2\lib\file.lua:57: unexpected symbol near '%'
error: ...eVs22\TESTLOFFF_ONLINE\bin\server\scriptjx2\lib\file.lua:57: unexpected symbol near '%'
error: ...eVs22\TESTLOFFF_ONLINE\bin\server\scriptjx2\lib\file.lua:57: unexpected symbol near '%'
error: ...eVs22\TESTLOFFF_ONLINE\bin\server\scriptjx2\lib\file.lua:57: unexpected symbol near '%'
error: ...eVs22\TESTLOFFF_ONLINE\bin\server\scriptjx2\lib\file.lua:57: unexpected symbol near '%'
error: ...eVs22\TESTLOFFF_ONLINE\bin\server\scriptjx2\lib\file.lua:57: unexpected symbol near '%'
error: ...eVs22\TESTLOFFF_ONLINE\bin\server\scriptjx2\lib\file.lua:57: unexpected symbol near '%'
error: ...eVs22\TESTLOFFF_ONLINE\bin\server\scriptjx2\lib\file.lua:57: unexpected symbol near '%'
error: ...eVs22\TESTLOFFF_ONLINE\bin\server\scriptjx2\lib\file.lua:57: unexpected symbol near '%'
error: ...eVs22\TESTLOFFF_ONLINE\bin\server\scriptjx2\lib\file.lua:57: unexpected symbol near '%'
error: ...eVs22\TESTLOFFF_ONLINE\bin\server\scriptjx2\lib\file.lua:57: unexpected symbol near '%'
error: ...eVs22\TESTLOFFF_ONLINE\bin\server\scriptjx2\lib\file.lua:57: unexpected symbol near '%'
error: ...eVs22\TESTLOFFF_ONLINE\bin\server\scriptjx2\lib\file.lua:57: unexpected symbol near '%'
error: ...eVs22\TESTLOFFF_ONLINE\bin\server\scriptjx2\lib\file.lua:57: unexpected symbol near '%'
error: ...eVs22\TESTLOFFF_ONLINE\bin\server\scriptjx2\lib\file.lua:57: unexpected symbol near '%'
error: ...eVs22\TESTLOFFF_ONLINE\bin\server\scriptjx2\lib\file.lua:57: unexpected symbol near '%'
error: ...eVs22\TESTLOFFF_ONLINE\bin\server\scriptjx2\lib\file.lua:57: unexpected symbol near '%'
error: ...eVs22\TESTLOFFF_ONLINE\bin\server\scriptjx2\lib\file.lua:57: unexpected symbol near '%'
error: ...eVs22\TESTLOFFF_ONLINE\bin\server\scriptjx2\lib\file.lua:57: unexpected symbol near '%'
error: ...eVs22\TESTLOFFF_ONLINE\bin\server\scriptjx2\lib\file.lua:57: unexpected symbol near '%'
error: ...eVs22\TESTLOFFF_ONLINE\bin\server\scriptjx2\lib\file.lua:57: unexpected symbol near '%'
error: ...eVs22\TESTLOFFF_ONLINE\bin\server\scriptjx2\lib\file.lua:57: unexpected symbol near '%'
error: ...eVs22\TESTLOFFF_ONLINE\bin\server\scriptjx2\lib\file.lua:57: unexpected symbol near '%'
error: ...eVs22\TESTLOFFF_ONLINE\bin\server\scriptjx2\lib\file.lua:57: unexpected symbol near '%'
error: ...eVs22\TESTLOFFF_ONLINE\bin\server\scriptjx2\lib\file.lua:57: unexpected symbol near '%'
error: ...eVs22\TESTLOFFF_ONLINE\bin\server\scriptjx2\lib\file.lua:57: unexpected symbol near '%'
error: ...eVs22\TESTLOFFF_ONLINE\bin\server\scriptjx2\lib\file.lua:57: unexpected symbol near '%'
error: ...eVs22\TESTLOFFF_ONLINE\bin\server\scriptjx2\lib\file.lua:57: unexpected symbol near '%'
error: ...eVs22\TESTLOFFF_ONLINE\bin\server\scriptjx2\lib\file.lua:57: unexpected symbol near '%'
error: ...eVs22\TESTLOFFF_ONLINE\bin\server\scriptjx2\lib\file.lua:57: unexpected symbol near '%'
error: ...eVs22\TESTLOFFF_ONLINE\bin\server\scriptjx2\lib\file.lua:57: unexpected symbol near '%'
error: ...eVs22\TESTLOFFF_ONLINE\bin\server\scriptjx2\lib\file.lua:57: unexpected symbol near '%'
error: ...eVs22\TESTLOFFF_ONLINE\bin\server\scriptjx2\lib\file.lua:57: unexpected symbol near '%'
error: ...eVs22\TESTLOFFF_ONLINE\bin\server\scriptjx2\lib\file.lua:57: unexpected symbol near '%'
error: ...eVs22\TESTLOFFF_ONLINE\bin\server\scriptjx2\lib\file.lua:57: unexpected symbol near '%'
error: ...eVs22\TESTLOFFF_ONLINE\bin\server\scriptjx2\lib\file.lua:57: unexpected symbol near '%'
error: ...eVs22\TESTLOFFF_ONLINE\bin\server\scriptjx2\lib\file.lua:57: unexpected symbol near '%'
error: ...eVs22\TESTLOFFF_ONLINE\bin\server\scriptjx2\lib\file.lua:57: unexpected symbol near '%'
error: ...eVs22\TESTLOFFF_ONLINE\bin\server\scriptjx2\lib\file.lua:57: unexpected symbol near '%'
error: ...eVs22\TESTLOFFF_ONLINE\bin\server\scriptjx2\lib\file.lua:57: unexpected symbol near '%'
error: ...eVs22\TESTLOFFF_ONLINE\bin\server\scriptjx2\lib\file.lua:57: unexpected symbol near '%'
error: ...eVs22\TESTLOFFF_ONLINE\bin\server\scriptjx2\lib\file.lua:57: unexpected symbol near '%'
error: ...eVs22\TESTLOFFF_ONLINE\bin\server\scriptjx2\lib\file.lua:57: unexpected symbol near '%'
error: ...eVs22\TESTLOFFF_ONLINE\bin\server\scriptjx2\lib\file.lua:57: unexpected symbol near '%'
error: ...eVs22\TESTLOFFF_ONLINE\bin\server\scriptjx2\lib\file.lua:57: unexpected symbol near '%'
error: ...eVs22\TESTLOFFF_ONLINE\bin\server\scriptjx2\lib\file.lua:57: unexpected symbol near '%'
error: ...eVs22\TESTLOFFF_ONLINE\bin\server\scriptjx2\lib\file.lua:57: unexpected symbol near '%'
error: ...eVs22\TESTLOFFF_ONLINE\bin\server\scriptjx2\lib\file.lua:57: unexpected symbol near '%'
error: ...eVs22\TESTLOFFF_ONLINE\bin\server\scriptjx2\lib\file.lua:57: unexpected symbol near '%'
error: ...eVs22\TESTLOFFF_ONLINE\bin\server\scriptjx2\lib\file.lua:57: unexpected symbol near '%'
error: ...eVs22\TESTLOFFF_ONLINE\bin\server\scriptjx2\lib\file.lua:57: unexpected symbol near '%'
error: ...eVs22\TESTLOFFF_ONLINE\bin\server\scriptjx2\lib\file.lua:57: unexpected symbol near '%'
error: ...eVs22\TESTLOFFF_ONLINE\bin\server\scriptjx2\lib\file.lua:57: unexpected symbol near '%'
error: ...eVs22\TESTLOFFF_ONLINE\bin\server\scriptjx2\lib\file.lua:57: unexpected symbol near '%'
error: ...eVs22\TESTLOFFF_ONLINE\bin\server\scriptjx2\lib\file.lua:57: unexpected symbol near '%'
error: ...eVs22\TESTLOFFF_ONLINE\bin\server\scriptjx2\lib\file.lua:57: unexpected symbol near '%'
error: ...eVs22\TESTLOFFF_ONLINE\bin\server\scriptjx2\lib\file.lua:57: unexpected symbol near '%'
error: ...eVs22\TESTLOFFF_ONLINE\bin\server\scriptjx2\lib\file.lua:57: unexpected symbol near '%'
error: ...eVs22\TESTLOFFF_ONLINE\bin\server\scriptjx2\lib\file.lua:57: unexpected symbol near '%'
error: ...eVs22\TESTLOFFF_ONLINE\bin\server\scriptjx2\lib\file.lua:57: unexpected symbol near '%'
error: ...eVs22\TESTLOFFF_ONLINE\bin\server\scriptjx2\lib\file.lua:57: unexpected symbol near '%'
error: ...eVs22\TESTLOFFF_ONLINE\bin\server\scriptjx2\lib\file.lua:57: unexpected symbol near '%'
error: ...eVs22\TESTLOFFF_ONLINE\bin\server\scriptjx2\lib\file.lua:57: unexpected symbol near '%'
error: ...eVs22\TESTLOFFF_ONLINE\bin\server\scriptjx2\lib\file.lua:57: unexpected symbol near '%'
error: ...eVs22\TESTLOFFF_ONLINE\bin\server\scriptjx2\lib\file.lua:57: unexpected symbol near '%'
error: ...eVs22\TESTLOFFF_ONLINE\bin\server\scriptjx2\lib\file.lua:57: unexpected symbol near '%'
error: ...eVs22\TESTLOFFF_ONLINE\bin\server\scriptjx2\lib\file.lua:57: unexpected symbol near '%'
error: ...eVs22\TESTLOFFF_ONLINE\bin\server\scriptjx2\lib\file.lua:57: unexpected symbol near '%'
error: ...eVs22\TESTLOFFF_ONLINE\bin\server\scriptjx2\lib\file.lua:57: unexpected symbol near '%'
error: ...eVs22\TESTLOFFF_ONLINE\bin\server\scriptjx2\lib\file.lua:57: unexpected symbol near '%'
error: ...eVs22\TESTLOFFF_ONLINE\bin\server\scriptjx2\lib\file.lua:57: unexpected symbol near '%'
error: ...eVs22\TESTLOFFF_ONLINE\bin\server\scriptjx2\lib\file.lua:57: unexpected symbol near '%'
error: ...eVs22\TESTLOFFF_ONLINE\bin\server\scriptjx2\lib\file.lua:57: unexpected symbol near '%'
error: ...eVs22\TESTLOFFF_ONLINE\bin\server\scriptjx2\lib\file.lua:57: unexpected symbol near '%'
error: ...eVs22\TESTLOFFF_ONLINE\bin\server\scriptjx2\lib\file.lua:57: unexpected symbol near '%'
error: ...eVs22\TESTLOFFF_ONLINE\bin\server\scriptjx2\lib\file.lua:57: unexpected symbol near '%'
error: ...eVs22\TESTLOFFF_ONLINE\bin\server\scriptjx2\lib\file.lua:57: unexpected symbol near '%'
error: ...eVs22\TESTLOFFF_ONLINE\bin\server\scriptjx2\lib\file.lua:57: unexpected symbol near '%'
error: ...eVs22\TESTLOFFF_ONLINE\bin\server\scriptjx2\lib\file.lua:57: unexpected symbol near '%'
error: ...eVs22\TESTLOFFF_ONLINE\bin\server\scriptjx2\lib\file.lua:57: unexpected symbol near '%'
error: ...eVs22\TESTLOFFF_ONLINE\bin\server\scriptjx2\lib\file.lua:57: unexpected symbol near '%'
error: ...eVs22\TESTLOFFF_ONLINE\bin\server\scriptjx2\lib\file.lua:57: unexpected symbol near '%'
error: ...eVs22\TESTLOFFF_ONLINE\bin\server\scriptjx2\lib\file.lua:57: unexpected symbol near '%'
error: ...eVs22\TESTLOFFF_ONLINE\bin\server\scriptjx2\lib\file.lua:57: unexpected symbol near '%'
error: ...eVs22\TESTLOFFF_ONLINE\bin\server\scriptjx2\lib\file.lua:57: unexpected symbol near '%'
error: ...eVs22\TESTLOFFF_ONLINE\bin\server\scriptjx2\lib\file.lua:57: unexpected symbol near '%'
error: ...eVs22\TESTLOFFF_ONLINE\bin\server\scriptjx2\lib\file.lua:57: unexpected symbol near '%'
error: ...eVs22\TESTLOFFF_ONLINE\bin\server\scriptjx2\lib\file.lua:57: unexpected symbol near '%'
error: ...eVs22\TESTLOFFF_ONLINE\bin\server\scriptjx2\lib\file.lua:57: unexpected symbol near '%'
error: ...eVs22\TESTLOFFF_ONLINE\bin\server\scriptjx2\lib\file.lua:57: unexpected symbol near '%'
error: ...eVs22\TESTLOFFF_ONLINE\bin\server\scriptjx2\lib\file.lua:57: unexpected symbol near '%'
error: ...eVs22\TESTLOFFF_ONLINE\bin\server\scriptjx2\lib\file.lua:57: unexpected symbol near '%'
error: ...eVs22\TESTLOFFF_ONLINE\bin\server\scriptjx2\lib\file.lua:57: unexpected symbol near '%'
error: ...eVs22\TESTLOFFF_ONLINE\bin\server\scriptjx2\lib\file.lua:57: unexpected symbol near '%'
error: ...eVs22\TESTLOFFF_ONLINE\bin\server\scriptjx2\lib\file.lua:57: unexpected symbol near '%'
error: ...eVs22\TESTLOFFF_ONLINE\bin\server\scriptjx2\lib\file.lua:57: unexpected symbol near '%'
error: ...eVs22\TESTLOFFF_ONLINE\bin\server\scriptjx2\lib\file.lua:57: unexpected symbol near '%'
error: ...eVs22\TESTLOFFF_ONLINE\bin\server\scriptjx2\lib\file.lua:57: unexpected symbol near '%'
error: ...eVs22\TESTLOFFF_ONLINE\bin\server\scriptjx2\lib\file.lua:57: unexpected symbol near '%'
error: ...eVs22\TESTLOFFF_ONLINE\bin\server\scriptjx2\lib\file.lua:57: unexpected symbol near '%'
error: ...eVs22\TESTLOFFF_ONLINE\bin\server\scriptjx2\lib\file.lua:57: unexpected symbol near '%'
error: ...eVs22\TESTLOFFF_ONLINE\bin\server\scriptjx2\lib\file.lua:57: unexpected symbol near '%'
error: ...eVs22\TESTLOFFF_ONLINE\bin\server\scriptjx2\lib\file.lua:57: unexpected symbol near '%'
error: ...eVs22\TESTLOFFF_ONLINE\bin\server\scriptjx2\lib\file.lua:57: unexpected symbol near '%'
error: ...eVs22\TESTLOFFF_ONLINE\bin\server\scriptjx2\lib\file.lua:57: unexpected symbol near '%'
error: ...eVs22\TESTLOFFF_ONLINE\bin\server\scriptjx2\lib\file.lua:57: unexpected symbol near '%'
error: ...eVs22\TESTLOFFF_ONLINE\bin\server\scriptjx2\lib\file.lua:57: unexpected symbol near '%'
error: ...eVs22\TESTLOFFF_ONLINE\bin\server\scriptjx2\lib\file.lua:57: unexpected symbol near '%'
error: ...eVs22\TESTLOFFF_ONLINE\bin\server\scriptjx2\lib\file.lua:57: unexpected symbol near '%'
error: ...eVs22\TESTLOFFF_ONLINE\bin\server\scriptjx2\lib\file.lua:57: unexpected symbol near '%'
error: ...eVs22\TESTLOFFF_ONLINE\bin\server\scriptjx2\lib\file.lua:57: unexpected symbol near '%'
error: ...eVs22\TESTLOFFF_ONLINE\bin\server\scriptjx2\lib\file.lua:57: unexpected symbol near '%'
error: ...eVs22\TESTLOFFF_ONLINE\bin\server\scriptjx2\lib\file.lua:57: unexpected symbol near '%'
error: ...eVs22\TESTLOFFF_ONLINE\bin\server\scriptjx2\lib\file.lua:57: unexpected symbol near '%'
error: ...eVs22\TESTLOFFF_ONLINE\bin\server\scriptjx2\lib\file.lua:57: unexpected symbol near '%'
error: ...eVs22\TESTLOFFF_ONLINE\bin\server\scriptjx2\lib\file.lua:57: unexpected symbol near '%'
error: ...eVs22\TESTLOFFF_ONLINE\bin\server\scriptjx2\lib\file.lua:57: unexpected symbol near '%'
error: ...eVs22\TESTLOFFF_ONLINE\bin\server\scriptjx2\lib\file.lua:57: unexpected symbol near '%'
error: ...eVs22\TESTLOFFF_ONLINE\bin\server\scriptjx2\lib\file.lua:57: unexpected symbol near '%'
error: ...eVs22\TESTLOFFF_ONLINE\bin\server\scriptjx2\lib\file.lua:57: unexpected symbol near '%'
error: ...eVs22\TESTLOFFF_ONLINE\bin\server\scriptjx2\lib\file.lua:57: unexpected symbol near '%'
error: ...eVs22\TESTLOFFF_ONLINE\bin\server\scriptjx2\lib\file.lua:57: unexpected symbol near '%'
error: ...eVs22\TESTLOFFF_ONLINE\bin\server\scriptjx2\lib\file.lua:57: unexpected symbol near '%'
error: ...eVs22\TESTLOFFF_ONLINE\bin\server\scriptjx2\lib\file.lua:57: unexpected symbol near '%'
error: ...eVs22\TESTLOFFF_ONLINE\bin\server\scriptjx2\lib\file.lua:57: unexpected symbol near '%'
error: ...eVs22\TESTLOFFF_ONLINE\bin\server\scriptjx2\lib\file.lua:57: unexpected symbol near '%'
error: ...eVs22\TESTLOFFF_ONLINE\bin\server\scriptjx2\lib\file.lua:57: unexpected symbol near '%'
error: ...eVs22\TESTLOFFF_ONLINE\bin\server\scriptjx2\lib\file.lua:57: unexpected symbol near '%'
error: ...eVs22\TESTLOFFF_ONLINE\bin\server\scriptjx2\lib\file.lua:57: unexpected symbol near '%'
error: ...eVs22\TESTLOFFF_ONLINE\bin\server\scriptjx2\lib\file.lua:57: unexpected symbol near '%'
error: ...eVs22\TESTLOFFF_ONLINE\bin\server\scriptjx2\lib\file.lua:57: unexpected symbol near '%'
error: ...eVs22\TESTLOFFF_ONLINE\bin\server\scriptjx2\lib\file.lua:57: unexpected symbol near '%'
error: ...eVs22\TESTLOFFF_ONLINE\bin\server\scriptjx2\lib\file.lua:57: unexpected symbol near '%'
error: ...eVs22\TESTLOFFF_ONLINE\bin\server\scriptjx2\lib\file.lua:57: unexpected symbol near '%'
error: ...eVs22\TESTLOFFF_ONLINE\bin\server\scriptjx2\lib\file.lua:57: unexpected symbol near '%'
error: ...eVs22\TESTLOFFF_ONLINE\bin\server\scriptjx2\lib\file.lua:57: unexpected symbol near '%'
error: ...eVs22\TESTLOFFF_ONLINE\bin\server\scriptjx2\lib\file.lua:57: unexpected symbol near '%'
error: ...eVs22\TESTLOFFF_ONLINE\bin\server\scriptjx2\lib\file.lua:57: unexpected symbol near '%'
error: ...eVs22\TESTLOFFF_ONLINE\bin\server\scriptjx2\lib\file.lua:57: unexpected symbol near '%'
error: ...eVs22\TESTLOFFF_ONLINE\bin\server\scriptjx2\lib\file.lua:57: unexpected symbol near '%'
error: ...eVs22\TESTLOFFF_ONLINE\bin\server\scriptjx2\lib\file.lua:57: unexpected symbol near '%'
error: ...eVs22\TESTLOFFF_ONLINE\bin\server\scriptjx2\lib\file.lua:57: unexpected symbol near '%'
error: ...eVs22\TESTLOFFF_ONLINE\bin\server\scriptjx2\lib\file.lua:57: unexpected symbol near '%'
error: ...eVs22\TESTLOFFF_ONLINE\bin\server\scriptjx2\lib\file.lua:57: unexpected symbol near '%'
error: ...eVs22\TESTLOFFF_ONLINE\bin\server\scriptjx2\lib\file.lua:57: unexpected symbol near '%'
error: ...eVs22\TESTLOFFF_ONLINE\bin\server\scriptjx2\lib\file.lua:57: unexpected symbol near '%'
error: ...eVs22\TESTLOFFF_ONLINE\bin\server\scriptjx2\lib\file.lua:57: unexpected symbol near '%'
error: ...eVs22\TESTLOFFF_ONLINE\bin\server\scriptjx2\lib\file.lua:57: unexpected symbol near '%'
error: ...eVs22\TESTLOFFF_ONLINE\bin\server\scriptjx2\lib\file.lua:57: unexpected symbol near '%'
error: ...eVs22\TESTLOFFF_ONLINE\bin\server\scriptjx2\lib\file.lua:57: unexpected symbol near '%'
error: ...eVs22\TESTLOFFF_ONLINE\bin\server\scriptjx2\lib\file.lua:57: unexpected symbol near '%'
error: ...eVs22\TESTLOFFF_ONLINE\bin\server\scriptjx2\lib\file.lua:57: unexpected symbol near '%'
error: ...eVs22\TESTLOFFF_ONLINE\bin\server\scriptjx2\lib\file.lua:57: unexpected symbol near '%'
error: ...eVs22\TESTLOFFF_ONLINE\bin\server\scriptjx2\lib\file.lua:57: unexpected symbol near '%'
error: ...eVs22\TESTLOFFF_ONLINE\bin\server\scriptjx2\lib\file.lua:57: unexpected symbol near '%'
error: ...eVs22\TESTLOFFF_ONLINE\bin\server\scriptjx2\lib\file.lua:57: unexpected symbol near '%'
error: ...eVs22\TESTLOFFF_ONLINE\bin\server\scriptjx2\lib\file.lua:57: unexpected symbol near '%'
error: ...eVs22\TESTLOFFF_ONLINE\bin\server\scriptjx2\lib\file.lua:57: unexpected symbol near '%'
error: ...eVs22\TESTLOFFF_ONLINE\bin\server\scriptjx2\lib\file.lua:57: unexpected symbol near '%'
error: ...eVs22\TESTLOFFF_ONLINE\bin\server\scriptjx2\lib\file.lua:57: unexpected symbol near '%'
error: ...eVs22\TESTLOFFF_ONLINE\bin\server\scriptjx2\lib\file.lua:57: unexpected symbol near '%'
error: ...eVs22\TESTLOFFF_ONLINE\bin\server\scriptjx2\lib\file.lua:57: unexpected symbol near '%'
error: ...eVs22\TESTLOFFF_ONLINE\bin\server\scriptjx2\lib\file.lua:57: unexpected symbol near '%'
error: ...eVs22\TESTLOFFF_ONLINE\bin\server\scriptjx2\lib\file.lua:57: unexpected symbol near '%'
error: ...eVs22\TESTLOFFF_ONLINE\bin\server\scriptjx2\lib\file.lua:57: unexpected symbol near '%'
error: ...eVs22\TESTLOFFF_ONLINE\bin\server\scriptjx2\lib\file.lua:57: unexpected symbol near '%'
error: ...eVs22\TESTLOFFF_ONLINE\bin\server\scriptjx2\lib\file.lua:57: unexpected symbol near '%'
error: ...eVs22\TESTLOFFF_ONLINE\bin\server\scriptjx2\lib\file.lua:57: unexpected symbol near '%'
error: ...eVs22\TESTLOFFF_ONLINE\bin\server\scriptjx2\lib\file.lua:57: unexpected symbol near '%'
error: ...eVs22\TESTLOFFF_ONLINE\bin\server\scriptjx2\lib\file.lua:57: unexpected symbol near '%'
error: ...eVs22\TESTLOFFF_ONLINE\bin\server\scriptjx2\lib\file.lua:57: unexpected symbol near '%'
error: ...eVs22\TESTLOFFF_ONLINE\bin\server\scriptjx2\lib\file.lua:57: unexpected symbol near '%'
error: ...eVs22\TESTLOFFF_ONLINE\bin\server\scriptjx2\lib\file.lua:57: unexpected symbol near '%'
error: ...eVs22\TESTLOFFF_ONLINE\bin\server\scriptjx2\lib\file.lua:57: unexpected symbol near '%'
error: ...eVs22\TESTLOFFF_ONLINE\bin\server\scriptjx2\lib\file.lua:57: unexpected symbol near '%'
error: ...eVs22\TESTLOFFF_ONLINE\bin\server\scriptjx2\lib\file.lua:57: unexpected symbol near '%'
error: ...eVs22\TESTLOFFF_ONLINE\bin\server\scriptjx2\lib\file.lua:57: unexpected symbol near '%'
error: ...eVs22\TESTLOFFF_ONLINE\bin\server\scriptjx2\lib\file.lua:57: unexpected symbol near '%'
error: ...eVs22\TESTLOFFF_ONLINE\bin\server\scriptjx2\lib\file.lua:57: unexpected symbol near '%'
error: ...eVs22\TESTLOFFF_ONLINE\bin\server\scriptjx2\lib\file.lua:57: unexpected symbol near '%'
error: ...eVs22\TESTLOFFF_ONLINE\bin\server\scriptjx2\lib\file.lua:57: unexpected symbol near '%'
error: ...eVs22\TESTLOFFF_ONLINE\bin\server\scriptjx2\lib\file.lua:57: unexpected symbol near '%'
error: ...eVs22\TESTLOFFF_ONLINE\bin\server\scriptjx2\lib\file.lua:57: unexpected symbol near '%'
error: ...eVs22\TESTLOFFF_ONLINE\bin\server\scriptjx2\lib\file.lua:57: unexpected symbol near '%'
error: ...eVs22\TESTLOFFF_ONLINE\bin\server\scriptjx2\lib\file.lua:57: unexpected symbol near '%'
error: ...eVs22\TESTLOFFF_ONLINE\bin\server\scriptjx2\lib\file.lua:57: unexpected symbol near '%'
error: ...eVs22\TESTLOFFF_ONLINE\bin\server\scriptjx2\lib\file.lua:57: unexpected symbol near '%'
error: ...eVs22\TESTLOFFF_ONLINE\bin\server\scriptjx2\lib\file.lua:57: unexpected symbol near '%'
error: ...eVs22\TESTLOFFF_ONLINE\bin\server\scriptjx2\lib\file.lua:57: unexpected symbol near '%'
error: ...eVs22\TESTLOFFF_ONLINE\bin\server\scriptjx2\lib\file.lua:57: unexpected symbol near '%'
error: ...eVs22\TESTLOFFF_ONLINE\bin\server\scriptjx2\lib\file.lua:57: unexpected symbol near '%'
error: ...eVs22\TESTLOFFF_ONLINE\bin\server\scriptjx2\lib\file.lua:57: unexpected symbol near '%'
error: ...eVs22\TESTLOFFF_ONLINE\bin\server\scriptjx2\lib\file.lua:57: unexpected symbol near '%'
error: ...eVs22\TESTLOFFF_ONLINE\bin\server\scriptjx2\lib\file.lua:57: unexpected symbol near '%'
error: ...eVs22\TESTLOFFF_ONLINE\bin\server\scriptjx2\lib\file.lua:57: unexpected symbol near '%'
error: ...eVs22\TESTLOFFF_ONLINE\bin\server\scriptjx2\lib\file.lua:57: unexpected symbol near '%'
error: ...eVs22\TESTLOFFF_ONLINE\bin\server\scriptjx2\lib\file.lua:57: unexpected symbol near '%'
error: ...eVs22\TESTLOFFF_ONLINE\bin\server\scriptjx2\lib\file.lua:57: unexpected symbol near '%'
error: ...eVs22\TESTLOFFF_ONLINE\bin\server\scriptjx2\lib\file.lua:57: unexpected symbol near '%'
error: ...eVs22\TESTLOFFF_ONLINE\bin\server\scriptjx2\lib\file.lua:57: unexpected symbol near '%'
error: ...eVs22\TESTLOFFF_ONLINE\bin\server\scriptjx2\lib\file.lua:57: unexpected symbol near '%'
error: ...eVs22\TESTLOFFF_ONLINE\bin\server\scriptjx2\lib\file.lua:57: unexpected symbol near '%'
error: ...eVs22\TESTLOFFF_ONLINE\bin\server\scriptjx2\lib\file.lua:57: unexpected symbol near '%'
error: ...eVs22\TESTLOFFF_ONLINE\bin\server\scriptjx2\lib\file.lua:57: unexpected symbol near '%'
error: ...eVs22\TESTLOFFF_ONLINE\bin\server\scriptjx2\lib\file.lua:57: unexpected symbol near '%'
error: ...eVs22\TESTLOFFF_ONLINE\bin\server\scriptjx2\lib\file.lua:57: unexpected symbol near '%'
error: ...eVs22\TESTLOFFF_ONLINE\bin\server\scriptjx2\lib\file.lua:57: unexpected symbol near '%'
error: ...eVs22\TESTLOFFF_ONLINE\bin\server\scriptjx2\lib\file.lua:57: unexpected symbol near '%'
error: ...eVs22\TESTLOFFF_ONLINE\bin\server\scriptjx2\lib\file.lua:57: unexpected symbol near '%'
error: ...eVs22\TESTLOFFF_ONLINE\bin\server\scriptjx2\lib\file.lua:57: unexpected symbol near '%'
error: ...eVs22\TESTLOFFF_ONLINE\bin\server\scriptjx2\lib\file.lua:57: unexpected symbol near '%'
error: ...eVs22\TESTLOFFF_ONLINE\bin\server\scriptjx2\lib\file.lua:57: unexpected symbol near '%'
error: ...eVs22\TESTLOFFF_ONLINE\bin\server\scriptjx2\lib\file.lua:57: unexpected symbol near '%'
error: ...eVs22\TESTLOFFF_ONLINE\bin\server\scriptjx2\lib\file.lua:57: unexpected symbol near '%'
error: ...eVs22\TESTLOFFF_ONLINE\bin\server\scriptjx2\lib\file.lua:57: unexpected symbol near '%'
error: ...eVs22\TESTLOFFF_ONLINE\bin\server\scriptjx2\lib\file.lua:57: unexpected symbol near '%'
error: ...eVs22\TESTLOFFF_ONLINE\bin\server\scriptjx2\lib\file.lua:57: unexpected symbol near '%'
error: ...eVs22\TESTLOFFF_ONLINE\bin\server\scriptjx2\lib\file.lua:57: unexpected symbol near '%'
error: ...eVs22\TESTLOFFF_ONLINE\bin\server\scriptjx2\lib\file.lua:57: unexpected symbol near '%'
error: ...eVs22\TESTLOFFF_ONLINE\bin\server\scriptjx2\lib\file.lua:57: unexpected symbol near '%'
error: ...eVs22\TESTLOFFF_ONLINE\bin\server\scriptjx2\lib\file.lua:57: unexpected symbol near '%'
error: ...eVs22\TESTLOFFF_ONLINE\bin\server\scriptjx2\lib\file.lua:57: unexpected symbol near '%'
error: ...eVs22\TESTLOFFF_ONLINE\bin\server\scriptjx2\lib\file.lua:57: unexpected symbol near '%'
error: ...eVs22\TESTLOFFF_ONLINE\bin\server\scriptjx2\lib\file.lua:57: unexpected symbol near '%'
error: ...eVs22\TESTLOFFF_ONLINE\bin\server\scriptjx2\lib\file.lua:57: unexpected symbol near '%'
error: ...eVs22\TESTLOFFF_ONLINE\bin\server\scriptjx2\lib\file.lua:57: unexpected symbol near '%'
error: ...eVs22\TESTLOFFF_ONLINE\bin\server\scriptjx2\lib\file.lua:57: unexpected symbol near '%'
error: ...eVs22\TESTLOFFF_ONLINE\bin\server\scriptjx2\lib\file.lua:57: unexpected symbol near '%'
error: ...eVs22\TESTLOFFF_ONLINE\bin\server\scriptjx2\lib\file.lua:57: unexpected symbol near '%'
error: ...eVs22\TESTLOFFF_ONLINE\bin\server\scriptjx2\lib\file.lua:57: unexpected symbol near '%'
error: ...eVs22\TESTLOFFF_ONLINE\bin\server\scriptjx2\lib\file.lua:57: unexpected symbol near '%'
error: ...eVs22\TESTLOFFF_ONLINE\bin\server\scriptjx2\lib\file.lua:57: unexpected symbol near '%'
error: ...eVs22\TESTLOFFF_ONLINE\bin\server\scriptjx2\lib\file.lua:57: unexpected symbol near '%'
error: ...eVs22\TESTLOFFF_ONLINE\bin\server\scriptjx2\lib\file.lua:57: unexpected symbol near '%'
error: ...eVs22\TESTLOFFF_ONLINE\bin\server\scriptjx2\lib\file.lua:57: unexpected symbol near '%'
error: ...eVs22\TESTLOFFF_ONLINE\bin\server\scriptjx2\lib\file.lua:57: unexpected symbol near '%'
error: ...eVs22\TESTLOFFF_ONLINE\bin\server\scriptjx2\lib\file.lua:57: unexpected symbol near '%'
error: ...eVs22\TESTLOFFF_ONLINE\bin\server\scriptjx2\lib\file.lua:57: unexpected symbol near '%'
error: ...eVs22\TESTLOFFF_ONLINE\bin\server\scriptjx2\lib\file.lua:57: unexpected symbol near '%'
error: ...eVs22\TESTLOFFF_ONLINE\bin\server\scriptjx2\lib\file.lua:57: unexpected symbol near '%'
error: ...eVs22\TESTLOFFF_ONLINE\bin\server\scriptjx2\lib\file.lua:57: unexpected symbol near '%'
error: ...eVs22\TESTLOFFF_ONLINE\bin\server\scriptjx2\lib\file.lua:57: unexpected symbol near '%'
error: ...eVs22\TESTLOFFF_ONLINE\bin\server\scriptjx2\lib\file.lua:57: unexpected symbol near '%'
error: ...eVs22\TESTLOFFF_ONLINE\bin\server\scriptjx2\lib\file.lua:57: unexpected symbol near '%'
error: ...eVs22\TESTLOFFF_ONLINE\bin\server\scriptjx2\lib\file.lua:57: unexpected symbol near '%'
error: ...eVs22\TESTLOFFF_ONLINE\bin\server\scriptjx2\lib\file.lua:57: unexpected symbol near '%'
error: ...eVs22\TESTLOFFF_ONLINE\bin\server\scriptjx2\lib\file.lua:57: unexpected symbol near '%'
error: ...eVs22\TESTLOFFF_ONLINE\bin\server\scriptjx2\lib\file.lua:57: unexpected symbol near '%'
error: ...eVs22\TESTLOFFF_ONLINE\bin\server\scriptjx2\lib\file.lua:57: unexpected symbol near '%'
error: ...eVs22\TESTLOFFF_ONLINE\bin\server\scriptjx2\lib\file.lua:57: unexpected symbol near '%'
error: ...eVs22\TESTLOFFF_ONLINE\bin\server\scriptjx2\lib\file.lua:57: unexpected symbol near '%'
error: ...eVs22\TESTLOFFF_ONLINE\bin\server\scriptjx2\lib\file.lua:57: unexpected symbol near '%'
error: ...eVs22\TESTLOFFF_ONLINE\bin\server\scriptjx2\lib\file.lua:57: unexpected symbol near '%'
error: ...eVs22\TESTLOFFF_ONLINE\bin\server\scriptjx2\lib\file.lua:57: unexpected symbol near '%'
error: ...eVs22\TESTLOFFF_ONLINE\bin\server\scriptjx2\lib\file.lua:57: unexpected symbol near '%'
error: ...eVs22\TESTLOFFF_ONLINE\bin\server\scriptjx2\lib\file.lua:57: unexpected symbol near '%'
error: ...eVs22\TESTLOFFF_ONLINE\bin\server\scriptjx2\lib\file.lua:57: unexpected symbol near '%'
error: ...eVs22\TESTLOFFF_ONLINE\bin\server\scriptjx2\lib\file.lua:57: unexpected symbol near '%'
error: ...eVs22\TESTLOFFF_ONLINE\bin\server\scriptjx2\lib\file.lua:57: unexpected symbol near '%'
error: ...eVs22\TESTLOFFF_ONLINE\bin\server\scriptjx2\lib\file.lua:57: unexpected symbol near '%'
error: ...eVs22\TESTLOFFF_ONLINE\bin\server\scriptjx2\lib\file.lua:57: unexpected symbol near '%'
error: ...eVs22\TESTLOFFF_ONLINE\bin\server\scriptjx2\lib\file.lua:57: unexpected symbol near '%'
error: ...eVs22\TESTLOFFF_ONLINE\bin\server\scriptjx2\lib\file.lua:57: unexpected symbol near '%'
error: ...eVs22\TESTLOFFF_ONLINE\bin\server\scriptjx2\lib\file.lua:57: unexpected symbol near '%'
error: ...eVs22\TESTLOFFF_ONLINE\bin\server\scriptjx2\lib\file.lua:57: unexpected symbol near '%'
error: ...eVs22\TESTLOFFF_ONLINE\bin\server\scriptjx2\lib\file.lua:57: unexpected symbol near '%'
error: ...eVs22\TESTLOFFF_ONLINE\bin\server\scriptjx2\lib\file.lua:57: unexpected symbol near '%'
error: ...eVs22\TESTLOFFF_ONLINE\bin\server\scriptjx2\lib\file.lua:57: unexpected symbol near '%'
error: ...eVs22\TESTLOFFF_ONLINE\bin\server\scriptjx2\lib\file.lua:57: unexpected symbol near '%'
error: ...eVs22\TESTLOFFF_ONLINE\bin\server\scriptjx2\lib\file.lua:57: unexpected symbol near '%'
error: ...eVs22\TESTLOFFF_ONLINE\bin\server\scriptjx2\lib\file.lua:57: unexpected symbol near '%'
error: ...eVs22\TESTLOFFF_ONLINE\bin\server\scriptjx2\lib\file.lua:57: unexpected symbol near '%'
error: ...eVs22\TESTLOFFF_ONLINE\bin\server\scriptjx2\lib\file.lua:57: unexpected symbol near '%'
error: ...eVs22\TESTLOFFF_ONLINE\bin\server\scriptjx2\lib\file.lua:57: unexpected symbol near '%'
error: ...eVs22\TESTLOFFF_ONLINE\bin\server\scriptjx2\lib\file.lua:57: unexpected symbol near '%'
error: ...eVs22\TESTLOFFF_ONLINE\bin\server\scriptjx2\lib\file.lua:57: unexpected symbol near '%'
error: ...eVs22\TESTLOFFF_ONLINE\bin\server\scriptjx2\lib\file.lua:57: unexpected symbol near '%'
error: ...eVs22\TESTLOFFF_ONLINE\bin\server\scriptjx2\lib\file.lua:57: unexpected symbol near '%'
error: ...eVs22\TESTLOFFF_ONLINE\bin\server\scriptjx2\lib\file.lua:57: unexpected symbol near '%'
error: ...eVs22\TESTLOFFF_ONLINE\bin\server\scriptjx2\lib\file.lua:57: unexpected symbol near '%'
error: ...eVs22\TESTLOFFF_ONLINE\bin\server\scriptjx2\lib\file.lua:57: unexpected symbol near '%'
error: ...eVs22\TESTLOFFF_ONLINE\bin\server\scriptjx2\lib\file.lua:57: unexpected symbol near '%'
error: ...eVs22\TESTLOFFF_ONLINE\bin\server\scriptjx2\lib\file.lua:57: unexpected symbol near '%'
error: ...eVs22\TESTLOFFF_ONLINE\bin\server\scriptjx2\lib\file.lua:57: unexpected symbol near '%'
error: ...eVs22\TESTLOFFF_ONLINE\bin\server\scriptjx2\lib\file.lua:57: unexpected symbol near '%'
error: ...eVs22\TESTLOFFF_ONLINE\bin\server\scriptjx2\lib\file.lua:57: unexpected symbol near '%'
error: ...eVs22\TESTLOFFF_ONLINE\bin\server\scriptjx2\lib\file.lua:57: unexpected symbol near '%'
error: ...eVs22\TESTLOFFF_ONLINE\bin\server\scriptjx2\lib\file.lua:57: unexpected symbol near '%'
error: ...eVs22\TESTLOFFF_ONLINE\bin\server\scriptjx2\lib\file.lua:57: unexpected symbol near '%'
error: ...eVs22\TESTLOFFF_ONLINE\bin\server\scriptjx2\lib\file.lua:57: unexpected symbol near '%'
error: ...eVs22\TESTLOFFF_ONLINE\bin\server\scriptjx2\lib\file.lua:57: unexpected symbol near '%'
error: ...eVs22\TESTLOFFF_ONLINE\bin\server\scriptjx2\lib\file.lua:57: unexpected symbol near '%'
error: ...eVs22\TESTLOFFF_ONLINE\bin\server\scriptjx2\lib\file.lua:57: unexpected symbol near '%'
error: ...eVs22\TESTLOFFF_ONLINE\bin\server\scriptjx2\lib\file.lua:57: unexpected symbol near '%'
error: ...eVs22\TESTLOFFF_ONLINE\bin\server\scriptjx2\lib\file.lua:57: unexpected symbol near '%'
error: ...eVs22\TESTLOFFF_ONLINE\bin\server\scriptjx2\lib\file.lua:57: unexpected symbol near '%'
error: ...eVs22\TESTLOFFF_ONLINE\bin\server\scriptjx2\lib\file.lua:57: unexpected symbol near '%'
error: ...eVs22\TESTLOFFF_ONLINE\bin\server\scriptjx2\lib\file.lua:57: unexpected symbol near '%'
error: ...eVs22\TESTLOFFF_ONLINE\bin\server\scriptjx2\lib\file.lua:57: unexpected symbol near '%'
error: ...eVs22\TESTLOFFF_ONLINE\bin\server\scriptjx2\lib\file.lua:57: unexpected symbol near '%'
error: ...eVs22\TESTLOFFF_ONLINE\bin\server\scriptjx2\lib\file.lua:57: unexpected symbol near '%'
error: ...eVs22\TESTLOFFF_ONLINE\bin\server\scriptjx2\lib\file.lua:57: unexpected symbol near '%'
error: ...eVs22\TESTLOFFF_ONLINE\bin\server\scriptjx2\lib\file.lua:57: unexpected symbol near '%'
error: ...eVs22\TESTLOFFF_ONLINE\bin\server\scriptjx2\lib\file.lua:57: unexpected symbol near '%'
error: ...eVs22\TESTLOFFF_ONLINE\bin\server\scriptjx2\lib\file.lua:57: unexpected symbol near '%'
error: ...eVs22\TESTLOFFF_ONLINE\bin\server\scriptjx2\lib\file.lua:57: unexpected symbol near '%'
error: ...eVs22\TESTLOFFF_ONLINE\bin\server\scriptjx2\lib\file.lua:57: unexpected symbol near '%'
error: ...eVs22\TESTLOFFF_ONLINE\bin\server\scriptjx2\lib\file.lua:57: unexpected symbol near '%'
error: ...eVs22\TESTLOFFF_ONLINE\bin\server\scriptjx2\lib\file.lua:57: unexpected symbol near '%'
error: ...eVs22\TESTLOFFF_ONLINE\bin\server\scriptjx2\lib\file.lua:57: unexpected symbol near '%'
error: ...eVs22\TESTLOFFF_ONLINE\bin\server\scriptjx2\lib\file.lua:57: unexpected symbol near '%'
error: ...eVs22\TESTLOFFF_ONLINE\bin\server\scriptjx2\lib\file.lua:57: unexpected symbol near '%'
error: ...eVs22\TESTLOFFF_ONLINE\bin\server\scriptjx2\lib\file.lua:57: unexpected symbol near '%'
error: ...eVs22\TESTLOFFF_ONLINE\bin\server\scriptjx2\lib\file.lua:57: unexpected symbol near '%'
error: ...eVs22\TESTLOFFF_ONLINE\bin\server\scriptjx2\lib\file.lua:57: unexpected symbol near '%'
error: ...eVs22\TESTLOFFF_ONLINE\bin\server\scriptjx2\lib\file.lua:57: unexpected symbol near '%'
error: ...eVs22\TESTLOFFF_ONLINE\bin\server\scriptjx2\lib\file.lua:57: unexpected symbol near '%'
error: ...eVs22\TESTLOFFF_ONLINE\bin\server\scriptjx2\lib\file.lua:57: unexpected symbol near '%'
error: ...eVs22\TESTLOFFF_ONLINE\bin\server\scriptjx2\lib\file.lua:57: unexpected symbol near '%'
error: ...eVs22\TESTLOFFF_ONLINE\bin\server\scriptjx2\lib\file.lua:57: unexpected symbol near '%'
error: ...eVs22\TESTLOFFF_ONLINE\bin\server\scriptjx2\lib\file.lua:57: unexpected symbol near '%'
error: ...eVs22\TESTLOFFF_ONLINE\bin\server\scriptjx2\lib\file.lua:57: unexpected symbol near '%'
error: ...eVs22\TESTLOFFF_ONLINE\bin\server\scriptjx2\lib\file.lua:57: unexpected symbol near '%'
error: ...eVs22\TESTLOFFF_ONLINE\bin\server\scriptjx2\lib\file.lua:57: unexpected symbol near '%'
error: ...eVs22\TESTLOFFF_ONLINE\bin\server\scriptjx2\lib\file.lua:57: unexpected symbol near '%'
error: ...eVs22\TESTLOFFF_ONLINE\bin\server\scriptjx2\lib\file.lua:57: unexpected symbol near '%'
error: ...eVs22\TESTLOFFF_ONLINE\bin\server\scriptjx2\lib\file.lua:57: unexpected symbol near '%'
error: ...eVs22\TESTLOFFF_ONLINE\bin\server\scriptjx2\lib\file.lua:57: unexpected symbol near '%'
error: ...eVs22\TESTLOFFF_ONLINE\bin\server\scriptjx2\lib\file.lua:57: unexpected symbol near '%'
error: ...eVs22\TESTLOFFF_ONLINE\bin\server\scriptjx2\lib\file.lua:57: unexpected symbol near '%'
error: ...eVs22\TESTLOFFF_ONLINE\bin\server\scriptjx2\lib\file.lua:57: unexpected symbol near '%'
error: ...eVs22\TESTLOFFF_ONLINE\bin\server\scriptjx2\lib\file.lua:57: unexpected symbol near '%'
error: ...eVs22\TESTLOFFF_ONLINE\bin\server\scriptjx2\lib\file.lua:57: unexpected symbol near '%'
error: ...eVs22\TESTLOFFF_ONLINE\bin\server\scriptjx2\lib\file.lua:57: unexpected symbol near '%'
error: ...eVs22\TESTLOFFF_ONLINE\bin\server\scriptjx2\lib\file.lua:57: unexpected symbol near '%'
error: ...eVs22\TESTLOFFF_ONLINE\bin\server\scriptjx2\lib\file.lua:57: unexpected symbol near '%'
error: ...eVs22\TESTLOFFF_ONLINE\bin\server\scriptjx2\lib\file.lua:57: unexpected symbol near '%'
error: ...eVs22\TESTLOFFF_ONLINE\bin\server\scriptjx2\lib\file.lua:57: unexpected symbol near '%'
error: ...eVs22\TESTLOFFF_ONLINE\bin\server\scriptjx2\lib\file.lua:57: unexpected symbol near '%'
error: ...eVs22\TESTLOFFF_ONLINE\bin\server\scriptjx2\lib\file.lua:57: unexpected symbol near '%'
error: ...eVs22\TESTLOFFF_ONLINE\bin\server\scriptjx2\lib\file.lua:57: unexpected symbol near '%'
error: ...eVs22\TESTLOFFF_ONLINE\bin\server\scriptjx2\lib\file.lua:57: unexpected symbol near '%'
error: ...eVs22\TESTLOFFF_ONLINE\bin\server\scriptjx2\lib\file.lua:57: unexpected symbol near '%'
error: ...eVs22\TESTLOFFF_ONLINE\bin\server\scriptjx2\lib\file.lua:57: unexpected symbol near '%'
error: ...eVs22\TESTLOFFF_ONLINE\bin\server\scriptjx2\lib\file.lua:57: unexpected symbol near '%'
error: ...eVs22\TESTLOFFF_ONLINE\bin\server\scriptjx2\lib\file.lua:57: unexpected symbol near '%'
error: ...eVs22\TESTLOFFF_ONLINE\bin\server\scriptjx2\lib\file.lua:57: unexpected symbol near '%'
error: ...eVs22\TESTLOFFF_ONLINE\bin\server\scriptjx2\lib\file.lua:57: unexpected symbol near '%'
error: ...eVs22\TESTLOFFF_ONLINE\bin\server\scriptjx2\lib\file.lua:57: unexpected symbol near '%'
error: ...eVs22\TESTLOFFF_ONLINE\bin\server\scriptjx2\lib\file.lua:57: unexpected symbol near '%'
error: ...eVs22\TESTLOFFF_ONLINE\bin\server\scriptjx2\lib\file.lua:57: unexpected symbol near '%'
error: ...eVs22\TESTLOFFF_ONLINE\bin\server\scriptjx2\lib\file.lua:57: unexpected symbol near '%'
error: ...eVs22\TESTLOFFF_ONLINE\bin\server\scriptjx2\lib\file.lua:57: unexpected symbol near '%'
error: ...eVs22\TESTLOFFF_ONLINE\bin\server\scriptjx2\lib\file.lua:57: unexpected symbol near '%'
error: ...eVs22\TESTLOFFF_ONLINE\bin\server\scriptjx2\lib\file.lua:57: unexpected symbol near '%'
error: ...eVs22\TESTLOFFF_ONLINE\bin\server\scriptjx2\lib\file.lua:57: unexpected symbol near '%'
error: ...eVs22\TESTLOFFF_ONLINE\bin\server\scriptjx2\lib\file.lua:57: unexpected symbol near '%'
error: ...eVs22\TESTLOFFF_ONLINE\bin\server\scriptjx2\lib\file.lua:57: unexpected symbol near '%'
error: ...eVs22\TESTLOFFF_ONLINE\bin\server\scriptjx2\lib\file.lua:57: unexpected symbol near '%'
error: ...eVs22\TESTLOFFF_ONLINE\bin\server\scriptjx2\lib\file.lua:57: unexpected symbol near '%'
error: ...eVs22\TESTLOFFF_ONLINE\bin\server\scriptjx2\lib\file.lua:57: unexpected symbol near '%'
error: ...eVs22\TESTLOFFF_ONLINE\bin\server\scriptjx2\lib\file.lua:57: unexpected symbol near '%'
error: ...eVs22\TESTLOFFF_ONLINE\bin\server\scriptjx2\lib\file.lua:57: unexpected symbol near '%'
error: ...eVs22\TESTLOFFF_ONLINE\bin\server\scriptjx2\lib\file.lua:57: unexpected symbol near '%'
error: ...eVs22\TESTLOFFF_ONLINE\bin\server\scriptjx2\lib\file.lua:57: unexpected symbol near '%'
error: ...eVs22\TESTLOFFF_ONLINE\bin\server\scriptjx2\lib\file.lua:57: unexpected symbol near '%'
error: ...eVs22\TESTLOFFF_ONLINE\bin\server\scriptjx2\lib\file.lua:57: unexpected symbol near '%'
error: ...eVs22\TESTLOFFF_ONLINE\bin\server\scriptjx2\lib\file.lua:57: unexpected symbol near '%'
error: ...eVs22\TESTLOFFF_ONLINE\bin\server\scriptjx2\lib\file.lua:57: unexpected symbol near '%'
error: ...eVs22\TESTLOFFF_ONLINE\bin\server\scriptjx2\lib\file.lua:57: unexpected symbol near '%'
error: ...eVs22\TESTLOFFF_ONLINE\bin\server\scriptjx2\lib\file.lua:57: unexpected symbol near '%'
error: ...eVs22\TESTLOFFF_ONLINE\bin\server\scriptjx2\lib\file.lua:57: unexpected symbol near '%'
error: ...eVs22\TESTLOFFF_ONLINE\bin\server\scriptjx2\lib\file.lua:57: unexpected symbol near '%'
error: ...eVs22\TESTLOFFF_ONLINE\bin\server\scriptjx2\lib\file.lua:57: unexpected symbol near '%'
error: ...eVs22\TESTLOFFF_ONLINE\bin\server\scriptjx2\lib\file.lua:57: unexpected symbol near '%'
error: ...eVs22\TESTLOFFF_ONLINE\bin\server\scriptjx2\lib\file.lua:57: unexpected symbol near '%'
error: ...eVs22\TESTLOFFF_ONLINE\bin\server\scriptjx2\lib\file.lua:57: unexpected symbol near '%'
error: ...eVs22\TESTLOFFF_ONLINE\bin\server\scriptjx2\lib\file.lua:57: unexpected symbol near '%'
error: ...eVs22\TESTLOFFF_ONLINE\bin\server\scriptjx2\lib\file.lua:57: unexpected symbol near '%'
error: ...eVs22\TESTLOFFF_ONLINE\bin\server\scriptjx2\lib\file.lua:57: unexpected symbol near '%'
error: ...eVs22\TESTLOFFF_ONLINE\bin\server\scriptjx2\lib\file.lua:57: unexpected symbol near '%'
error: ...eVs22\TESTLOFFF_ONLINE\bin\server\scriptjx2\lib\file.lua:57: unexpected symbol near '%'
error: ...eVs22\TESTLOFFF_ONLINE\bin\server\scriptjx2\lib\file.lua:57: unexpected symbol near '%'
error: ...eVs22\TESTLOFFF_ONLINE\bin\server\scriptjx2\lib\file.lua:57: unexpected symbol near '%'
error: ...eVs22\TESTLOFFF_ONLINE\bin\server\scriptjx2\lib\file.lua:57: unexpected symbol near '%'
error: ...eVs22\TESTLOFFF_ONLINE\bin\server\scriptjx2\lib\file.lua:57: unexpected symbol near '%'
error: ...eVs22\TESTLOFFF_ONLINE\bin\server\scriptjx2\lib\file.lua:57: unexpected symbol near '%'
error: ...eVs22\TESTLOFFF_ONLINE\bin\server\scriptjx2\lib\file.lua:57: unexpected symbol near '%'
error: ...eVs22\TESTLOFFF_ONLINE\bin\server\scriptjx2\lib\file.lua:57: unexpected symbol near '%'
error: ...eVs22\TESTLOFFF_ONLINE\bin\server\scriptjx2\lib\file.lua:57: unexpected symbol near '%'
error: ...eVs22\TESTLOFFF_ONLINE\bin\server\scriptjx2\lib\file.lua:57: unexpected symbol near '%'
error: ...eVs22\TESTLOFFF_ONLINE\bin\server\scriptjx2\lib\file.lua:57: unexpected symbol near '%'
error: ...eVs22\TESTLOFFF_ONLINE\bin\server\scriptjx2\lib\file.lua:57: unexpected symbol near '%'
error: ...eVs22\TESTLOFFF_ONLINE\bin\server\scriptjx2\lib\file.lua:57: unexpected symbol near '%'
error: ...eVs22\TESTLOFFF_ONLINE\bin\server\scriptjx2\lib\file.lua:57: unexpected symbol near '%'
error: ...eVs22\TESTLOFFF_ONLINE\bin\server\scriptjx2\lib\file.lua:57: unexpected symbol near '%'
error: ...eVs22\TESTLOFFF_ONLINE\bin\server\scriptjx2\lib\file.lua:57: unexpected symbol near '%'
error: ...eVs22\TESTLOFFF_ONLINE\bin\server\scriptjx2\lib\file.lua:57: unexpected symbol near '%'
error: ...eVs22\TESTLOFFF_ONLINE\bin\server\scriptjx2\lib\file.lua:57: unexpected symbol near '%'
error: ...eVs22\TESTLOFFF_ONLINE\bin\server\scriptjx2\lib\file.lua:57: unexpected symbol near '%'
error: ...eVs22\TESTLOFFF_ONLINE\bin\server\scriptjx2\lib\file.lua:57: unexpected symbol near '%'
error: ...eVs22\TESTLOFFF_ONLINE\bin\server\scriptjx2\lib\file.lua:57: unexpected symbol near '%'
error: ...eVs22\TESTLOFFF_ONLINE\bin\server\scriptjx2\lib\file.lua:57: unexpected symbol near '%'
error: ...eVs22\TESTLOFFF_ONLINE\bin\server\scriptjx2\lib\file.lua:57: unexpected symbol near '%'
error: ...eVs22\TESTLOFFF_ONLINE\bin\server\scriptjx2\lib\file.lua:57: unexpected symbol near '%'
error: ...eVs22\TESTLOFFF_ONLINE\bin\server\scriptjx2\lib\file.lua:57: unexpected symbol near '%'
error: ...eVs22\TESTLOFFF_ONLINE\bin\server\scriptjx2\lib\file.lua:57: unexpected symbol near '%'
error: ...eVs22\TESTLOFFF_ONLINE\bin\server\scriptjx2\lib\file.lua:57: unexpected symbol near '%'
error: ...eVs22\TESTLOFFF_ONLINE\bin\server\scriptjx2\lib\file.lua:57: unexpected symbol near '%'
error: ...eVs22\TESTLOFFF_ONLINE\bin\server\scriptjx2\lib\file.lua:57: unexpected symbol near '%'
error: ...eVs22\TESTLOFFF_ONLINE\bin\server\scriptjx2\lib\file.lua:57: unexpected symbol near '%'
error: ...eVs22\TESTLOFFF_ONLINE\bin\server\scriptjx2\lib\file.lua:57: unexpected symbol near '%'
error: ...eVs22\TESTLOFFF_ONLINE\bin\server\scriptjx2\lib\file.lua:57: unexpected symbol near '%'
error: ...eVs22\TESTLOFFF_ONLINE\bin\server\scriptjx2\lib\file.lua:57: unexpected symbol near '%'
error: ...eVs22\TESTLOFFF_ONLINE\bin\server\scriptjx2\lib\file.lua:57: unexpected symbol near '%'
error: ...eVs22\TESTLOFFF_ONLINE\bin\server\scriptjx2\lib\file.lua:57: unexpected symbol near '%'
error: ...eVs22\TESTLOFFF_ONLINE\bin\server\scriptjx2\lib\file.lua:57: unexpected symbol near '%'
error: ...eVs22\TESTLOFFF_ONLINE\bin\server\scriptjx2\lib\file.lua:57: unexpected symbol near '%'
error: ...eVs22\TESTLOFFF_ONLINE\bin\server\scriptjx2\lib\file.lua:57: unexpected symbol near '%'
error: ...eVs22\TESTLOFFF_ONLINE\bin\server\scriptjx2\lib\file.lua:57: unexpected symbol near '%'
error: ...eVs22\TESTLOFFF_ONLINE\bin\server\scriptjx2\lib\file.lua:57: unexpected symbol near '%'
error: ...eVs22\TESTLOFFF_ONLINE\bin\server\scriptjx2\lib\file.lua:57: unexpected symbol near '%'
error: ...eVs22\TESTLOFFF_ONLINE\bin\server\scriptjx2\lib\file.lua:57: unexpected symbol near '%'
error: ...eVs22\TESTLOFFF_ONLINE\bin\server\scriptjx2\lib\file.lua:57: unexpected symbol near '%'
error: ...eVs22\TESTLOFFF_ONLINE\bin\server\scriptjx2\lib\file.lua:57: unexpected symbol near '%'
error: ...eVs22\TESTLOFFF_ONLINE\bin\server\scriptjx2\lib\file.lua:57: unexpected symbol near '%'
error: ...eVs22\TESTLOFFF_ONLINE\bin\server\scriptjx2\lib\file.lua:57: unexpected symbol near '%'
error: ...eVs22\TESTLOFFF_ONLINE\bin\server\scriptjx2\lib\file.lua:57: unexpected symbol near '%'
error: ...eVs22\TESTLOFFF_ONLINE\bin\server\scriptjx2\lib\file.lua:57: unexpected symbol near '%'
error: ...eVs22\TESTLOFFF_ONLINE\bin\server\scriptjx2\lib\file.lua:57: unexpected symbol near '%'
error: ...eVs22\TESTLOFFF_ONLINE\bin\server\scriptjx2\lib\file.lua:57: unexpected symbol near '%'
error: ...eVs22\TESTLOFFF_ONLINE\bin\server\scriptjx2\lib\file.lua:57: unexpected symbol near '%'
error: ...eVs22\TESTLOFFF_ONLINE\bin\server\scriptjx2\lib\file.lua:57: unexpected symbol near '%'
error: ...eVs22\TESTLOFFF_ONLINE\bin\server\scriptjx2\lib\file.lua:57: unexpected symbol near '%'
error: ...eVs22\TESTLOFFF_ONLINE\bin\server\scriptjx2\lib\file.lua:57: unexpected symbol near '%'
error: ...eVs22\TESTLOFFF_ONLINE\bin\server\scriptjx2\lib\file.lua:57: unexpected symbol near '%'
error: ...eVs22\TESTLOFFF_ONLINE\bin\server\scriptjx2\lib\file.lua:57: unexpected symbol near '%'
error: ...eVs22\TESTLOFFF_ONLINE\bin\server\scriptjx2\lib\file.lua:57: unexpected symbol near '%'
error: ...eVs22\TESTLOFFF_ONLINE\bin\server\scriptjx2\lib\file.lua:57: unexpected symbol near '%'
error: ...eVs22\TESTLOFFF_ONLINE\bin\server\scriptjx2\lib\file.lua:57: unexpected symbol near '%'
error: ...eVs22\TESTLOFFF_ONLINE\bin\server\scriptjx2\lib\file.lua:57: unexpected symbol near '%'
error: ...eVs22\TESTLOFFF_ONLINE\bin\server\scriptjx2\lib\file.lua:57: unexpected symbol near '%'
error: ...eVs22\TESTLOFFF_ONLINE\bin\server\scriptjx2\lib\file.lua:57: unexpected symbol near '%'
error: ...eVs22\TESTLOFFF_ONLINE\bin\server\scriptjx2\lib\file.lua:57: unexpected symbol near '%'
error: ...eVs22\TESTLOFFF_ONLINE\bin\server\scriptjx2\lib\file.lua:57: unexpected symbol near '%'
error: ...eVs22\TESTLOFFF_ONLINE\bin\server\scriptjx2\lib\file.lua:57: unexpected symbol near '%'
error: ...eVs22\TESTLOFFF_ONLINE\bin\server\scriptjx2\lib\file.lua:57: unexpected symbol near '%'
error: ...eVs22\TESTLOFFF_ONLINE\bin\server\scriptjx2\lib\file.lua:57: unexpected symbol near '%'
error: ...eVs22\TESTLOFFF_ONLINE\bin\server\scriptjx2\lib\file.lua:57: unexpected symbol near '%'
error: ...eVs22\TESTLOFFF_ONLINE\bin\server\scriptjx2\lib\file.lua:57: unexpected symbol near '%'
error: ...eVs22\TESTLOFFF_ONLINE\bin\server\scriptjx2\lib\file.lua:57: unexpected symbol near '%'
error: ...eVs22\TESTLOFFF_ONLINE\bin\server\scriptjx2\lib\file.lua:57: unexpected symbol near '%'
error: ...eVs22\TESTLOFFF_ONLINE\bin\server\scriptjx2\lib\file.lua:57: unexpected symbol near '%'
error: ...eVs22\TESTLOFFF_ONLINE\bin\server\scriptjx2\lib\file.lua:57: unexpected symbol near '%'
error: ...eVs22\TESTLOFFF_ONLINE\bin\server\scriptjx2\lib\file.lua:57: unexpected symbol near '%'
error: ...eVs22\TESTLOFFF_ONLINE\bin\server\scriptjx2\lib\file.lua:57: unexpected symbol near '%'
error: ...eVs22\TESTLOFFF_ONLINE\bin\server\scriptjx2\lib\file.lua:57: unexpected symbol near '%'
error: ...eVs22\TESTLOFFF_ONLINE\bin\server\scriptjx2\lib\file.lua:57: unexpected symbol near '%'
error: ...eVs22\TESTLOFFF_ONLINE\bin\server\scriptjx2\lib\file.lua:57: unexpected symbol near '%'
error: ...eVs22\TESTLOFFF_ONLINE\bin\server\scriptjx2\lib\file.lua:57: unexpected symbol near '%'
error: ...eVs22\TESTLOFFF_ONLINE\bin\server\scriptjx2\lib\file.lua:57: unexpected symbol near '%'
error: ...eVs22\TESTLOFFF_ONLINE\bin\server\scriptjx2\lib\file.lua:57: unexpected symbol near '%'
error: ...eVs22\TESTLOFFF_ONLINE\bin\server\scriptjx2\lib\file.lua:57: unexpected symbol near '%'
error: ...eVs22\TESTLOFFF_ONLINE\bin\server\scriptjx2\lib\file.lua:57: unexpected symbol near '%'
error: ...eVs22\TESTLOFFF_ONLINE\bin\server\scriptjx2\lib\file.lua:57: unexpected symbol near '%'
error: ...eVs22\TESTLOFFF_ONLINE\bin\server\scriptjx2\lib\file.lua:57: unexpected symbol near '%'
error: ...eVs22\TESTLOFFF_ONLINE\bin\server\scriptjx2\lib\file.lua:57: unexpected symbol near '%'
error: ...eVs22\TESTLOFFF_ONLINE\bin\server\scriptjx2\lib\file.lua:57: unexpected symbol near '%'
error: ...eVs22\TESTLOFFF_ONLINE\bin\server\scriptjx2\lib\file.lua:57: unexpected symbol near '%'
error: ...eVs22\TESTLOFFF_ONLINE\bin\server\scriptjx2\lib\file.lua:57: unexpected symbol near '%'
error: ...eVs22\TESTLOFFF_ONLINE\bin\server\scriptjx2\lib\file.lua:57: unexpected symbol near '%'
error: ...eVs22\TESTLOFFF_ONLINE\bin\server\scriptjx2\lib\file.lua:57: unexpected symbol near '%'
error: ...eVs22\TESTLOFFF_ONLINE\bin\server\scriptjx2\lib\file.lua:57: unexpected symbol near '%'
error: ...eVs22\TESTLOFFF_ONLINE\bin\server\scriptjx2\lib\file.lua:57: unexpected symbol near '%'
error: ...eVs22\TESTLOFFF_ONLINE\bin\server\scriptjx2\lib\file.lua:57: unexpected symbol near '%'
error: ...eVs22\TESTLOFFF_ONLINE\bin\server\scriptjx2\lib\file.lua:57: unexpected symbol near '%'
error: ...eVs22\TESTLOFFF_ONLINE\bin\server\scriptjx2\lib\file.lua:57: unexpected symbol near '%'
error: ...eVs22\TESTLOFFF_ONLINE\bin\server\scriptjx2\lib\file.lua:57: unexpected symbol near '%'
error: ...eVs22\TESTLOFFF_ONLINE\bin\server\scriptjx2\lib\file.lua:57: unexpected symbol near '%'
error: ...eVs22\TESTLOFFF_ONLINE\bin\server\scriptjx2\lib\file.lua:57: unexpected symbol near '%'
error: ...eVs22\TESTLOFFF_ONLINE\bin\server\scriptjx2\lib\file.lua:57: unexpected symbol near '%'
error: ...eVs22\TESTLOFFF_ONLINE\bin\server\scriptjx2\lib\file.lua:57: unexpected symbol near '%'
error: ...eVs22\TESTLOFFF_ONLINE\bin\server\scriptjx2\lib\file.lua:57: unexpected symbol near '%'
error: ...eVs22\TESTLOFFF_ONLINE\bin\server\scriptjx2\lib\file.lua:57: unexpected symbol near '%'
error: ...eVs22\TESTLOFFF_ONLINE\bin\server\scriptjx2\lib\file.lua:57: unexpected symbol near '%'
error: ...eVs22\TESTLOFFF_ONLINE\bin\server\scriptjx2\lib\file.lua:57: unexpected symbol near '%'
error: ...eVs22\TESTLOFFF_ONLINE\bin\server\scriptjx2\lib\file.lua:57: unexpected symbol near '%'
error: ...eVs22\TESTLOFFF_ONLINE\bin\server\scriptjx2\lib\file.lua:57: unexpected symbol near '%'
error: ...eVs22\TESTLOFFF_ONLINE\bin\server\scriptjx2\lib\file.lua:57: unexpected symbol near '%'
error: ...eVs22\TESTLOFFF_ONLINE\bin\server\scriptjx2\lib\file.lua:57: unexpected symbol near '%'
error: ...eVs22\TESTLOFFF_ONLINE\bin\server\scriptjx2\lib\file.lua:57: unexpected symbol near '%'
error: ...eVs22\TESTLOFFF_ONLINE\bin\server\scriptjx2\lib\file.lua:57: unexpected symbol near '%'
error: ...eVs22\TESTLOFFF_ONLINE\bin\server\scriptjx2\lib\file.lua:57: unexpected symbol near '%'
error: ...eVs22\TESTLOFFF_ONLINE\bin\server\scriptjx2\lib\file.lua:57: unexpected symbol near '%'
error: ...eVs22\TESTLOFFF_ONLINE\bin\server\scriptjx2\lib\file.lua:57: unexpected symbol near '%'
error: ...eVs22\TESTLOFFF_ONLINE\bin\server\scriptjx2\lib\file.lua:57: unexpected symbol near '%'
error: ...eVs22\TESTLOFFF_ONLINE\bin\server\scriptjx2\lib\file.lua:57: unexpected symbol near '%'
error: ...eVs22\TESTLOFFF_ONLINE\bin\server\scriptjx2\lib\file.lua:57: unexpected symbol near '%'
error: ...eVs22\TESTLOFFF_ONLINE\bin\server\scriptjx2\lib\file.lua:57: unexpected symbol near '%'
error: ...eVs22\TESTLOFFF_ONLINE\bin\server\scriptjx2\lib\file.lua:57: unexpected symbol near '%'
error: ...eVs22\TESTLOFFF_ONLINE\bin\server\scriptjx2\lib\file.lua:57: unexpected symbol near '%'
error: ...eVs22\TESTLOFFF_ONLINE\bin\server\scriptjx2\lib\file.lua:57: unexpected symbol near '%'
error: ...eVs22\TESTLOFFF_ONLINE\bin\server\scriptjx2\lib\file.lua:57: unexpected symbol near '%'
error: ...eVs22\TESTLOFFF_ONLINE\bin\server\scriptjx2\lib\file.lua:57: unexpected symbol near '%'
error: ...eVs22\TESTLOFFF_ONLINE\bin\server\scriptjx2\lib\file.lua:57: unexpected symbol near '%'
error: ...eVs22\TESTLOFFF_ONLINE\bin\server\scriptjx2\lib\file.lua:57: unexpected symbol near '%'
error: ...eVs22\TESTLOFFF_ONLINE\bin\server\scriptjx2\lib\file.lua:57: unexpected symbol near '%'
error: ...eVs22\TESTLOFFF_ONLINE\bin\server\scriptjx2\lib\file.lua:57: unexpected symbol near '%'
error: ...eVs22\TESTLOFFF_ONLINE\bin\server\scriptjx2\lib\file.lua:57: unexpected symbol near '%'
error: ...eVs22\TESTLOFFF_ONLINE\bin\server\scriptjx2\lib\file.lua:57: unexpected symbol near '%'
error: ...eVs22\TESTLOFFF_ONLINE\bin\server\scriptjx2\lib\file.lua:57: unexpected symbol near '%'
error: ...eVs22\TESTLOFFF_ONLINE\bin\server\scriptjx2\lib\file.lua:57: unexpected symbol near '%'
error: ...eVs22\TESTLOFFF_ONLINE\bin\server\scriptjx2\lib\file.lua:57: unexpected symbol near '%'
error: ...eVs22\TESTLOFFF_ONLINE\bin\server\scriptjx2\lib\file.lua:57: unexpected symbol near '%'
error: ...eVs22\TESTLOFFF_ONLINE\bin\server\scriptjx2\lib\file.lua:57: unexpected symbol near '%'
error: ...eVs22\TESTLOFFF_ONLINE\bin\server\scriptjx2\lib\file.lua:57: unexpected symbol near '%'
error: ...eVs22\TESTLOFFF_ONLINE\bin\server\scriptjx2\lib\file.lua:57: unexpected symbol near '%'
error: ...eVs22\TESTLOFFF_ONLINE\bin\server\scriptjx2\lib\file.lua:57: unexpected symbol near '%'
error: ...eVs22\TESTLOFFF_ONLINE\bin\server\scriptjx2\lib\file.lua:57: unexpected symbol near '%'
error: ...eVs22\TESTLOFFF_ONLINE\bin\server\scriptjx2\lib\file.lua:57: unexpected symbol near '%'
error: ...eVs22\TESTLOFFF_ONLINE\bin\server\scriptjx2\lib\file.lua:57: unexpected symbol near '%'
error: ...eVs22\TESTLOFFF_ONLINE\bin\server\scriptjx2\lib\file.lua:57: unexpected symbol near '%'
error: ...eVs22\TESTLOFFF_ONLINE\bin\server\scriptjx2\lib\file.lua:57: unexpected symbol near '%'
error: ...eVs22\TESTLOFFF_ONLINE\bin\server\scriptjx2\lib\file.lua:57: unexpected symbol near '%'
error: ...eVs22\TESTLOFFF_ONLINE\bin\server\scriptjx2\lib\file.lua:57: unexpected symbol near '%'
error: ...eVs22\TESTLOFFF_ONLINE\bin\server\scriptjx2\lib\file.lua:57: unexpected symbol near '%'
error: ...eVs22\TESTLOFFF_ONLINE\bin\server\scriptjx2\lib\file.lua:57: unexpected symbol near '%'
error: ...eVs22\TESTLOFFF_ONLINE\bin\server\scriptjx2\lib\file.lua:57: unexpected symbol near '%'
error: ...eVs22\TESTLOFFF_ONLINE\bin\server\scriptjx2\lib\file.lua:57: unexpected symbol near '%'
error: ...eVs22\TESTLOFFF_ONLINE\bin\server\scriptjx2\lib\file.lua:57: unexpected symbol near '%'
error: ...eVs22\TESTLOFFF_ONLINE\bin\server\scriptjx2\lib\file.lua:57: unexpected symbol near '%'
error: ...eVs22\TESTLOFFF_ONLINE\bin\server\scriptjx2\lib\file.lua:57: unexpected symbol near '%'
error: ...eVs22\TESTLOFFF_ONLINE\bin\server\scriptjx2\lib\file.lua:57: unexpected symbol near '%'
error: ...eVs22\TESTLOFFF_ONLINE\bin\server\scriptjx2\lib\file.lua:57: unexpected symbol near '%'
error: ...eVs22\TESTLOFFF_ONLINE\bin\server\scriptjx2\lib\file.lua:57: unexpected symbol near '%'
error: ...eVs22\TESTLOFFF_ONLINE\bin\server\scriptjx2\lib\file.lua:57: unexpected symbol near '%'
error: ...eVs22\TESTLOFFF_ONLINE\bin\server\scriptjx2\lib\file.lua:57: unexpected symbol near '%'
error: ...eVs22\TESTLOFFF_ONLINE\bin\server\scriptjx2\lib\file.lua:57: unexpected symbol near '%'
error: ...eVs22\TESTLOFFF_ONLINE\bin\server\scriptjx2\lib\file.lua:57: unexpected symbol near '%'
error: ...eVs22\TESTLOFFF_ONLINE\bin\server\scriptjx2\lib\file.lua:57: unexpected symbol near '%'
error: ...eVs22\TESTLOFFF_ONLINE\bin\server\scriptjx2\lib\file.lua:57: unexpected symbol near '%'
error: ...eVs22\TESTLOFFF_ONLINE\bin\server\scriptjx2\lib\file.lua:57: unexpected symbol near '%'
error: ...eVs22\TESTLOFFF_ONLINE\bin\server\scriptjx2\lib\file.lua:57: unexpected symbol near '%'
error: ...eVs22\TESTLOFFF_ONLINE\bin\server\scriptjx2\lib\file.lua:57: unexpected symbol near '%'
error: ...eVs22\TESTLOFFF_ONLINE\bin\server\scriptjx2\lib\file.lua:57: unexpected symbol near '%'
error: ...eVs22\TESTLOFFF_ONLINE\bin\server\scriptjx2\lib\file.lua:57: unexpected symbol near '%'
error: ...eVs22\TESTLOFFF_ONLINE\bin\server\scriptjx2\lib\file.lua:57: unexpected symbol near '%'
error: ...eVs22\TESTLOFFF_ONLINE\bin\server\scriptjx2\lib\file.lua:57: unexpected symbol near '%'
error: ...eVs22\TESTLOFFF_ONLINE\bin\server\scriptjx2\lib\file.lua:57: unexpected symbol near '%'
error: ...eVs22\TESTLOFFF_ONLINE\bin\server\scriptjx2\lib\file.lua:57: unexpected symbol near '%'
error: ...eVs22\TESTLOFFF_ONLINE\bin\server\scriptjx2\lib\file.lua:57: unexpected symbol near '%'
error: ...eVs22\TESTLOFFF_ONLINE\bin\server\scriptjx2\lib\file.lua:57: unexpected symbol near '%'
error: ...eVs22\TESTLOFFF_ONLINE\bin\server\scriptjx2\lib\file.lua:57: unexpected symbol near '%'
error: ...eVs22\TESTLOFFF_ONLINE\bin\server\scriptjx2\lib\file.lua:57: unexpected symbol near '%'
error: ...eVs22\TESTLOFFF_ONLINE\bin\server\scriptjx2\lib\file.lua:57: unexpected symbol near '%'
error: ...eVs22\TESTLOFFF_ONLINE\bin\server\scriptjx2\lib\file.lua:57: unexpected symbol near '%'
error: ...eVs22\TESTLOFFF_ONLINE\bin\server\scriptjx2\lib\file.lua:57: unexpected symbol near '%'
error: ...eVs22\TESTLOFFF_ONLINE\bin\server\scriptjx2\lib\file.lua:57: unexpected symbol near '%'
error: ...eVs22\TESTLOFFF_ONLINE\bin\server\scriptjx2\lib\file.lua:57: unexpected symbol near '%'
error: ...eVs22\TESTLOFFF_ONLINE\bin\server\scriptjx2\lib\file.lua:57: unexpected symbol near '%'
error: ...eVs22\TESTLOFFF_ONLINE\bin\server\scriptjx2\lib\file.lua:57: unexpected symbol near '%'
error: ...eVs22\TESTLOFFF_ONLINE\bin\server\scriptjx2\lib\file.lua:57: unexpected symbol near '%'
error: ...eVs22\TESTLOFFF_ONLINE\bin\server\scriptjx2\lib\file.lua:57: unexpected symbol near '%'
error: ...eVs22\TESTLOFFF_ONLINE\bin\server\scriptjx2\lib\file.lua:57: unexpected symbol near '%'
error: ...eVs22\TESTLOFFF_ONLINE\bin\server\scriptjx2\lib\file.lua:57: unexpected symbol near '%'
error: ...eVs22\TESTLOFFF_ONLINE\bin\server\scriptjx2\lib\file.lua:57: unexpected symbol near '%'
error: ...eVs22\TESTLOFFF_ONLINE\bin\server\scriptjx2\lib\file.lua:57: unexpected symbol near '%'
error: ...eVs22\TESTLOFFF_ONLINE\bin\server\scriptjx2\lib\file.lua:57: unexpected symbol near '%'
error: ...eVs22\TESTLOFFF_ONLINE\bin\server\scriptjx2\lib\file.lua:57: unexpected symbol near '%'
error: ...eVs22\TESTLOFFF_ONLINE\bin\server\scriptjx2\lib\file.lua:57: unexpected symbol near '%'
error: ...eVs22\TESTLOFFF_ONLINE\bin\server\scriptjx2\lib\file.lua:57: unexpected symbol near '%'
error: ...eVs22\TESTLOFFF_ONLINE\bin\server\scriptjx2\lib\file.lua:57: unexpected symbol near '%'
error: ...eVs22\TESTLOFFF_ONLINE\bin\server\scriptjx2\lib\file.lua:57: unexpected symbol near '%'
error: ...eVs22\TESTLOFFF_ONLINE\bin\server\scriptjx2\lib\file.lua:57: unexpected symbol near '%'
error: ...eVs22\TESTLOFFF_ONLINE\bin\server\scriptjx2\lib\file.lua:57: unexpected symbol near '%'
error: ...eVs22\TESTLOFFF_ONLINE\bin\server\scriptjx2\lib\file.lua:57: unexpected symbol near '%'
error: ...eVs22\TESTLOFFF_ONLINE\bin\server\scriptjx2\lib\file.lua:57: unexpected symbol near '%'
error: ...eVs22\TESTLOFFF_ONLINE\bin\server\scriptjx2\lib\file.lua:57: unexpected symbol near '%'
error: ...eVs22\TESTLOFFF_ONLINE\bin\server\scriptjx2\lib\file.lua:57: unexpected symbol near '%'
error: ...eVs22\TESTLOFFF_ONLINE\bin\server\scriptjx2\lib\file.lua:57: unexpected symbol near '%'
error: ...eVs22\TESTLOFFF_ONLINE\bin\server\scriptjx2\lib\file.lua:57: unexpected symbol near '%'
error: ...eVs22\TESTLOFFF_ONLINE\bin\server\scriptjx2\lib\file.lua:57: unexpected symbol near '%'
error: ...eVs22\TESTLOFFF_ONLINE\bin\server\scriptjx2\lib\file.lua:57: unexpected symbol near '%'
error: ...eVs22\TESTLOFFF_ONLINE\bin\server\scriptjx2\lib\file.lua:57: unexpected symbol near '%'
error: ...eVs22\TESTLOFFF_ONLINE\bin\server\scriptjx2\lib\file.lua:57: unexpected symbol near '%'
error: ...eVs22\TESTLOFFF_ONLINE\bin\server\scriptjx2\lib\file.lua:57: unexpected symbol near '%'
error: ...eVs22\TESTLOFFF_ONLINE\bin\server\scriptjx2\lib\file.lua:57: unexpected symbol near '%'
error: ...eVs22\TESTLOFFF_ONLINE\bin\server\scriptjx2\lib\file.lua:57: unexpected symbol near '%'
error: ...eVs22\TESTLOFFF_ONLINE\bin\server\scriptjx2\lib\file.lua:57: unexpected symbol near '%'
error: ...eVs22\TESTLOFFF_ONLINE\bin\server\scriptjx2\lib\file.lua:57: unexpected symbol near '%'
error: ...eVs22\TESTLOFFF_ONLINE\bin\server\scriptjx2\lib\file.lua:57: unexpected symbol near '%'
error: ...eVs22\TESTLOFFF_ONLINE\bin\server\scriptjx2\lib\file.lua:57: unexpected symbol near '%'
error: ...eVs22\TESTLOFFF_ONLINE\bin\server\scriptjx2\lib\file.lua:57: unexpected symbol near '%'
error: ...eVs22\TESTLOFFF_ONLINE\bin\server\scriptjx2\lib\file.lua:57: unexpected symbol near '%'
error: ...eVs22\TESTLOFFF_ONLINE\bin\server\scriptjx2\lib\file.lua:57: unexpected symbol near '%'
error: ...eVs22\TESTLOFFF_ONLINE\bin\server\scriptjx2\lib\file.lua:57: unexpected symbol near '%'
error: ...eVs22\TESTLOFFF_ONLINE\bin\server\scriptjx2\lib\file.lua:57: unexpected symbol near '%'
error: ...eVs22\TESTLOFFF_ONLINE\bin\server\scriptjx2\lib\file.lua:57: unexpected symbol near '%'
error: ...eVs22\TESTLOFFF_ONLINE\bin\server\scriptjx2\lib\file.lua:57: unexpected symbol near '%'
error: ...eVs22\TESTLOFFF_ONLINE\bin\server\scriptjx2\lib\file.lua:57: unexpected symbol near '%'
error: ...eVs22\TESTLOFFF_ONLINE\bin\server\scriptjx2\lib\file.lua:57: unexpected symbol near '%'
error: ...eVs22\TESTLOFFF_ONLINE\bin\server\scriptjx2\lib\file.lua:57: unexpected symbol near '%'
error: ...eVs22\TESTLOFFF_ONLINE\bin\server\scriptjx2\lib\file.lua:57: unexpected symbol near '%'
error: ...eVs22\TESTLOFFF_ONLINE\bin\server\scriptjx2\lib\file.lua:57: unexpected symbol near '%'
error: ...eVs22\TESTLOFFF_ONLINE\bin\server\scriptjx2\lib\file.lua:57: unexpected symbol near '%'
error: ...eVs22\TESTLOFFF_ONLINE\bin\server\scriptjx2\lib\file.lua:57: unexpected symbol near '%'
error: ...eVs22\TESTLOFFF_ONLINE\bin\server\scriptjx2\lib\file.lua:57: unexpected symbol near '%'
error: ...eVs22\TESTLOFFF_ONLINE\bin\server\scriptjx2\lib\file.lua:57: unexpected symbol near '%'
error: ...eVs22\TESTLOFFF_ONLINE\bin\server\scriptjx2\lib\file.lua:57: unexpected symbol near '%'
error: ...eVs22\TESTLOFFF_ONLINE\bin\server\scriptjx2\lib\file.lua:57: unexpected symbol near '%'
error: ...eVs22\TESTLOFFF_ONLINE\bin\server\scriptjx2\lib\file.lua:57: unexpected symbol near '%'
error: ...eVs22\TESTLOFFF_ONLINE\bin\server\scriptjx2\lib\file.lua:57: unexpected symbol near '%'
error: ...eVs22\TESTLOFFF_ONLINE\bin\server\scriptjx2\lib\file.lua:57: unexpected symbol near '%'
error: ...eVs22\TESTLOFFF_ONLINE\bin\server\scriptjx2\lib\file.lua:57: unexpected symbol near '%'
error: ...eVs22\TESTLOFFF_ONLINE\bin\server\scriptjx2\lib\file.lua:57: unexpected symbol near '%'
error: ...eVs22\TESTLOFFF_ONLINE\bin\server\scriptjx2\lib\file.lua:57: unexpected symbol near '%'
error: ...eVs22\TESTLOFFF_ONLINE\bin\server\scriptjx2\lib\file.lua:57: unexpected symbol near '%'
error: ...eVs22\TESTLOFFF_ONLINE\bin\server\scriptjx2\lib\file.lua:57: unexpected symbol near '%'
error: ...eVs22\TESTLOFFF_ONLINE\bin\server\scriptjx2\lib\file.lua:57: unexpected symbol near '%'
error: ...eVs22\TESTLOFFF_ONLINE\bin\server\scriptjx2\lib\file.lua:57: unexpected symbol near '%'
error: ...eVs22\TESTLOFFF_ONLINE\bin\server\scriptjx2\lib\file.lua:57: unexpected symbol near '%'
error: ...eVs22\TESTLOFFF_ONLINE\bin\server\scriptjx2\lib\file.lua:57: unexpected symbol near '%'
error: ...eVs22\TESTLOFFF_ONLINE\bin\server\scriptjx2\lib\file.lua:57: unexpected symbol near '%'
error: ...eVs22\TESTLOFFF_ONLINE\bin\server\scriptjx2\lib\file.lua:57: unexpected symbol near '%'
error: ...eVs22\TESTLOFFF_ONLINE\bin\server\scriptjx2\lib\file.lua:57: unexpected symbol near '%'
error: ...eVs22\TESTLOFFF_ONLINE\bin\server\scriptjx2\lib\file.lua:57: unexpected symbol near '%'
error: ...eVs22\TESTLOFFF_ONLINE\bin\server\scriptjx2\lib\file.lua:57: unexpected symbol near '%'
error: ...eVs22\TESTLOFFF_ONLINE\bin\server\scriptjx2\lib\file.lua:57: unexpected symbol near '%'
error: ...eVs22\TESTLOFFF_ONLINE\bin\server\scriptjx2\lib\file.lua:57: unexpected symbol near '%'
error: ...eVs22\TESTLOFFF_ONLINE\bin\server\scriptjx2\lib\file.lua:57: unexpected symbol near '%'
error: ...eVs22\TESTLOFFF_ONLINE\bin\server\scriptjx2\lib\file.lua:57: unexpected symbol near '%'
error: ...eVs22\TESTLOFFF_ONLINE\bin\server\scriptjx2\lib\file.lua:57: unexpected symbol near '%'
error: ...eVs22\TESTLOFFF_ONLINE\bin\server\scriptjx2\lib\file.lua:57: unexpected symbol near '%'
error: ...eVs22\TESTLOFFF_ONLINE\bin\server\scriptjx2\lib\file.lua:57: unexpected symbol near '%'
error: ...eVs22\TESTLOFFF_ONLINE\bin\server\scriptjx2\lib\file.lua:57: unexpected symbol near '%'
error: ...eVs22\TESTLOFFF_ONLINE\bin\server\scriptjx2\lib\file.lua:57: unexpected symbol near '%'
error: ...eVs22\TESTLOFFF_ONLINE\bin\server\scriptjx2\lib\file.lua:57: unexpected symbol near '%'
error: ...eVs22\TESTLOFFF_ONLINE\bin\server\scriptjx2\lib\file.lua:57: unexpected symbol near '%'
error: ...eVs22\TESTLOFFF_ONLINE\bin\server\scriptjx2\lib\file.lua:57: unexpected symbol near '%'
error: ...eVs22\TESTLOFFF_ONLINE\bin\server\scriptjx2\lib\file.lua:57: unexpected symbol near '%'
error: ...eVs22\TESTLOFFF_ONLINE\bin\server\scriptjx2\lib\file.lua:57: unexpected symbol near '%'
error: ...eVs22\TESTLOFFF_ONLINE\bin\server\scriptjx2\lib\file.lua:57: unexpected symbol near '%'
error: ...eVs22\TESTLOFFF_ONLINE\bin\server\scriptjx2\lib\file.lua:57: unexpected symbol near '%'
error: ...eVs22\TESTLOFFF_ONLINE\bin\server\scriptjx2\lib\file.lua:57: unexpected symbol near '%'
error: ...eVs22\TESTLOFFF_ONLINE\bin\server\scriptjx2\lib\file.lua:57: unexpected symbol near '%'
error: ...eVs22\TESTLOFFF_ONLINE\bin\server\scriptjx2\lib\file.lua:57: unexpected symbol near '%'
error: ...eVs22\TESTLOFFF_ONLINE\bin\server\scriptjx2\lib\file.lua:57: unexpected symbol near '%'
error: ...eVs22\TESTLOFFF_ONLINE\bin\server\scriptjx2\lib\file.lua:57: unexpected symbol near '%'
error: ...eVs22\TESTLOFFF_ONLINE\bin\server\scriptjx2\lib\file.lua:57: unexpected symbol near '%'
error: ...eVs22\TESTLOFFF_ONLINE\bin\server\scriptjx2\lib\file.lua:57: unexpected symbol near '%'
error: ...eVs22\TESTLOFFF_ONLINE\bin\server\scriptjx2\lib\file.lua:57: unexpected symbol near '%'
error: ...eVs22\TESTLOFFF_ONLINE\bin\server\scriptjx2\lib\file.lua:57: unexpected symbol near '%'
error: ...eVs22\TESTLOFFF_ONLINE\bin\server\scriptjx2\lib\file.lua:57: unexpected symbol near '%'
error: ...eVs22\TESTLOFFF_ONLINE\bin\server\scriptjx2\lib\file.lua:57: unexpected symbol near '%'
error: ...eVs22\TESTLOFFF_ONLINE\bin\server\scriptjx2\lib\file.lua:57: unexpected symbol near '%'
error: ...eVs22\TESTLOFFF_ONLINE\bin\server\scriptjx2\lib\file.lua:57: unexpected symbol near '%'
error: ...eVs22\TESTLOFFF_ONLINE\bin\server\scriptjx2\lib\file.lua:57: unexpected symbol near '%'
error: ...eVs22\TESTLOFFF_ONLINE\bin\server\scriptjx2\lib\file.lua:57: unexpected symbol near '%'
error: ...eVs22\TESTLOFFF_ONLINE\bin\server\scriptjx2\lib\file.lua:57: unexpected symbol near '%'
error: ...eVs22\TESTLOFFF_ONLINE\bin\server\scriptjx2\lib\file.lua:57: unexpected symbol near '%'
error: ...eVs22\TESTLOFFF_ONLINE\bin\server\scriptjx2\lib\file.lua:57: unexpected symbol near '%'
error: ...eVs22\TESTLOFFF_ONLINE\bin\server\scriptjx2\lib\file.lua:57: unexpected symbol near '%'
error: ...eVs22\TESTLOFFF_ONLINE\bin\server\scriptjx2\lib\file.lua:57: unexpected symbol near '%'
error: ...eVs22\TESTLOFFF_ONLINE\bin\server\scriptjx2\lib\file.lua:57: unexpected symbol near '%'
error: ...eVs22\TESTLOFFF_ONLINE\bin\server\scriptjx2\lib\file.lua:57: unexpected symbol near '%'
error: ...eVs22\TESTLOFFF_ONLINE\bin\server\scriptjx2\lib\file.lua:57: unexpected symbol near '%'
error: ...eVs22\TESTLOFFF_ONLINE\bin\server\scriptjx2\lib\file.lua:57: unexpected symbol near '%'
error: ...eVs22\TESTLOFFF_ONLINE\bin\server\scriptjx2\lib\file.lua:57: unexpected symbol near '%'
error: ...eVs22\TESTLOFFF_ONLINE\bin\server\scriptjx2\lib\file.lua:57: unexpected symbol near '%'
error: ...eVs22\TESTLOFFF_ONLINE\bin\server\scriptjx2\lib\file.lua:57: unexpected symbol near '%'
error: ...eVs22\TESTLOFFF_ONLINE\bin\server\scriptjx2\lib\file.lua:57: unexpected symbol near '%'
error: ...eVs22\TESTLOFFF_ONLINE\bin\server\scriptjx2\lib\file.lua:57: unexpected symbol near '%'
error: ...eVs22\TESTLOFFF_ONLINE\bin\server\scriptjx2\lib\file.lua:57: unexpected symbol near '%'
error: ...eVs22\TESTLOFFF_ONLINE\bin\server\scriptjx2\lib\file.lua:57: unexpected symbol near '%'
error: ...eVs22\TESTLOFFF_ONLINE\bin\server\scriptjx2\lib\file.lua:57: unexpected symbol near '%'
error: ...eVs22\TESTLOFFF_ONLINE\bin\server\scriptjx2\lib\file.lua:57: unexpected symbol near '%'
error: ...eVs22\TESTLOFFF_ONLINE\bin\server\scriptjx2\lib\file.lua:57: unexpected symbol near '%'
error: ...eVs22\TESTLOFFF_ONLINE\bin\server\scriptjx2\lib\file.lua:57: unexpected symbol near '%'
error: ...eVs22\TESTLOFFF_ONLINE\bin\server\scriptjx2\lib\file.lua:57: unexpected symbol near '%'
error: ...eVs22\TESTLOFFF_ONLINE\bin\server\scriptjx2\lib\file.lua:57: unexpected symbol near '%'
error: ...eVs22\TESTLOFFF_ONLINE\bin\server\scriptjx2\lib\file.lua:57: unexpected symbol near '%'
error: ...eVs22\TESTLOFFF_ONLINE\bin\server\scriptjx2\lib\file.lua:57: unexpected symbol near '%'
error: ...eVs22\TESTLOFFF_ONLINE\bin\server\scriptjx2\lib\file.lua:57: unexpected symbol near '%'
error: ...eVs22\TESTLOFFF_ONLINE\bin\server\scriptjx2\lib\file.lua:57: unexpected symbol near '%'
error: ...eVs22\TESTLOFFF_ONLINE\bin\server\scriptjx2\lib\file.lua:57: unexpected symbol near '%'
error: ...eVs22\TESTLOFFF_ONLINE\bin\server\scriptjx2\lib\file.lua:57: unexpected symbol near '%'
error: ...eVs22\TESTLOFFF_ONLINE\bin\server\scriptjx2\lib\file.lua:57: unexpected symbol near '%'
error: ...eVs22\TESTLOFFF_ONLINE\bin\server\scriptjx2\lib\file.lua:57: unexpected symbol near '%'
error: ...eVs22\TESTLOFFF_ONLINE\bin\server\scriptjx2\lib\file.lua:57: unexpected symbol near '%'
error: ...eVs22\TESTLOFFF_ONLINE\bin\server\scriptjx2\lib\file.lua:57: unexpected symbol near '%'
error: ...eVs22\TESTLOFFF_ONLINE\bin\server\scriptjx2\lib\file.lua:57: unexpected symbol near '%'
error: ...eVs22\TESTLOFFF_ONLINE\bin\server\scriptjx2\lib\file.lua:57: unexpected symbol near '%'
error: ...eVs22\TESTLOFFF_ONLINE\bin\server\scriptjx2\lib\file.lua:57: unexpected symbol near '%'
error: ...eVs22\TESTLOFFF_ONLINE\bin\server\scriptjx2\lib\file.lua:57: unexpected symbol near '%'
error: ...eVs22\TESTLOFFF_ONLINE\bin\server\scriptjx2\lib\file.lua:57: unexpected symbol near '%'
error: ...eVs22\TESTLOFFF_ONLINE\bin\server\scriptjx2\lib\file.lua:57: unexpected symbol near '%'
error: ...eVs22\TESTLOFFF_ONLINE\bin\server\scriptjx2\lib\file.lua:57: unexpected symbol near '%'
error: ...eVs22\TESTLOFFF_ONLINE\bin\server\scriptjx2\lib\file.lua:57: unexpected symbol near '%'
error: ...eVs22\TESTLOFFF_ONLINE\bin\server\scriptjx2\lib\file.lua:57: unexpected symbol near '%'
error: ...eVs22\TESTLOFFF_ONLINE\bin\server\scriptjx2\lib\file.lua:57: unexpected symbol near '%'
error: ...eVs22\TESTLOFFF_ONLINE\bin\server\scriptjx2\lib\file.lua:57: unexpected symbol near '%'
error: ...eVs22\TESTLOFFF_ONLINE\bin\server\scriptjx2\lib\file.lua:57: unexpected symbol near '%'
error: ...eVs22\TESTLOFFF_ONLINE\bin\server\scriptjx2\lib\file.lua:57: unexpected symbol near '%'
error: ...eVs22\TESTLOFFF_ONLINE\bin\server\scriptjx2\lib\file.lua:57: unexpected symbol near '%'
error: ...eVs22\TESTLOFFF_ONLINE\bin\server\scriptjx2\lib\file.lua:57: unexpected symbol near '%'
error: ...eVs22\TESTLOFFF_ONLINE\bin\server\scriptjx2\lib\file.lua:57: unexpected symbol near '%'
error: ...eVs22\TESTLOFFF_ONLINE\bin\server\scriptjx2\lib\file.lua:57: unexpected symbol near '%'
error: ...eVs22\TESTLOFFF_ONLINE\bin\server\scriptjx2\lib\file.lua:57: unexpected symbol near '%'
error: ...eVs22\TESTLOFFF_ONLINE\bin\server\scriptjx2\lib\file.lua:57: unexpected symbol near '%'
error: ...eVs22\TESTLOFFF_ONLINE\bin\server\scriptjx2\lib\file.lua:57: unexpected symbol near '%'
error: ...eVs22\TESTLOFFF_ONLINE\bin\server\scriptjx2\lib\file.lua:57: unexpected symbol near '%'
error: ...eVs22\TESTLOFFF_ONLINE\bin\server\scriptjx2\lib\file.lua:57: unexpected symbol near '%'
error: ...eVs22\TESTLOFFF_ONLINE\bin\server\scriptjx2\lib\file.lua:57: unexpected symbol near '%'
error: ...eVs22\TESTLOFFF_ONLINE\bin\server\scriptjx2\lib\file.lua:57: unexpected symbol near '%'
error: ...eVs22\TESTLOFFF_ONLINE\bin\server\scriptjx2\lib\file.lua:57: unexpected symbol near '%'
error: ...eVs22\TESTLOFFF_ONLINE\bin\server\scriptjx2\lib\file.lua:57: unexpected symbol near '%'
error: ...eVs22\TESTLOFFF_ONLINE\bin\server\scriptjx2\lib\file.lua:57: unexpected symbol near '%'
error: ...eVs22\TESTLOFFF_ONLINE\bin\server\scriptjx2\lib\file.lua:57: unexpected symbol near '%'
error: ...eVs22\TESTLOFFF_ONLINE\bin\server\scriptjx2\lib\file.lua:57: unexpected symbol near '%'
error: ...eVs22\TESTLOFFF_ONLINE\bin\server\scriptjx2\lib\file.lua:57: unexpected symbol near '%'
error: ...eVs22\TESTLOFFF_ONLINE\bin\server\scriptjx2\lib\file.lua:57: unexpected symbol near '%'
error: ...eVs22\TESTLOFFF_ONLINE\bin\server\scriptjx2\lib\file.lua:57: unexpected symbol near '%'
error: ...eVs22\TESTLOFFF_ONLINE\bin\server\scriptjx2\lib\file.lua:57: unexpected symbol near '%'
error: ...eVs22\TESTLOFFF_ONLINE\bin\server\scriptjx2\lib\file.lua:57: unexpected symbol near '%'
error: ...eVs22\TESTLOFFF_ONLINE\bin\server\scriptjx2\lib\file.lua:57: unexpected symbol near '%'
error: ...eVs22\TESTLOFFF_ONLINE\bin\server\scriptjx2\lib\file.lua:57: unexpected symbol near '%'
error: ...eVs22\TESTLOFFF_ONLINE\bin\server\scriptjx2\lib\file.lua:57: unexpected symbol near '%'
error: ...eVs22\TESTLOFFF_ONLINE\bin\server\scriptjx2\lib\file.lua:57: unexpected symbol near '%'
error: ...eVs22\TESTLOFFF_ONLINE\bin\server\scriptjx2\lib\file.lua:57: unexpected symbol near '%'
error: ...eVs22\TESTLOFFF_ONLINE\bin\server\scriptjx2\lib\file.lua:57: unexpected symbol near '%'
error: ...eVs22\TESTLOFFF_ONLINE\bin\server\scriptjx2\lib\file.lua:57: unexpected symbol near '%'
error: ...eVs22\TESTLOFFF_ONLINE\bin\server\scriptjx2\lib\file.lua:57: unexpected symbol near '%'
error: ...eVs22\TESTLOFFF_ONLINE\bin\server\scriptjx2\lib\file.lua:57: unexpected symbol near '%'
error: ...eVs22\TESTLOFFF_ONLINE\bin\server\scriptjx2\lib\file.lua:57: unexpected symbol near '%'
error: ...eVs22\TESTLOFFF_ONLINE\bin\server\scriptjx2\lib\file.lua:57: unexpected symbol near '%'
error: ...eVs22\TESTLOFFF_ONLINE\bin\server\scriptjx2\lib\file.lua:57: unexpected symbol near '%'
error: ...eVs22\TESTLOFFF_ONLINE\bin\server\scriptjx2\lib\file.lua:57: unexpected symbol near '%'
error: ...eVs22\TESTLOFFF_ONLINE\bin\server\scriptjx2\lib\file.lua:57: unexpected symbol near '%'
error: ...eVs22\TESTLOFFF_ONLINE\bin\server\scriptjx2\lib\file.lua:57: unexpected symbol near '%'
error: ...eVs22\TESTLOFFF_ONLINE\bin\server\scriptjx2\lib\file.lua:57: unexpected symbol near '%'
error: ...eVs22\TESTLOFFF_ONLINE\bin\server\scriptjx2\lib\file.lua:57: unexpected symbol near '%'
error: ...eVs22\TESTLOFFF_ONLINE\bin\server\scriptjx2\lib\file.lua:57: unexpected symbol near '%'
error: ...eVs22\TESTLOFFF_ONLINE\bin\server\scriptjx2\lib\file.lua:57: unexpected symbol near '%'
error: ...eVs22\TESTLOFFF_ONLINE\bin\server\scriptjx2\lib\file.lua:57: unexpected symbol near '%'
error: ...eVs22\TESTLOFFF_ONLINE\bin\server\scriptjx2\lib\file.lua:57: unexpected symbol near '%'
error: ...eVs22\TESTLOFFF_ONLINE\bin\server\scriptjx2\lib\file.lua:57: unexpected symbol near '%'
error: ...eVs22\TESTLOFFF_ONLINE\bin\server\scriptjx2\lib\file.lua:57: unexpected symbol near '%'
error: ...eVs22\TESTLOFFF_ONLINE\bin\server\scriptjx2\lib\file.lua:57: unexpected symbol near '%'
error: ...eVs22\TESTLOFFF_ONLINE\bin\server\scriptjx2\lib\file.lua:57: unexpected symbol near '%'
error: ...eVs22\TESTLOFFF_ONLINE\bin\server\scriptjx2\lib\file.lua:57: unexpected symbol near '%'
error: ...eVs22\TESTLOFFF_ONLINE\bin\server\scriptjx2\lib\file.lua:57: unexpected symbol near '%'
error: ...eVs22\TESTLOFFF_ONLINE\bin\server\scriptjx2\lib\file.lua:57: unexpected symbol near '%'
error: ...eVs22\TESTLOFFF_ONLINE\bin\server\scriptjx2\lib\file.lua:57: unexpected symbol near '%'
error: ...eVs22\TESTLOFFF_ONLINE\bin\server\scriptjx2\lib\file.lua:57: unexpected symbol near '%'
error: ...eVs22\TESTLOFFF_ONLINE\bin\server\scriptjx2\lib\file.lua:57: unexpected symbol near '%'
error: ...eVs22\TESTLOFFF_ONLINE\bin\server\scriptjx2\lib\file.lua:57: unexpected symbol near '%'
error: ...eVs22\TESTLOFFF_ONLINE\bin\server\scriptjx2\lib\file.lua:57: unexpected symbol near '%'
error: ...eVs22\TESTLOFFF_ONLINE\bin\server\scriptjx2\lib\file.lua:57: unexpected symbol near '%'
error: ...eVs22\TESTLOFFF_ONLINE\bin\server\scriptjx2\lib\file.lua:57: unexpected symbol near '%'
error: ...eVs22\TESTLOFFF_ONLINE\bin\server\scriptjx2\lib\file.lua:57: unexpected symbol near '%'
error: ...eVs22\TESTLOFFF_ONLINE\bin\server\scriptjx2\lib\file.lua:57: unexpected symbol near '%'
error: ...eVs22\TESTLOFFF_ONLINE\bin\server\scriptjx2\lib\file.lua:57: unexpected symbol near '%'
error: ...eVs22\TESTLOFFF_ONLINE\bin\server\scriptjx2\lib\file.lua:57: unexpected symbol near '%'
error: ...eVs22\TESTLOFFF_ONLINE\bin\server\scriptjx2\lib\file.lua:57: unexpected symbol near '%'
error: ...eVs22\TESTLOFFF_ONLINE\bin\server\scriptjx2\lib\file.lua:57: unexpected symbol near '%'
error: ...eVs22\TESTLOFFF_ONLINE\bin\server\scriptjx2\lib\file.lua:57: unexpected symbol near '%'
error: ...eVs22\TESTLOFFF_ONLINE\bin\server\scriptjx2\lib\file.lua:57: unexpected symbol near '%'
error: ...eVs22\TESTLOFFF_ONLINE\bin\server\scriptjx2\lib\file.lua:57: unexpected symbol near '%'
error: ...eVs22\TESTLOFFF_ONLINE\bin\server\scriptjx2\lib\file.lua:57: unexpected symbol near '%'
error: ...eVs22\TESTLOFFF_ONLINE\bin\server\scriptjx2\lib\file.lua:57: unexpected symbol near '%'
error: ...eVs22\TESTLOFFF_ONLINE\bin\server\scriptjx2\lib\file.lua:57: unexpected symbol near '%'
error: ...eVs22\TESTLOFFF_ONLINE\bin\server\scriptjx2\lib\file.lua:57: unexpected symbol near '%'
error: ...eVs22\TESTLOFFF_ONLINE\bin\server\scriptjx2\lib\file.lua:57: unexpected symbol near '%'
error: ...eVs22\TESTLOFFF_ONLINE\bin\server\scriptjx2\lib\file.lua:57: unexpected symbol near '%'
error: ...eVs22\TESTLOFFF_ONLINE\bin\server\scriptjx2\lib\file.lua:57: unexpected symbol near '%'
error: ...eVs22\TESTLOFFF_ONLINE\bin\server\scriptjx2\lib\file.lua:57: unexpected symbol near '%'
error: ...eVs22\TESTLOFFF_ONLINE\bin\server\scriptjx2\lib\file.lua:57: unexpected symbol near '%'
error: ...eVs22\TESTLOFFF_ONLINE\bin\server\scriptjx2\lib\file.lua:57: unexpected symbol near '%'
error: ...eVs22\TESTLOFFF_ONLINE\bin\server\scriptjx2\lib\file.lua:57: unexpected symbol near '%'
error: ...eVs22\TESTLOFFF_ONLINE\bin\server\scriptjx2\lib\file.lua:57: unexpected symbol near '%'
error: ...eVs22\TESTLOFFF_ONLINE\bin\server\scriptjx2\lib\file.lua:57: unexpected symbol near '%'
error: ...eVs22\TESTLOFFF_ONLINE\bin\server\scriptjx2\lib\file.lua:57: unexpected symbol near '%'
error: ...eVs22\TESTLOFFF_ONLINE\bin\server\scriptjx2\lib\file.lua:57: unexpected symbol near '%'
error: ...eVs22\TESTLOFFF_ONLINE\bin\server\scriptjx2\lib\file.lua:57: unexpected symbol near '%'
error: ...eVs22\TESTLOFFF_ONLINE\bin\server\scriptjx2\lib\file.lua:57: unexpected symbol near '%'
error: ...eVs22\TESTLOFFF_ONLINE\bin\server\scriptjx2\lib\file.lua:57: unexpected symbol near '%'
error: ...eVs22\TESTLOFFF_ONLINE\bin\server\scriptjx2\lib\file.lua:57: unexpected symbol near '%'
error: ...eVs22\TESTLOFFF_ONLINE\bin\server\scriptjx2\lib\file.lua:57: unexpected symbol near '%'
error: ...eVs22\TESTLOFFF_ONLINE\bin\server\scriptjx2\lib\file.lua:57: unexpected symbol near '%'
error: ...eVs22\TESTLOFFF_ONLINE\bin\server\scriptjx2\lib\file.lua:57: unexpected symbol near '%'
error: ...eVs22\TESTLOFFF_ONLINE\bin\server\scriptjx2\lib\file.lua:57: unexpected symbol near '%'
error: ...eVs22\TESTLOFFF_ONLINE\bin\server\scriptjx2\lib\file.lua:57: unexpected symbol near '%'
error: ...eVs22\TESTLOFFF_ONLINE\bin\server\scriptjx2\lib\file.lua:57: unexpected symbol near '%'
error: ...eVs22\TESTLOFFF_ONLINE\bin\server\scriptjx2\lib\file.lua:57: unexpected symbol near '%'
error: ...eVs22\TESTLOFFF_ONLINE\bin\server\scriptjx2\lib\file.lua:57: unexpected symbol near '%'
error: ...eVs22\TESTLOFFF_ONLINE\bin\server\scriptjx2\lib\file.lua:57: unexpected symbol near '%'
error: ...eVs22\TESTLOFFF_ONLINE\bin\server\scriptjx2\lib\file.lua:57: unexpected symbol near '%'
error: ...eVs22\TESTLOFFF_ONLINE\bin\server\scriptjx2\lib\file.lua:57: unexpected symbol near '%'
error: ...eVs22\TESTLOFFF_ONLINE\bin\server\scriptjx2\lib\file.lua:57: unexpected symbol near '%'
error: ...eVs22\TESTLOFFF_ONLINE\bin\server\scriptjx2\lib\file.lua:57: unexpected symbol near '%'
error: ...eVs22\TESTLOFFF_ONLINE\bin\server\scriptjx2\lib\file.lua:57: unexpected symbol near '%'
error: ...eVs22\TESTLOFFF_ONLINE\bin\server\scriptjx2\lib\file.lua:57: unexpected symbol near '%'
error: ...eVs22\TESTLOFFF_ONLINE\bin\server\scriptjx2\lib\file.lua:57: unexpected symbol near '%'
error: ...eVs22\TESTLOFFF_ONLINE\bin\server\scriptjx2\lib\file.lua:57: unexpected symbol near '%'
error: ...eVs22\TESTLOFFF_ONLINE\bin\server\scriptjx2\lib\file.lua:57: unexpected symbol near '%'
error: ...eVs22\TESTLOFFF_ONLINE\bin\server\scriptjx2\lib\file.lua:57: unexpected symbol near '%'
error: ...eVs22\TESTLOFFF_ONLINE\bin\server\scriptjx2\lib\file.lua:57: unexpected symbol near '%'
error: ...eVs22\TESTLOFFF_ONLINE\bin\server\scriptjx2\lib\file.lua:57: unexpected symbol near '%'
error: ...eVs22\TESTLOFFF_ONLINE\bin\server\scriptjx2\lib\file.lua:57: unexpected symbol near '%'
error: ...eVs22\TESTLOFFF_ONLINE\bin\server\scriptjx2\lib\file.lua:57: unexpected symbol near '%'
error: ...eVs22\TESTLOFFF_ONLINE\bin\server\scriptjx2\lib\file.lua:57: unexpected symbol near '%'
error: ...eVs22\TESTLOFFF_ONLINE\bin\server\scriptjx2\lib\file.lua:57: unexpected symbol near '%'
error: ...eVs22\TESTLOFFF_ONLINE\bin\server\scriptjx2\lib\file.lua:57: unexpected symbol near '%'
error: ...eVs22\TESTLOFFF_ONLINE\bin\server\scriptjx2\lib\file.lua:57: unexpected symbol near '%'
error: ...eVs22\TESTLOFFF_ONLINE\bin\server\scriptjx2\lib\file.lua:57: unexpected symbol near '%'
error: ...eVs22\TESTLOFFF_ONLINE\bin\server\scriptjx2\lib\file.lua:57: unexpected symbol near '%'
error: ...eVs22\TESTLOFFF_ONLINE\bin\server\scriptjx2\lib\file.lua:57: unexpected symbol near '%'
error: ...eVs22\TESTLOFFF_ONLINE\bin\server\scriptjx2\lib\file.lua:57: unexpected symbol near '%'
error: ...eVs22\TESTLOFFF_ONLINE\bin\server\scriptjx2\lib\file.lua:57: unexpected symbol near '%'
error: ...eVs22\TESTLOFFF_ONLINE\bin\server\scriptjx2\lib\file.lua:57: unexpected symbol near '%'
error: ...eVs22\TESTLOFFF_ONLINE\bin\server\scriptjx2\lib\file.lua:57: unexpected symbol near '%'
error: ...eVs22\TESTLOFFF_ONLINE\bin\server\scriptjx2\lib\file.lua:57: unexpected symbol near '%'
error: ...eVs22\TESTLOFFF_ONLINE\bin\server\scriptjx2\lib\file.lua:57: unexpected symbol near '%'
error: ...eVs22\TESTLOFFF_ONLINE\bin\server\scriptjx2\lib\file.lua:57: unexpected symbol near '%'
error: ...eVs22\TESTLOFFF_ONLINE\bin\server\scriptjx2\lib\file.lua:57: unexpected symbol near '%'
error: ...eVs22\TESTLOFFF_ONLINE\bin\server\scriptjx2\lib\file.lua:57: unexpected symbol near '%'
error: ...eVs22\TESTLOFFF_ONLINE\bin\server\scriptjx2\lib\file.lua:57: unexpected symbol near '%'
error: ...eVs22\TESTLOFFF_ONLINE\bin\server\scriptjx2\lib\file.lua:57: unexpected symbol near '%'
error: ...eVs22\TESTLOFFF_ONLINE\bin\server\scriptjx2\lib\file.lua:57: unexpected symbol near '%'
error: ...eVs22\TESTLOFFF_ONLINE\bin\server\scriptjx2\lib\file.lua:57: unexpected symbol near '%'
error: ...eVs22\TESTLOFFF_ONLINE\bin\server\scriptjx2\lib\file.lua:57: unexpected symbol near '%'
error: ...eVs22\TESTLOFFF_ONLINE\bin\server\scriptjx2\lib\file.lua:57: unexpected symbol near '%'
error: ...eVs22\TESTLOFFF_ONLINE\bin\server\scriptjx2\lib\file.lua:57: unexpected symbol near '%'
