error: ...eVs22\TESTLOFFF_ONLINE\bin\server\scriptjx2\lib\file.lua:57: unexpected symbol near '%'
error: ...eVs22\TESTLOFFF_ONLINE\bin\server\scriptjx2\lib\file.lua:57: unexpected symbol near '%'
error: ...OFFF_ONLINE\bin\server\script\task\task_addplayerexp.lua:16: unexpected symbol near '%'
error: ...s22\TESTLOFFF_ONLINE\bin\server\script\lib\baseclass.lua:26: unexpected symbol near '%'
error: ..._ONLINE\bin\server\script\activitysys\activitydetail.lua:106: unexpected symbol near '%'
error: ...\TESTLOFFF_ONLINE\bin\server\script\misc\taskmanager.lua:340: unexpected symbol near '%'
error: ...ourceVs22\TESTLOFFF_ONLINE\bin\server\script\lib\log.lua:94: unexpected symbol near '%'
error: ...ourceVs22\TESTLOFFF_ONLINE\bin\server\script\lib\log.lua:94: unexpected symbol near '%'
error: ...ourceVs22\TESTLOFFF_ONLINE\bin\server\script\lib\log.lua:94: unexpected symbol near '%'
error: ...FFF_ONLINE\bin\server\script\activitysys\functionlib.lua:105: unexpected symbol near '%'
error: ...FFF_ONLINE\bin\server\script\activitysys\functionlib.lua:105: unexpected symbol near '%'
error: ...FFF_ONLINE\bin\server\script\misc\eventsys\type\func.lua:107: attempt to call a table value (for iterator 'for iterator')
stack traceback:
	...FFF_ONLINE\bin\server\script\misc\eventsys\type\func.lua:107: in main chunk
	[C]: in function 'Include'
	...F_ONLINE\bin\server\script\missions\leaguematch\head.lua:26: in main chunk
	[C]: in function 'Include'
	...\server\script\missions\leaguematch\macthtype\normal.lua:3: in main chunk
	[C]: in function 'Include'
	...NLINE\bin\server\script\missions\leaguematch\tb_head.lua:1: in main chunk
	[C]: in function 'Include'
	[string "?"]:2: in main chunk
error: ...FF_ONLINE\bin\server\script\activitysys\playerfunlib.lua:708: unexpected symbol near '%'
error: ...\server\script\missions\leaguematch\macthtype\normal.lua:117: attempt to call a table value (for iterator 'for iterator')
stack traceback:
	...\server\script\missions\leaguematch\macthtype\normal.lua:117: in function 'tmp_process_data'
	...\server\script\missions\leaguematch\macthtype\double.lua:106: in main chunk
	[C]: in function 'Include'
	...F_ONLINE\bin\server\script\missions\leaguematch\head.lua:304: in main chunk
	[C]: in function 'Include'
	...\server\script\missions\leaguematch\macthtype\normal.lua:3: in main chunk
	[C]: in function 'Include'
	...NLINE\bin\server\script\missions\leaguematch\tb_head.lua:1: in main chunk
	[C]: in function 'Include'
	[string "?"]:2: in main chunk
error: ...\server\script\missions\leaguematch\macthtype\normal.lua:117: attempt to call a table value (for iterator 'for iterator')
stack traceback:
	...\server\script\missions\leaguematch\macthtype\normal.lua:117: in function 'tmp_process_data'
	...server\script\missions\leaguematch\macthtype\faction.lua:218: in main chunk
	[C]: in function 'Include'
	...F_ONLINE\bin\server\script\missions\leaguematch\head.lua:307: in main chunk
	[C]: in function 'Include'
	...\server\script\missions\leaguematch\macthtype\normal.lua:3: in main chunk
	[C]: in function 'Include'
	...NLINE\bin\server\script\missions\leaguematch\tb_head.lua:1: in main chunk
	[C]: in function 'Include'
	[string "?"]:2: in main chunk
error: ...\server\script\missions\leaguematch\macthtype\normal.lua:117: attempt to call a table value (for iterator 'for iterator')
stack traceback:
	...\server\script\missions\leaguematch\macthtype\normal.lua:117: in function 'tmp_process_data'
	...server\script\missions\leaguematch\macthtype\teacher.lua:141: in main chunk
	[C]: in function 'Include'
	...F_ONLINE\bin\server\script\missions\leaguematch\head.lua:310: in main chunk
	[C]: in function 'Include'
	...\server\script\missions\leaguematch\macthtype\normal.lua:3: in main chunk
	[C]: in function 'Include'
	...NLINE\bin\server\script\missions\leaguematch\tb_head.lua:1: in main chunk
	[C]: in function 'Include'
	[string "?"]:2: in main chunk
error: ...\server\script\missions\leaguematch\macthtype\normal.lua:117: attempt to call a table value (for iterator 'for iterator')
stack traceback:
	...\server\script\missions\leaguematch\macthtype\normal.lua:117: in function 'tmp_process_data'
	...n\server\script\missions\leaguematch\macthtype\three.lua:105: in main chunk
	[C]: in function 'Include'
	...F_ONLINE\bin\server\script\missions\leaguematch\head.lua:312: in main chunk
	[C]: in function 'Include'
	...\server\script\missions\leaguematch\macthtype\normal.lua:3: in main chunk
	[C]: in function 'Include'
	...NLINE\bin\server\script\missions\leaguematch\tb_head.lua:1: in main chunk
	[C]: in function 'Include'
	[string "?"]:2: in main chunk
error: ...\server\script\missions\leaguematch\macthtype\normal.lua:117: attempt to call a table value (for iterator 'for iterator')
stack traceback:
	...\server\script\missions\leaguematch\macthtype\normal.lua:117: in function 'tmp_process_data'
	...\server\script\missions\leaguematch\macthtype\single.lua:102: in main chunk
	[C]: in function 'Include'
	...F_ONLINE\bin\server\script\missions\leaguematch\head.lua:314: in main chunk
	[C]: in function 'Include'
	...\server\script\missions\leaguematch\macthtype\normal.lua:3: in main chunk
	[C]: in function 'Include'
	...NLINE\bin\server\script\missions\leaguematch\tb_head.lua:1: in main chunk
	[C]: in function 'Include'
	[string "?"]:2: in main chunk
error: ...\server\script\missions\leaguematch\macthtype\normal.lua:117: attempt to call a table value (for iterator 'for iterator')
stack traceback:
	...\server\script\missions\leaguematch\macthtype\normal.lua:117: in function 'tmp_process_data'
	...\server\script\missions\leaguematch\macthtype\series.lua:170: in main chunk
	[C]: in function 'Include'
	...F_ONLINE\bin\server\script\missions\leaguematch\head.lua:316: in main chunk
	[C]: in function 'Include'
	...\server\script\missions\leaguematch\macthtype\normal.lua:3: in main chunk
	[C]: in function 'Include'
	...NLINE\bin\server\script\missions\leaguematch\tb_head.lua:1: in main chunk
	[C]: in function 'Include'
	[string "?"]:2: in main chunk
error: ...\server\script\missions\leaguematch\macthtype\normal.lua:117: attempt to call a table value (for iterator 'for iterator')
stack traceback:
	...\server\script\missions\leaguematch\macthtype\normal.lua:117: in function 'tmp_process_data'
	...r\script\missions\leaguematch\macthtype\mixeddoubles.lua:123: in main chunk
	[C]: in function 'Include'
	...F_ONLINE\bin\server\script\missions\leaguematch\head.lua:318: in main chunk
	[C]: in function 'Include'
	...\server\script\missions\leaguematch\macthtype\normal.lua:3: in main chunk
	[C]: in function 'Include'
	...NLINE\bin\server\script\missions\leaguematch\tb_head.lua:1: in main chunk
	[C]: in function 'Include'
	[string "?"]:2: in main chunk
error: ...\server\script\missions\leaguematch\macthtype\normal.lua:117: attempt to call a table value (for iterator 'for iterator')
stack traceback:
	...\server\script\missions\leaguematch\macthtype\normal.lua:117: in function 'tmp_process_data'
	[string "?"]:106: in main chunk
2026/09/05 12:04:53.574 	 ScriptError 4:[1] (\script\missions\leaguematch\macthtype\double.lua) 

error: ...eVs22\TESTLOFFF_ONLINE\bin\server\scriptjx2\lib\file.lua:57: unexpected symbol near '%'
error: ...eVs22\TESTLOFFF_ONLINE\bin\server\scriptjx2\lib\file.lua:57: unexpected symbol near '%'
error: ...OFFF_ONLINE\bin\server\script\task\task_addplayerexp.lua:16: unexpected symbol near '%'
error: ...s22\TESTLOFFF_ONLINE\bin\server\script\lib\baseclass.lua:26: unexpected symbol near '%'
error: ..._ONLINE\bin\server\script\activitysys\activitydetail.lua:106: unexpected symbol near '%'
error: ...\TESTLOFFF_ONLINE\bin\server\script\misc\taskmanager.lua:340: unexpected symbol near '%'
error: ...ourceVs22\TESTLOFFF_ONLINE\bin\server\script\lib\log.lua:94: unexpected symbol near '%'
error: ...ourceVs22\TESTLOFFF_ONLINE\bin\server\script\lib\log.lua:94: unexpected symbol near '%'
error: ...ourceVs22\TESTLOFFF_ONLINE\bin\server\script\lib\log.lua:94: unexpected symbol near '%'
error: ...FFF_ONLINE\bin\server\script\activitysys\functionlib.lua:105: unexpected symbol near '%'
error: ...FFF_ONLINE\bin\server\script\activitysys\functionlib.lua:105: unexpected symbol near '%'
error: ...FFF_ONLINE\bin\server\script\misc\eventsys\type\func.lua:107: attempt to call a table value (for iterator 'for iterator')
stack traceback:
	...FFF_ONLINE\bin\server\script\misc\eventsys\type\func.lua:107: in main chunk
	[C]: in function 'Include'
	...F_ONLINE\bin\server\script\missions\leaguematch\head.lua:26: in main chunk
	[C]: in function 'Include'
	...\server\script\missions\leaguematch\macthtype\normal.lua:3: in main chunk
	[C]: in function 'Include'
	...NLINE\bin\server\script\missions\leaguematch\tb_head.lua:1: in main chunk
	[C]: in function 'Include'
	[string "?"]:1: in main chunk
error: ...FF_ONLINE\bin\server\script\activitysys\playerfunlib.lua:708: unexpected symbol near '%'
error: ...\server\script\missions\leaguematch\macthtype\normal.lua:117: attempt to call a table value (for iterator 'for iterator')
stack traceback:
	...\server\script\missions\leaguematch\macthtype\normal.lua:117: in function 'tmp_process_data'
	...\server\script\missions\leaguematch\macthtype\double.lua:106: in main chunk
	[C]: in function 'Include'
	...F_ONLINE\bin\server\script\missions\leaguematch\head.lua:304: in main chunk
	[C]: in function 'Include'
	...\server\script\missions\leaguematch\macthtype\normal.lua:3: in main chunk
	[C]: in function 'Include'
	...NLINE\bin\server\script\missions\leaguematch\tb_head.lua:1: in main chunk
	[C]: in function 'Include'
	[string "?"]:1: in main chunk
error: ...\server\script\missions\leaguematch\macthtype\normal.lua:117: attempt to call a table value (for iterator 'for iterator')
stack traceback:
	...\server\script\missions\leaguematch\macthtype\normal.lua:117: in function 'tmp_process_data'
	...server\script\missions\leaguematch\macthtype\faction.lua:218: in main chunk
	[C]: in function 'Include'
	...F_ONLINE\bin\server\script\missions\leaguematch\head.lua:307: in main chunk
	[C]: in function 'Include'
	...\server\script\missions\leaguematch\macthtype\normal.lua:3: in main chunk
	[C]: in function 'Include'
	...NLINE\bin\server\script\missions\leaguematch\tb_head.lua:1: in main chunk
	[C]: in function 'Include'
	[string "?"]:1: in main chunk
error: ...\server\script\missions\leaguematch\macthtype\normal.lua:117: attempt to call a table value (for iterator 'for iterator')
stack traceback:
	...\server\script\missions\leaguematch\macthtype\normal.lua:117: in function 'tmp_process_data'
	...server\script\missions\leaguematch\macthtype\teacher.lua:141: in main chunk
	[C]: in function 'Include'
	...F_ONLINE\bin\server\script\missions\leaguematch\head.lua:310: in main chunk
	[C]: in function 'Include'
	...\server\script\missions\leaguematch\macthtype\normal.lua:3: in main chunk
	[C]: in function 'Include'
	...NLINE\bin\server\script\missions\leaguematch\tb_head.lua:1: in main chunk
	[C]: in function 'Include'
	[string "?"]:1: in main chunk
error: ...\server\script\missions\leaguematch\macthtype\normal.lua:117: attempt to call a table value (for iterator 'for iterator')
stack traceback:
	...\server\script\missions\leaguematch\macthtype\normal.lua:117: in function 'tmp_process_data'
	...n\server\script\missions\leaguematch\macthtype\three.lua:105: in main chunk
	[C]: in function 'Include'
	...F_ONLINE\bin\server\script\missions\leaguematch\head.lua:312: in main chunk
	[C]: in function 'Include'
	...\server\script\missions\leaguematch\macthtype\normal.lua:3: in main chunk
	[C]: in function 'Include'
	...NLINE\bin\server\script\missions\leaguematch\tb_head.lua:1: in main chunk
	[C]: in function 'Include'
	[string "?"]:1: in main chunk
error: ...\server\script\missions\leaguematch\macthtype\normal.lua:117: attempt to call a table value (for iterator 'for iterator')
stack traceback:
	...\server\script\missions\leaguematch\macthtype\normal.lua:117: in function 'tmp_process_data'
	...\server\script\missions\leaguematch\macthtype\single.lua:102: in main chunk
	[C]: in function 'Include'
	...F_ONLINE\bin\server\script\missions\leaguematch\head.lua:314: in main chunk
	[C]: in function 'Include'
	...\server\script\missions\leaguematch\macthtype\normal.lua:3: in main chunk
	[C]: in function 'Include'
	...NLINE\bin\server\script\missions\leaguematch\tb_head.lua:1: in main chunk
	[C]: in function 'Include'
	[string "?"]:1: in main chunk
error: ...\server\script\missions\leaguematch\macthtype\normal.lua:117: attempt to call a table value (for iterator 'for iterator')
stack traceback:
	...\server\script\missions\leaguematch\macthtype\normal.lua:117: in function 'tmp_process_data'
	...\server\script\missions\leaguematch\macthtype\series.lua:170: in main chunk
	[C]: in function 'Include'
	...F_ONLINE\bin\server\script\missions\leaguematch\head.lua:316: in main chunk
	[C]: in function 'Include'
	...\server\script\missions\leaguematch\macthtype\normal.lua:3: in main chunk
	[C]: in function 'Include'
	...NLINE\bin\server\script\missions\leaguematch\tb_head.lua:1: in main chunk
	[C]: in function 'Include'
	[string "?"]:1: in main chunk
error: ...\server\script\missions\leaguematch\macthtype\normal.lua:117: attempt to call a table value (for iterator 'for iterator')
stack traceback:
	...\server\script\missions\leaguematch\macthtype\normal.lua:117: in function 'tmp_process_data'
	...r\script\missions\leaguematch\macthtype\mixeddoubles.lua:123: in main chunk
	[C]: in function 'Include'
	...F_ONLINE\bin\server\script\missions\leaguematch\head.lua:318: in main chunk
	[C]: in function 'Include'
	...\server\script\missions\leaguematch\macthtype\normal.lua:3: in main chunk
	[C]: in function 'Include'
	...NLINE\bin\server\script\missions\leaguematch\tb_head.lua:1: in main chunk
	[C]: in function 'Include'
	[string "?"]:1: in main chunk
error: ...\server\script\missions\leaguematch\macthtype\normal.lua:117: attempt to call a table value (for iterator 'for iterator')
stack traceback:
	...\server\script\missions\leaguematch\macthtype\normal.lua:117: in function 'tmp_process_data'
	[string "?"]:218: in main chunk
2026/09/05 12:04:53.591 	 ScriptError 4:[1] (\script\missions\leaguematch\macthtype\faction.lua) 

error: ...eVs22\TESTLOFFF_ONLINE\bin\server\scriptjx2\lib\file.lua:57: unexpected symbol near '%'
error: ...eVs22\TESTLOFFF_ONLINE\bin\server\scriptjx2\lib\file.lua:57: unexpected symbol near '%'
error: ...OFFF_ONLINE\bin\server\script\task\task_addplayerexp.lua:16: unexpected symbol near '%'
error: ...s22\TESTLOFFF_ONLINE\bin\server\script\lib\baseclass.lua:26: unexpected symbol near '%'
error: ..._ONLINE\bin\server\script\activitysys\activitydetail.lua:106: unexpected symbol near '%'
error: ...\TESTLOFFF_ONLINE\bin\server\script\misc\taskmanager.lua:340: unexpected symbol near '%'
error: ...ourceVs22\TESTLOFFF_ONLINE\bin\server\script\lib\log.lua:94: unexpected symbol near '%'
error: ...ourceVs22\TESTLOFFF_ONLINE\bin\server\script\lib\log.lua:94: unexpected symbol near '%'
error: ...ourceVs22\TESTLOFFF_ONLINE\bin\server\script\lib\log.lua:94: unexpected symbol near '%'
error: ...FFF_ONLINE\bin\server\script\activitysys\functionlib.lua:105: unexpected symbol near '%'
error: ...FFF_ONLINE\bin\server\script\activitysys\functionlib.lua:105: unexpected symbol near '%'
error: ...FFF_ONLINE\bin\server\script\misc\eventsys\type\func.lua:107: attempt to call a table value (for iterator 'for iterator')
stack traceback:
	...FFF_ONLINE\bin\server\script\misc\eventsys\type\func.lua:107: in main chunk
	[C]: in function 'Include'
	...F_ONLINE\bin\server\script\missions\leaguematch\head.lua:26: in main chunk
	[C]: in function 'Include'
	...\server\script\missions\leaguematch\macthtype\normal.lua:3: in main chunk
	[C]: in function 'Include'
	...NLINE\bin\server\script\missions\leaguematch\tb_head.lua:1: in main chunk
	[C]: in function 'Include'
	[string "?"]:1: in main chunk
error: ...FF_ONLINE\bin\server\script\activitysys\playerfunlib.lua:708: unexpected symbol near '%'
error: ...\server\script\missions\leaguematch\macthtype\normal.lua:117: attempt to call a table value (for iterator 'for iterator')
stack traceback:
	...\server\script\missions\leaguematch\macthtype\normal.lua:117: in function 'tmp_process_data'
	...\server\script\missions\leaguematch\macthtype\double.lua:106: in main chunk
	[C]: in function 'Include'
	...F_ONLINE\bin\server\script\missions\leaguematch\head.lua:304: in main chunk
	[C]: in function 'Include'
	...\server\script\missions\leaguematch\macthtype\normal.lua:3: in main chunk
	[C]: in function 'Include'
	...NLINE\bin\server\script\missions\leaguematch\tb_head.lua:1: in main chunk
	[C]: in function 'Include'
	[string "?"]:1: in main chunk
error: ...\server\script\missions\leaguematch\macthtype\normal.lua:117: attempt to call a table value (for iterator 'for iterator')
stack traceback:
	...\server\script\missions\leaguematch\macthtype\normal.lua:117: in function 'tmp_process_data'
	...server\script\missions\leaguematch\macthtype\faction.lua:218: in main chunk
	[C]: in function 'Include'
	...F_ONLINE\bin\server\script\missions\leaguematch\head.lua:307: in main chunk
	[C]: in function 'Include'
	...\server\script\missions\leaguematch\macthtype\normal.lua:3: in main chunk
	[C]: in function 'Include'
	...NLINE\bin\server\script\missions\leaguematch\tb_head.lua:1: in main chunk
	[C]: in function 'Include'
	[string "?"]:1: in main chunk
error: ...\server\script\missions\leaguematch\macthtype\normal.lua:117: attempt to call a table value (for iterator 'for iterator')
stack traceback:
	...\server\script\missions\leaguematch\macthtype\normal.lua:117: in function 'tmp_process_data'
	...server\script\missions\leaguematch\macthtype\teacher.lua:141: in main chunk
	[C]: in function 'Include'
	...F_ONLINE\bin\server\script\missions\leaguematch\head.lua:310: in main chunk
	[C]: in function 'Include'
	...\server\script\missions\leaguematch\macthtype\normal.lua:3: in main chunk
	[C]: in function 'Include'
	...NLINE\bin\server\script\missions\leaguematch\tb_head.lua:1: in main chunk
	[C]: in function 'Include'
	[string "?"]:1: in main chunk
error: ...\server\script\missions\leaguematch\macthtype\normal.lua:117: attempt to call a table value (for iterator 'for iterator')
stack traceback:
	...\server\script\missions\leaguematch\macthtype\normal.lua:117: in function 'tmp_process_data'
	...n\server\script\missions\leaguematch\macthtype\three.lua:105: in main chunk
	[C]: in function 'Include'
	...F_ONLINE\bin\server\script\missions\leaguematch\head.lua:312: in main chunk
	[C]: in function 'Include'
	...\server\script\missions\leaguematch\macthtype\normal.lua:3: in main chunk
	[C]: in function 'Include'
	...NLINE\bin\server\script\missions\leaguematch\tb_head.lua:1: in main chunk
	[C]: in function 'Include'
	[string "?"]:1: in main chunk
error: ...\server\script\missions\leaguematch\macthtype\normal.lua:117: attempt to call a table value (for iterator 'for iterator')
stack traceback:
	...\server\script\missions\leaguematch\macthtype\normal.lua:117: in function 'tmp_process_data'
	...\server\script\missions\leaguematch\macthtype\single.lua:102: in main chunk
	[C]: in function 'Include'
	...F_ONLINE\bin\server\script\missions\leaguematch\head.lua:314: in main chunk
	[C]: in function 'Include'
	...\server\script\missions\leaguematch\macthtype\normal.lua:3: in main chunk
	[C]: in function 'Include'
	...NLINE\bin\server\script\missions\leaguematch\tb_head.lua:1: in main chunk
	[C]: in function 'Include'
	[string "?"]:1: in main chunk
error: ...\server\script\missions\leaguematch\macthtype\normal.lua:117: attempt to call a table value (for iterator 'for iterator')
stack traceback:
	...\server\script\missions\leaguematch\macthtype\normal.lua:117: in function 'tmp_process_data'
	...\server\script\missions\leaguematch\macthtype\series.lua:170: in main chunk
	[C]: in function 'Include'
	...F_ONLINE\bin\server\script\missions\leaguematch\head.lua:316: in main chunk
	[C]: in function 'Include'
	...\server\script\missions\leaguematch\macthtype\normal.lua:3: in main chunk
	[C]: in function 'Include'
	...NLINE\bin\server\script\missions\leaguematch\tb_head.lua:1: in main chunk
	[C]: in function 'Include'
	[string "?"]:1: in main chunk
error: ...\server\script\missions\leaguematch\macthtype\normal.lua:117: attempt to call a table value (for iterator 'for iterator')
stack traceback:
	...\server\script\missions\leaguematch\macthtype\normal.lua:117: in function 'tmp_process_data'
	...r\script\missions\leaguematch\macthtype\mixeddoubles.lua:123: in main chunk
	[C]: in function 'Include'
	...F_ONLINE\bin\server\script\missions\leaguematch\head.lua:318: in main chunk
	[C]: in function 'Include'
	...\server\script\missions\leaguematch\macthtype\normal.lua:3: in main chunk
	[C]: in function 'Include'
	...NLINE\bin\server\script\missions\leaguematch\tb_head.lua:1: in main chunk
	[C]: in function 'Include'
	[string "?"]:1: in main chunk
error: ...\server\script\missions\leaguematch\macthtype\normal.lua:117: attempt to call a table value (for iterator 'for iterator')
stack traceback:
	...\server\script\missions\leaguematch\macthtype\normal.lua:117: in function 'tmp_process_data'
	[string "?"]:123: in main chunk
2026/09/05 12:04:53.614 	 ScriptError 4:[1] (\script\missions\leaguematch\macthtype\mixeddoubles.lua) 

error: ...eVs22\TESTLOFFF_ONLINE\bin\server\scriptjx2\lib\file.lua:57: unexpected symbol near '%'
error: ...eVs22\TESTLOFFF_ONLINE\bin\server\scriptjx2\lib\file.lua:57: unexpected symbol near '%'
error: ...OFFF_ONLINE\bin\server\script\task\task_addplayerexp.lua:16: unexpected symbol near '%'
error: ...s22\TESTLOFFF_ONLINE\bin\server\script\lib\baseclass.lua:26: unexpected symbol near '%'
error: ..._ONLINE\bin\server\script\activitysys\activitydetail.lua:106: unexpected symbol near '%'
error: ...\TESTLOFFF_ONLINE\bin\server\script\misc\taskmanager.lua:340: unexpected symbol near '%'
error: ...ourceVs22\TESTLOFFF_ONLINE\bin\server\script\lib\log.lua:94: unexpected symbol near '%'
error: ...ourceVs22\TESTLOFFF_ONLINE\bin\server\script\lib\log.lua:94: unexpected symbol near '%'
error: ...ourceVs22\TESTLOFFF_ONLINE\bin\server\script\lib\log.lua:94: unexpected symbol near '%'
error: ...FFF_ONLINE\bin\server\script\activitysys\functionlib.lua:105: unexpected symbol near '%'
error: ...FFF_ONLINE\bin\server\script\activitysys\functionlib.lua:105: unexpected symbol near '%'
error: ...FFF_ONLINE\bin\server\script\misc\eventsys\type\func.lua:107: attempt to call a table value (for iterator 'for iterator')
stack traceback:
	...FFF_ONLINE\bin\server\script\misc\eventsys\type\func.lua:107: in main chunk
	[C]: in function 'Include'
	...F_ONLINE\bin\server\script\missions\leaguematch\head.lua:26: in main chunk
	[C]: in function 'Include'
	[string "?"]:3: in main chunk
error: ...FF_ONLINE\bin\server\script\activitysys\playerfunlib.lua:708: unexpected symbol near '%'
error: ...\server\script\missions\leaguematch\macthtype\normal.lua:117: attempt to call a table value (for iterator 'for iterator')
stack traceback:
	...\server\script\missions\leaguematch\macthtype\normal.lua:117: in function 'tmp_process_data'
	...\server\script\missions\leaguematch\macthtype\double.lua:106: in main chunk
	[C]: in function 'Include'
	...F_ONLINE\bin\server\script\missions\leaguematch\head.lua:304: in main chunk
	[C]: in function 'Include'
	[string "?"]:3: in main chunk
error: ...\server\script\missions\leaguematch\macthtype\normal.lua:117: attempt to call a table value (for iterator 'for iterator')
stack traceback:
	...\server\script\missions\leaguematch\macthtype\normal.lua:117: in function 'tmp_process_data'
	...server\script\missions\leaguematch\macthtype\faction.lua:218: in main chunk
	[C]: in function 'Include'
	...F_ONLINE\bin\server\script\missions\leaguematch\head.lua:307: in main chunk
	[C]: in function 'Include'
	[string "?"]:3: in main chunk
error: ...\server\script\missions\leaguematch\macthtype\normal.lua:117: attempt to call a table value (for iterator 'for iterator')
stack traceback:
	...\server\script\missions\leaguematch\macthtype\normal.lua:117: in function 'tmp_process_data'
	...server\script\missions\leaguematch\macthtype\teacher.lua:141: in main chunk
	[C]: in function 'Include'
	...F_ONLINE\bin\server\script\missions\leaguematch\head.lua:310: in main chunk
	[C]: in function 'Include'
	[string "?"]:3: in main chunk
error: ...\server\script\missions\leaguematch\macthtype\normal.lua:117: attempt to call a table value (for iterator 'for iterator')
stack traceback:
	...\server\script\missions\leaguematch\macthtype\normal.lua:117: in function 'tmp_process_data'
	...n\server\script\missions\leaguematch\macthtype\three.lua:105: in main chunk
	[C]: in function 'Include'
	...F_ONLINE\bin\server\script\missions\leaguematch\head.lua:312: in main chunk
	[C]: in function 'Include'
	[string "?"]:3: in main chunk
error: ...\server\script\missions\leaguematch\macthtype\normal.lua:117: attempt to call a table value (for iterator 'for iterator')
stack traceback:
	...\server\script\missions\leaguematch\macthtype\normal.lua:117: in function 'tmp_process_data'
	...\server\script\missions\leaguematch\macthtype\single.lua:102: in main chunk
	[C]: in function 'Include'
	...F_ONLINE\bin\server\script\missions\leaguematch\head.lua:314: in main chunk
	[C]: in function 'Include'
	[string "?"]:3: in main chunk
error: ...\server\script\missions\leaguematch\macthtype\normal.lua:117: attempt to call a table value (for iterator 'for iterator')
stack traceback:
	...\server\script\missions\leaguematch\macthtype\normal.lua:117: in function 'tmp_process_data'
	...\server\script\missions\leaguematch\macthtype\series.lua:170: in main chunk
	[C]: in function 'Include'
	...F_ONLINE\bin\server\script\missions\leaguematch\head.lua:316: in main chunk
	[C]: in function 'Include'
	[string "?"]:3: in main chunk
error: ...\server\script\missions\leaguematch\macthtype\normal.lua:117: attempt to call a table value (for iterator 'for iterator')
stack traceback:
	...\server\script\missions\leaguematch\macthtype\normal.lua:117: in function 'tmp_process_data'
	...r\script\missions\leaguematch\macthtype\mixeddoubles.lua:123: in main chunk
	[C]: in function 'Include'
	...F_ONLINE\bin\server\script\missions\leaguematch\head.lua:318: in main chunk
	[C]: in function 'Include'
	[string "?"]:3: in main chunk
error: ...eVs22\TESTLOFFF_ONLINE\bin\server\scriptjx2\lib\file.lua:57: unexpected symbol near '%'
error: ...eVs22\TESTLOFFF_ONLINE\bin\server\scriptjx2\lib\file.lua:57: unexpected symbol near '%'
error: ...OFFF_ONLINE\bin\server\script\task\task_addplayerexp.lua:16: unexpected symbol near '%'
error: ...s22\TESTLOFFF_ONLINE\bin\server\script\lib\baseclass.lua:26: unexpected symbol near '%'
error: ..._ONLINE\bin\server\script\activitysys\activitydetail.lua:106: unexpected symbol near '%'
error: ...\TESTLOFFF_ONLINE\bin\server\script\misc\taskmanager.lua:340: unexpected symbol near '%'
error: ...ourceVs22\TESTLOFFF_ONLINE\bin\server\script\lib\log.lua:94: unexpected symbol near '%'
error: ...ourceVs22\TESTLOFFF_ONLINE\bin\server\script\lib\log.lua:94: unexpected symbol near '%'
error: ...ourceVs22\TESTLOFFF_ONLINE\bin\server\script\lib\log.lua:94: unexpected symbol near '%'
error: ...FFF_ONLINE\bin\server\script\activitysys\functionlib.lua:105: unexpected symbol near '%'
error: ...FFF_ONLINE\bin\server\script\activitysys\functionlib.lua:105: unexpected symbol near '%'
error: ...FFF_ONLINE\bin\server\script\misc\eventsys\type\func.lua:107: attempt to call a table value (for iterator 'for iterator')
stack traceback:
	...FFF_ONLINE\bin\server\script\misc\eventsys\type\func.lua:107: in main chunk
	[C]: in function 'Include'
	...F_ONLINE\bin\server\script\missions\leaguematch\head.lua:26: in main chunk
	[C]: in function 'Include'
	...\server\script\missions\leaguematch\macthtype\normal.lua:3: in main chunk
	[C]: in function 'Include'
	...NLINE\bin\server\script\missions\leaguematch\tb_head.lua:1: in main chunk
	[C]: in function 'Include'
	[string "?"]:1: in main chunk
error: ...FF_ONLINE\bin\server\script\activitysys\playerfunlib.lua:708: unexpected symbol near '%'
error: ...\server\script\missions\leaguematch\macthtype\normal.lua:117: attempt to call a table value (for iterator 'for iterator')
stack traceback:
	...\server\script\missions\leaguematch\macthtype\normal.lua:117: in function 'tmp_process_data'
	...\server\script\missions\leaguematch\macthtype\double.lua:106: in main chunk
	[C]: in function 'Include'
	...F_ONLINE\bin\server\script\missions\leaguematch\head.lua:304: in main chunk
	[C]: in function 'Include'
	...\server\script\missions\leaguematch\macthtype\normal.lua:3: in main chunk
	[C]: in function 'Include'
	...NLINE\bin\server\script\missions\leaguematch\tb_head.lua:1: in main chunk
	[C]: in function 'Include'
	[string "?"]:1: in main chunk
error: ...\server\script\missions\leaguematch\macthtype\normal.lua:117: attempt to call a table value (for iterator 'for iterator')
stack traceback:
	...\server\script\missions\leaguematch\macthtype\normal.lua:117: in function 'tmp_process_data'
	...server\script\missions\leaguematch\macthtype\faction.lua:218: in main chunk
	[C]: in function 'Include'
	...F_ONLINE\bin\server\script\missions\leaguematch\head.lua:307: in main chunk
	[C]: in function 'Include'
	...\server\script\missions\leaguematch\macthtype\normal.lua:3: in main chunk
	[C]: in function 'Include'
	...NLINE\bin\server\script\missions\leaguematch\tb_head.lua:1: in main chunk
	[C]: in function 'Include'
	[string "?"]:1: in main chunk
error: ...\server\script\missions\leaguematch\macthtype\normal.lua:117: attempt to call a table value (for iterator 'for iterator')
stack traceback:
	...\server\script\missions\leaguematch\macthtype\normal.lua:117: in function 'tmp_process_data'
	...server\script\missions\leaguematch\macthtype\teacher.lua:141: in main chunk
	[C]: in function 'Include'
	...F_ONLINE\bin\server\script\missions\leaguematch\head.lua:310: in main chunk
	[C]: in function 'Include'
	...\server\script\missions\leaguematch\macthtype\normal.lua:3: in main chunk
	[C]: in function 'Include'
	...NLINE\bin\server\script\missions\leaguematch\tb_head.lua:1: in main chunk
	[C]: in function 'Include'
	[string "?"]:1: in main chunk
error: ...\server\script\missions\leaguematch\macthtype\normal.lua:117: attempt to call a table value (for iterator 'for iterator')
stack traceback:
	...\server\script\missions\leaguematch\macthtype\normal.lua:117: in function 'tmp_process_data'
	...n\server\script\missions\leaguematch\macthtype\three.lua:105: in main chunk
	[C]: in function 'Include'
	...F_ONLINE\bin\server\script\missions\leaguematch\head.lua:312: in main chunk
	[C]: in function 'Include'
	...\server\script\missions\leaguematch\macthtype\normal.lua:3: in main chunk
	[C]: in function 'Include'
	...NLINE\bin\server\script\missions\leaguematch\tb_head.lua:1: in main chunk
	[C]: in function 'Include'
	[string "?"]:1: in main chunk
error: ...\server\script\missions\leaguematch\macthtype\normal.lua:117: attempt to call a table value (for iterator 'for iterator')
stack traceback:
	...\server\script\missions\leaguematch\macthtype\normal.lua:117: in function 'tmp_process_data'
	...\server\script\missions\leaguematch\macthtype\single.lua:102: in main chunk
	[C]: in function 'Include'
	...F_ONLINE\bin\server\script\missions\leaguematch\head.lua:314: in main chunk
	[C]: in function 'Include'
	...\server\script\missions\leaguematch\macthtype\normal.lua:3: in main chunk
	[C]: in function 'Include'
	...NLINE\bin\server\script\missions\leaguematch\tb_head.lua:1: in main chunk
	[C]: in function 'Include'
	[string "?"]:1: in main chunk
error: ...\server\script\missions\leaguematch\macthtype\normal.lua:117: attempt to call a table value (for iterator 'for iterator')
stack traceback:
	...\server\script\missions\leaguematch\macthtype\normal.lua:117: in function 'tmp_process_data'
	...\server\script\missions\leaguematch\macthtype\series.lua:170: in main chunk
	[C]: in function 'Include'
	...F_ONLINE\bin\server\script\missions\leaguematch\head.lua:316: in main chunk
	[C]: in function 'Include'
	...\server\script\missions\leaguematch\macthtype\normal.lua:3: in main chunk
	[C]: in function 'Include'
	...NLINE\bin\server\script\missions\leaguematch\tb_head.lua:1: in main chunk
	[C]: in function 'Include'
	[string "?"]:1: in main chunk
error: ...\server\script\missions\leaguematch\macthtype\normal.lua:117: attempt to call a table value (for iterator 'for iterator')
stack traceback:
	...\server\script\missions\leaguematch\macthtype\normal.lua:117: in function 'tmp_process_data'
	...r\script\missions\leaguematch\macthtype\mixeddoubles.lua:123: in main chunk
	[C]: in function 'Include'
	...F_ONLINE\bin\server\script\missions\leaguematch\head.lua:318: in main chunk
	[C]: in function 'Include'
	...\server\script\missions\leaguematch\macthtype\normal.lua:3: in main chunk
	[C]: in function 'Include'
	...NLINE\bin\server\script\missions\leaguematch\tb_head.lua:1: in main chunk
	[C]: in function 'Include'
	[string "?"]:1: in main chunk
error: ...\server\script\missions\leaguematch\macthtype\normal.lua:117: attempt to call a table value (for iterator 'for iterator')
stack traceback:
	...\server\script\missions\leaguematch\macthtype\normal.lua:117: in function 'tmp_process_data'
	[string "?"]:170: in main chunk
2026/09/05 12:04:53.643 	 ScriptError 4:[1] (\script\missions\leaguematch\macthtype\series.lua) 

error: ...eVs22\TESTLOFFF_ONLINE\bin\server\scriptjx2\lib\file.lua:57: unexpected symbol near '%'
error: ...eVs22\TESTLOFFF_ONLINE\bin\server\scriptjx2\lib\file.lua:57: unexpected symbol near '%'
error: ...OFFF_ONLINE\bin\server\script\task\task_addplayerexp.lua:16: unexpected symbol near '%'
error: ...s22\TESTLOFFF_ONLINE\bin\server\script\lib\baseclass.lua:26: unexpected symbol near '%'
error: ..._ONLINE\bin\server\script\activitysys\activitydetail.lua:106: unexpected symbol near '%'
error: ...\TESTLOFFF_ONLINE\bin\server\script\misc\taskmanager.lua:340: unexpected symbol near '%'
error: ...ourceVs22\TESTLOFFF_ONLINE\bin\server\script\lib\log.lua:94: unexpected symbol near '%'
error: ...ourceVs22\TESTLOFFF_ONLINE\bin\server\script\lib\log.lua:94: unexpected symbol near '%'
error: ...ourceVs22\TESTLOFFF_ONLINE\bin\server\script\lib\log.lua:94: unexpected symbol near '%'
error: ...FFF_ONLINE\bin\server\script\activitysys\functionlib.lua:105: unexpected symbol near '%'
error: ...FFF_ONLINE\bin\server\script\activitysys\functionlib.lua:105: unexpected symbol near '%'
error: ...FFF_ONLINE\bin\server\script\misc\eventsys\type\func.lua:107: attempt to call a table value (for iterator 'for iterator')
stack traceback:
	...FFF_ONLINE\bin\server\script\misc\eventsys\type\func.lua:107: in main chunk
	[C]: in function 'Include'
	...F_ONLINE\bin\server\script\missions\leaguematch\head.lua:26: in main chunk
	[C]: in function 'Include'
	...\server\script\missions\leaguematch\macthtype\normal.lua:3: in main chunk
	[C]: in function 'Include'
	...NLINE\bin\server\script\missions\leaguematch\tb_head.lua:1: in main chunk
	[C]: in function 'Include'
	[string "?"]:1: in main chunk
error: ...FF_ONLINE\bin\server\script\activitysys\playerfunlib.lua:708: unexpected symbol near '%'
error: ...\server\script\missions\leaguematch\macthtype\normal.lua:117: attempt to call a table value (for iterator 'for iterator')
stack traceback:
	...\server\script\missions\leaguematch\macthtype\normal.lua:117: in function 'tmp_process_data'
	...\server\script\missions\leaguematch\macthtype\double.lua:106: in main chunk
	[C]: in function 'Include'
	...F_ONLINE\bin\server\script\missions\leaguematch\head.lua:304: in main chunk
	[C]: in function 'Include'
	...\server\script\missions\leaguematch\macthtype\normal.lua:3: in main chunk
	[C]: in function 'Include'
	...NLINE\bin\server\script\missions\leaguematch\tb_head.lua:1: in main chunk
	[C]: in function 'Include'
	[string "?"]:1: in main chunk
error: ...\server\script\missions\leaguematch\macthtype\normal.lua:117: attempt to call a table value (for iterator 'for iterator')
stack traceback:
	...\server\script\missions\leaguematch\macthtype\normal.lua:117: in function 'tmp_process_data'
	...server\script\missions\leaguematch\macthtype\faction.lua:218: in main chunk
	[C]: in function 'Include'
	...F_ONLINE\bin\server\script\missions\leaguematch\head.lua:307: in main chunk
	[C]: in function 'Include'
	...\server\script\missions\leaguematch\macthtype\normal.lua:3: in main chunk
	[C]: in function 'Include'
	...NLINE\bin\server\script\missions\leaguematch\tb_head.lua:1: in main chunk
	[C]: in function 'Include'
	[string "?"]:1: in main chunk
error: ...\server\script\missions\leaguematch\macthtype\normal.lua:117: attempt to call a table value (for iterator 'for iterator')
stack traceback:
	...\server\script\missions\leaguematch\macthtype\normal.lua:117: in function 'tmp_process_data'
	...server\script\missions\leaguematch\macthtype\teacher.lua:141: in main chunk
	[C]: in function 'Include'
	...F_ONLINE\bin\server\script\missions\leaguematch\head.lua:310: in main chunk
	[C]: in function 'Include'
	...\server\script\missions\leaguematch\macthtype\normal.lua:3: in main chunk
	[C]: in function 'Include'
	...NLINE\bin\server\script\missions\leaguematch\tb_head.lua:1: in main chunk
	[C]: in function 'Include'
	[string "?"]:1: in main chunk
error: ...\server\script\missions\leaguematch\macthtype\normal.lua:117: attempt to call a table value (for iterator 'for iterator')
stack traceback:
	...\server\script\missions\leaguematch\macthtype\normal.lua:117: in function 'tmp_process_data'
	...n\server\script\missions\leaguematch\macthtype\three.lua:105: in main chunk
	[C]: in function 'Include'
	...F_ONLINE\bin\server\script\missions\leaguematch\head.lua:312: in main chunk
	[C]: in function 'Include'
	...\server\script\missions\leaguematch\macthtype\normal.lua:3: in main chunk
	[C]: in function 'Include'
	...NLINE\bin\server\script\missions\leaguematch\tb_head.lua:1: in main chunk
	[C]: in function 'Include'
	[string "?"]:1: in main chunk
error: ...\server\script\missions\leaguematch\macthtype\normal.lua:117: attempt to call a table value (for iterator 'for iterator')
stack traceback:
	...\server\script\missions\leaguematch\macthtype\normal.lua:117: in function 'tmp_process_data'
	...\server\script\missions\leaguematch\macthtype\single.lua:102: in main chunk
	[C]: in function 'Include'
	...F_ONLINE\bin\server\script\missions\leaguematch\head.lua:314: in main chunk
	[C]: in function 'Include'
	...\server\script\missions\leaguematch\macthtype\normal.lua:3: in main chunk
	[C]: in function 'Include'
	...NLINE\bin\server\script\missions\leaguematch\tb_head.lua:1: in main chunk
	[C]: in function 'Include'
	[string "?"]:1: in main chunk
error: ...\server\script\missions\leaguematch\macthtype\normal.lua:117: attempt to call a table value (for iterator 'for iterator')
stack traceback:
	...\server\script\missions\leaguematch\macthtype\normal.lua:117: in function 'tmp_process_data'
	...\server\script\missions\leaguematch\macthtype\series.lua:170: in main chunk
	[C]: in function 'Include'
	...F_ONLINE\bin\server\script\missions\leaguematch\head.lua:316: in main chunk
	[C]: in function 'Include'
	...\server\script\missions\leaguematch\macthtype\normal.lua:3: in main chunk
	[C]: in function 'Include'
	...NLINE\bin\server\script\missions\leaguematch\tb_head.lua:1: in main chunk
	[C]: in function 'Include'
	[string "?"]:1: in main chunk
error: ...\server\script\missions\leaguematch\macthtype\normal.lua:117: attempt to call a table value (for iterator 'for iterator')
stack traceback:
	...\server\script\missions\leaguematch\macthtype\normal.lua:117: in function 'tmp_process_data'
	...r\script\missions\leaguematch\macthtype\mixeddoubles.lua:123: in main chunk
	[C]: in function 'Include'
	...F_ONLINE\bin\server\script\missions\leaguematch\head.lua:318: in main chunk
	[C]: in function 'Include'
	...\server\script\missions\leaguematch\macthtype\normal.lua:3: in main chunk
	[C]: in function 'Include'
	...NLINE\bin\server\script\missions\leaguematch\tb_head.lua:1: in main chunk
	[C]: in function 'Include'
	[string "?"]:1: in main chunk
error: ...\server\script\missions\leaguematch\macthtype\normal.lua:117: attempt to call a table value (for iterator 'for iterator')
stack traceback:
	...\server\script\missions\leaguematch\macthtype\normal.lua:117: in function 'tmp_process_data'
	[string "?"]:102: in main chunk
2026/09/05 12:04:53.658 	 ScriptError 4:[1] (\script\missions\leaguematch\macthtype\single.lua) 

error: ...eVs22\TESTLOFFF_ONLINE\bin\server\scriptjx2\lib\file.lua:57: unexpected symbol near '%'
error: ...eVs22\TESTLOFFF_ONLINE\bin\server\scriptjx2\lib\file.lua:57: unexpected symbol near '%'
error: ...OFFF_ONLINE\bin\server\script\task\task_addplayerexp.lua:16: unexpected symbol near '%'
error: ...s22\TESTLOFFF_ONLINE\bin\server\script\lib\baseclass.lua:26: unexpected symbol near '%'
error: ..._ONLINE\bin\server\script\activitysys\activitydetail.lua:106: unexpected symbol near '%'
error: ...\TESTLOFFF_ONLINE\bin\server\script\misc\taskmanager.lua:340: unexpected symbol near '%'
error: ...ourceVs22\TESTLOFFF_ONLINE\bin\server\script\lib\log.lua:94: unexpected symbol near '%'
error: ...ourceVs22\TESTLOFFF_ONLINE\bin\server\script\lib\log.lua:94: unexpected symbol near '%'
error: ...ourceVs22\TESTLOFFF_ONLINE\bin\server\script\lib\log.lua:94: unexpected symbol near '%'
error: ...FFF_ONLINE\bin\server\script\activitysys\functionlib.lua:105: unexpected symbol near '%'
error: ...FFF_ONLINE\bin\server\script\activitysys\functionlib.lua:105: unexpected symbol near '%'
error: ...FFF_ONLINE\bin\server\script\misc\eventsys\type\func.lua:107: attempt to call a table value (for iterator 'for iterator')
stack traceback:
	...FFF_ONLINE\bin\server\script\misc\eventsys\type\func.lua:107: in main chunk
	[C]: in function 'Include'
	...F_ONLINE\bin\server\script\missions\leaguematch\head.lua:26: in main chunk
	[C]: in function 'Include'
	...\server\script\missions\leaguematch\macthtype\normal.lua:3: in main chunk
	[C]: in function 'Include'
	...NLINE\bin\server\script\missions\leaguematch\tb_head.lua:1: in main chunk
	[C]: in function 'Include'
	[string "?"]:1: in main chunk
error: ...FF_ONLINE\bin\server\script\activitysys\playerfunlib.lua:708: unexpected symbol near '%'
error: ...\server\script\missions\leaguematch\macthtype\normal.lua:117: attempt to call a table value (for iterator 'for iterator')
stack traceback:
	...\server\script\missions\leaguematch\macthtype\normal.lua:117: in function 'tmp_process_data'
	...\server\script\missions\leaguematch\macthtype\double.lua:106: in main chunk
	[C]: in function 'Include'
	...F_ONLINE\bin\server\script\missions\leaguematch\head.lua:304: in main chunk
	[C]: in function 'Include'
	...\server\script\missions\leaguematch\macthtype\normal.lua:3: in main chunk
	[C]: in function 'Include'
	...NLINE\bin\server\script\missions\leaguematch\tb_head.lua:1: in main chunk
	[C]: in function 'Include'
	[string "?"]:1: in main chunk
error: ...\server\script\missions\leaguematch\macthtype\normal.lua:117: attempt to call a table value (for iterator 'for iterator')
stack traceback:
	...\server\script\missions\leaguematch\macthtype\normal.lua:117: in function 'tmp_process_data'
	...server\script\missions\leaguematch\macthtype\faction.lua:218: in main chunk
	[C]: in function 'Include'
	...F_ONLINE\bin\server\script\missions\leaguematch\head.lua:307: in main chunk
	[C]: in function 'Include'
	...\server\script\missions\leaguematch\macthtype\normal.lua:3: in main chunk
	[C]: in function 'Include'
	...NLINE\bin\server\script\missions\leaguematch\tb_head.lua:1: in main chunk
	[C]: in function 'Include'
	[string "?"]:1: in main chunk
error: ...\server\script\missions\leaguematch\macthtype\normal.lua:117: attempt to call a table value (for iterator 'for iterator')
stack traceback:
	...\server\script\missions\leaguematch\macthtype\normal.lua:117: in function 'tmp_process_data'
	...server\script\missions\leaguematch\macthtype\teacher.lua:141: in main chunk
	[C]: in function 'Include'
	...F_ONLINE\bin\server\script\missions\leaguematch\head.lua:310: in main chunk
	[C]: in function 'Include'
	...\server\script\missions\leaguematch\macthtype\normal.lua:3: in main chunk
	[C]: in function 'Include'
	...NLINE\bin\server\script\missions\leaguematch\tb_head.lua:1: in main chunk
	[C]: in function 'Include'
	[string "?"]:1: in main chunk
error: ...\server\script\missions\leaguematch\macthtype\normal.lua:117: attempt to call a table value (for iterator 'for iterator')
stack traceback:
	...\server\script\missions\leaguematch\macthtype\normal.lua:117: in function 'tmp_process_data'
	...n\server\script\missions\leaguematch\macthtype\three.lua:105: in main chunk
	[C]: in function 'Include'
	...F_ONLINE\bin\server\script\missions\leaguematch\head.lua:312: in main chunk
	[C]: in function 'Include'
	...\server\script\missions\leaguematch\macthtype\normal.lua:3: in main chunk
	[C]: in function 'Include'
	...NLINE\bin\server\script\missions\leaguematch\tb_head.lua:1: in main chunk
	[C]: in function 'Include'
	[string "?"]:1: in main chunk
error: ...\server\script\missions\leaguematch\macthtype\normal.lua:117: attempt to call a table value (for iterator 'for iterator')
stack traceback:
	...\server\script\missions\leaguematch\macthtype\normal.lua:117: in function 'tmp_process_data'
	...\server\script\missions\leaguematch\macthtype\single.lua:102: in main chunk
	[C]: in function 'Include'
	...F_ONLINE\bin\server\script\missions\leaguematch\head.lua:314: in main chunk
	[C]: in function 'Include'
	...\server\script\missions\leaguematch\macthtype\normal.lua:3: in main chunk
	[C]: in function 'Include'
	...NLINE\bin\server\script\missions\leaguematch\tb_head.lua:1: in main chunk
	[C]: in function 'Include'
	[string "?"]:1: in main chunk
error: ...\server\script\missions\leaguematch\macthtype\normal.lua:117: attempt to call a table value (for iterator 'for iterator')
stack traceback:
	...\server\script\missions\leaguematch\macthtype\normal.lua:117: in function 'tmp_process_data'
	...\server\script\missions\leaguematch\macthtype\series.lua:170: in main chunk
	[C]: in function 'Include'
	...F_ONLINE\bin\server\script\missions\leaguematch\head.lua:316: in main chunk
	[C]: in function 'Include'
	...\server\script\missions\leaguematch\macthtype\normal.lua:3: in main chunk
	[C]: in function 'Include'
	...NLINE\bin\server\script\missions\leaguematch\tb_head.lua:1: in main chunk
	[C]: in function 'Include'
	[string "?"]:1: in main chunk
error: ...\server\script\missions\leaguematch\macthtype\normal.lua:117: attempt to call a table value (for iterator 'for iterator')
stack traceback:
	...\server\script\missions\leaguematch\macthtype\normal.lua:117: in function 'tmp_process_data'
	...r\script\missions\leaguematch\macthtype\mixeddoubles.lua:123: in main chunk
	[C]: in function 'Include'
	...F_ONLINE\bin\server\script\missions\leaguematch\head.lua:318: in main chunk
	[C]: in function 'Include'
	...\server\script\missions\leaguematch\macthtype\normal.lua:3: in main chunk
	[C]: in function 'Include'
	...NLINE\bin\server\script\missions\leaguematch\tb_head.lua:1: in main chunk
	[C]: in function 'Include'
	[string "?"]:1: in main chunk
error: ...\server\script\missions\leaguematch\macthtype\normal.lua:117: attempt to call a table value (for iterator 'for iterator')
stack traceback:
	...\server\script\missions\leaguematch\macthtype\normal.lua:117: in function 'tmp_process_data'
	[string "?"]:141: in main chunk
2026/09/05 12:04:53.674 	 ScriptError 4:[1] (\script\missions\leaguematch\macthtype\teacher.lua) 

error: ...eVs22\TESTLOFFF_ONLINE\bin\server\scriptjx2\lib\file.lua:57: unexpected symbol near '%'
error: ...eVs22\TESTLOFFF_ONLINE\bin\server\scriptjx2\lib\file.lua:57: unexpected symbol near '%'
error: ...OFFF_ONLINE\bin\server\script\task\task_addplayerexp.lua:16: unexpected symbol near '%'
error: ...s22\TESTLOFFF_ONLINE\bin\server\script\lib\baseclass.lua:26: unexpected symbol near '%'
error: ..._ONLINE\bin\server\script\activitysys\activitydetail.lua:106: unexpected symbol near '%'
error: ...\TESTLOFFF_ONLINE\bin\server\script\misc\taskmanager.lua:340: unexpected symbol near '%'
error: ...ourceVs22\TESTLOFFF_ONLINE\bin\server\script\lib\log.lua:94: unexpected symbol near '%'
error: ...ourceVs22\TESTLOFFF_ONLINE\bin\server\script\lib\log.lua:94: unexpected symbol near '%'
error: ...ourceVs22\TESTLOFFF_ONLINE\bin\server\script\lib\log.lua:94: unexpected symbol near '%'
error: ...FFF_ONLINE\bin\server\script\activitysys\functionlib.lua:105: unexpected symbol near '%'
error: ...FFF_ONLINE\bin\server\script\activitysys\functionlib.lua:105: unexpected symbol near '%'
error: ...FFF_ONLINE\bin\server\script\misc\eventsys\type\func.lua:107: attempt to call a table value (for iterator 'for iterator')
stack traceback:
	...FFF_ONLINE\bin\server\script\misc\eventsys\type\func.lua:107: in main chunk
	[C]: in function 'Include'
	...F_ONLINE\bin\server\script\missions\leaguematch\head.lua:26: in main chunk
	[C]: in function 'Include'
	...\server\script\missions\leaguematch\macthtype\normal.lua:3: in main chunk
	[C]: in function 'Include'
	...NLINE\bin\server\script\missions\leaguematch\tb_head.lua:1: in main chunk
	[C]: in function 'Include'
	[string "?"]:1: in main chunk
error: ...FF_ONLINE\bin\server\script\activitysys\playerfunlib.lua:708: unexpected symbol near '%'
error: ...\server\script\missions\leaguematch\macthtype\normal.lua:117: attempt to call a table value (for iterator 'for iterator')
stack traceback:
	...\server\script\missions\leaguematch\macthtype\normal.lua:117: in function 'tmp_process_data'
	...\server\script\missions\leaguematch\macthtype\double.lua:106: in main chunk
	[C]: in function 'Include'
	...F_ONLINE\bin\server\script\missions\leaguematch\head.lua:304: in main chunk
	[C]: in function 'Include'
	...\server\script\missions\leaguematch\macthtype\normal.lua:3: in main chunk
	[C]: in function 'Include'
	...NLINE\bin\server\script\missions\leaguematch\tb_head.lua:1: in main chunk
	[C]: in function 'Include'
	[string "?"]:1: in main chunk
error: ...\server\script\missions\leaguematch\macthtype\normal.lua:117: attempt to call a table value (for iterator 'for iterator')
stack traceback:
	...\server\script\missions\leaguematch\macthtype\normal.lua:117: in function 'tmp_process_data'
	...server\script\missions\leaguematch\macthtype\faction.lua:218: in main chunk
	[C]: in function 'Include'
	...F_ONLINE\bin\server\script\missions\leaguematch\head.lua:307: in main chunk
	[C]: in function 'Include'
	...\server\script\missions\leaguematch\macthtype\normal.lua:3: in main chunk
	[C]: in function 'Include'
	...NLINE\bin\server\script\missions\leaguematch\tb_head.lua:1: in main chunk
	[C]: in function 'Include'
	[string "?"]:1: in main chunk
error: ...\server\script\missions\leaguematch\macthtype\normal.lua:117: attempt to call a table value (for iterator 'for iterator')
stack traceback:
	...\server\script\missions\leaguematch\macthtype\normal.lua:117: in function 'tmp_process_data'
	...server\script\missions\leaguematch\macthtype\teacher.lua:141: in main chunk
	[C]: in function 'Include'
	...F_ONLINE\bin\server\script\missions\leaguematch\head.lua:310: in main chunk
	[C]: in function 'Include'
	...\server\script\missions\leaguematch\macthtype\normal.lua:3: in main chunk
	[C]: in function 'Include'
	...NLINE\bin\server\script\missions\leaguematch\tb_head.lua:1: in main chunk
	[C]: in function 'Include'
	[string "?"]:1: in main chunk
error: ...\server\script\missions\leaguematch\macthtype\normal.lua:117: attempt to call a table value (for iterator 'for iterator')
stack traceback:
	...\server\script\missions\leaguematch\macthtype\normal.lua:117: in function 'tmp_process_data'
	...n\server\script\missions\leaguematch\macthtype\three.lua:105: in main chunk
	[C]: in function 'Include'
	...F_ONLINE\bin\server\script\missions\leaguematch\head.lua:312: in main chunk
	[C]: in function 'Include'
	...\server\script\missions\leaguematch\macthtype\normal.lua:3: in main chunk
	[C]: in function 'Include'
	...NLINE\bin\server\script\missions\leaguematch\tb_head.lua:1: in main chunk
	[C]: in function 'Include'
	[string "?"]:1: in main chunk
error: ...\server\script\missions\leaguematch\macthtype\normal.lua:117: attempt to call a table value (for iterator 'for iterator')
stack traceback:
	...\server\script\missions\leaguematch\macthtype\normal.lua:117: in function 'tmp_process_data'
	...\server\script\missions\leaguematch\macthtype\single.lua:102: in main chunk
	[C]: in function 'Include'
	...F_ONLINE\bin\server\script\missions\leaguematch\head.lua:314: in main chunk
	[C]: in function 'Include'
	...\server\script\missions\leaguematch\macthtype\normal.lua:3: in main chunk
	[C]: in function 'Include'
	...NLINE\bin\server\script\missions\leaguematch\tb_head.lua:1: in main chunk
	[C]: in function 'Include'
	[string "?"]:1: in main chunk
error: ...\server\script\missions\leaguematch\macthtype\normal.lua:117: attempt to call a table value (for iterator 'for iterator')
stack traceback:
	...\server\script\missions\leaguematch\macthtype\normal.lua:117: in function 'tmp_process_data'
	...\server\script\missions\leaguematch\macthtype\series.lua:170: in main chunk
	[C]: in function 'Include'
	...F_ONLINE\bin\server\script\missions\leaguematch\head.lua:316: in main chunk
	[C]: in function 'Include'
	...\server\script\missions\leaguematch\macthtype\normal.lua:3: in main chunk
	[C]: in function 'Include'
	...NLINE\bin\server\script\missions\leaguematch\tb_head.lua:1: in main chunk
	[C]: in function 'Include'
	[string "?"]:1: in main chunk
error: ...\server\script\missions\leaguematch\macthtype\normal.lua:117: attempt to call a table value (for iterator 'for iterator')
stack traceback:
	...\server\script\missions\leaguematch\macthtype\normal.lua:117: in function 'tmp_process_data'
	...r\script\missions\leaguematch\macthtype\mixeddoubles.lua:123: in main chunk
	[C]: in function 'Include'
	...F_ONLINE\bin\server\script\missions\leaguematch\head.lua:318: in main chunk
	[C]: in function 'Include'
	...\server\script\missions\leaguematch\macthtype\normal.lua:3: in main chunk
	[C]: in function 'Include'
	...NLINE\bin\server\script\missions\leaguematch\tb_head.lua:1: in main chunk
	[C]: in function 'Include'
	[string "?"]:1: in main chunk
error: ...\server\script\missions\leaguematch\macthtype\normal.lua:117: attempt to call a table value (for iterator 'for iterator')
stack traceback:
	...\server\script\missions\leaguematch\macthtype\normal.lua:117: in function 'tmp_process_data'
	[string "?"]:105: in main chunk
2026/09/05 12:04:53.689 	 ScriptError 4:[1] (\script\missions\leaguematch\macthtype\three.lua) 

error: ...eVs22\TESTLOFFF_ONLINE\bin\server\scriptjx2\lib\file.lua:57: unexpected symbol near '%'
error: ...eVs22\TESTLOFFF_ONLINE\bin\server\scriptjx2\lib\file.lua:57: unexpected symbol near '%'
error: ...OFFF_ONLINE\bin\server\script\task\task_addplayerexp.lua:16: unexpected symbol near '%'
error: ...s22\TESTLOFFF_ONLINE\bin\server\script\lib\baseclass.lua:26: unexpected symbol near '%'
error: ..._ONLINE\bin\server\script\activitysys\activitydetail.lua:106: unexpected symbol near '%'
error: ...\TESTLOFFF_ONLINE\bin\server\script\misc\taskmanager.lua:340: unexpected symbol near '%'
error: ...ourceVs22\TESTLOFFF_ONLINE\bin\server\script\lib\log.lua:94: unexpected symbol near '%'
error: ...ourceVs22\TESTLOFFF_ONLINE\bin\server\script\lib\log.lua:94: unexpected symbol near '%'
error: ...ourceVs22\TESTLOFFF_ONLINE\bin\server\script\lib\log.lua:94: unexpected symbol near '%'
error: ...FFF_ONLINE\bin\server\script\activitysys\functionlib.lua:105: unexpected symbol near '%'
error: ...FFF_ONLINE\bin\server\script\activitysys\functionlib.lua:105: unexpected symbol near '%'
error: ...FFF_ONLINE\bin\server\script\misc\eventsys\type\func.lua:107: attempt to call a table value (for iterator 'for iterator')
stack traceback:
	...FFF_ONLINE\bin\server\script\misc\eventsys\type\func.lua:107: in main chunk
	[C]: in function 'Include'
	...F_ONLINE\bin\server\script\missions\leaguematch\head.lua:26: in main chunk
	[C]: in function 'Include'
	...\server\script\missions\leaguematch\macthtype\normal.lua:3: in main chunk
	[C]: in function 'Include'
	...NLINE\bin\server\script\missions\leaguematch\tb_head.lua:1: in main chunk
	[C]: in function 'Include'
	[string "?"]:2: in main chunk
error: ...FF_ONLINE\bin\server\script\activitysys\playerfunlib.lua:708: unexpected symbol near '%'
error: ...\server\script\missions\leaguematch\macthtype\normal.lua:117: attempt to call a table value (for iterator 'for iterator')
stack traceback:
	...\server\script\missions\leaguematch\macthtype\normal.lua:117: in function 'tmp_process_data'
	...\server\script\missions\leaguematch\macthtype\double.lua:106: in main chunk
	[C]: in function 'Include'
	...F_ONLINE\bin\server\script\missions\leaguematch\head.lua:304: in main chunk
	[C]: in function 'Include'
	...\server\script\missions\leaguematch\macthtype\normal.lua:3: in main chunk
	[C]: in function 'Include'
	...NLINE\bin\server\script\missions\leaguematch\tb_head.lua:1: in main chunk
	[C]: in function 'Include'
	[string "?"]:2: in main chunk
error: ...\server\script\missions\leaguematch\macthtype\normal.lua:117: attempt to call a table value (for iterator 'for iterator')
stack traceback:
	...\server\script\missions\leaguematch\macthtype\normal.lua:117: in function 'tmp_process_data'
	...server\script\missions\leaguematch\macthtype\faction.lua:218: in main chunk
	[C]: in function 'Include'
	...F_ONLINE\bin\server\script\missions\leaguematch\head.lua:307: in main chunk
	[C]: in function 'Include'
	...\server\script\missions\leaguematch\macthtype\normal.lua:3: in main chunk
	[C]: in function 'Include'
	...NLINE\bin\server\script\missions\leaguematch\tb_head.lua:1: in main chunk
	[C]: in function 'Include'
	[string "?"]:2: in main chunk
error: ...\server\script\missions\leaguematch\macthtype\normal.lua:117: attempt to call a table value (for iterator 'for iterator')
stack traceback:
	...\server\script\missions\leaguematch\macthtype\normal.lua:117: in function 'tmp_process_data'
	...server\script\missions\leaguematch\macthtype\teacher.lua:141: in main chunk
	[C]: in function 'Include'
	...F_ONLINE\bin\server\script\missions\leaguematch\head.lua:310: in main chunk
	[C]: in function 'Include'
	...\server\script\missions\leaguematch\macthtype\normal.lua:3: in main chunk
	[C]: in function 'Include'
	...NLINE\bin\server\script\missions\leaguematch\tb_head.lua:1: in main chunk
	[C]: in function 'Include'
	[string "?"]:2: in main chunk
error: ...\server\script\missions\leaguematch\macthtype\normal.lua:117: attempt to call a table value (for iterator 'for iterator')
stack traceback:
	...\server\script\missions\leaguematch\macthtype\normal.lua:117: in function 'tmp_process_data'
	...n\server\script\missions\leaguematch\macthtype\three.lua:105: in main chunk
	[C]: in function 'Include'
	...F_ONLINE\bin\server\script\missions\leaguematch\head.lua:312: in main chunk
	[C]: in function 'Include'
	...\server\script\missions\leaguematch\macthtype\normal.lua:3: in main chunk
	[C]: in function 'Include'
	...NLINE\bin\server\script\missions\leaguematch\tb_head.lua:1: in main chunk
	[C]: in function 'Include'
	[string "?"]:2: in main chunk
error: ...\server\script\missions\leaguematch\macthtype\normal.lua:117: attempt to call a table value (for iterator 'for iterator')
stack traceback:
	...\server\script\missions\leaguematch\macthtype\normal.lua:117: in function 'tmp_process_data'
	...\server\script\missions\leaguematch\macthtype\single.lua:102: in main chunk
	[C]: in function 'Include'
	...F_ONLINE\bin\server\script\missions\leaguematch\head.lua:314: in main chunk
	[C]: in function 'Include'
	...\server\script\missions\leaguematch\macthtype\normal.lua:3: in main chunk
	[C]: in function 'Include'
	...NLINE\bin\server\script\missions\leaguematch\tb_head.lua:1: in main chunk
	[C]: in function 'Include'
	[string "?"]:2: in main chunk
error: ...\server\script\missions\leaguematch\macthtype\normal.lua:117: attempt to call a table value (for iterator 'for iterator')
stack traceback:
	...\server\script\missions\leaguematch\macthtype\normal.lua:117: in function 'tmp_process_data'
	...\server\script\missions\leaguematch\macthtype\series.lua:170: in main chunk
	[C]: in function 'Include'
	...F_ONLINE\bin\server\script\missions\leaguematch\head.lua:316: in main chunk
	[C]: in function 'Include'
	...\server\script\missions\leaguematch\macthtype\normal.lua:3: in main chunk
	[C]: in function 'Include'
	...NLINE\bin\server\script\missions\leaguematch\tb_head.lua:1: in main chunk
	[C]: in function 'Include'
	[string "?"]:2: in main chunk
error: ...\server\script\missions\leaguematch\macthtype\normal.lua:117: attempt to call a table value (for iterator 'for iterator')
stack traceback:
	...\server\script\missions\leaguematch\macthtype\normal.lua:117: in function 'tmp_process_data'
	...r\script\missions\leaguematch\macthtype\mixeddoubles.lua:123: in main chunk
	[C]: in function 'Include'
	...F_ONLINE\bin\server\script\missions\leaguematch\head.lua:318: in main chunk
	[C]: in function 'Include'
	...\server\script\missions\leaguematch\macthtype\normal.lua:3: in main chunk
	[C]: in function 'Include'
	...NLINE\bin\server\script\missions\leaguematch\tb_head.lua:1: in main chunk
	[C]: in function 'Include'
	[string "?"]:2: in main chunk
error: ...\server\script\missions\leaguematch\macthtype\normal.lua:117: attempt to call a table value (for iterator 'for iterator')
stack traceback:
	...\server\script\missions\leaguematch\macthtype\normal.lua:117: in function 'tmp_process_data'
	[string "?"]:106: in main chunk
2026/09/05 12:22:39.516 	 ScriptError 4:[1] (\script\missions\leaguematch\macthtype\double.lua) 

error: ...eVs22\TESTLOFFF_ONLINE\bin\server\scriptjx2\lib\file.lua:57: unexpected symbol near '%'
error: ...eVs22\TESTLOFFF_ONLINE\bin\server\scriptjx2\lib\file.lua:57: unexpected symbol near '%'
error: ...OFFF_ONLINE\bin\server\script\task\task_addplayerexp.lua:16: unexpected symbol near '%'
error: ...s22\TESTLOFFF_ONLINE\bin\server\script\lib\baseclass.lua:26: unexpected symbol near '%'
error: ..._ONLINE\bin\server\script\activitysys\activitydetail.lua:106: unexpected symbol near '%'
error: ...\TESTLOFFF_ONLINE\bin\server\script\misc\taskmanager.lua:340: unexpected symbol near '%'
error: ...ourceVs22\TESTLOFFF_ONLINE\bin\server\script\lib\log.lua:94: unexpected symbol near '%'
error: ...ourceVs22\TESTLOFFF_ONLINE\bin\server\script\lib\log.lua:94: unexpected symbol near '%'
error: ...ourceVs22\TESTLOFFF_ONLINE\bin\server\script\lib\log.lua:94: unexpected symbol near '%'
error: ...FFF_ONLINE\bin\server\script\activitysys\functionlib.lua:105: unexpected symbol near '%'
error: ...FFF_ONLINE\bin\server\script\activitysys\functionlib.lua:105: unexpected symbol near '%'
error: ...FFF_ONLINE\bin\server\script\misc\eventsys\type\func.lua:107: attempt to call a table value (for iterator 'for iterator')
stack traceback:
	...FFF_ONLINE\bin\server\script\misc\eventsys\type\func.lua:107: in main chunk
	[C]: in function 'Include'
	...F_ONLINE\bin\server\script\missions\leaguematch\head.lua:26: in main chunk
	[C]: in function 'Include'
	...\server\script\missions\leaguematch\macthtype\normal.lua:3: in main chunk
	[C]: in function 'Include'
	...NLINE\bin\server\script\missions\leaguematch\tb_head.lua:1: in main chunk
	[C]: in function 'Include'
	[string "?"]:1: in main chunk
error: ...FF_ONLINE\bin\server\script\activitysys\playerfunlib.lua:708: unexpected symbol near '%'
error: ...\server\script\missions\leaguematch\macthtype\normal.lua:117: attempt to call a table value (for iterator 'for iterator')
stack traceback:
	...\server\script\missions\leaguematch\macthtype\normal.lua:117: in function 'tmp_process_data'
	...\server\script\missions\leaguematch\macthtype\double.lua:106: in main chunk
	[C]: in function 'Include'
	...F_ONLINE\bin\server\script\missions\leaguematch\head.lua:304: in main chunk
	[C]: in function 'Include'
	...\server\script\missions\leaguematch\macthtype\normal.lua:3: in main chunk
	[C]: in function 'Include'
	...NLINE\bin\server\script\missions\leaguematch\tb_head.lua:1: in main chunk
	[C]: in function 'Include'
	[string "?"]:1: in main chunk
error: ...\server\script\missions\leaguematch\macthtype\normal.lua:117: attempt to call a table value (for iterator 'for iterator')
stack traceback:
	...\server\script\missions\leaguematch\macthtype\normal.lua:117: in function 'tmp_process_data'
	...server\script\missions\leaguematch\macthtype\faction.lua:218: in main chunk
	[C]: in function 'Include'
	...F_ONLINE\bin\server\script\missions\leaguematch\head.lua:307: in main chunk
	[C]: in function 'Include'
	...\server\script\missions\leaguematch\macthtype\normal.lua:3: in main chunk
	[C]: in function 'Include'
	...NLINE\bin\server\script\missions\leaguematch\tb_head.lua:1: in main chunk
	[C]: in function 'Include'
	[string "?"]:1: in main chunk
error: ...\server\script\missions\leaguematch\macthtype\normal.lua:117: attempt to call a table value (for iterator 'for iterator')
stack traceback:
	...\server\script\missions\leaguematch\macthtype\normal.lua:117: in function 'tmp_process_data'
	...server\script\missions\leaguematch\macthtype\teacher.lua:141: in main chunk
	[C]: in function 'Include'
	...F_ONLINE\bin\server\script\missions\leaguematch\head.lua:310: in main chunk
	[C]: in function 'Include'
	...\server\script\missions\leaguematch\macthtype\normal.lua:3: in main chunk
	[C]: in function 'Include'
	...NLINE\bin\server\script\missions\leaguematch\tb_head.lua:1: in main chunk
	[C]: in function 'Include'
	[string "?"]:1: in main chunk
error: ...\server\script\missions\leaguematch\macthtype\normal.lua:117: attempt to call a table value (for iterator 'for iterator')
stack traceback:
	...\server\script\missions\leaguematch\macthtype\normal.lua:117: in function 'tmp_process_data'
	...n\server\script\missions\leaguematch\macthtype\three.lua:105: in main chunk
	[C]: in function 'Include'
	...F_ONLINE\bin\server\script\missions\leaguematch\head.lua:312: in main chunk
	[C]: in function 'Include'
	...\server\script\missions\leaguematch\macthtype\normal.lua:3: in main chunk
	[C]: in function 'Include'
	...NLINE\bin\server\script\missions\leaguematch\tb_head.lua:1: in main chunk
	[C]: in function 'Include'
	[string "?"]:1: in main chunk
error: ...\server\script\missions\leaguematch\macthtype\normal.lua:117: attempt to call a table value (for iterator 'for iterator')
stack traceback:
	...\server\script\missions\leaguematch\macthtype\normal.lua:117: in function 'tmp_process_data'
	...\server\script\missions\leaguematch\macthtype\single.lua:102: in main chunk
	[C]: in function 'Include'
	...F_ONLINE\bin\server\script\missions\leaguematch\head.lua:314: in main chunk
	[C]: in function 'Include'
	...\server\script\missions\leaguematch\macthtype\normal.lua:3: in main chunk
	[C]: in function 'Include'
	...NLINE\bin\server\script\missions\leaguematch\tb_head.lua:1: in main chunk
	[C]: in function 'Include'
	[string "?"]:1: in main chunk
error: ...\server\script\missions\leaguematch\macthtype\normal.lua:117: attempt to call a table value (for iterator 'for iterator')
stack traceback:
	...\server\script\missions\leaguematch\macthtype\normal.lua:117: in function 'tmp_process_data'
	...\server\script\missions\leaguematch\macthtype\series.lua:170: in main chunk
	[C]: in function 'Include'
	...F_ONLINE\bin\server\script\missions\leaguematch\head.lua:316: in main chunk
	[C]: in function 'Include'
	...\server\script\missions\leaguematch\macthtype\normal.lua:3: in main chunk
	[C]: in function 'Include'
	...NLINE\bin\server\script\missions\leaguematch\tb_head.lua:1: in main chunk
	[C]: in function 'Include'
	[string "?"]:1: in main chunk
error: ...\server\script\missions\leaguematch\macthtype\normal.lua:117: attempt to call a table value (for iterator 'for iterator')
stack traceback:
	...\server\script\missions\leaguematch\macthtype\normal.lua:117: in function 'tmp_process_data'
	...r\script\missions\leaguematch\macthtype\mixeddoubles.lua:123: in main chunk
	[C]: in function 'Include'
	...F_ONLINE\bin\server\script\missions\leaguematch\head.lua:318: in main chunk
	[C]: in function 'Include'
	...\server\script\missions\leaguematch\macthtype\normal.lua:3: in main chunk
	[C]: in function 'Include'
	...NLINE\bin\server\script\missions\leaguematch\tb_head.lua:1: in main chunk
	[C]: in function 'Include'
	[string "?"]:1: in main chunk
error: ...\server\script\missions\leaguematch\macthtype\normal.lua:117: attempt to call a table value (for iterator 'for iterator')
stack traceback:
	...\server\script\missions\leaguematch\macthtype\normal.lua:117: in function 'tmp_process_data'
	[string "?"]:218: in main chunk
2026/09/05 12:22:39.530 	 ScriptError 4:[1] (\script\missions\leaguematch\macthtype\faction.lua) 

error: ...eVs22\TESTLOFFF_ONLINE\bin\server\scriptjx2\lib\file.lua:57: unexpected symbol near '%'
error: ...eVs22\TESTLOFFF_ONLINE\bin\server\scriptjx2\lib\file.lua:57: unexpected symbol near '%'
error: ...OFFF_ONLINE\bin\server\script\task\task_addplayerexp.lua:16: unexpected symbol near '%'
error: ...s22\TESTLOFFF_ONLINE\bin\server\script\lib\baseclass.lua:26: unexpected symbol near '%'
error: ..._ONLINE\bin\server\script\activitysys\activitydetail.lua:106: unexpected symbol near '%'
error: ...\TESTLOFFF_ONLINE\bin\server\script\misc\taskmanager.lua:340: unexpected symbol near '%'
error: ...ourceVs22\TESTLOFFF_ONLINE\bin\server\script\lib\log.lua:94: unexpected symbol near '%'
error: ...ourceVs22\TESTLOFFF_ONLINE\bin\server\script\lib\log.lua:94: unexpected symbol near '%'
error: ...ourceVs22\TESTLOFFF_ONLINE\bin\server\script\lib\log.lua:94: unexpected symbol near '%'
error: ...FFF_ONLINE\bin\server\script\activitysys\functionlib.lua:105: unexpected symbol near '%'
error: ...FFF_ONLINE\bin\server\script\activitysys\functionlib.lua:105: unexpected symbol near '%'
error: ...FFF_ONLINE\bin\server\script\misc\eventsys\type\func.lua:107: attempt to call a table value (for iterator 'for iterator')
stack traceback:
	...FFF_ONLINE\bin\server\script\misc\eventsys\type\func.lua:107: in main chunk
	[C]: in function 'Include'
	...F_ONLINE\bin\server\script\missions\leaguematch\head.lua:26: in main chunk
	[C]: in function 'Include'
	...\server\script\missions\leaguematch\macthtype\normal.lua:3: in main chunk
	[C]: in function 'Include'
	...NLINE\bin\server\script\missions\leaguematch\tb_head.lua:1: in main chunk
	[C]: in function 'Include'
	[string "?"]:1: in main chunk
error: ...FF_ONLINE\bin\server\script\activitysys\playerfunlib.lua:708: unexpected symbol near '%'
error: ...\server\script\missions\leaguematch\macthtype\normal.lua:117: attempt to call a table value (for iterator 'for iterator')
stack traceback:
	...\server\script\missions\leaguematch\macthtype\normal.lua:117: in function 'tmp_process_data'
	...\server\script\missions\leaguematch\macthtype\double.lua:106: in main chunk
	[C]: in function 'Include'
	...F_ONLINE\bin\server\script\missions\leaguematch\head.lua:304: in main chunk
	[C]: in function 'Include'
	...\server\script\missions\leaguematch\macthtype\normal.lua:3: in main chunk
	[C]: in function 'Include'
	...NLINE\bin\server\script\missions\leaguematch\tb_head.lua:1: in main chunk
	[C]: in function 'Include'
	[string "?"]:1: in main chunk
error: ...\server\script\missions\leaguematch\macthtype\normal.lua:117: attempt to call a table value (for iterator 'for iterator')
stack traceback:
	...\server\script\missions\leaguematch\macthtype\normal.lua:117: in function 'tmp_process_data'
	...server\script\missions\leaguematch\macthtype\faction.lua:218: in main chunk
	[C]: in function 'Include'
	...F_ONLINE\bin\server\script\missions\leaguematch\head.lua:307: in main chunk
	[C]: in function 'Include'
	...\server\script\missions\leaguematch\macthtype\normal.lua:3: in main chunk
	[C]: in function 'Include'
	...NLINE\bin\server\script\missions\leaguematch\tb_head.lua:1: in main chunk
	[C]: in function 'Include'
	[string "?"]:1: in main chunk
error: ...\server\script\missions\leaguematch\macthtype\normal.lua:117: attempt to call a table value (for iterator 'for iterator')
stack traceback:
	...\server\script\missions\leaguematch\macthtype\normal.lua:117: in function 'tmp_process_data'
	...server\script\missions\leaguematch\macthtype\teacher.lua:141: in main chunk
	[C]: in function 'Include'
	...F_ONLINE\bin\server\script\missions\leaguematch\head.lua:310: in main chunk
	[C]: in function 'Include'
	...\server\script\missions\leaguematch\macthtype\normal.lua:3: in main chunk
	[C]: in function 'Include'
	...NLINE\bin\server\script\missions\leaguematch\tb_head.lua:1: in main chunk
	[C]: in function 'Include'
	[string "?"]:1: in main chunk
error: ...\server\script\missions\leaguematch\macthtype\normal.lua:117: attempt to call a table value (for iterator 'for iterator')
stack traceback:
	...\server\script\missions\leaguematch\macthtype\normal.lua:117: in function 'tmp_process_data'
	...n\server\script\missions\leaguematch\macthtype\three.lua:105: in main chunk
	[C]: in function 'Include'
	...F_ONLINE\bin\server\script\missions\leaguematch\head.lua:312: in main chunk
	[C]: in function 'Include'
	...\server\script\missions\leaguematch\macthtype\normal.lua:3: in main chunk
	[C]: in function 'Include'
	...NLINE\bin\server\script\missions\leaguematch\tb_head.lua:1: in main chunk
	[C]: in function 'Include'
	[string "?"]:1: in main chunk
error: ...\server\script\missions\leaguematch\macthtype\normal.lua:117: attempt to call a table value (for iterator 'for iterator')
stack traceback:
	...\server\script\missions\leaguematch\macthtype\normal.lua:117: in function 'tmp_process_data'
	...\server\script\missions\leaguematch\macthtype\single.lua:102: in main chunk
	[C]: in function 'Include'
	...F_ONLINE\bin\server\script\missions\leaguematch\head.lua:314: in main chunk
	[C]: in function 'Include'
	...\server\script\missions\leaguematch\macthtype\normal.lua:3: in main chunk
	[C]: in function 'Include'
	...NLINE\bin\server\script\missions\leaguematch\tb_head.lua:1: in main chunk
	[C]: in function 'Include'
	[string "?"]:1: in main chunk
error: ...\server\script\missions\leaguematch\macthtype\normal.lua:117: attempt to call a table value (for iterator 'for iterator')
stack traceback:
	...\server\script\missions\leaguematch\macthtype\normal.lua:117: in function 'tmp_process_data'
	...\server\script\missions\leaguematch\macthtype\series.lua:170: in main chunk
	[C]: in function 'Include'
	...F_ONLINE\bin\server\script\missions\leaguematch\head.lua:316: in main chunk
	[C]: in function 'Include'
	...\server\script\missions\leaguematch\macthtype\normal.lua:3: in main chunk
	[C]: in function 'Include'
	...NLINE\bin\server\script\missions\leaguematch\tb_head.lua:1: in main chunk
	[C]: in function 'Include'
	[string "?"]:1: in main chunk
error: ...\server\script\missions\leaguematch\macthtype\normal.lua:117: attempt to call a table value (for iterator 'for iterator')
stack traceback:
	...\server\script\missions\leaguematch\macthtype\normal.lua:117: in function 'tmp_process_data'
	...r\script\missions\leaguematch\macthtype\mixeddoubles.lua:123: in main chunk
	[C]: in function 'Include'
	...F_ONLINE\bin\server\script\missions\leaguematch\head.lua:318: in main chunk
	[C]: in function 'Include'
	...\server\script\missions\leaguematch\macthtype\normal.lua:3: in main chunk
	[C]: in function 'Include'
	...NLINE\bin\server\script\missions\leaguematch\tb_head.lua:1: in main chunk
	[C]: in function 'Include'
	[string "?"]:1: in main chunk
error: ...\server\script\missions\leaguematch\macthtype\normal.lua:117: attempt to call a table value (for iterator 'for iterator')
stack traceback:
	...\server\script\missions\leaguematch\macthtype\normal.lua:117: in function 'tmp_process_data'
	[string "?"]:123: in main chunk
2026/09/05 12:22:39.545 	 ScriptError 4:[1] (\script\missions\leaguematch\macthtype\mixeddoubles.lua) 

error: ...eVs22\TESTLOFFF_ONLINE\bin\server\scriptjx2\lib\file.lua:57: unexpected symbol near '%'
error: ...eVs22\TESTLOFFF_ONLINE\bin\server\scriptjx2\lib\file.lua:57: unexpected symbol near '%'
error: ...OFFF_ONLINE\bin\server\script\task\task_addplayerexp.lua:16: unexpected symbol near '%'
error: ...s22\TESTLOFFF_ONLINE\bin\server\script\lib\baseclass.lua:26: unexpected symbol near '%'
error: ..._ONLINE\bin\server\script\activitysys\activitydetail.lua:106: unexpected symbol near '%'
error: ...\TESTLOFFF_ONLINE\bin\server\script\misc\taskmanager.lua:340: unexpected symbol near '%'
error: ...ourceVs22\TESTLOFFF_ONLINE\bin\server\script\lib\log.lua:94: unexpected symbol near '%'
error: ...ourceVs22\TESTLOFFF_ONLINE\bin\server\script\lib\log.lua:94: unexpected symbol near '%'
error: ...ourceVs22\TESTLOFFF_ONLINE\bin\server\script\lib\log.lua:94: unexpected symbol near '%'
error: ...FFF_ONLINE\bin\server\script\activitysys\functionlib.lua:105: unexpected symbol near '%'
error: ...FFF_ONLINE\bin\server\script\activitysys\functionlib.lua:105: unexpected symbol near '%'
error: ...FFF_ONLINE\bin\server\script\misc\eventsys\type\func.lua:107: attempt to call a table value (for iterator 'for iterator')
stack traceback:
	...FFF_ONLINE\bin\server\script\misc\eventsys\type\func.lua:107: in main chunk
	[C]: in function 'Include'
	...F_ONLINE\bin\server\script\missions\leaguematch\head.lua:26: in main chunk
	[C]: in function 'Include'
	[string "?"]:3: in main chunk
error: ...FF_ONLINE\bin\server\script\activitysys\playerfunlib.lua:708: unexpected symbol near '%'
error: ...\server\script\missions\leaguematch\macthtype\normal.lua:117: attempt to call a table value (for iterator 'for iterator')
stack traceback:
	...\server\script\missions\leaguematch\macthtype\normal.lua:117: in function 'tmp_process_data'
	...\server\script\missions\leaguematch\macthtype\double.lua:106: in main chunk
	[C]: in function 'Include'
	...F_ONLINE\bin\server\script\missions\leaguematch\head.lua:304: in main chunk
	[C]: in function 'Include'
	[string "?"]:3: in main chunk
error: ...\server\script\missions\leaguematch\macthtype\normal.lua:117: attempt to call a table value (for iterator 'for iterator')
stack traceback:
	...\server\script\missions\leaguematch\macthtype\normal.lua:117: in function 'tmp_process_data'
	...server\script\missions\leaguematch\macthtype\faction.lua:218: in main chunk
	[C]: in function 'Include'
	...F_ONLINE\bin\server\script\missions\leaguematch\head.lua:307: in main chunk
	[C]: in function 'Include'
	[string "?"]:3: in main chunk
error: ...\server\script\missions\leaguematch\macthtype\normal.lua:117: attempt to call a table value (for iterator 'for iterator')
stack traceback:
	...\server\script\missions\leaguematch\macthtype\normal.lua:117: in function 'tmp_process_data'
	...server\script\missions\leaguematch\macthtype\teacher.lua:141: in main chunk
	[C]: in function 'Include'
	...F_ONLINE\bin\server\script\missions\leaguematch\head.lua:310: in main chunk
	[C]: in function 'Include'
	[string "?"]:3: in main chunk
error: ...\server\script\missions\leaguematch\macthtype\normal.lua:117: attempt to call a table value (for iterator 'for iterator')
stack traceback:
	...\server\script\missions\leaguematch\macthtype\normal.lua:117: in function 'tmp_process_data'
	...n\server\script\missions\leaguematch\macthtype\three.lua:105: in main chunk
	[C]: in function 'Include'
	...F_ONLINE\bin\server\script\missions\leaguematch\head.lua:312: in main chunk
	[C]: in function 'Include'
	[string "?"]:3: in main chunk
error: ...\server\script\missions\leaguematch\macthtype\normal.lua:117: attempt to call a table value (for iterator 'for iterator')
stack traceback:
	...\server\script\missions\leaguematch\macthtype\normal.lua:117: in function 'tmp_process_data'
	...\server\script\missions\leaguematch\macthtype\single.lua:102: in main chunk
	[C]: in function 'Include'
	...F_ONLINE\bin\server\script\missions\leaguematch\head.lua:314: in main chunk
	[C]: in function 'Include'
	[string "?"]:3: in main chunk
error: ...\server\script\missions\leaguematch\macthtype\normal.lua:117: attempt to call a table value (for iterator 'for iterator')
stack traceback:
	...\server\script\missions\leaguematch\macthtype\normal.lua:117: in function 'tmp_process_data'
	...\server\script\missions\leaguematch\macthtype\series.lua:170: in main chunk
	[C]: in function 'Include'
	...F_ONLINE\bin\server\script\missions\leaguematch\head.lua:316: in main chunk
	[C]: in function 'Include'
	[string "?"]:3: in main chunk
error: ...\server\script\missions\leaguematch\macthtype\normal.lua:117: attempt to call a table value (for iterator 'for iterator')
stack traceback:
	...\server\script\missions\leaguematch\macthtype\normal.lua:117: in function 'tmp_process_data'
	...r\script\missions\leaguematch\macthtype\mixeddoubles.lua:123: in main chunk
	[C]: in function 'Include'
	...F_ONLINE\bin\server\script\missions\leaguematch\head.lua:318: in main chunk
	[C]: in function 'Include'
	[string "?"]:3: in main chunk
error: ...eVs22\TESTLOFFF_ONLINE\bin\server\scriptjx2\lib\file.lua:57: unexpected symbol near '%'
error: ...eVs22\TESTLOFFF_ONLINE\bin\server\scriptjx2\lib\file.lua:57: unexpected symbol near '%'
error: ...OFFF_ONLINE\bin\server\script\task\task_addplayerexp.lua:16: unexpected symbol near '%'
error: ...s22\TESTLOFFF_ONLINE\bin\server\script\lib\baseclass.lua:26: unexpected symbol near '%'
error: ..._ONLINE\bin\server\script\activitysys\activitydetail.lua:106: unexpected symbol near '%'
error: ...\TESTLOFFF_ONLINE\bin\server\script\misc\taskmanager.lua:340: unexpected symbol near '%'
error: ...ourceVs22\TESTLOFFF_ONLINE\bin\server\script\lib\log.lua:94: unexpected symbol near '%'
error: ...ourceVs22\TESTLOFFF_ONLINE\bin\server\script\lib\log.lua:94: unexpected symbol near '%'
error: ...ourceVs22\TESTLOFFF_ONLINE\bin\server\script\lib\log.lua:94: unexpected symbol near '%'
error: ...FFF_ONLINE\bin\server\script\activitysys\functionlib.lua:105: unexpected symbol near '%'
error: ...FFF_ONLINE\bin\server\script\activitysys\functionlib.lua:105: unexpected symbol near '%'
error: ...FFF_ONLINE\bin\server\script\misc\eventsys\type\func.lua:107: attempt to call a table value (for iterator 'for iterator')
stack traceback:
	...FFF_ONLINE\bin\server\script\misc\eventsys\type\func.lua:107: in main chunk
	[C]: in function 'Include'
	...F_ONLINE\bin\server\script\missions\leaguematch\head.lua:26: in main chunk
	[C]: in function 'Include'
	...\server\script\missions\leaguematch\macthtype\normal.lua:3: in main chunk
	[C]: in function 'Include'
	...NLINE\bin\server\script\missions\leaguematch\tb_head.lua:1: in main chunk
	[C]: in function 'Include'
	[string "?"]:1: in main chunk
error: ...FF_ONLINE\bin\server\script\activitysys\playerfunlib.lua:708: unexpected symbol near '%'
error: ...\server\script\missions\leaguematch\macthtype\normal.lua:117: attempt to call a table value (for iterator 'for iterator')
stack traceback:
	...\server\script\missions\leaguematch\macthtype\normal.lua:117: in function 'tmp_process_data'
	...\server\script\missions\leaguematch\macthtype\double.lua:106: in main chunk
	[C]: in function 'Include'
	...F_ONLINE\bin\server\script\missions\leaguematch\head.lua:304: in main chunk
	[C]: in function 'Include'
	...\server\script\missions\leaguematch\macthtype\normal.lua:3: in main chunk
	[C]: in function 'Include'
	...NLINE\bin\server\script\missions\leaguematch\tb_head.lua:1: in main chunk
	[C]: in function 'Include'
	[string "?"]:1: in main chunk
error: ...\server\script\missions\leaguematch\macthtype\normal.lua:117: attempt to call a table value (for iterator 'for iterator')
stack traceback:
	...\server\script\missions\leaguematch\macthtype\normal.lua:117: in function 'tmp_process_data'
	...server\script\missions\leaguematch\macthtype\faction.lua:218: in main chunk
	[C]: in function 'Include'
	...F_ONLINE\bin\server\script\missions\leaguematch\head.lua:307: in main chunk
	[C]: in function 'Include'
	...\server\script\missions\leaguematch\macthtype\normal.lua:3: in main chunk
	[C]: in function 'Include'
	...NLINE\bin\server\script\missions\leaguematch\tb_head.lua:1: in main chunk
	[C]: in function 'Include'
	[string "?"]:1: in main chunk
error: ...\server\script\missions\leaguematch\macthtype\normal.lua:117: attempt to call a table value (for iterator 'for iterator')
stack traceback:
	...\server\script\missions\leaguematch\macthtype\normal.lua:117: in function 'tmp_process_data'
	...server\script\missions\leaguematch\macthtype\teacher.lua:141: in main chunk
	[C]: in function 'Include'
	...F_ONLINE\bin\server\script\missions\leaguematch\head.lua:310: in main chunk
	[C]: in function 'Include'
	...\server\script\missions\leaguematch\macthtype\normal.lua:3: in main chunk
	[C]: in function 'Include'
	...NLINE\bin\server\script\missions\leaguematch\tb_head.lua:1: in main chunk
	[C]: in function 'Include'
	[string "?"]:1: in main chunk
error: ...\server\script\missions\leaguematch\macthtype\normal.lua:117: attempt to call a table value (for iterator 'for iterator')
stack traceback:
	...\server\script\missions\leaguematch\macthtype\normal.lua:117: in function 'tmp_process_data'
	...n\server\script\missions\leaguematch\macthtype\three.lua:105: in main chunk
	[C]: in function 'Include'
	...F_ONLINE\bin\server\script\missions\leaguematch\head.lua:312: in main chunk
	[C]: in function 'Include'
	...\server\script\missions\leaguematch\macthtype\normal.lua:3: in main chunk
	[C]: in function 'Include'
	...NLINE\bin\server\script\missions\leaguematch\tb_head.lua:1: in main chunk
	[C]: in function 'Include'
	[string "?"]:1: in main chunk
error: ...\server\script\missions\leaguematch\macthtype\normal.lua:117: attempt to call a table value (for iterator 'for iterator')
stack traceback:
	...\server\script\missions\leaguematch\macthtype\normal.lua:117: in function 'tmp_process_data'
	...\server\script\missions\leaguematch\macthtype\single.lua:102: in main chunk
	[C]: in function 'Include'
	...F_ONLINE\bin\server\script\missions\leaguematch\head.lua:314: in main chunk
	[C]: in function 'Include'
	...\server\script\missions\leaguematch\macthtype\normal.lua:3: in main chunk
	[C]: in function 'Include'
	...NLINE\bin\server\script\missions\leaguematch\tb_head.lua:1: in main chunk
	[C]: in function 'Include'
	[string "?"]:1: in main chunk
error: ...\server\script\missions\leaguematch\macthtype\normal.lua:117: attempt to call a table value (for iterator 'for iterator')
stack traceback:
	...\server\script\missions\leaguematch\macthtype\normal.lua:117: in function 'tmp_process_data'
	...\server\script\missions\leaguematch\macthtype\series.lua:170: in main chunk
	[C]: in function 'Include'
	...F_ONLINE\bin\server\script\missions\leaguematch\head.lua:316: in main chunk
	[C]: in function 'Include'
	...\server\script\missions\leaguematch\macthtype\normal.lua:3: in main chunk
	[C]: in function 'Include'
	...NLINE\bin\server\script\missions\leaguematch\tb_head.lua:1: in main chunk
	[C]: in function 'Include'
	[string "?"]:1: in main chunk
error: ...\server\script\missions\leaguematch\macthtype\normal.lua:117: attempt to call a table value (for iterator 'for iterator')
stack traceback:
	...\server\script\missions\leaguematch\macthtype\normal.lua:117: in function 'tmp_process_data'
	...r\script\missions\leaguematch\macthtype\mixeddoubles.lua:123: in main chunk
	[C]: in function 'Include'
	...F_ONLINE\bin\server\script\missions\leaguematch\head.lua:318: in main chunk
	[C]: in function 'Include'
	...\server\script\missions\leaguematch\macthtype\normal.lua:3: in main chunk
	[C]: in function 'Include'
	...NLINE\bin\server\script\missions\leaguematch\tb_head.lua:1: in main chunk
	[C]: in function 'Include'
	[string "?"]:1: in main chunk
error: ...\server\script\missions\leaguematch\macthtype\normal.lua:117: attempt to call a table value (for iterator 'for iterator')
stack traceback:
	...\server\script\missions\leaguematch\macthtype\normal.lua:117: in function 'tmp_process_data'
	[string "?"]:170: in main chunk
2026/09/05 12:22:39.573 	 ScriptError 4:[1] (\script\missions\leaguematch\macthtype\series.lua) 

error: ...eVs22\TESTLOFFF_ONLINE\bin\server\scriptjx2\lib\file.lua:57: unexpected symbol near '%'
error: ...eVs22\TESTLOFFF_ONLINE\bin\server\scriptjx2\lib\file.lua:57: unexpected symbol near '%'
error: ...OFFF_ONLINE\bin\server\script\task\task_addplayerexp.lua:16: unexpected symbol near '%'
error: ...s22\TESTLOFFF_ONLINE\bin\server\script\lib\baseclass.lua:26: unexpected symbol near '%'
error: ..._ONLINE\bin\server\script\activitysys\activitydetail.lua:106: unexpected symbol near '%'
error: ...\TESTLOFFF_ONLINE\bin\server\script\misc\taskmanager.lua:340: unexpected symbol near '%'
error: ...ourceVs22\TESTLOFFF_ONLINE\bin\server\script\lib\log.lua:94: unexpected symbol near '%'
error: ...ourceVs22\TESTLOFFF_ONLINE\bin\server\script\lib\log.lua:94: unexpected symbol near '%'
error: ...ourceVs22\TESTLOFFF_ONLINE\bin\server\script\lib\log.lua:94: unexpected symbol near '%'
error: ...FFF_ONLINE\bin\server\script\activitysys\functionlib.lua:105: unexpected symbol near '%'
error: ...FFF_ONLINE\bin\server\script\activitysys\functionlib.lua:105: unexpected symbol near '%'
error: ...FFF_ONLINE\bin\server\script\misc\eventsys\type\func.lua:107: attempt to call a table value (for iterator 'for iterator')
stack traceback:
	...FFF_ONLINE\bin\server\script\misc\eventsys\type\func.lua:107: in main chunk
	[C]: in function 'Include'
	...F_ONLINE\bin\server\script\missions\leaguematch\head.lua:26: in main chunk
	[C]: in function 'Include'
	...\server\script\missions\leaguematch\macthtype\normal.lua:3: in main chunk
	[C]: in function 'Include'
	...NLINE\bin\server\script\missions\leaguematch\tb_head.lua:1: in main chunk
	[C]: in function 'Include'
	[string "?"]:1: in main chunk
error: ...FF_ONLINE\bin\server\script\activitysys\playerfunlib.lua:708: unexpected symbol near '%'
error: ...\server\script\missions\leaguematch\macthtype\normal.lua:117: attempt to call a table value (for iterator 'for iterator')
stack traceback:
	...\server\script\missions\leaguematch\macthtype\normal.lua:117: in function 'tmp_process_data'
	...\server\script\missions\leaguematch\macthtype\double.lua:106: in main chunk
	[C]: in function 'Include'
	...F_ONLINE\bin\server\script\missions\leaguematch\head.lua:304: in main chunk
	[C]: in function 'Include'
	...\server\script\missions\leaguematch\macthtype\normal.lua:3: in main chunk
	[C]: in function 'Include'
	...NLINE\bin\server\script\missions\leaguematch\tb_head.lua:1: in main chunk
	[C]: in function 'Include'
	[string "?"]:1: in main chunk
error: ...\server\script\missions\leaguematch\macthtype\normal.lua:117: attempt to call a table value (for iterator 'for iterator')
stack traceback:
	...\server\script\missions\leaguematch\macthtype\normal.lua:117: in function 'tmp_process_data'
	...server\script\missions\leaguematch\macthtype\faction.lua:218: in main chunk
	[C]: in function 'Include'
	...F_ONLINE\bin\server\script\missions\leaguematch\head.lua:307: in main chunk
	[C]: in function 'Include'
	...\server\script\missions\leaguematch\macthtype\normal.lua:3: in main chunk
	[C]: in function 'Include'
	...NLINE\bin\server\script\missions\leaguematch\tb_head.lua:1: in main chunk
	[C]: in function 'Include'
	[string "?"]:1: in main chunk
error: ...\server\script\missions\leaguematch\macthtype\normal.lua:117: attempt to call a table value (for iterator 'for iterator')
stack traceback:
	...\server\script\missions\leaguematch\macthtype\normal.lua:117: in function 'tmp_process_data'
	...server\script\missions\leaguematch\macthtype\teacher.lua:141: in main chunk
	[C]: in function 'Include'
	...F_ONLINE\bin\server\script\missions\leaguematch\head.lua:310: in main chunk
	[C]: in function 'Include'
	...\server\script\missions\leaguematch\macthtype\normal.lua:3: in main chunk
	[C]: in function 'Include'
	...NLINE\bin\server\script\missions\leaguematch\tb_head.lua:1: in main chunk
	[C]: in function 'Include'
	[string "?"]:1: in main chunk
error: ...\server\script\missions\leaguematch\macthtype\normal.lua:117: attempt to call a table value (for iterator 'for iterator')
stack traceback:
	...\server\script\missions\leaguematch\macthtype\normal.lua:117: in function 'tmp_process_data'
	...n\server\script\missions\leaguematch\macthtype\three.lua:105: in main chunk
	[C]: in function 'Include'
	...F_ONLINE\bin\server\script\missions\leaguematch\head.lua:312: in main chunk
	[C]: in function 'Include'
	...\server\script\missions\leaguematch\macthtype\normal.lua:3: in main chunk
	[C]: in function 'Include'
	...NLINE\bin\server\script\missions\leaguematch\tb_head.lua:1: in main chunk
	[C]: in function 'Include'
	[string "?"]:1: in main chunk
error: ...\server\script\missions\leaguematch\macthtype\normal.lua:117: attempt to call a table value (for iterator 'for iterator')
stack traceback:
	...\server\script\missions\leaguematch\macthtype\normal.lua:117: in function 'tmp_process_data'
	...\server\script\missions\leaguematch\macthtype\single.lua:102: in main chunk
	[C]: in function 'Include'
	...F_ONLINE\bin\server\script\missions\leaguematch\head.lua:314: in main chunk
	[C]: in function 'Include'
	...\server\script\missions\leaguematch\macthtype\normal.lua:3: in main chunk
	[C]: in function 'Include'
	...NLINE\bin\server\script\missions\leaguematch\tb_head.lua:1: in main chunk
	[C]: in function 'Include'
	[string "?"]:1: in main chunk
error: ...\server\script\missions\leaguematch\macthtype\normal.lua:117: attempt to call a table value (for iterator 'for iterator')
stack traceback:
	...\server\script\missions\leaguematch\macthtype\normal.lua:117: in function 'tmp_process_data'
	...\server\script\missions\leaguematch\macthtype\series.lua:170: in main chunk
	[C]: in function 'Include'
	...F_ONLINE\bin\server\script\missions\leaguematch\head.lua:316: in main chunk
	[C]: in function 'Include'
	...\server\script\missions\leaguematch\macthtype\normal.lua:3: in main chunk
	[C]: in function 'Include'
	...NLINE\bin\server\script\missions\leaguematch\tb_head.lua:1: in main chunk
	[C]: in function 'Include'
	[string "?"]:1: in main chunk
error: ...\server\script\missions\leaguematch\macthtype\normal.lua:117: attempt to call a table value (for iterator 'for iterator')
stack traceback:
	...\server\script\missions\leaguematch\macthtype\normal.lua:117: in function 'tmp_process_data'
	...r\script\missions\leaguematch\macthtype\mixeddoubles.lua:123: in main chunk
	[C]: in function 'Include'
	...F_ONLINE\bin\server\script\missions\leaguematch\head.lua:318: in main chunk
	[C]: in function 'Include'
	...\server\script\missions\leaguematch\macthtype\normal.lua:3: in main chunk
	[C]: in function 'Include'
	...NLINE\bin\server\script\missions\leaguematch\tb_head.lua:1: in main chunk
	[C]: in function 'Include'
	[string "?"]:1: in main chunk
error: ...\server\script\missions\leaguematch\macthtype\normal.lua:117: attempt to call a table value (for iterator 'for iterator')
stack traceback:
	...\server\script\missions\leaguematch\macthtype\normal.lua:117: in function 'tmp_process_data'
	[string "?"]:102: in main chunk
2026/09/05 12:22:39.587 	 ScriptError 4:[1] (\script\missions\leaguematch\macthtype\single.lua) 

error: ...eVs22\TESTLOFFF_ONLINE\bin\server\scriptjx2\lib\file.lua:57: unexpected symbol near '%'
error: ...eVs22\TESTLOFFF_ONLINE\bin\server\scriptjx2\lib\file.lua:57: unexpected symbol near '%'
error: ...OFFF_ONLINE\bin\server\script\task\task_addplayerexp.lua:16: unexpected symbol near '%'
error: ...s22\TESTLOFFF_ONLINE\bin\server\script\lib\baseclass.lua:26: unexpected symbol near '%'
error: ..._ONLINE\bin\server\script\activitysys\activitydetail.lua:106: unexpected symbol near '%'
error: ...\TESTLOFFF_ONLINE\bin\server\script\misc\taskmanager.lua:340: unexpected symbol near '%'
error: ...ourceVs22\TESTLOFFF_ONLINE\bin\server\script\lib\log.lua:94: unexpected symbol near '%'
error: ...ourceVs22\TESTLOFFF_ONLINE\bin\server\script\lib\log.lua:94: unexpected symbol near '%'
error: ...ourceVs22\TESTLOFFF_ONLINE\bin\server\script\lib\log.lua:94: unexpected symbol near '%'
error: ...FFF_ONLINE\bin\server\script\activitysys\functionlib.lua:105: unexpected symbol near '%'
error: ...FFF_ONLINE\bin\server\script\activitysys\functionlib.lua:105: unexpected symbol near '%'
error: ...FFF_ONLINE\bin\server\script\misc\eventsys\type\func.lua:107: attempt to call a table value (for iterator 'for iterator')
stack traceback:
	...FFF_ONLINE\bin\server\script\misc\eventsys\type\func.lua:107: in main chunk
	[C]: in function 'Include'
	...F_ONLINE\bin\server\script\missions\leaguematch\head.lua:26: in main chunk
	[C]: in function 'Include'
	...\server\script\missions\leaguematch\macthtype\normal.lua:3: in main chunk
	[C]: in function 'Include'
	...NLINE\bin\server\script\missions\leaguematch\tb_head.lua:1: in main chunk
	[C]: in function 'Include'
	[string "?"]:1: in main chunk
error: ...FF_ONLINE\bin\server\script\activitysys\playerfunlib.lua:708: unexpected symbol near '%'
error: ...\server\script\missions\leaguematch\macthtype\normal.lua:117: attempt to call a table value (for iterator 'for iterator')
stack traceback:
	...\server\script\missions\leaguematch\macthtype\normal.lua:117: in function 'tmp_process_data'
	...\server\script\missions\leaguematch\macthtype\double.lua:106: in main chunk
	[C]: in function 'Include'
	...F_ONLINE\bin\server\script\missions\leaguematch\head.lua:304: in main chunk
	[C]: in function 'Include'
	...\server\script\missions\leaguematch\macthtype\normal.lua:3: in main chunk
	[C]: in function 'Include'
	...NLINE\bin\server\script\missions\leaguematch\tb_head.lua:1: in main chunk
	[C]: in function 'Include'
	[string "?"]:1: in main chunk
error: ...\server\script\missions\leaguematch\macthtype\normal.lua:117: attempt to call a table value (for iterator 'for iterator')
stack traceback:
	...\server\script\missions\leaguematch\macthtype\normal.lua:117: in function 'tmp_process_data'
	...server\script\missions\leaguematch\macthtype\faction.lua:218: in main chunk
	[C]: in function 'Include'
	...F_ONLINE\bin\server\script\missions\leaguematch\head.lua:307: in main chunk
	[C]: in function 'Include'
	...\server\script\missions\leaguematch\macthtype\normal.lua:3: in main chunk
	[C]: in function 'Include'
	...NLINE\bin\server\script\missions\leaguematch\tb_head.lua:1: in main chunk
	[C]: in function 'Include'
	[string "?"]:1: in main chunk
error: ...\server\script\missions\leaguematch\macthtype\normal.lua:117: attempt to call a table value (for iterator 'for iterator')
stack traceback:
	...\server\script\missions\leaguematch\macthtype\normal.lua:117: in function 'tmp_process_data'
	...server\script\missions\leaguematch\macthtype\teacher.lua:141: in main chunk
	[C]: in function 'Include'
	...F_ONLINE\bin\server\script\missions\leaguematch\head.lua:310: in main chunk
	[C]: in function 'Include'
	...\server\script\missions\leaguematch\macthtype\normal.lua:3: in main chunk
	[C]: in function 'Include'
	...NLINE\bin\server\script\missions\leaguematch\tb_head.lua:1: in main chunk
	[C]: in function 'Include'
	[string "?"]:1: in main chunk
error: ...\server\script\missions\leaguematch\macthtype\normal.lua:117: attempt to call a table value (for iterator 'for iterator')
stack traceback:
	...\server\script\missions\leaguematch\macthtype\normal.lua:117: in function 'tmp_process_data'
	...n\server\script\missions\leaguematch\macthtype\three.lua:105: in main chunk
	[C]: in function 'Include'
	...F_ONLINE\bin\server\script\missions\leaguematch\head.lua:312: in main chunk
	[C]: in function 'Include'
	...\server\script\missions\leaguematch\macthtype\normal.lua:3: in main chunk
	[C]: in function 'Include'
	...NLINE\bin\server\script\missions\leaguematch\tb_head.lua:1: in main chunk
	[C]: in function 'Include'
	[string "?"]:1: in main chunk
error: ...\server\script\missions\leaguematch\macthtype\normal.lua:117: attempt to call a table value (for iterator 'for iterator')
stack traceback:
	...\server\script\missions\leaguematch\macthtype\normal.lua:117: in function 'tmp_process_data'
	...\server\script\missions\leaguematch\macthtype\single.lua:102: in main chunk
	[C]: in function 'Include'
	...F_ONLINE\bin\server\script\missions\leaguematch\head.lua:314: in main chunk
	[C]: in function 'Include'
	...\server\script\missions\leaguematch\macthtype\normal.lua:3: in main chunk
	[C]: in function 'Include'
	...NLINE\bin\server\script\missions\leaguematch\tb_head.lua:1: in main chunk
	[C]: in function 'Include'
	[string "?"]:1: in main chunk
error: ...\server\script\missions\leaguematch\macthtype\normal.lua:117: attempt to call a table value (for iterator 'for iterator')
stack traceback:
	...\server\script\missions\leaguematch\macthtype\normal.lua:117: in function 'tmp_process_data'
	...\server\script\missions\leaguematch\macthtype\series.lua:170: in main chunk
	[C]: in function 'Include'
	...F_ONLINE\bin\server\script\missions\leaguematch\head.lua:316: in main chunk
	[C]: in function 'Include'
	...\server\script\missions\leaguematch\macthtype\normal.lua:3: in main chunk
	[C]: in function 'Include'
	...NLINE\bin\server\script\missions\leaguematch\tb_head.lua:1: in main chunk
	[C]: in function 'Include'
	[string "?"]:1: in main chunk
error: ...\server\script\missions\leaguematch\macthtype\normal.lua:117: attempt to call a table value (for iterator 'for iterator')
stack traceback:
	...\server\script\missions\leaguematch\macthtype\normal.lua:117: in function 'tmp_process_data'
	...r\script\missions\leaguematch\macthtype\mixeddoubles.lua:123: in main chunk
	[C]: in function 'Include'
	...F_ONLINE\bin\server\script\missions\leaguematch\head.lua:318: in main chunk
	[C]: in function 'Include'
	...\server\script\missions\leaguematch\macthtype\normal.lua:3: in main chunk
	[C]: in function 'Include'
	...NLINE\bin\server\script\missions\leaguematch\tb_head.lua:1: in main chunk
	[C]: in function 'Include'
	[string "?"]:1: in main chunk
error: ...\server\script\missions\leaguematch\macthtype\normal.lua:117: attempt to call a table value (for iterator 'for iterator')
stack traceback:
	...\server\script\missions\leaguematch\macthtype\normal.lua:117: in function 'tmp_process_data'
	[string "?"]:141: in main chunk
2026/09/05 12:22:39.602 	 ScriptError 4:[1] (\script\missions\leaguematch\macthtype\teacher.lua) 

error: ...eVs22\TESTLOFFF_ONLINE\bin\server\scriptjx2\lib\file.lua:57: unexpected symbol near '%'
error: ...eVs22\TESTLOFFF_ONLINE\bin\server\scriptjx2\lib\file.lua:57: unexpected symbol near '%'
error: ...OFFF_ONLINE\bin\server\script\task\task_addplayerexp.lua:16: unexpected symbol near '%'
error: ...s22\TESTLOFFF_ONLINE\bin\server\script\lib\baseclass.lua:26: unexpected symbol near '%'
error: ..._ONLINE\bin\server\script\activitysys\activitydetail.lua:106: unexpected symbol near '%'
error: ...\TESTLOFFF_ONLINE\bin\server\script\misc\taskmanager.lua:340: unexpected symbol near '%'
error: ...ourceVs22\TESTLOFFF_ONLINE\bin\server\script\lib\log.lua:94: unexpected symbol near '%'
error: ...ourceVs22\TESTLOFFF_ONLINE\bin\server\script\lib\log.lua:94: unexpected symbol near '%'
error: ...ourceVs22\TESTLOFFF_ONLINE\bin\server\script\lib\log.lua:94: unexpected symbol near '%'
error: ...FFF_ONLINE\bin\server\script\activitysys\functionlib.lua:105: unexpected symbol near '%'
error: ...FFF_ONLINE\bin\server\script\activitysys\functionlib.lua:105: unexpected symbol near '%'
error: ...FFF_ONLINE\bin\server\script\misc\eventsys\type\func.lua:107: attempt to call a table value (for iterator 'for iterator')
stack traceback:
	...FFF_ONLINE\bin\server\script\misc\eventsys\type\func.lua:107: in main chunk
	[C]: in function 'Include'
	...F_ONLINE\bin\server\script\missions\leaguematch\head.lua:26: in main chunk
	[C]: in function 'Include'
	...\server\script\missions\leaguematch\macthtype\normal.lua:3: in main chunk
	[C]: in function 'Include'
	...NLINE\bin\server\script\missions\leaguematch\tb_head.lua:1: in main chunk
	[C]: in function 'Include'
	[string "?"]:1: in main chunk
error: ...FF_ONLINE\bin\server\script\activitysys\playerfunlib.lua:708: unexpected symbol near '%'
error: ...\server\script\missions\leaguematch\macthtype\normal.lua:117: attempt to call a table value (for iterator 'for iterator')
stack traceback:
	...\server\script\missions\leaguematch\macthtype\normal.lua:117: in function 'tmp_process_data'
	...\server\script\missions\leaguematch\macthtype\double.lua:106: in main chunk
	[C]: in function 'Include'
	...F_ONLINE\bin\server\script\missions\leaguematch\head.lua:304: in main chunk
	[C]: in function 'Include'
	...\server\script\missions\leaguematch\macthtype\normal.lua:3: in main chunk
	[C]: in function 'Include'
	...NLINE\bin\server\script\missions\leaguematch\tb_head.lua:1: in main chunk
	[C]: in function 'Include'
	[string "?"]:1: in main chunk
error: ...\server\script\missions\leaguematch\macthtype\normal.lua:117: attempt to call a table value (for iterator 'for iterator')
stack traceback:
	...\server\script\missions\leaguematch\macthtype\normal.lua:117: in function 'tmp_process_data'
	...server\script\missions\leaguematch\macthtype\faction.lua:218: in main chunk
	[C]: in function 'Include'
	...F_ONLINE\bin\server\script\missions\leaguematch\head.lua:307: in main chunk
	[C]: in function 'Include'
	...\server\script\missions\leaguematch\macthtype\normal.lua:3: in main chunk
	[C]: in function 'Include'
	...NLINE\bin\server\script\missions\leaguematch\tb_head.lua:1: in main chunk
	[C]: in function 'Include'
	[string "?"]:1: in main chunk
error: ...\server\script\missions\leaguematch\macthtype\normal.lua:117: attempt to call a table value (for iterator 'for iterator')
stack traceback:
	...\server\script\missions\leaguematch\macthtype\normal.lua:117: in function 'tmp_process_data'
	...server\script\missions\leaguematch\macthtype\teacher.lua:141: in main chunk
	[C]: in function 'Include'
	...F_ONLINE\bin\server\script\missions\leaguematch\head.lua:310: in main chunk
	[C]: in function 'Include'
	...\server\script\missions\leaguematch\macthtype\normal.lua:3: in main chunk
	[C]: in function 'Include'
	...NLINE\bin\server\script\missions\leaguematch\tb_head.lua:1: in main chunk
	[C]: in function 'Include'
	[string "?"]:1: in main chunk
error: ...\server\script\missions\leaguematch\macthtype\normal.lua:117: attempt to call a table value (for iterator 'for iterator')
stack traceback:
	...\server\script\missions\leaguematch\macthtype\normal.lua:117: in function 'tmp_process_data'
	...n\server\script\missions\leaguematch\macthtype\three.lua:105: in main chunk
	[C]: in function 'Include'
	...F_ONLINE\bin\server\script\missions\leaguematch\head.lua:312: in main chunk
	[C]: in function 'Include'
	...\server\script\missions\leaguematch\macthtype\normal.lua:3: in main chunk
	[C]: in function 'Include'
	...NLINE\bin\server\script\missions\leaguematch\tb_head.lua:1: in main chunk
	[C]: in function 'Include'
	[string "?"]:1: in main chunk
error: ...\server\script\missions\leaguematch\macthtype\normal.lua:117: attempt to call a table value (for iterator 'for iterator')
stack traceback:
	...\server\script\missions\leaguematch\macthtype\normal.lua:117: in function 'tmp_process_data'
	...\server\script\missions\leaguematch\macthtype\single.lua:102: in main chunk
	[C]: in function 'Include'
	...F_ONLINE\bin\server\script\missions\leaguematch\head.lua:314: in main chunk
	[C]: in function 'Include'
	...\server\script\missions\leaguematch\macthtype\normal.lua:3: in main chunk
	[C]: in function 'Include'
	...NLINE\bin\server\script\missions\leaguematch\tb_head.lua:1: in main chunk
	[C]: in function 'Include'
	[string "?"]:1: in main chunk
error: ...\server\script\missions\leaguematch\macthtype\normal.lua:117: attempt to call a table value (for iterator 'for iterator')
stack traceback:
	...\server\script\missions\leaguematch\macthtype\normal.lua:117: in function 'tmp_process_data'
	...\server\script\missions\leaguematch\macthtype\series.lua:170: in main chunk
	[C]: in function 'Include'
	...F_ONLINE\bin\server\script\missions\leaguematch\head.lua:316: in main chunk
	[C]: in function 'Include'
	...\server\script\missions\leaguematch\macthtype\normal.lua:3: in main chunk
	[C]: in function 'Include'
	...NLINE\bin\server\script\missions\leaguematch\tb_head.lua:1: in main chunk
	[C]: in function 'Include'
	[string "?"]:1: in main chunk
error: ...\server\script\missions\leaguematch\macthtype\normal.lua:117: attempt to call a table value (for iterator 'for iterator')
stack traceback:
	...\server\script\missions\leaguematch\macthtype\normal.lua:117: in function 'tmp_process_data'
	...r\script\missions\leaguematch\macthtype\mixeddoubles.lua:123: in main chunk
	[C]: in function 'Include'
	...F_ONLINE\bin\server\script\missions\leaguematch\head.lua:318: in main chunk
	[C]: in function 'Include'
	...\server\script\missions\leaguematch\macthtype\normal.lua:3: in main chunk
	[C]: in function 'Include'
	...NLINE\bin\server\script\missions\leaguematch\tb_head.lua:1: in main chunk
	[C]: in function 'Include'
	[string "?"]:1: in main chunk
error: ...\server\script\missions\leaguematch\macthtype\normal.lua:117: attempt to call a table value (for iterator 'for iterator')
stack traceback:
	...\server\script\missions\leaguematch\macthtype\normal.lua:117: in function 'tmp_process_data'
	[string "?"]:105: in main chunk
2026/09/05 12:22:39.618 	 ScriptError 4:[1] (\script\missions\leaguematch\macthtype\three.lua) 

error: ...eVs22\TESTLOFFF_ONLINE\bin\server\scriptjx2\lib\file.lua:57: unexpected symbol near '%'
error: ...eVs22\TESTLOFFF_ONLINE\bin\server\scriptjx2\lib\file.lua:57: unexpected symbol near '%'
error: ...OFFF_ONLINE\bin\server\script\task\task_addplayerexp.lua:16: unexpected symbol near '%'
error: ...s22\TESTLOFFF_ONLINE\bin\server\script\lib\baseclass.lua:26: unexpected symbol near '%'
error: ..._ONLINE\bin\server\script\activitysys\activitydetail.lua:106: unexpected symbol near '%'
error: ...\TESTLOFFF_ONLINE\bin\server\script\misc\taskmanager.lua:340: unexpected symbol near '%'
error: ...ourceVs22\TESTLOFFF_ONLINE\bin\server\script\lib\log.lua:94: unexpected symbol near '%'
error: ...ourceVs22\TESTLOFFF_ONLINE\bin\server\script\lib\log.lua:94: unexpected symbol near '%'
error: ...ourceVs22\TESTLOFFF_ONLINE\bin\server\script\lib\log.lua:94: unexpected symbol near '%'
error: ...FFF_ONLINE\bin\server\script\activitysys\functionlib.lua:105: unexpected symbol near '%'
error: ...FFF_ONLINE\bin\server\script\activitysys\functionlib.lua:105: unexpected symbol near '%'
error: ...FFF_ONLINE\bin\server\script\misc\eventsys\type\func.lua:107: attempt to call a table value (for iterator 'for iterator')
stack traceback:
	...FFF_ONLINE\bin\server\script\misc\eventsys\type\func.lua:107: in main chunk
	[C]: in function 'Include'
	...F_ONLINE\bin\server\script\missions\leaguematch\head.lua:26: in main chunk
	[C]: in function 'Include'
	...\server\script\missions\leaguematch\macthtype\normal.lua:3: in main chunk
	[C]: in function 'Include'
	...NLINE\bin\server\script\missions\leaguematch\tb_head.lua:1: in main chunk
	[C]: in function 'Include'
	[string "?"]:2: in main chunk
error: ...FF_ONLINE\bin\server\script\activitysys\playerfunlib.lua:708: unexpected symbol near '%'
error: ...\server\script\missions\leaguematch\macthtype\normal.lua:117: attempt to call a table value (for iterator 'for iterator')
stack traceback:
	...\server\script\missions\leaguematch\macthtype\normal.lua:117: in function 'tmp_process_data'
	...\server\script\missions\leaguematch\macthtype\double.lua:106: in main chunk
	[C]: in function 'Include'
	...F_ONLINE\bin\server\script\missions\leaguematch\head.lua:304: in main chunk
	[C]: in function 'Include'
	...\server\script\missions\leaguematch\macthtype\normal.lua:3: in main chunk
	[C]: in function 'Include'
	...NLINE\bin\server\script\missions\leaguematch\tb_head.lua:1: in main chunk
	[C]: in function 'Include'
	[string "?"]:2: in main chunk
error: ...\server\script\missions\leaguematch\macthtype\normal.lua:117: attempt to call a table value (for iterator 'for iterator')
stack traceback:
	...\server\script\missions\leaguematch\macthtype\normal.lua:117: in function 'tmp_process_data'
	...server\script\missions\leaguematch\macthtype\faction.lua:218: in main chunk
	[C]: in function 'Include'
	...F_ONLINE\bin\server\script\missions\leaguematch\head.lua:307: in main chunk
	[C]: in function 'Include'
	...\server\script\missions\leaguematch\macthtype\normal.lua:3: in main chunk
	[C]: in function 'Include'
	...NLINE\bin\server\script\missions\leaguematch\tb_head.lua:1: in main chunk
	[C]: in function 'Include'
	[string "?"]:2: in main chunk
error: ...\server\script\missions\leaguematch\macthtype\normal.lua:117: attempt to call a table value (for iterator 'for iterator')
stack traceback:
	...\server\script\missions\leaguematch\macthtype\normal.lua:117: in function 'tmp_process_data'
	...server\script\missions\leaguematch\macthtype\teacher.lua:141: in main chunk
	[C]: in function 'Include'
	...F_ONLINE\bin\server\script\missions\leaguematch\head.lua:310: in main chunk
	[C]: in function 'Include'
	...\server\script\missions\leaguematch\macthtype\normal.lua:3: in main chunk
	[C]: in function 'Include'
	...NLINE\bin\server\script\missions\leaguematch\tb_head.lua:1: in main chunk
	[C]: in function 'Include'
	[string "?"]:2: in main chunk
error: ...\server\script\missions\leaguematch\macthtype\normal.lua:117: attempt to call a table value (for iterator 'for iterator')
stack traceback:
	...\server\script\missions\leaguematch\macthtype\normal.lua:117: in function 'tmp_process_data'
	...n\server\script\missions\leaguematch\macthtype\three.lua:105: in main chunk
	[C]: in function 'Include'
	...F_ONLINE\bin\server\script\missions\leaguematch\head.lua:312: in main chunk
	[C]: in function 'Include'
	...\server\script\missions\leaguematch\macthtype\normal.lua:3: in main chunk
	[C]: in function 'Include'
	...NLINE\bin\server\script\missions\leaguematch\tb_head.lua:1: in main chunk
	[C]: in function 'Include'
	[string "?"]:2: in main chunk
error: ...\server\script\missions\leaguematch\macthtype\normal.lua:117: attempt to call a table value (for iterator 'for iterator')
stack traceback:
	...\server\script\missions\leaguematch\macthtype\normal.lua:117: in function 'tmp_process_data'
	...\server\script\missions\leaguematch\macthtype\single.lua:102: in main chunk
	[C]: in function 'Include'
	...F_ONLINE\bin\server\script\missions\leaguematch\head.lua:314: in main chunk
	[C]: in function 'Include'
	...\server\script\missions\leaguematch\macthtype\normal.lua:3: in main chunk
	[C]: in function 'Include'
	...NLINE\bin\server\script\missions\leaguematch\tb_head.lua:1: in main chunk
	[C]: in function 'Include'
	[string "?"]:2: in main chunk
error: ...\server\script\missions\leaguematch\macthtype\normal.lua:117: attempt to call a table value (for iterator 'for iterator')
stack traceback:
	...\server\script\missions\leaguematch\macthtype\normal.lua:117: in function 'tmp_process_data'
	...\server\script\missions\leaguematch\macthtype\series.lua:170: in main chunk
	[C]: in function 'Include'
	...F_ONLINE\bin\server\script\missions\leaguematch\head.lua:316: in main chunk
	[C]: in function 'Include'
	...\server\script\missions\leaguematch\macthtype\normal.lua:3: in main chunk
	[C]: in function 'Include'
	...NLINE\bin\server\script\missions\leaguematch\tb_head.lua:1: in main chunk
	[C]: in function 'Include'
	[string "?"]:2: in main chunk
error: ...\server\script\missions\leaguematch\macthtype\normal.lua:117: attempt to call a table value (for iterator 'for iterator')
stack traceback:
	...\server\script\missions\leaguematch\macthtype\normal.lua:117: in function 'tmp_process_data'
	...r\script\missions\leaguematch\macthtype\mixeddoubles.lua:123: in main chunk
	[C]: in function 'Include'
	...F_ONLINE\bin\server\script\missions\leaguematch\head.lua:318: in main chunk
	[C]: in function 'Include'
	...\server\script\missions\leaguematch\macthtype\normal.lua:3: in main chunk
	[C]: in function 'Include'
	...NLINE\bin\server\script\missions\leaguematch\tb_head.lua:1: in main chunk
	[C]: in function 'Include'
	[string "?"]:2: in main chunk
error: ...\server\script\missions\leaguematch\macthtype\normal.lua:117: attempt to call a table value (for iterator 'for iterator')
stack traceback:
	...\server\script\missions\leaguematch\macthtype\normal.lua:117: in function 'tmp_process_data'
	[string "?"]:106: in main chunk
2026/09/05 12:25:00.415 	 ScriptError 4:[1] (\script\missions\leaguematch\macthtype\double.lua) 

error: ...eVs22\TESTLOFFF_ONLINE\bin\server\scriptjx2\lib\file.lua:57: unexpected symbol near '%'
error: ...eVs22\TESTLOFFF_ONLINE\bin\server\scriptjx2\lib\file.lua:57: unexpected symbol near '%'
error: ...OFFF_ONLINE\bin\server\script\task\task_addplayerexp.lua:16: unexpected symbol near '%'
error: ...s22\TESTLOFFF_ONLINE\bin\server\script\lib\baseclass.lua:26: unexpected symbol near '%'
error: ..._ONLINE\bin\server\script\activitysys\activitydetail.lua:106: unexpected symbol near '%'
error: ...\TESTLOFFF_ONLINE\bin\server\script\misc\taskmanager.lua:340: unexpected symbol near '%'
error: ...ourceVs22\TESTLOFFF_ONLINE\bin\server\script\lib\log.lua:94: unexpected symbol near '%'
error: ...ourceVs22\TESTLOFFF_ONLINE\bin\server\script\lib\log.lua:94: unexpected symbol near '%'
error: ...ourceVs22\TESTLOFFF_ONLINE\bin\server\script\lib\log.lua:94: unexpected symbol near '%'
error: ...FFF_ONLINE\bin\server\script\activitysys\functionlib.lua:105: unexpected symbol near '%'
error: ...FFF_ONLINE\bin\server\script\activitysys\functionlib.lua:105: unexpected symbol near '%'
error: ...FFF_ONLINE\bin\server\script\misc\eventsys\type\func.lua:107: attempt to call a table value (for iterator 'for iterator')
stack traceback:
	...FFF_ONLINE\bin\server\script\misc\eventsys\type\func.lua:107: in main chunk
	[C]: in function 'Include'
	...F_ONLINE\bin\server\script\missions\leaguematch\head.lua:26: in main chunk
	[C]: in function 'Include'
	...\server\script\missions\leaguematch\macthtype\normal.lua:3: in main chunk
	[C]: in function 'Include'
	...NLINE\bin\server\script\missions\leaguematch\tb_head.lua:1: in main chunk
	[C]: in function 'Include'
	[string "?"]:1: in main chunk
error: ...FF_ONLINE\bin\server\script\activitysys\playerfunlib.lua:708: unexpected symbol near '%'
error: ...\server\script\missions\leaguematch\macthtype\normal.lua:117: attempt to call a table value (for iterator 'for iterator')
stack traceback:
	...\server\script\missions\leaguematch\macthtype\normal.lua:117: in function 'tmp_process_data'
	...\server\script\missions\leaguematch\macthtype\double.lua:106: in main chunk
	[C]: in function 'Include'
	...F_ONLINE\bin\server\script\missions\leaguematch\head.lua:304: in main chunk
	[C]: in function 'Include'
	...\server\script\missions\leaguematch\macthtype\normal.lua:3: in main chunk
	[C]: in function 'Include'
	...NLINE\bin\server\script\missions\leaguematch\tb_head.lua:1: in main chunk
	[C]: in function 'Include'
	[string "?"]:1: in main chunk
error: ...\server\script\missions\leaguematch\macthtype\normal.lua:117: attempt to call a table value (for iterator 'for iterator')
stack traceback:
	...\server\script\missions\leaguematch\macthtype\normal.lua:117: in function 'tmp_process_data'
	...server\script\missions\leaguematch\macthtype\faction.lua:218: in main chunk
	[C]: in function 'Include'
	...F_ONLINE\bin\server\script\missions\leaguematch\head.lua:307: in main chunk
	[C]: in function 'Include'
	...\server\script\missions\leaguematch\macthtype\normal.lua:3: in main chunk
	[C]: in function 'Include'
	...NLINE\bin\server\script\missions\leaguematch\tb_head.lua:1: in main chunk
	[C]: in function 'Include'
	[string "?"]:1: in main chunk
error: ...\server\script\missions\leaguematch\macthtype\normal.lua:117: attempt to call a table value (for iterator 'for iterator')
stack traceback:
	...\server\script\missions\leaguematch\macthtype\normal.lua:117: in function 'tmp_process_data'
	...server\script\missions\leaguematch\macthtype\teacher.lua:141: in main chunk
	[C]: in function 'Include'
	...F_ONLINE\bin\server\script\missions\leaguematch\head.lua:310: in main chunk
	[C]: in function 'Include'
	...\server\script\missions\leaguematch\macthtype\normal.lua:3: in main chunk
	[C]: in function 'Include'
	...NLINE\bin\server\script\missions\leaguematch\tb_head.lua:1: in main chunk
	[C]: in function 'Include'
	[string "?"]:1: in main chunk
error: ...\server\script\missions\leaguematch\macthtype\normal.lua:117: attempt to call a table value (for iterator 'for iterator')
stack traceback:
	...\server\script\missions\leaguematch\macthtype\normal.lua:117: in function 'tmp_process_data'
	...n\server\script\missions\leaguematch\macthtype\three.lua:105: in main chunk
	[C]: in function 'Include'
	...F_ONLINE\bin\server\script\missions\leaguematch\head.lua:312: in main chunk
	[C]: in function 'Include'
	...\server\script\missions\leaguematch\macthtype\normal.lua:3: in main chunk
	[C]: in function 'Include'
	...NLINE\bin\server\script\missions\leaguematch\tb_head.lua:1: in main chunk
	[C]: in function 'Include'
	[string "?"]:1: in main chunk
error: ...\server\script\missions\leaguematch\macthtype\normal.lua:117: attempt to call a table value (for iterator 'for iterator')
stack traceback:
	...\server\script\missions\leaguematch\macthtype\normal.lua:117: in function 'tmp_process_data'
	...\server\script\missions\leaguematch\macthtype\single.lua:102: in main chunk
	[C]: in function 'Include'
	...F_ONLINE\bin\server\script\missions\leaguematch\head.lua:314: in main chunk
	[C]: in function 'Include'
	...\server\script\missions\leaguematch\macthtype\normal.lua:3: in main chunk
	[C]: in function 'Include'
	...NLINE\bin\server\script\missions\leaguematch\tb_head.lua:1: in main chunk
	[C]: in function 'Include'
	[string "?"]:1: in main chunk
error: ...\server\script\missions\leaguematch\macthtype\normal.lua:117: attempt to call a table value (for iterator 'for iterator')
stack traceback:
	...\server\script\missions\leaguematch\macthtype\normal.lua:117: in function 'tmp_process_data'
	...\server\script\missions\leaguematch\macthtype\series.lua:170: in main chunk
	[C]: in function 'Include'
	...F_ONLINE\bin\server\script\missions\leaguematch\head.lua:316: in main chunk
	[C]: in function 'Include'
	...\server\script\missions\leaguematch\macthtype\normal.lua:3: in main chunk
	[C]: in function 'Include'
	...NLINE\bin\server\script\missions\leaguematch\tb_head.lua:1: in main chunk
	[C]: in function 'Include'
	[string "?"]:1: in main chunk
error: ...\server\script\missions\leaguematch\macthtype\normal.lua:117: attempt to call a table value (for iterator 'for iterator')
stack traceback:
	...\server\script\missions\leaguematch\macthtype\normal.lua:117: in function 'tmp_process_data'
	...r\script\missions\leaguematch\macthtype\mixeddoubles.lua:123: in main chunk
	[C]: in function 'Include'
	...F_ONLINE\bin\server\script\missions\leaguematch\head.lua:318: in main chunk
	[C]: in function 'Include'
	...\server\script\missions\leaguematch\macthtype\normal.lua:3: in main chunk
	[C]: in function 'Include'
	...NLINE\bin\server\script\missions\leaguematch\tb_head.lua:1: in main chunk
	[C]: in function 'Include'
	[string "?"]:1: in main chunk
error: ...\server\script\missions\leaguematch\macthtype\normal.lua:117: attempt to call a table value (for iterator 'for iterator')
stack traceback:
	...\server\script\missions\leaguematch\macthtype\normal.lua:117: in function 'tmp_process_data'
	[string "?"]:218: in main chunk
2026/09/05 12:25:00.430 	 ScriptError 4:[1] (\script\missions\leaguematch\macthtype\faction.lua) 

error: ...eVs22\TESTLOFFF_ONLINE\bin\server\scriptjx2\lib\file.lua:57: unexpected symbol near '%'
error: ...eVs22\TESTLOFFF_ONLINE\bin\server\scriptjx2\lib\file.lua:57: unexpected symbol near '%'
error: ...OFFF_ONLINE\bin\server\script\task\task_addplayerexp.lua:16: unexpected symbol near '%'
error: ...s22\TESTLOFFF_ONLINE\bin\server\script\lib\baseclass.lua:26: unexpected symbol near '%'
error: ..._ONLINE\bin\server\script\activitysys\activitydetail.lua:106: unexpected symbol near '%'
error: ...\TESTLOFFF_ONLINE\bin\server\script\misc\taskmanager.lua:340: unexpected symbol near '%'
error: ...ourceVs22\TESTLOFFF_ONLINE\bin\server\script\lib\log.lua:94: unexpected symbol near '%'
error: ...ourceVs22\TESTLOFFF_ONLINE\bin\server\script\lib\log.lua:94: unexpected symbol near '%'
error: ...ourceVs22\TESTLOFFF_ONLINE\bin\server\script\lib\log.lua:94: unexpected symbol near '%'
error: ...FFF_ONLINE\bin\server\script\activitysys\functionlib.lua:105: unexpected symbol near '%'
error: ...FFF_ONLINE\bin\server\script\activitysys\functionlib.lua:105: unexpected symbol near '%'
error: ...FFF_ONLINE\bin\server\script\misc\eventsys\type\func.lua:107: attempt to call a table value (for iterator 'for iterator')
stack traceback:
	...FFF_ONLINE\bin\server\script\misc\eventsys\type\func.lua:107: in main chunk
	[C]: in function 'Include'
	...F_ONLINE\bin\server\script\missions\leaguematch\head.lua:26: in main chunk
	[C]: in function 'Include'
	...\server\script\missions\leaguematch\macthtype\normal.lua:3: in main chunk
	[C]: in function 'Include'
	...NLINE\bin\server\script\missions\leaguematch\tb_head.lua:1: in main chunk
	[C]: in function 'Include'
	[string "?"]:1: in main chunk
error: ...FF_ONLINE\bin\server\script\activitysys\playerfunlib.lua:708: unexpected symbol near '%'
error: ...\server\script\missions\leaguematch\macthtype\normal.lua:117: attempt to call a table value (for iterator 'for iterator')
stack traceback:
	...\server\script\missions\leaguematch\macthtype\normal.lua:117: in function 'tmp_process_data'
	...\server\script\missions\leaguematch\macthtype\double.lua:106: in main chunk
	[C]: in function 'Include'
	...F_ONLINE\bin\server\script\missions\leaguematch\head.lua:304: in main chunk
	[C]: in function 'Include'
	...\server\script\missions\leaguematch\macthtype\normal.lua:3: in main chunk
	[C]: in function 'Include'
	...NLINE\bin\server\script\missions\leaguematch\tb_head.lua:1: in main chunk
	[C]: in function 'Include'
	[string "?"]:1: in main chunk
error: ...\server\script\missions\leaguematch\macthtype\normal.lua:117: attempt to call a table value (for iterator 'for iterator')
stack traceback:
	...\server\script\missions\leaguematch\macthtype\normal.lua:117: in function 'tmp_process_data'
	...server\script\missions\leaguematch\macthtype\faction.lua:218: in main chunk
	[C]: in function 'Include'
	...F_ONLINE\bin\server\script\missions\leaguematch\head.lua:307: in main chunk
	[C]: in function 'Include'
	...\server\script\missions\leaguematch\macthtype\normal.lua:3: in main chunk
	[C]: in function 'Include'
	...NLINE\bin\server\script\missions\leaguematch\tb_head.lua:1: in main chunk
	[C]: in function 'Include'
	[string "?"]:1: in main chunk
error: ...\server\script\missions\leaguematch\macthtype\normal.lua:117: attempt to call a table value (for iterator 'for iterator')
stack traceback:
	...\server\script\missions\leaguematch\macthtype\normal.lua:117: in function 'tmp_process_data'
	...server\script\missions\leaguematch\macthtype\teacher.lua:141: in main chunk
	[C]: in function 'Include'
	...F_ONLINE\bin\server\script\missions\leaguematch\head.lua:310: in main chunk
	[C]: in function 'Include'
	...\server\script\missions\leaguematch\macthtype\normal.lua:3: in main chunk
	[C]: in function 'Include'
	...NLINE\bin\server\script\missions\leaguematch\tb_head.lua:1: in main chunk
	[C]: in function 'Include'
	[string "?"]:1: in main chunk
error: ...\server\script\missions\leaguematch\macthtype\normal.lua:117: attempt to call a table value (for iterator 'for iterator')
stack traceback:
	...\server\script\missions\leaguematch\macthtype\normal.lua:117: in function 'tmp_process_data'
	...n\server\script\missions\leaguematch\macthtype\three.lua:105: in main chunk
	[C]: in function 'Include'
	...F_ONLINE\bin\server\script\missions\leaguematch\head.lua:312: in main chunk
	[C]: in function 'Include'
	...\server\script\missions\leaguematch\macthtype\normal.lua:3: in main chunk
	[C]: in function 'Include'
	...NLINE\bin\server\script\missions\leaguematch\tb_head.lua:1: in main chunk
	[C]: in function 'Include'
	[string "?"]:1: in main chunk
error: ...\server\script\missions\leaguematch\macthtype\normal.lua:117: attempt to call a table value (for iterator 'for iterator')
stack traceback:
	...\server\script\missions\leaguematch\macthtype\normal.lua:117: in function 'tmp_process_data'
	...\server\script\missions\leaguematch\macthtype\single.lua:102: in main chunk
	[C]: in function 'Include'
	...F_ONLINE\bin\server\script\missions\leaguematch\head.lua:314: in main chunk
	[C]: in function 'Include'
	...\server\script\missions\leaguematch\macthtype\normal.lua:3: in main chunk
	[C]: in function 'Include'
	...NLINE\bin\server\script\missions\leaguematch\tb_head.lua:1: in main chunk
	[C]: in function 'Include'
	[string "?"]:1: in main chunk
error: ...\server\script\missions\leaguematch\macthtype\normal.lua:117: attempt to call a table value (for iterator 'for iterator')
stack traceback:
	...\server\script\missions\leaguematch\macthtype\normal.lua:117: in function 'tmp_process_data'
	...\server\script\missions\leaguematch\macthtype\series.lua:170: in main chunk
	[C]: in function 'Include'
	...F_ONLINE\bin\server\script\missions\leaguematch\head.lua:316: in main chunk
	[C]: in function 'Include'
	...\server\script\missions\leaguematch\macthtype\normal.lua:3: in main chunk
	[C]: in function 'Include'
	...NLINE\bin\server\script\missions\leaguematch\tb_head.lua:1: in main chunk
	[C]: in function 'Include'
	[string "?"]:1: in main chunk
error: ...\server\script\missions\leaguematch\macthtype\normal.lua:117: attempt to call a table value (for iterator 'for iterator')
stack traceback:
	...\server\script\missions\leaguematch\macthtype\normal.lua:117: in function 'tmp_process_data'
	...r\script\missions\leaguematch\macthtype\mixeddoubles.lua:123: in main chunk
	[C]: in function 'Include'
	...F_ONLINE\bin\server\script\missions\leaguematch\head.lua:318: in main chunk
	[C]: in function 'Include'
	...\server\script\missions\leaguematch\macthtype\normal.lua:3: in main chunk
	[C]: in function 'Include'
	...NLINE\bin\server\script\missions\leaguematch\tb_head.lua:1: in main chunk
	[C]: in function 'Include'
	[string "?"]:1: in main chunk
error: ...\server\script\missions\leaguematch\macthtype\normal.lua:117: attempt to call a table value (for iterator 'for iterator')
stack traceback:
	...\server\script\missions\leaguematch\macthtype\normal.lua:117: in function 'tmp_process_data'
	[string "?"]:123: in main chunk
2026/09/05 12:25:00.445 	 ScriptError 4:[1] (\script\missions\leaguematch\macthtype\mixeddoubles.lua) 

error: ...eVs22\TESTLOFFF_ONLINE\bin\server\scriptjx2\lib\file.lua:57: unexpected symbol near '%'
error: ...eVs22\TESTLOFFF_ONLINE\bin\server\scriptjx2\lib\file.lua:57: unexpected symbol near '%'
error: ...OFFF_ONLINE\bin\server\script\task\task_addplayerexp.lua:16: unexpected symbol near '%'
error: ...s22\TESTLOFFF_ONLINE\bin\server\script\lib\baseclass.lua:26: unexpected symbol near '%'
error: ..._ONLINE\bin\server\script\activitysys\activitydetail.lua:106: unexpected symbol near '%'
error: ...\TESTLOFFF_ONLINE\bin\server\script\misc\taskmanager.lua:340: unexpected symbol near '%'
error: ...ourceVs22\TESTLOFFF_ONLINE\bin\server\script\lib\log.lua:94: unexpected symbol near '%'
error: ...ourceVs22\TESTLOFFF_ONLINE\bin\server\script\lib\log.lua:94: unexpected symbol near '%'
error: ...ourceVs22\TESTLOFFF_ONLINE\bin\server\script\lib\log.lua:94: unexpected symbol near '%'
error: ...FFF_ONLINE\bin\server\script\activitysys\functionlib.lua:105: unexpected symbol near '%'
error: ...FFF_ONLINE\bin\server\script\activitysys\functionlib.lua:105: unexpected symbol near '%'
error: ...FFF_ONLINE\bin\server\script\misc\eventsys\type\func.lua:107: attempt to call a table value (for iterator 'for iterator')
stack traceback:
	...FFF_ONLINE\bin\server\script\misc\eventsys\type\func.lua:107: in main chunk
	[C]: in function 'Include'
	...F_ONLINE\bin\server\script\missions\leaguematch\head.lua:26: in main chunk
	[C]: in function 'Include'
	[string "?"]:3: in main chunk
error: ...FF_ONLINE\bin\server\script\activitysys\playerfunlib.lua:708: unexpected symbol near '%'
error: ...\server\script\missions\leaguematch\macthtype\normal.lua:117: attempt to call a table value (for iterator 'for iterator')
stack traceback:
	...\server\script\missions\leaguematch\macthtype\normal.lua:117: in function 'tmp_process_data'
	...\server\script\missions\leaguematch\macthtype\double.lua:106: in main chunk
	[C]: in function 'Include'
	...F_ONLINE\bin\server\script\missions\leaguematch\head.lua:304: in main chunk
	[C]: in function 'Include'
	[string "?"]:3: in main chunk
error: ...\server\script\missions\leaguematch\macthtype\normal.lua:117: attempt to call a table value (for iterator 'for iterator')
stack traceback:
	...\server\script\missions\leaguematch\macthtype\normal.lua:117: in function 'tmp_process_data'
	...server\script\missions\leaguematch\macthtype\faction.lua:218: in main chunk
	[C]: in function 'Include'
	...F_ONLINE\bin\server\script\missions\leaguematch\head.lua:307: in main chunk
	[C]: in function 'Include'
	[string "?"]:3: in main chunk
error: ...\server\script\missions\leaguematch\macthtype\normal.lua:117: attempt to call a table value (for iterator 'for iterator')
stack traceback:
	...\server\script\missions\leaguematch\macthtype\normal.lua:117: in function 'tmp_process_data'
	...server\script\missions\leaguematch\macthtype\teacher.lua:141: in main chunk
	[C]: in function 'Include'
	...F_ONLINE\bin\server\script\missions\leaguematch\head.lua:310: in main chunk
	[C]: in function 'Include'
	[string "?"]:3: in main chunk
error: ...\server\script\missions\leaguematch\macthtype\normal.lua:117: attempt to call a table value (for iterator 'for iterator')
stack traceback:
	...\server\script\missions\leaguematch\macthtype\normal.lua:117: in function 'tmp_process_data'
	...n\server\script\missions\leaguematch\macthtype\three.lua:105: in main chunk
	[C]: in function 'Include'
	...F_ONLINE\bin\server\script\missions\leaguematch\head.lua:312: in main chunk
	[C]: in function 'Include'
	[string "?"]:3: in main chunk
error: ...\server\script\missions\leaguematch\macthtype\normal.lua:117: attempt to call a table value (for iterator 'for iterator')
stack traceback:
	...\server\script\missions\leaguematch\macthtype\normal.lua:117: in function 'tmp_process_data'
	...\server\script\missions\leaguematch\macthtype\single.lua:102: in main chunk
	[C]: in function 'Include'
	...F_ONLINE\bin\server\script\missions\leaguematch\head.lua:314: in main chunk
	[C]: in function 'Include'
	[string "?"]:3: in main chunk
error: ...\server\script\missions\leaguematch\macthtype\normal.lua:117: attempt to call a table value (for iterator 'for iterator')
stack traceback:
	...\server\script\missions\leaguematch\macthtype\normal.lua:117: in function 'tmp_process_data'
	...\server\script\missions\leaguematch\macthtype\series.lua:170: in main chunk
	[C]: in function 'Include'
	...F_ONLINE\bin\server\script\missions\leaguematch\head.lua:316: in main chunk
	[C]: in function 'Include'
	[string "?"]:3: in main chunk
error: ...\server\script\missions\leaguematch\macthtype\normal.lua:117: attempt to call a table value (for iterator 'for iterator')
stack traceback:
	...\server\script\missions\leaguematch\macthtype\normal.lua:117: in function 'tmp_process_data'
	...r\script\missions\leaguematch\macthtype\mixeddoubles.lua:123: in main chunk
	[C]: in function 'Include'
	...F_ONLINE\bin\server\script\missions\leaguematch\head.lua:318: in main chunk
	[C]: in function 'Include'
	[string "?"]:3: in main chunk
error: ...eVs22\TESTLOFFF_ONLINE\bin\server\scriptjx2\lib\file.lua:57: unexpected symbol near '%'
error: ...eVs22\TESTLOFFF_ONLINE\bin\server\scriptjx2\lib\file.lua:57: unexpected symbol near '%'
error: ...OFFF_ONLINE\bin\server\script\task\task_addplayerexp.lua:16: unexpected symbol near '%'
error: ...s22\TESTLOFFF_ONLINE\bin\server\script\lib\baseclass.lua:26: unexpected symbol near '%'
error: ..._ONLINE\bin\server\script\activitysys\activitydetail.lua:106: unexpected symbol near '%'
error: ...\TESTLOFFF_ONLINE\bin\server\script\misc\taskmanager.lua:340: unexpected symbol near '%'
error: ...ourceVs22\TESTLOFFF_ONLINE\bin\server\script\lib\log.lua:94: unexpected symbol near '%'
error: ...ourceVs22\TESTLOFFF_ONLINE\bin\server\script\lib\log.lua:94: unexpected symbol near '%'
error: ...ourceVs22\TESTLOFFF_ONLINE\bin\server\script\lib\log.lua:94: unexpected symbol near '%'
error: ...FFF_ONLINE\bin\server\script\activitysys\functionlib.lua:105: unexpected symbol near '%'
error: ...FFF_ONLINE\bin\server\script\activitysys\functionlib.lua:105: unexpected symbol near '%'
error: ...FFF_ONLINE\bin\server\script\misc\eventsys\type\func.lua:107: attempt to call a table value (for iterator 'for iterator')
stack traceback:
	...FFF_ONLINE\bin\server\script\misc\eventsys\type\func.lua:107: in main chunk
	[C]: in function 'Include'
	...F_ONLINE\bin\server\script\missions\leaguematch\head.lua:26: in main chunk
	[C]: in function 'Include'
	...\server\script\missions\leaguematch\macthtype\normal.lua:3: in main chunk
	[C]: in function 'Include'
	...NLINE\bin\server\script\missions\leaguematch\tb_head.lua:1: in main chunk
	[C]: in function 'Include'
	[string "?"]:1: in main chunk
error: ...FF_ONLINE\bin\server\script\activitysys\playerfunlib.lua:708: unexpected symbol near '%'
error: ...\server\script\missions\leaguematch\macthtype\normal.lua:117: attempt to call a table value (for iterator 'for iterator')
stack traceback:
	...\server\script\missions\leaguematch\macthtype\normal.lua:117: in function 'tmp_process_data'
	...\server\script\missions\leaguematch\macthtype\double.lua:106: in main chunk
	[C]: in function 'Include'
	...F_ONLINE\bin\server\script\missions\leaguematch\head.lua:304: in main chunk
	[C]: in function 'Include'
	...\server\script\missions\leaguematch\macthtype\normal.lua:3: in main chunk
	[C]: in function 'Include'
	...NLINE\bin\server\script\missions\leaguematch\tb_head.lua:1: in main chunk
	[C]: in function 'Include'
	[string "?"]:1: in main chunk
error: ...\server\script\missions\leaguematch\macthtype\normal.lua:117: attempt to call a table value (for iterator 'for iterator')
stack traceback:
	...\server\script\missions\leaguematch\macthtype\normal.lua:117: in function 'tmp_process_data'
	...server\script\missions\leaguematch\macthtype\faction.lua:218: in main chunk
	[C]: in function 'Include'
	...F_ONLINE\bin\server\script\missions\leaguematch\head.lua:307: in main chunk
	[C]: in function 'Include'
	...\server\script\missions\leaguematch\macthtype\normal.lua:3: in main chunk
	[C]: in function 'Include'
	...NLINE\bin\server\script\missions\leaguematch\tb_head.lua:1: in main chunk
	[C]: in function 'Include'
	[string "?"]:1: in main chunk
error: ...\server\script\missions\leaguematch\macthtype\normal.lua:117: attempt to call a table value (for iterator 'for iterator')
stack traceback:
	...\server\script\missions\leaguematch\macthtype\normal.lua:117: in function 'tmp_process_data'
	...server\script\missions\leaguematch\macthtype\teacher.lua:141: in main chunk
	[C]: in function 'Include'
	...F_ONLINE\bin\server\script\missions\leaguematch\head.lua:310: in main chunk
	[C]: in function 'Include'
	...\server\script\missions\leaguematch\macthtype\normal.lua:3: in main chunk
	[C]: in function 'Include'
	...NLINE\bin\server\script\missions\leaguematch\tb_head.lua:1: in main chunk
	[C]: in function 'Include'
	[string "?"]:1: in main chunk
error: ...\server\script\missions\leaguematch\macthtype\normal.lua:117: attempt to call a table value (for iterator 'for iterator')
stack traceback:
	...\server\script\missions\leaguematch\macthtype\normal.lua:117: in function 'tmp_process_data'
	...n\server\script\missions\leaguematch\macthtype\three.lua:105: in main chunk
	[C]: in function 'Include'
	...F_ONLINE\bin\server\script\missions\leaguematch\head.lua:312: in main chunk
	[C]: in function 'Include'
	...\server\script\missions\leaguematch\macthtype\normal.lua:3: in main chunk
	[C]: in function 'Include'
	...NLINE\bin\server\script\missions\leaguematch\tb_head.lua:1: in main chunk
	[C]: in function 'Include'
	[string "?"]:1: in main chunk
error: ...\server\script\missions\leaguematch\macthtype\normal.lua:117: attempt to call a table value (for iterator 'for iterator')
stack traceback:
	...\server\script\missions\leaguematch\macthtype\normal.lua:117: in function 'tmp_process_data'
	...\server\script\missions\leaguematch\macthtype\single.lua:102: in main chunk
	[C]: in function 'Include'
	...F_ONLINE\bin\server\script\missions\leaguematch\head.lua:314: in main chunk
	[C]: in function 'Include'
	...\server\script\missions\leaguematch\macthtype\normal.lua:3: in main chunk
	[C]: in function 'Include'
	...NLINE\bin\server\script\missions\leaguematch\tb_head.lua:1: in main chunk
	[C]: in function 'Include'
	[string "?"]:1: in main chunk
error: ...\server\script\missions\leaguematch\macthtype\normal.lua:117: attempt to call a table value (for iterator 'for iterator')
stack traceback:
	...\server\script\missions\leaguematch\macthtype\normal.lua:117: in function 'tmp_process_data'
	...\server\script\missions\leaguematch\macthtype\series.lua:170: in main chunk
	[C]: in function 'Include'
	...F_ONLINE\bin\server\script\missions\leaguematch\head.lua:316: in main chunk
	[C]: in function 'Include'
	...\server\script\missions\leaguematch\macthtype\normal.lua:3: in main chunk
	[C]: in function 'Include'
	...NLINE\bin\server\script\missions\leaguematch\tb_head.lua:1: in main chunk
	[C]: in function 'Include'
	[string "?"]:1: in main chunk
error: ...\server\script\missions\leaguematch\macthtype\normal.lua:117: attempt to call a table value (for iterator 'for iterator')
stack traceback:
	...\server\script\missions\leaguematch\macthtype\normal.lua:117: in function 'tmp_process_data'
	...r\script\missions\leaguematch\macthtype\mixeddoubles.lua:123: in main chunk
	[C]: in function 'Include'
	...F_ONLINE\bin\server\script\missions\leaguematch\head.lua:318: in main chunk
	[C]: in function 'Include'
	...\server\script\missions\leaguematch\macthtype\normal.lua:3: in main chunk
	[C]: in function 'Include'
	...NLINE\bin\server\script\missions\leaguematch\tb_head.lua:1: in main chunk
	[C]: in function 'Include'
	[string "?"]:1: in main chunk
error: ...\server\script\missions\leaguematch\macthtype\normal.lua:117: attempt to call a table value (for iterator 'for iterator')
stack traceback:
	...\server\script\missions\leaguematch\macthtype\normal.lua:117: in function 'tmp_process_data'
	[string "?"]:170: in main chunk
2026/09/05 12:25:00.474 	 ScriptError 4:[1] (\script\missions\leaguematch\macthtype\series.lua) 

error: ...eVs22\TESTLOFFF_ONLINE\bin\server\scriptjx2\lib\file.lua:57: unexpected symbol near '%'
error: ...eVs22\TESTLOFFF_ONLINE\bin\server\scriptjx2\lib\file.lua:57: unexpected symbol near '%'
error: ...OFFF_ONLINE\bin\server\script\task\task_addplayerexp.lua:16: unexpected symbol near '%'
error: ...s22\TESTLOFFF_ONLINE\bin\server\script\lib\baseclass.lua:26: unexpected symbol near '%'
error: ..._ONLINE\bin\server\script\activitysys\activitydetail.lua:106: unexpected symbol near '%'
error: ...\TESTLOFFF_ONLINE\bin\server\script\misc\taskmanager.lua:340: unexpected symbol near '%'
error: ...ourceVs22\TESTLOFFF_ONLINE\bin\server\script\lib\log.lua:94: unexpected symbol near '%'
error: ...ourceVs22\TESTLOFFF_ONLINE\bin\server\script\lib\log.lua:94: unexpected symbol near '%'
error: ...ourceVs22\TESTLOFFF_ONLINE\bin\server\script\lib\log.lua:94: unexpected symbol near '%'
error: ...FFF_ONLINE\bin\server\script\activitysys\functionlib.lua:105: unexpected symbol near '%'
error: ...FFF_ONLINE\bin\server\script\activitysys\functionlib.lua:105: unexpected symbol near '%'
error: ...FFF_ONLINE\bin\server\script\misc\eventsys\type\func.lua:107: attempt to call a table value (for iterator 'for iterator')
stack traceback:
	...FFF_ONLINE\bin\server\script\misc\eventsys\type\func.lua:107: in main chunk
	[C]: in function 'Include'
	...F_ONLINE\bin\server\script\missions\leaguematch\head.lua:26: in main chunk
	[C]: in function 'Include'
	...\server\script\missions\leaguematch\macthtype\normal.lua:3: in main chunk
	[C]: in function 'Include'
	...NLINE\bin\server\script\missions\leaguematch\tb_head.lua:1: in main chunk
	[C]: in function 'Include'
	[string "?"]:1: in main chunk
error: ...FF_ONLINE\bin\server\script\activitysys\playerfunlib.lua:708: unexpected symbol near '%'
error: ...\server\script\missions\leaguematch\macthtype\normal.lua:117: attempt to call a table value (for iterator 'for iterator')
stack traceback:
	...\server\script\missions\leaguematch\macthtype\normal.lua:117: in function 'tmp_process_data'
	...\server\script\missions\leaguematch\macthtype\double.lua:106: in main chunk
	[C]: in function 'Include'
	...F_ONLINE\bin\server\script\missions\leaguematch\head.lua:304: in main chunk
	[C]: in function 'Include'
	...\server\script\missions\leaguematch\macthtype\normal.lua:3: in main chunk
	[C]: in function 'Include'
	...NLINE\bin\server\script\missions\leaguematch\tb_head.lua:1: in main chunk
	[C]: in function 'Include'
	[string "?"]:1: in main chunk
error: ...\server\script\missions\leaguematch\macthtype\normal.lua:117: attempt to call a table value (for iterator 'for iterator')
stack traceback:
	...\server\script\missions\leaguematch\macthtype\normal.lua:117: in function 'tmp_process_data'
	...server\script\missions\leaguematch\macthtype\faction.lua:218: in main chunk
	[C]: in function 'Include'
	...F_ONLINE\bin\server\script\missions\leaguematch\head.lua:307: in main chunk
	[C]: in function 'Include'
	...\server\script\missions\leaguematch\macthtype\normal.lua:3: in main chunk
	[C]: in function 'Include'
	...NLINE\bin\server\script\missions\leaguematch\tb_head.lua:1: in main chunk
	[C]: in function 'Include'
	[string "?"]:1: in main chunk
error: ...\server\script\missions\leaguematch\macthtype\normal.lua:117: attempt to call a table value (for iterator 'for iterator')
stack traceback:
	...\server\script\missions\leaguematch\macthtype\normal.lua:117: in function 'tmp_process_data'
	...server\script\missions\leaguematch\macthtype\teacher.lua:141: in main chunk
	[C]: in function 'Include'
	...F_ONLINE\bin\server\script\missions\leaguematch\head.lua:310: in main chunk
	[C]: in function 'Include'
	...\server\script\missions\leaguematch\macthtype\normal.lua:3: in main chunk
	[C]: in function 'Include'
	...NLINE\bin\server\script\missions\leaguematch\tb_head.lua:1: in main chunk
	[C]: in function 'Include'
	[string "?"]:1: in main chunk
error: ...\server\script\missions\leaguematch\macthtype\normal.lua:117: attempt to call a table value (for iterator 'for iterator')
stack traceback:
	...\server\script\missions\leaguematch\macthtype\normal.lua:117: in function 'tmp_process_data'
	...n\server\script\missions\leaguematch\macthtype\three.lua:105: in main chunk
	[C]: in function 'Include'
	...F_ONLINE\bin\server\script\missions\leaguematch\head.lua:312: in main chunk
	[C]: in function 'Include'
	...\server\script\missions\leaguematch\macthtype\normal.lua:3: in main chunk
	[C]: in function 'Include'
	...NLINE\bin\server\script\missions\leaguematch\tb_head.lua:1: in main chunk
	[C]: in function 'Include'
	[string "?"]:1: in main chunk
error: ...\server\script\missions\leaguematch\macthtype\normal.lua:117: attempt to call a table value (for iterator 'for iterator')
stack traceback:
	...\server\script\missions\leaguematch\macthtype\normal.lua:117: in function 'tmp_process_data'
	...\server\script\missions\leaguematch\macthtype\single.lua:102: in main chunk
	[C]: in function 'Include'
	...F_ONLINE\bin\server\script\missions\leaguematch\head.lua:314: in main chunk
	[C]: in function 'Include'
	...\server\script\missions\leaguematch\macthtype\normal.lua:3: in main chunk
	[C]: in function 'Include'
	...NLINE\bin\server\script\missions\leaguematch\tb_head.lua:1: in main chunk
	[C]: in function 'Include'
	[string "?"]:1: in main chunk
error: ...\server\script\missions\leaguematch\macthtype\normal.lua:117: attempt to call a table value (for iterator 'for iterator')
stack traceback:
	...\server\script\missions\leaguematch\macthtype\normal.lua:117: in function 'tmp_process_data'
	...\server\script\missions\leaguematch\macthtype\series.lua:170: in main chunk
	[C]: in function 'Include'
	...F_ONLINE\bin\server\script\missions\leaguematch\head.lua:316: in main chunk
	[C]: in function 'Include'
	...\server\script\missions\leaguematch\macthtype\normal.lua:3: in main chunk
	[C]: in function 'Include'
	...NLINE\bin\server\script\missions\leaguematch\tb_head.lua:1: in main chunk
	[C]: in function 'Include'
	[string "?"]:1: in main chunk
error: ...\server\script\missions\leaguematch\macthtype\normal.lua:117: attempt to call a table value (for iterator 'for iterator')
stack traceback:
	...\server\script\missions\leaguematch\macthtype\normal.lua:117: in function 'tmp_process_data'
	...r\script\missions\leaguematch\macthtype\mixeddoubles.lua:123: in main chunk
	[C]: in function 'Include'
	...F_ONLINE\bin\server\script\missions\leaguematch\head.lua:318: in main chunk
	[C]: in function 'Include'
	...\server\script\missions\leaguematch\macthtype\normal.lua:3: in main chunk
	[C]: in function 'Include'
	...NLINE\bin\server\script\missions\leaguematch\tb_head.lua:1: in main chunk
	[C]: in function 'Include'
	[string "?"]:1: in main chunk
error: ...\server\script\missions\leaguematch\macthtype\normal.lua:117: attempt to call a table value (for iterator 'for iterator')
stack traceback:
	...\server\script\missions\leaguematch\macthtype\normal.lua:117: in function 'tmp_process_data'
	[string "?"]:102: in main chunk
2026/09/05 12:25:00.489 	 ScriptError 4:[1] (\script\missions\leaguematch\macthtype\single.lua) 

error: ...eVs22\TESTLOFFF_ONLINE\bin\server\scriptjx2\lib\file.lua:57: unexpected symbol near '%'
error: ...eVs22\TESTLOFFF_ONLINE\bin\server\scriptjx2\lib\file.lua:57: unexpected symbol near '%'
error: ...OFFF_ONLINE\bin\server\script\task\task_addplayerexp.lua:16: unexpected symbol near '%'
error: ...s22\TESTLOFFF_ONLINE\bin\server\script\lib\baseclass.lua:26: unexpected symbol near '%'
error: ..._ONLINE\bin\server\script\activitysys\activitydetail.lua:106: unexpected symbol near '%'
error: ...\TESTLOFFF_ONLINE\bin\server\script\misc\taskmanager.lua:340: unexpected symbol near '%'
error: ...ourceVs22\TESTLOFFF_ONLINE\bin\server\script\lib\log.lua:94: unexpected symbol near '%'
error: ...ourceVs22\TESTLOFFF_ONLINE\bin\server\script\lib\log.lua:94: unexpected symbol near '%'
error: ...ourceVs22\TESTLOFFF_ONLINE\bin\server\script\lib\log.lua:94: unexpected symbol near '%'
error: ...FFF_ONLINE\bin\server\script\activitysys\functionlib.lua:105: unexpected symbol near '%'
error: ...FFF_ONLINE\bin\server\script\activitysys\functionlib.lua:105: unexpected symbol near '%'
error: ...FFF_ONLINE\bin\server\script\misc\eventsys\type\func.lua:107: attempt to call a table value (for iterator 'for iterator')
stack traceback:
	...FFF_ONLINE\bin\server\script\misc\eventsys\type\func.lua:107: in main chunk
	[C]: in function 'Include'
	...F_ONLINE\bin\server\script\missions\leaguematch\head.lua:26: in main chunk
	[C]: in function 'Include'
	...\server\script\missions\leaguematch\macthtype\normal.lua:3: in main chunk
	[C]: in function 'Include'
	...NLINE\bin\server\script\missions\leaguematch\tb_head.lua:1: in main chunk
	[C]: in function 'Include'
	[string "?"]:1: in main chunk
error: ...FF_ONLINE\bin\server\script\activitysys\playerfunlib.lua:708: unexpected symbol near '%'
error: ...\server\script\missions\leaguematch\macthtype\normal.lua:117: attempt to call a table value (for iterator 'for iterator')
stack traceback:
	...\server\script\missions\leaguematch\macthtype\normal.lua:117: in function 'tmp_process_data'
	...\server\script\missions\leaguematch\macthtype\double.lua:106: in main chunk
	[C]: in function 'Include'
	...F_ONLINE\bin\server\script\missions\leaguematch\head.lua:304: in main chunk
	[C]: in function 'Include'
	...\server\script\missions\leaguematch\macthtype\normal.lua:3: in main chunk
	[C]: in function 'Include'
	...NLINE\bin\server\script\missions\leaguematch\tb_head.lua:1: in main chunk
	[C]: in function 'Include'
	[string "?"]:1: in main chunk
error: ...\server\script\missions\leaguematch\macthtype\normal.lua:117: attempt to call a table value (for iterator 'for iterator')
stack traceback:
	...\server\script\missions\leaguematch\macthtype\normal.lua:117: in function 'tmp_process_data'
	...server\script\missions\leaguematch\macthtype\faction.lua:218: in main chunk
	[C]: in function 'Include'
	...F_ONLINE\bin\server\script\missions\leaguematch\head.lua:307: in main chunk
	[C]: in function 'Include'
	...\server\script\missions\leaguematch\macthtype\normal.lua:3: in main chunk
	[C]: in function 'Include'
	...NLINE\bin\server\script\missions\leaguematch\tb_head.lua:1: in main chunk
	[C]: in function 'Include'
	[string "?"]:1: in main chunk
error: ...\server\script\missions\leaguematch\macthtype\normal.lua:117: attempt to call a table value (for iterator 'for iterator')
stack traceback:
	...\server\script\missions\leaguematch\macthtype\normal.lua:117: in function 'tmp_process_data'
	...server\script\missions\leaguematch\macthtype\teacher.lua:141: in main chunk
	[C]: in function 'Include'
	...F_ONLINE\bin\server\script\missions\leaguematch\head.lua:310: in main chunk
	[C]: in function 'Include'
	...\server\script\missions\leaguematch\macthtype\normal.lua:3: in main chunk
	[C]: in function 'Include'
	...NLINE\bin\server\script\missions\leaguematch\tb_head.lua:1: in main chunk
	[C]: in function 'Include'
	[string "?"]:1: in main chunk
error: ...\server\script\missions\leaguematch\macthtype\normal.lua:117: attempt to call a table value (for iterator 'for iterator')
stack traceback:
	...\server\script\missions\leaguematch\macthtype\normal.lua:117: in function 'tmp_process_data'
	...n\server\script\missions\leaguematch\macthtype\three.lua:105: in main chunk
	[C]: in function 'Include'
	...F_ONLINE\bin\server\script\missions\leaguematch\head.lua:312: in main chunk
	[C]: in function 'Include'
	...\server\script\missions\leaguematch\macthtype\normal.lua:3: in main chunk
	[C]: in function 'Include'
	...NLINE\bin\server\script\missions\leaguematch\tb_head.lua:1: in main chunk
	[C]: in function 'Include'
	[string "?"]:1: in main chunk
error: ...\server\script\missions\leaguematch\macthtype\normal.lua:117: attempt to call a table value (for iterator 'for iterator')
stack traceback:
	...\server\script\missions\leaguematch\macthtype\normal.lua:117: in function 'tmp_process_data'
	...\server\script\missions\leaguematch\macthtype\single.lua:102: in main chunk
	[C]: in function 'Include'
	...F_ONLINE\bin\server\script\missions\leaguematch\head.lua:314: in main chunk
	[C]: in function 'Include'
	...\server\script\missions\leaguematch\macthtype\normal.lua:3: in main chunk
	[C]: in function 'Include'
	...NLINE\bin\server\script\missions\leaguematch\tb_head.lua:1: in main chunk
	[C]: in function 'Include'
	[string "?"]:1: in main chunk
error: ...\server\script\missions\leaguematch\macthtype\normal.lua:117: attempt to call a table value (for iterator 'for iterator')
stack traceback:
	...\server\script\missions\leaguematch\macthtype\normal.lua:117: in function 'tmp_process_data'
	...\server\script\missions\leaguematch\macthtype\series.lua:170: in main chunk
	[C]: in function 'Include'
	...F_ONLINE\bin\server\script\missions\leaguematch\head.lua:316: in main chunk
	[C]: in function 'Include'
	...\server\script\missions\leaguematch\macthtype\normal.lua:3: in main chunk
	[C]: in function 'Include'
	...NLINE\bin\server\script\missions\leaguematch\tb_head.lua:1: in main chunk
	[C]: in function 'Include'
	[string "?"]:1: in main chunk
error: ...\server\script\missions\leaguematch\macthtype\normal.lua:117: attempt to call a table value (for iterator 'for iterator')
stack traceback:
	...\server\script\missions\leaguematch\macthtype\normal.lua:117: in function 'tmp_process_data'
	...r\script\missions\leaguematch\macthtype\mixeddoubles.lua:123: in main chunk
	[C]: in function 'Include'
	...F_ONLINE\bin\server\script\missions\leaguematch\head.lua:318: in main chunk
	[C]: in function 'Include'
	...\server\script\missions\leaguematch\macthtype\normal.lua:3: in main chunk
	[C]: in function 'Include'
	...NLINE\bin\server\script\missions\leaguematch\tb_head.lua:1: in main chunk
	[C]: in function 'Include'
	[string "?"]:1: in main chunk
error: ...\server\script\missions\leaguematch\macthtype\normal.lua:117: attempt to call a table value (for iterator 'for iterator')
stack traceback:
	...\server\script\missions\leaguematch\macthtype\normal.lua:117: in function 'tmp_process_data'
	[string "?"]:141: in main chunk
2026/09/05 12:25:00.504 	 ScriptError 4:[1] (\script\missions\leaguematch\macthtype\teacher.lua) 

error: ...eVs22\TESTLOFFF_ONLINE\bin\server\scriptjx2\lib\file.lua:57: unexpected symbol near '%'
error: ...eVs22\TESTLOFFF_ONLINE\bin\server\scriptjx2\lib\file.lua:57: unexpected symbol near '%'
error: ...OFFF_ONLINE\bin\server\script\task\task_addplayerexp.lua:16: unexpected symbol near '%'
error: ...s22\TESTLOFFF_ONLINE\bin\server\script\lib\baseclass.lua:26: unexpected symbol near '%'
error: ..._ONLINE\bin\server\script\activitysys\activitydetail.lua:106: unexpected symbol near '%'
error: ...\TESTLOFFF_ONLINE\bin\server\script\misc\taskmanager.lua:340: unexpected symbol near '%'
error: ...ourceVs22\TESTLOFFF_ONLINE\bin\server\script\lib\log.lua:94: unexpected symbol near '%'
error: ...ourceVs22\TESTLOFFF_ONLINE\bin\server\script\lib\log.lua:94: unexpected symbol near '%'
error: ...ourceVs22\TESTLOFFF_ONLINE\bin\server\script\lib\log.lua:94: unexpected symbol near '%'
error: ...FFF_ONLINE\bin\server\script\activitysys\functionlib.lua:105: unexpected symbol near '%'
error: ...FFF_ONLINE\bin\server\script\activitysys\functionlib.lua:105: unexpected symbol near '%'
error: ...FFF_ONLINE\bin\server\script\misc\eventsys\type\func.lua:107: attempt to call a table value (for iterator 'for iterator')
stack traceback:
	...FFF_ONLINE\bin\server\script\misc\eventsys\type\func.lua:107: in main chunk
	[C]: in function 'Include'
	...F_ONLINE\bin\server\script\missions\leaguematch\head.lua:26: in main chunk
	[C]: in function 'Include'
	...\server\script\missions\leaguematch\macthtype\normal.lua:3: in main chunk
	[C]: in function 'Include'
	...NLINE\bin\server\script\missions\leaguematch\tb_head.lua:1: in main chunk
	[C]: in function 'Include'
	[string "?"]:1: in main chunk
error: ...FF_ONLINE\bin\server\script\activitysys\playerfunlib.lua:708: unexpected symbol near '%'
error: ...\server\script\missions\leaguematch\macthtype\normal.lua:117: attempt to call a table value (for iterator 'for iterator')
stack traceback:
	...\server\script\missions\leaguematch\macthtype\normal.lua:117: in function 'tmp_process_data'
	...\server\script\missions\leaguematch\macthtype\double.lua:106: in main chunk
	[C]: in function 'Include'
	...F_ONLINE\bin\server\script\missions\leaguematch\head.lua:304: in main chunk
	[C]: in function 'Include'
	...\server\script\missions\leaguematch\macthtype\normal.lua:3: in main chunk
	[C]: in function 'Include'
	...NLINE\bin\server\script\missions\leaguematch\tb_head.lua:1: in main chunk
	[C]: in function 'Include'
	[string "?"]:1: in main chunk
error: ...\server\script\missions\leaguematch\macthtype\normal.lua:117: attempt to call a table value (for iterator 'for iterator')
stack traceback:
	...\server\script\missions\leaguematch\macthtype\normal.lua:117: in function 'tmp_process_data'
	...server\script\missions\leaguematch\macthtype\faction.lua:218: in main chunk
	[C]: in function 'Include'
	...F_ONLINE\bin\server\script\missions\leaguematch\head.lua:307: in main chunk
	[C]: in function 'Include'
	...\server\script\missions\leaguematch\macthtype\normal.lua:3: in main chunk
	[C]: in function 'Include'
	...NLINE\bin\server\script\missions\leaguematch\tb_head.lua:1: in main chunk
	[C]: in function 'Include'
	[string "?"]:1: in main chunk
error: ...\server\script\missions\leaguematch\macthtype\normal.lua:117: attempt to call a table value (for iterator 'for iterator')
stack traceback:
	...\server\script\missions\leaguematch\macthtype\normal.lua:117: in function 'tmp_process_data'
	...server\script\missions\leaguematch\macthtype\teacher.lua:141: in main chunk
	[C]: in function 'Include'
	...F_ONLINE\bin\server\script\missions\leaguematch\head.lua:310: in main chunk
	[C]: in function 'Include'
	...\server\script\missions\leaguematch\macthtype\normal.lua:3: in main chunk
	[C]: in function 'Include'
	...NLINE\bin\server\script\missions\leaguematch\tb_head.lua:1: in main chunk
	[C]: in function 'Include'
	[string "?"]:1: in main chunk
error: ...\server\script\missions\leaguematch\macthtype\normal.lua:117: attempt to call a table value (for iterator 'for iterator')
stack traceback:
	...\server\script\missions\leaguematch\macthtype\normal.lua:117: in function 'tmp_process_data'
	...n\server\script\missions\leaguematch\macthtype\three.lua:105: in main chunk
	[C]: in function 'Include'
	...F_ONLINE\bin\server\script\missions\leaguematch\head.lua:312: in main chunk
	[C]: in function 'Include'
	...\server\script\missions\leaguematch\macthtype\normal.lua:3: in main chunk
	[C]: in function 'Include'
	...NLINE\bin\server\script\missions\leaguematch\tb_head.lua:1: in main chunk
	[C]: in function 'Include'
	[string "?"]:1: in main chunk
error: ...\server\script\missions\leaguematch\macthtype\normal.lua:117: attempt to call a table value (for iterator 'for iterator')
stack traceback:
	...\server\script\missions\leaguematch\macthtype\normal.lua:117: in function 'tmp_process_data'
	...\server\script\missions\leaguematch\macthtype\single.lua:102: in main chunk
	[C]: in function 'Include'
	...F_ONLINE\bin\server\script\missions\leaguematch\head.lua:314: in main chunk
	[C]: in function 'Include'
	...\server\script\missions\leaguematch\macthtype\normal.lua:3: in main chunk
	[C]: in function 'Include'
	...NLINE\bin\server\script\missions\leaguematch\tb_head.lua:1: in main chunk
	[C]: in function 'Include'
	[string "?"]:1: in main chunk
error: ...\server\script\missions\leaguematch\macthtype\normal.lua:117: attempt to call a table value (for iterator 'for iterator')
stack traceback:
	...\server\script\missions\leaguematch\macthtype\normal.lua:117: in function 'tmp_process_data'
	...\server\script\missions\leaguematch\macthtype\series.lua:170: in main chunk
	[C]: in function 'Include'
	...F_ONLINE\bin\server\script\missions\leaguematch\head.lua:316: in main chunk
	[C]: in function 'Include'
	...\server\script\missions\leaguematch\macthtype\normal.lua:3: in main chunk
	[C]: in function 'Include'
	...NLINE\bin\server\script\missions\leaguematch\tb_head.lua:1: in main chunk
	[C]: in function 'Include'
	[string "?"]:1: in main chunk
error: ...\server\script\missions\leaguematch\macthtype\normal.lua:117: attempt to call a table value (for iterator 'for iterator')
stack traceback:
	...\server\script\missions\leaguematch\macthtype\normal.lua:117: in function 'tmp_process_data'
	...r\script\missions\leaguematch\macthtype\mixeddoubles.lua:123: in main chunk
	[C]: in function 'Include'
	...F_ONLINE\bin\server\script\missions\leaguematch\head.lua:318: in main chunk
	[C]: in function 'Include'
	...\server\script\missions\leaguematch\macthtype\normal.lua:3: in main chunk
	[C]: in function 'Include'
	...NLINE\bin\server\script\missions\leaguematch\tb_head.lua:1: in main chunk
	[C]: in function 'Include'
	[string "?"]:1: in main chunk
error: ...\server\script\missions\leaguematch\macthtype\normal.lua:117: attempt to call a table value (for iterator 'for iterator')
stack traceback:
	...\server\script\missions\leaguematch\macthtype\normal.lua:117: in function 'tmp_process_data'
	[string "?"]:105: in main chunk
2026/09/05 12:25:00.520 	 ScriptError 4:[1] (\script\missions\leaguematch\macthtype\three.lua) 

error: ...eVs22\TESTLOFFF_ONLINE\bin\server\scriptjx2\lib\file.lua:57: unexpected symbol near '%'
error: ...eVs22\TESTLOFFF_ONLINE\bin\server\scriptjx2\lib\file.lua:57: unexpected symbol near '%'
error: ...eVs22\TESTLOFFF_ONLINE\bin\server\scriptjx2\lib\file.lua:57: unexpected symbol near '%'
error: ...eVs22\TESTLOFFF_ONLINE\bin\server\scriptjx2\lib\file.lua:57: unexpected symbol near '%'
error: ...eVs22\TESTLOFFF_ONLINE\bin\server\scriptjx2\lib\file.lua:57: unexpected symbol near '%'
error: ...eVs22\TESTLOFFF_ONLINE\bin\server\scriptjx2\lib\file.lua:57: unexpected symbol near '%'
error: ...eVs22\TESTLOFFF_ONLINE\bin\server\scriptjx2\lib\file.lua:57: unexpected symbol near '%'
error: ...eVs22\TESTLOFFF_ONLINE\bin\server\scriptjx2\lib\file.lua:57: unexpected symbol near '%'
error: ...eVs22\TESTLOFFF_ONLINE\bin\server\scriptjx2\lib\file.lua:57: unexpected symbol near '%'
error: ...eVs22\TESTLOFFF_ONLINE\bin\server\scriptjx2\lib\file.lua:57: unexpected symbol near '%'
error: ...eVs22\TESTLOFFF_ONLINE\bin\server\scriptjx2\lib\file.lua:57: unexpected symbol near '%'
error: ...eVs22\TESTLOFFF_ONLINE\bin\server\scriptjx2\lib\file.lua:57: unexpected symbol near '%'
error: ...eVs22\TESTLOFFF_ONLINE\bin\server\scriptjx2\lib\file.lua:57: unexpected symbol near '%'
error: ...eVs22\TESTLOFFF_ONLINE\bin\server\scriptjx2\lib\file.lua:57: unexpected symbol near '%'
error: ...eVs22\TESTLOFFF_ONLINE\bin\server\scriptjx2\lib\file.lua:57: unexpected symbol near '%'
error: ...eVs22\TESTLOFFF_ONLINE\bin\server\scriptjx2\lib\file.lua:57: unexpected symbol near '%'
error: ...eVs22\TESTLOFFF_ONLINE\bin\server\scriptjx2\lib\file.lua:57: unexpected symbol near '%'
error: ...eVs22\TESTLOFFF_ONLINE\bin\server\scriptjx2\lib\file.lua:57: unexpected symbol near '%'
error: ...eVs22\TESTLOFFF_ONLINE\bin\server\scriptjx2\lib\file.lua:57: unexpected symbol near '%'
error: ...eVs22\TESTLOFFF_ONLINE\bin\server\scriptjx2\lib\file.lua:57: unexpected symbol near '%'
error: ...eVs22\TESTLOFFF_ONLINE\bin\server\scriptjx2\lib\file.lua:57: unexpected symbol near '%'
error: ...eVs22\TESTLOFFF_ONLINE\bin\server\scriptjx2\lib\file.lua:57: unexpected symbol near '%'
error: ...eVs22\TESTLOFFF_ONLINE\bin\server\scriptjx2\lib\file.lua:57: unexpected symbol near '%'
error: ...eVs22\TESTLOFFF_ONLINE\bin\server\scriptjx2\lib\file.lua:57: unexpected symbol near '%'
error: ...eVs22\TESTLOFFF_ONLINE\bin\server\scriptjx2\lib\file.lua:57: unexpected symbol near '%'
error: ...eVs22\TESTLOFFF_ONLINE\bin\server\scriptjx2\lib\file.lua:57: unexpected symbol near '%'
error: ...eVs22\TESTLOFFF_ONLINE\bin\server\scriptjx2\lib\file.lua:57: unexpected symbol near '%'
error: ...eVs22\TESTLOFFF_ONLINE\bin\server\scriptjx2\lib\file.lua:57: unexpected symbol near '%'
error: ...eVs22\TESTLOFFF_ONLINE\bin\server\scriptjx2\lib\file.lua:57: unexpected symbol near '%'
error: ...eVs22\TESTLOFFF_ONLINE\bin\server\scriptjx2\lib\file.lua:57: unexpected symbol near '%'
error: ...eVs22\TESTLOFFF_ONLINE\bin\server\scriptjx2\lib\file.lua:57: unexpected symbol near '%'
error: ...eVs22\TESTLOFFF_ONLINE\bin\server\scriptjx2\lib\file.lua:57: unexpected symbol near '%'
error: ...eVs22\TESTLOFFF_ONLINE\bin\server\scriptjx2\lib\file.lua:57: unexpected symbol near '%'
error: ...eVs22\TESTLOFFF_ONLINE\bin\server\scriptjx2\lib\file.lua:57: unexpected symbol near '%'
error: ...eVs22\TESTLOFFF_ONLINE\bin\server\scriptjx2\lib\file.lua:57: unexpected symbol near '%'
error: ...eVs22\TESTLOFFF_ONLINE\bin\server\scriptjx2\lib\file.lua:57: unexpected symbol near '%'
error: ...eVs22\TESTLOFFF_ONLINE\bin\server\scriptjx2\lib\file.lua:57: unexpected symbol near '%'
error: ...eVs22\TESTLOFFF_ONLINE\bin\server\scriptjx2\lib\file.lua:57: unexpected symbol near '%'
error: ...eVs22\TESTLOFFF_ONLINE\bin\server\scriptjx2\lib\file.lua:57: unexpected symbol near '%'
error: ...eVs22\TESTLOFFF_ONLINE\bin\server\scriptjx2\lib\file.lua:57: unexpected symbol near '%'
error: ...eVs22\TESTLOFFF_ONLINE\bin\server\scriptjx2\lib\file.lua:57: unexpected symbol near '%'
error: ...eVs22\TESTLOFFF_ONLINE\bin\server\scriptjx2\lib\file.lua:57: unexpected symbol near '%'
error: ...eVs22\TESTLOFFF_ONLINE\bin\server\scriptjx2\lib\file.lua:57: unexpected symbol near '%'
error: ...eVs22\TESTLOFFF_ONLINE\bin\server\scriptjx2\lib\file.lua:57: unexpected symbol near '%'
error: ...eVs22\TESTLOFFF_ONLINE\bin\server\scriptjx2\lib\file.lua:57: unexpected symbol near '%'
error: ...eVs22\TESTLOFFF_ONLINE\bin\server\scriptjx2\lib\file.lua:57: unexpected symbol near '%'
error: ...eVs22\TESTLOFFF_ONLINE\bin\server\scriptjx2\lib\file.lua:57: unexpected symbol near '%'
error: ...eVs22\TESTLOFFF_ONLINE\bin\server\scriptjx2\lib\file.lua:57: unexpected symbol near '%'
error: ...eVs22\TESTLOFFF_ONLINE\bin\server\scriptjx2\lib\file.lua:57: unexpected symbol near '%'
error: ...eVs22\TESTLOFFF_ONLINE\bin\server\scriptjx2\lib\file.lua:57: unexpected symbol near '%'
error: ...eVs22\TESTLOFFF_ONLINE\bin\server\scriptjx2\lib\file.lua:57: unexpected symbol near '%'
error: ...eVs22\TESTLOFFF_ONLINE\bin\server\scriptjx2\lib\file.lua:57: unexpected symbol near '%'
error: ...eVs22\TESTLOFFF_ONLINE\bin\server\scriptjx2\lib\file.lua:57: unexpected symbol near '%'
error: ...eVs22\TESTLOFFF_ONLINE\bin\server\scriptjx2\lib\file.lua:57: unexpected symbol near '%'
error: ...eVs22\TESTLOFFF_ONLINE\bin\server\scriptjx2\lib\file.lua:57: unexpected symbol near '%'
error: ...eVs22\TESTLOFFF_ONLINE\bin\server\scriptjx2\lib\file.lua:57: unexpected symbol near '%'
error: ...eVs22\TESTLOFFF_ONLINE\bin\server\scriptjx2\lib\file.lua:57: unexpected symbol near '%'
error: ...eVs22\TESTLOFFF_ONLINE\bin\server\scriptjx2\lib\file.lua:57: unexpected symbol near '%'
error: ...eVs22\TESTLOFFF_ONLINE\bin\server\scriptjx2\lib\file.lua:57: unexpected symbol near '%'
error: ...eVs22\TESTLOFFF_ONLINE\bin\server\scriptjx2\lib\file.lua:57: unexpected symbol near '%'
error: ...eVs22\TESTLOFFF_ONLINE\bin\server\scriptjx2\lib\file.lua:57: unexpected symbol near '%'
error: ...eVs22\TESTLOFFF_ONLINE\bin\server\scriptjx2\lib\file.lua:57: unexpected symbol near '%'
error: ...eVs22\TESTLOFFF_ONLINE\bin\server\scriptjx2\lib\file.lua:57: unexpected symbol near '%'
error: ...eVs22\TESTLOFFF_ONLINE\bin\server\scriptjx2\lib\file.lua:57: unexpected symbol near '%'
error: ...eVs22\TESTLOFFF_ONLINE\bin\server\scriptjx2\lib\file.lua:57: unexpected symbol near '%'
error: ...eVs22\TESTLOFFF_ONLINE\bin\server\scriptjx2\lib\file.lua:57: unexpected symbol near '%'
error: ...eVs22\TESTLOFFF_ONLINE\bin\server\scriptjx2\lib\file.lua:57: unexpected symbol near '%'
error: ...eVs22\TESTLOFFF_ONLINE\bin\server\scriptjx2\lib\file.lua:57: unexpected symbol near '%'
error: ...eVs22\TESTLOFFF_ONLINE\bin\server\scriptjx2\lib\file.lua:57: unexpected symbol near '%'
error: ...eVs22\TESTLOFFF_ONLINE\bin\server\scriptjx2\lib\file.lua:57: unexpected symbol near '%'
error: ...eVs22\TESTLOFFF_ONLINE\bin\server\scriptjx2\lib\file.lua:57: unexpected symbol near '%'
error: ...eVs22\TESTLOFFF_ONLINE\bin\server\scriptjx2\lib\file.lua:57: unexpected symbol near '%'
error: ...eVs22\TESTLOFFF_ONLINE\bin\server\scriptjx2\lib\file.lua:57: unexpected symbol near '%'
error: ...eVs22\TESTLOFFF_ONLINE\bin\server\scriptjx2\lib\file.lua:57: unexpected symbol near '%'
error: ...eVs22\TESTLOFFF_ONLINE\bin\server\scriptjx2\lib\file.lua:57: unexpected symbol near '%'
error: ...eVs22\TESTLOFFF_ONLINE\bin\server\scriptjx2\lib\file.lua:57: unexpected symbol near '%'
error: ...eVs22\TESTLOFFF_ONLINE\bin\server\scriptjx2\lib\file.lua:57: unexpected symbol near '%'
error: ...eVs22\TESTLOFFF_ONLINE\bin\server\scriptjx2\lib\file.lua:57: unexpected symbol near '%'
error: ...eVs22\TESTLOFFF_ONLINE\bin\server\scriptjx2\lib\file.lua:57: unexpected symbol near '%'
error: ...eVs22\TESTLOFFF_ONLINE\bin\server\scriptjx2\lib\file.lua:57: unexpected symbol near '%'
error: ...eVs22\TESTLOFFF_ONLINE\bin\server\scriptjx2\lib\file.lua:57: unexpected symbol near '%'
error: ...eVs22\TESTLOFFF_ONLINE\bin\server\scriptjx2\lib\file.lua:57: unexpected symbol near '%'
error: ...eVs22\TESTLOFFF_ONLINE\bin\server\scriptjx2\lib\file.lua:57: unexpected symbol near '%'
error: ...eVs22\TESTLOFFF_ONLINE\bin\server\scriptjx2\lib\file.lua:57: unexpected symbol near '%'
error: ...eVs22\TESTLOFFF_ONLINE\bin\server\scriptjx2\lib\file.lua:57: unexpected symbol near '%'
error: ...eVs22\TESTLOFFF_ONLINE\bin\server\scriptjx2\lib\file.lua:57: unexpected symbol near '%'
error: ...eVs22\TESTLOFFF_ONLINE\bin\server\scriptjx2\lib\file.lua:57: unexpected symbol near '%'
error: ...eVs22\TESTLOFFF_ONLINE\bin\server\scriptjx2\lib\file.lua:57: unexpected symbol near '%'
error: ...eVs22\TESTLOFFF_ONLINE\bin\server\scriptjx2\lib\file.lua:57: unexpected symbol near '%'
error: ...eVs22\TESTLOFFF_ONLINE\bin\server\scriptjx2\lib\file.lua:57: unexpected symbol near '%'
error: ...eVs22\TESTLOFFF_ONLINE\bin\server\scriptjx2\lib\file.lua:57: unexpected symbol near '%'
error: ...eVs22\TESTLOFFF_ONLINE\bin\server\scriptjx2\lib\file.lua:57: unexpected symbol near '%'
error: ...eVs22\TESTLOFFF_ONLINE\bin\server\scriptjx2\lib\file.lua:57: unexpected symbol near '%'
error: ...eVs22\TESTLOFFF_ONLINE\bin\server\scriptjx2\lib\file.lua:57: unexpected symbol near '%'
error: ...eVs22\TESTLOFFF_ONLINE\bin\server\scriptjx2\lib\file.lua:57: unexpected symbol near '%'
error: ...eVs22\TESTLOFFF_ONLINE\bin\server\scriptjx2\lib\file.lua:57: unexpected symbol near '%'
error: ...eVs22\TESTLOFFF_ONLINE\bin\server\scriptjx2\lib\file.lua:57: unexpected symbol near '%'
error: ...eVs22\TESTLOFFF_ONLINE\bin\server\scriptjx2\lib\file.lua:57: unexpected symbol near '%'
error: ...eVs22\TESTLOFFF_ONLINE\bin\server\scriptjx2\lib\file.lua:57: unexpected symbol near '%'
error: ...eVs22\TESTLOFFF_ONLINE\bin\server\scriptjx2\lib\file.lua:57: unexpected symbol near '%'
error: ...eVs22\TESTLOFFF_ONLINE\bin\server\scriptjx2\lib\file.lua:57: unexpected symbol near '%'
error: ...eVs22\TESTLOFFF_ONLINE\bin\server\scriptjx2\lib\file.lua:57: unexpected symbol near '%'
error: ...eVs22\TESTLOFFF_ONLINE\bin\server\scriptjx2\lib\file.lua:57: unexpected symbol near '%'
error: ...eVs22\TESTLOFFF_ONLINE\bin\server\scriptjx2\lib\file.lua:57: unexpected symbol near '%'
error: ...eVs22\TESTLOFFF_ONLINE\bin\server\scriptjx2\lib\file.lua:57: unexpected symbol near '%'
error: ...eVs22\TESTLOFFF_ONLINE\bin\server\scriptjx2\lib\file.lua:57: unexpected symbol near '%'
error: ...eVs22\TESTLOFFF_ONLINE\bin\server\scriptjx2\lib\file.lua:57: unexpected symbol near '%'
error: ...eVs22\TESTLOFFF_ONLINE\bin\server\scriptjx2\lib\file.lua:57: unexpected symbol near '%'
error: ...eVs22\TESTLOFFF_ONLINE\bin\server\scriptjx2\lib\file.lua:57: unexpected symbol near '%'
error: ...eVs22\TESTLOFFF_ONLINE\bin\server\scriptjx2\lib\file.lua:57: unexpected symbol near '%'
error: ...eVs22\TESTLOFFF_ONLINE\bin\server\scriptjx2\lib\file.lua:57: unexpected symbol near '%'
error: ...eVs22\TESTLOFFF_ONLINE\bin\server\scriptjx2\lib\file.lua:57: unexpected symbol near '%'
error: ...eVs22\TESTLOFFF_ONLINE\bin\server\scriptjx2\lib\file.lua:57: unexpected symbol near '%'
error: ...eVs22\TESTLOFFF_ONLINE\bin\server\scriptjx2\lib\file.lua:57: unexpected symbol near '%'
error: ...eVs22\TESTLOFFF_ONLINE\bin\server\scriptjx2\lib\file.lua:57: unexpected symbol near '%'
error: ...eVs22\TESTLOFFF_ONLINE\bin\server\scriptjx2\lib\file.lua:57: unexpected symbol near '%'
error: ...eVs22\TESTLOFFF_ONLINE\bin\server\scriptjx2\lib\file.lua:57: unexpected symbol near '%'
error: ...eVs22\TESTLOFFF_ONLINE\bin\server\scriptjx2\lib\file.lua:57: unexpected symbol near '%'
error: ...eVs22\TESTLOFFF_ONLINE\bin\server\scriptjx2\lib\file.lua:57: unexpected symbol near '%'
error: ...eVs22\TESTLOFFF_ONLINE\bin\server\scriptjx2\lib\file.lua:57: unexpected symbol near '%'
error: ...eVs22\TESTLOFFF_ONLINE\bin\server\scriptjx2\lib\file.lua:57: unexpected symbol near '%'
error: ...eVs22\TESTLOFFF_ONLINE\bin\server\scriptjx2\lib\file.lua:57: unexpected symbol near '%'
error: ...eVs22\TESTLOFFF_ONLINE\bin\server\scriptjx2\lib\file.lua:57: unexpected symbol near '%'
error: ...eVs22\TESTLOFFF_ONLINE\bin\server\scriptjx2\lib\file.lua:57: unexpected symbol near '%'
error: ...eVs22\TESTLOFFF_ONLINE\bin\server\scriptjx2\lib\file.lua:57: unexpected symbol near '%'
error: ...eVs22\TESTLOFFF_ONLINE\bin\server\scriptjx2\lib\file.lua:57: unexpected symbol near '%'
error: ...eVs22\TESTLOFFF_ONLINE\bin\server\scriptjx2\lib\file.lua:57: unexpected symbol near '%'
error: ...eVs22\TESTLOFFF_ONLINE\bin\server\scriptjx2\lib\file.lua:57: unexpected symbol near '%'
error: ...eVs22\TESTLOFFF_ONLINE\bin\server\scriptjx2\lib\file.lua:57: unexpected symbol near '%'
error: ...eVs22\TESTLOFFF_ONLINE\bin\server\scriptjx2\lib\file.lua:57: unexpected symbol near '%'
error: ...eVs22\TESTLOFFF_ONLINE\bin\server\scriptjx2\lib\file.lua:57: unexpected symbol near '%'
error: ...eVs22\TESTLOFFF_ONLINE\bin\server\scriptjx2\lib\file.lua:57: unexpected symbol near '%'
error: ...eVs22\TESTLOFFF_ONLINE\bin\server\scriptjx2\lib\file.lua:57: unexpected symbol near '%'
error: ...eVs22\TESTLOFFF_ONLINE\bin\server\scriptjx2\lib\file.lua:57: unexpected symbol near '%'
error: ...eVs22\TESTLOFFF_ONLINE\bin\server\scriptjx2\lib\file.lua:57: unexpected symbol near '%'
error: ...eVs22\TESTLOFFF_ONLINE\bin\server\scriptjx2\lib\file.lua:57: unexpected symbol near '%'
error: ...eVs22\TESTLOFFF_ONLINE\bin\server\scriptjx2\lib\file.lua:57: unexpected symbol near '%'
error: ...eVs22\TESTLOFFF_ONLINE\bin\server\scriptjx2\lib\file.lua:57: unexpected symbol near '%'
error: ...eVs22\TESTLOFFF_ONLINE\bin\server\scriptjx2\lib\file.lua:57: unexpected symbol near '%'
error: ...eVs22\TESTLOFFF_ONLINE\bin\server\scriptjx2\lib\file.lua:57: unexpected symbol near '%'
error: ...eVs22\TESTLOFFF_ONLINE\bin\server\scriptjx2\lib\file.lua:57: unexpected symbol near '%'
error: ...eVs22\TESTLOFFF_ONLINE\bin\server\scriptjx2\lib\file.lua:57: unexpected symbol near '%'
error: ...eVs22\TESTLOFFF_ONLINE\bin\server\scriptjx2\lib\file.lua:57: unexpected symbol near '%'
error: ...eVs22\TESTLOFFF_ONLINE\bin\server\scriptjx2\lib\file.lua:57: unexpected symbol near '%'
error: ...eVs22\TESTLOFFF_ONLINE\bin\server\scriptjx2\lib\file.lua:57: unexpected symbol near '%'
error: ...eVs22\TESTLOFFF_ONLINE\bin\server\scriptjx2\lib\file.lua:57: unexpected symbol near '%'
error: ...eVs22\TESTLOFFF_ONLINE\bin\server\scriptjx2\lib\file.lua:57: unexpected symbol near '%'
error: ...eVs22\TESTLOFFF_ONLINE\bin\server\scriptjx2\lib\file.lua:57: unexpected symbol near '%'
error: ...eVs22\TESTLOFFF_ONLINE\bin\server\scriptjx2\lib\file.lua:57: unexpected symbol near '%'
error: ...eVs22\TESTLOFFF_ONLINE\bin\server\scriptjx2\lib\file.lua:57: unexpected symbol near '%'
error: ...eVs22\TESTLOFFF_ONLINE\bin\server\scriptjx2\lib\file.lua:57: unexpected symbol near '%'
error: ...eVs22\TESTLOFFF_ONLINE\bin\server\scriptjx2\lib\file.lua:57: unexpected symbol near '%'
error: ...eVs22\TESTLOFFF_ONLINE\bin\server\scriptjx2\lib\file.lua:57: unexpected symbol near '%'
error: ...eVs22\TESTLOFFF_ONLINE\bin\server\scriptjx2\lib\file.lua:57: unexpected symbol near '%'
error: ...eVs22\TESTLOFFF_ONLINE\bin\server\scriptjx2\lib\file.lua:57: unexpected symbol near '%'
error: ...eVs22\TESTLOFFF_ONLINE\bin\server\scriptjx2\lib\file.lua:57: unexpected symbol near '%'
error: ...eVs22\TESTLOFFF_ONLINE\bin\server\scriptjx2\lib\file.lua:57: unexpected symbol near '%'
error: ...eVs22\TESTLOFFF_ONLINE\bin\server\scriptjx2\lib\file.lua:57: unexpected symbol near '%'
error: ...eVs22\TESTLOFFF_ONLINE\bin\server\scriptjx2\lib\file.lua:57: unexpected symbol near '%'
error: ...eVs22\TESTLOFFF_ONLINE\bin\server\scriptjx2\lib\file.lua:57: unexpected symbol near '%'
error: ...eVs22\TESTLOFFF_ONLINE\bin\server\scriptjx2\lib\file.lua:57: unexpected symbol near '%'
error: ...eVs22\TESTLOFFF_ONLINE\bin\server\scriptjx2\lib\file.lua:57: unexpected symbol near '%'
error: ...eVs22\TESTLOFFF_ONLINE\bin\server\scriptjx2\lib\file.lua:57: unexpected symbol near '%'
error: ...eVs22\TESTLOFFF_ONLINE\bin\server\scriptjx2\lib\file.lua:57: unexpected symbol near '%'
error: ...eVs22\TESTLOFFF_ONLINE\bin\server\scriptjx2\lib\file.lua:57: unexpected symbol near '%'
error: ...eVs22\TESTLOFFF_ONLINE\bin\server\scriptjx2\lib\file.lua:57: unexpected symbol near '%'
error: ...eVs22\TESTLOFFF_ONLINE\bin\server\scriptjx2\lib\file.lua:57: unexpected symbol near '%'
error: ...eVs22\TESTLOFFF_ONLINE\bin\server\scriptjx2\lib\file.lua:57: unexpected symbol near '%'
error: ...eVs22\TESTLOFFF_ONLINE\bin\server\scriptjx2\lib\file.lua:57: unexpected symbol near '%'
error: ...eVs22\TESTLOFFF_ONLINE\bin\server\scriptjx2\lib\file.lua:57: unexpected symbol near '%'
error: ...eVs22\TESTLOFFF_ONLINE\bin\server\scriptjx2\lib\file.lua:57: unexpected symbol near '%'
error: ...eVs22\TESTLOFFF_ONLINE\bin\server\scriptjx2\lib\file.lua:57: unexpected symbol near '%'
error: ...eVs22\TESTLOFFF_ONLINE\bin\server\scriptjx2\lib\file.lua:57: unexpected symbol near '%'
error: ...eVs22\TESTLOFFF_ONLINE\bin\server\scriptjx2\lib\file.lua:57: unexpected symbol near '%'
error: ...eVs22\TESTLOFFF_ONLINE\bin\server\scriptjx2\lib\file.lua:57: unexpected symbol near '%'
error: ...eVs22\TESTLOFFF_ONLINE\bin\server\scriptjx2\lib\file.lua:57: unexpected symbol near '%'
error: ...eVs22\TESTLOFFF_ONLINE\bin\server\scriptjx2\lib\file.lua:57: unexpected symbol near '%'
error: ...eVs22\TESTLOFFF_ONLINE\bin\server\scriptjx2\lib\file.lua:57: unexpected symbol near '%'
error: ...eVs22\TESTLOFFF_ONLINE\bin\server\scriptjx2\lib\file.lua:57: unexpected symbol near '%'
error: ...eVs22\TESTLOFFF_ONLINE\bin\server\scriptjx2\lib\file.lua:57: unexpected symbol near '%'
error: ...eVs22\TESTLOFFF_ONLINE\bin\server\scriptjx2\lib\file.lua:57: unexpected symbol near '%'
error: ...eVs22\TESTLOFFF_ONLINE\bin\server\scriptjx2\lib\file.lua:57: unexpected symbol near '%'
error: ...eVs22\TESTLOFFF_ONLINE\bin\server\scriptjx2\lib\file.lua:57: unexpected symbol near '%'
error: ...eVs22\TESTLOFFF_ONLINE\bin\server\scriptjx2\lib\file.lua:57: unexpected symbol near '%'
error: ...eVs22\TESTLOFFF_ONLINE\bin\server\scriptjx2\lib\file.lua:57: unexpected symbol near '%'
error: ...eVs22\TESTLOFFF_ONLINE\bin\server\scriptjx2\lib\file.lua:57: unexpected symbol near '%'
error: ...eVs22\TESTLOFFF_ONLINE\bin\server\scriptjx2\lib\file.lua:57: unexpected symbol near '%'
error: ...eVs22\TESTLOFFF_ONLINE\bin\server\scriptjx2\lib\file.lua:57: unexpected symbol near '%'
error: ...eVs22\TESTLOFFF_ONLINE\bin\server\scriptjx2\lib\file.lua:57: unexpected symbol near '%'
error: ...eVs22\TESTLOFFF_ONLINE\bin\server\scriptjx2\lib\file.lua:57: unexpected symbol near '%'
error: ...eVs22\TESTLOFFF_ONLINE\bin\server\scriptjx2\lib\file.lua:57: unexpected symbol near '%'
error: ...eVs22\TESTLOFFF_ONLINE\bin\server\scriptjx2\lib\file.lua:57: unexpected symbol near '%'
error: ...eVs22\TESTLOFFF_ONLINE\bin\server\scriptjx2\lib\file.lua:57: unexpected symbol near '%'
error: ...eVs22\TESTLOFFF_ONLINE\bin\server\scriptjx2\lib\file.lua:57: unexpected symbol near '%'
error: ...eVs22\TESTLOFFF_ONLINE\bin\server\scriptjx2\lib\file.lua:57: unexpected symbol near '%'
error: ...eVs22\TESTLOFFF_ONLINE\bin\server\scriptjx2\lib\file.lua:57: unexpected symbol near '%'
error: ...eVs22\TESTLOFFF_ONLINE\bin\server\scriptjx2\lib\file.lua:57: unexpected symbol near '%'
error: ...eVs22\TESTLOFFF_ONLINE\bin\server\scriptjx2\lib\file.lua:57: unexpected symbol near '%'
error: ...eVs22\TESTLOFFF_ONLINE\bin\server\scriptjx2\lib\file.lua:57: unexpected symbol near '%'
error: ...eVs22\TESTLOFFF_ONLINE\bin\server\scriptjx2\lib\file.lua:57: unexpected symbol near '%'
error: ...eVs22\TESTLOFFF_ONLINE\bin\server\scriptjx2\lib\file.lua:57: unexpected symbol near '%'
error: ...eVs22\TESTLOFFF_ONLINE\bin\server\scriptjx2\lib\file.lua:57: unexpected symbol near '%'
error: ...eVs22\TESTLOFFF_ONLINE\bin\server\scriptjx2\lib\file.lua:57: unexpected symbol near '%'
error: ...eVs22\TESTLOFFF_ONLINE\bin\server\scriptjx2\lib\file.lua:57: unexpected symbol near '%'
error: ...eVs22\TESTLOFFF_ONLINE\bin\server\scriptjx2\lib\file.lua:57: unexpected symbol near '%'
error: ...eVs22\TESTLOFFF_ONLINE\bin\server\scriptjx2\lib\file.lua:57: unexpected symbol near '%'
error: ...eVs22\TESTLOFFF_ONLINE\bin\server\scriptjx2\lib\file.lua:57: unexpected symbol near '%'
error: ...eVs22\TESTLOFFF_ONLINE\bin\server\scriptjx2\lib\file.lua:57: unexpected symbol near '%'
error: ...eVs22\TESTLOFFF_ONLINE\bin\server\scriptjx2\lib\file.lua:57: unexpected symbol near '%'
error: ...eVs22\TESTLOFFF_ONLINE\bin\server\scriptjx2\lib\file.lua:57: unexpected symbol near '%'
error: ...eVs22\TESTLOFFF_ONLINE\bin\server\scriptjx2\lib\file.lua:57: unexpected symbol near '%'
error: ...eVs22\TESTLOFFF_ONLINE\bin\server\scriptjx2\lib\file.lua:57: unexpected symbol near '%'
error: ...eVs22\TESTLOFFF_ONLINE\bin\server\scriptjx2\lib\file.lua:57: unexpected symbol near '%'
error: ...eVs22\TESTLOFFF_ONLINE\bin\server\scriptjx2\lib\file.lua:57: unexpected symbol near '%'
error: ...eVs22\TESTLOFFF_ONLINE\bin\server\scriptjx2\lib\file.lua:57: unexpected symbol near '%'
error: ...eVs22\TESTLOFFF_ONLINE\bin\server\scriptjx2\lib\file.lua:57: unexpected symbol near '%'
error: ...eVs22\TESTLOFFF_ONLINE\bin\server\scriptjx2\lib\file.lua:57: unexpected symbol near '%'
error: ...eVs22\TESTLOFFF_ONLINE\bin\server\scriptjx2\lib\file.lua:57: unexpected symbol near '%'
error: ...eVs22\TESTLOFFF_ONLINE\bin\server\scriptjx2\lib\file.lua:57: unexpected symbol near '%'
error: ...eVs22\TESTLOFFF_ONLINE\bin\server\scriptjx2\lib\file.lua:57: unexpected symbol near '%'
error: ...eVs22\TESTLOFFF_ONLINE\bin\server\scriptjx2\lib\file.lua:57: unexpected symbol near '%'
error: ...eVs22\TESTLOFFF_ONLINE\bin\server\scriptjx2\lib\file.lua:57: unexpected symbol near '%'
error: ...eVs22\TESTLOFFF_ONLINE\bin\server\scriptjx2\lib\file.lua:57: unexpected symbol near '%'
error: ...eVs22\TESTLOFFF_ONLINE\bin\server\scriptjx2\lib\file.lua:57: unexpected symbol near '%'
error: ...eVs22\TESTLOFFF_ONLINE\bin\server\scriptjx2\lib\file.lua:57: unexpected symbol near '%'
error: ...eVs22\TESTLOFFF_ONLINE\bin\server\scriptjx2\lib\file.lua:57: unexpected symbol near '%'
error: ...eVs22\TESTLOFFF_ONLINE\bin\server\scriptjx2\lib\file.lua:57: unexpected symbol near '%'
error: ...eVs22\TESTLOFFF_ONLINE\bin\server\scriptjx2\lib\file.lua:57: unexpected symbol near '%'
error: ...eVs22\TESTLOFFF_ONLINE\bin\server\scriptjx2\lib\file.lua:57: unexpected symbol near '%'
error: ...eVs22\TESTLOFFF_ONLINE\bin\server\scriptjx2\lib\file.lua:57: unexpected symbol near '%'
error: ...eVs22\TESTLOFFF_ONLINE\bin\server\scriptjx2\lib\file.lua:57: unexpected symbol near '%'
error: ...eVs22\TESTLOFFF_ONLINE\bin\server\scriptjx2\lib\file.lua:57: unexpected symbol near '%'
error: ...eVs22\TESTLOFFF_ONLINE\bin\server\scriptjx2\lib\file.lua:57: unexpected symbol near '%'
error: ...eVs22\TESTLOFFF_ONLINE\bin\server\scriptjx2\lib\file.lua:57: unexpected symbol near '%'
error: ...eVs22\TESTLOFFF_ONLINE\bin\server\scriptjx2\lib\file.lua:57: unexpected symbol near '%'
error: ...eVs22\TESTLOFFF_ONLINE\bin\server\scriptjx2\lib\file.lua:57: unexpected symbol near '%'
error: ...eVs22\TESTLOFFF_ONLINE\bin\server\scriptjx2\lib\file.lua:57: unexpected symbol near '%'
error: ...eVs22\TESTLOFFF_ONLINE\bin\server\scriptjx2\lib\file.lua:57: unexpected symbol near '%'
error: ...eVs22\TESTLOFFF_ONLINE\bin\server\scriptjx2\lib\file.lua:57: unexpected symbol near '%'
error: ...eVs22\TESTLOFFF_ONLINE\bin\server\scriptjx2\lib\file.lua:57: unexpected symbol near '%'
error: ...eVs22\TESTLOFFF_ONLINE\bin\server\scriptjx2\lib\file.lua:57: unexpected symbol near '%'
error: ...eVs22\TESTLOFFF_ONLINE\bin\server\scriptjx2\lib\file.lua:57: unexpected symbol near '%'
error: ...eVs22\TESTLOFFF_ONLINE\bin\server\scriptjx2\lib\file.lua:57: unexpected symbol near '%'
error: ...eVs22\TESTLOFFF_ONLINE\bin\server\scriptjx2\lib\file.lua:57: unexpected symbol near '%'
error: ...eVs22\TESTLOFFF_ONLINE\bin\server\scriptjx2\lib\file.lua:57: unexpected symbol near '%'
error: ...eVs22\TESTLOFFF_ONLINE\bin\server\scriptjx2\lib\file.lua:57: unexpected symbol near '%'
error: ...eVs22\TESTLOFFF_ONLINE\bin\server\scriptjx2\lib\file.lua:57: unexpected symbol near '%'
error: ...eVs22\TESTLOFFF_ONLINE\bin\server\scriptjx2\lib\file.lua:57: unexpected symbol near '%'
error: ...eVs22\TESTLOFFF_ONLINE\bin\server\scriptjx2\lib\file.lua:57: unexpected symbol near '%'
error: ...eVs22\TESTLOFFF_ONLINE\bin\server\scriptjx2\lib\file.lua:57: unexpected symbol near '%'
error: ...eVs22\TESTLOFFF_ONLINE\bin\server\scriptjx2\lib\file.lua:57: unexpected symbol near '%'
error: ...eVs22\TESTLOFFF_ONLINE\bin\server\scriptjx2\lib\file.lua:57: unexpected symbol near '%'
error: ...eVs22\TESTLOFFF_ONLINE\bin\server\scriptjx2\lib\file.lua:57: unexpected symbol near '%'
error: ...eVs22\TESTLOFFF_ONLINE\bin\server\scriptjx2\lib\file.lua:57: unexpected symbol near '%'
error: ...eVs22\TESTLOFFF_ONLINE\bin\server\scriptjx2\lib\file.lua:57: unexpected symbol near '%'
error: ...eVs22\TESTLOFFF_ONLINE\bin\server\scriptjx2\lib\file.lua:57: unexpected symbol near '%'
error: ...eVs22\TESTLOFFF_ONLINE\bin\server\scriptjx2\lib\file.lua:57: unexpected symbol near '%'
error: ...eVs22\TESTLOFFF_ONLINE\bin\server\scriptjx2\lib\file.lua:57: unexpected symbol near '%'
error: ...eVs22\TESTLOFFF_ONLINE\bin\server\scriptjx2\lib\file.lua:57: unexpected symbol near '%'
error: ...eVs22\TESTLOFFF_ONLINE\bin\server\scriptjx2\lib\file.lua:57: unexpected symbol near '%'
error: ...eVs22\TESTLOFFF_ONLINE\bin\server\scriptjx2\lib\file.lua:57: unexpected symbol near '%'
error: ...eVs22\TESTLOFFF_ONLINE\bin\server\scriptjx2\lib\file.lua:57: unexpected symbol near '%'
error: ...eVs22\TESTLOFFF_ONLINE\bin\server\scriptjx2\lib\file.lua:57: unexpected symbol near '%'
error: ...eVs22\TESTLOFFF_ONLINE\bin\server\scriptjx2\lib\file.lua:57: unexpected symbol near '%'
error: ...eVs22\TESTLOFFF_ONLINE\bin\server\scriptjx2\lib\file.lua:57: unexpected symbol near '%'
error: ...eVs22\TESTLOFFF_ONLINE\bin\server\scriptjx2\lib\file.lua:57: unexpected symbol near '%'
error: ...eVs22\TESTLOFFF_ONLINE\bin\server\scriptjx2\lib\file.lua:57: unexpected symbol near '%'
error: ...eVs22\TESTLOFFF_ONLINE\bin\server\scriptjx2\lib\file.lua:57: unexpected symbol near '%'
error: ...eVs22\TESTLOFFF_ONLINE\bin\server\scriptjx2\lib\file.lua:57: unexpected symbol near '%'
error: ...eVs22\TESTLOFFF_ONLINE\bin\server\scriptjx2\lib\file.lua:57: unexpected symbol near '%'
error: ...eVs22\TESTLOFFF_ONLINE\bin\server\scriptjx2\lib\file.lua:57: unexpected symbol near '%'
error: ...eVs22\TESTLOFFF_ONLINE\bin\server\scriptjx2\lib\file.lua:57: unexpected symbol near '%'
error: ...eVs22\TESTLOFFF_ONLINE\bin\server\scriptjx2\lib\file.lua:57: unexpected symbol near '%'
error: ...eVs22\TESTLOFFF_ONLINE\bin\server\scriptjx2\lib\file.lua:57: unexpected symbol near '%'
error: ...eVs22\TESTLOFFF_ONLINE\bin\server\scriptjx2\lib\file.lua:57: unexpected symbol near '%'
error: ...eVs22\TESTLOFFF_ONLINE\bin\server\scriptjx2\lib\file.lua:57: unexpected symbol near '%'
error: ...eVs22\TESTLOFFF_ONLINE\bin\server\scriptjx2\lib\file.lua:57: unexpected symbol near '%'
error: ...eVs22\TESTLOFFF_ONLINE\bin\server\scriptjx2\lib\file.lua:57: unexpected symbol near '%'
error: ...eVs22\TESTLOFFF_ONLINE\bin\server\scriptjx2\lib\file.lua:57: unexpected symbol near '%'
error: ...eVs22\TESTLOFFF_ONLINE\bin\server\scriptjx2\lib\file.lua:57: unexpected symbol near '%'
error: ...eVs22\TESTLOFFF_ONLINE\bin\server\scriptjx2\lib\file.lua:57: unexpected symbol near '%'
error: ...eVs22\TESTLOFFF_ONLINE\bin\server\scriptjx2\lib\file.lua:57: unexpected symbol near '%'
error: ...eVs22\TESTLOFFF_ONLINE\bin\server\scriptjx2\lib\file.lua:57: unexpected symbol near '%'
error: ...eVs22\TESTLOFFF_ONLINE\bin\server\scriptjx2\lib\file.lua:57: unexpected symbol near '%'
error: ...eVs22\TESTLOFFF_ONLINE\bin\server\scriptjx2\lib\file.lua:57: unexpected symbol near '%'
error: ...eVs22\TESTLOFFF_ONLINE\bin\server\scriptjx2\lib\file.lua:57: unexpected symbol near '%'
error: ...eVs22\TESTLOFFF_ONLINE\bin\server\scriptjx2\lib\file.lua:57: unexpected symbol near '%'
error: ...eVs22\TESTLOFFF_ONLINE\bin\server\scriptjx2\lib\file.lua:57: unexpected symbol near '%'
error: ...eVs22\TESTLOFFF_ONLINE\bin\server\scriptjx2\lib\file.lua:57: unexpected symbol near '%'
error: ...eVs22\TESTLOFFF_ONLINE\bin\server\scriptjx2\lib\file.lua:57: unexpected symbol near '%'
error: ...eVs22\TESTLOFFF_ONLINE\bin\server\scriptjx2\lib\file.lua:57: unexpected symbol near '%'
error: ...eVs22\TESTLOFFF_ONLINE\bin\server\scriptjx2\lib\file.lua:57: unexpected symbol near '%'
error: ...eVs22\TESTLOFFF_ONLINE\bin\server\scriptjx2\lib\file.lua:57: unexpected symbol near '%'
error: ...eVs22\TESTLOFFF_ONLINE\bin\server\scriptjx2\lib\file.lua:57: unexpected symbol near '%'
error: ...eVs22\TESTLOFFF_ONLINE\bin\server\scriptjx2\lib\file.lua:57: unexpected symbol near '%'
error: ...eVs22\TESTLOFFF_ONLINE\bin\server\scriptjx2\lib\file.lua:57: unexpected symbol near '%'
error: ...eVs22\TESTLOFFF_ONLINE\bin\server\scriptjx2\lib\file.lua:57: unexpected symbol near '%'
error: ...eVs22\TESTLOFFF_ONLINE\bin\server\scriptjx2\lib\file.lua:57: unexpected symbol near '%'
error: ...eVs22\TESTLOFFF_ONLINE\bin\server\scriptjx2\lib\file.lua:57: unexpected symbol near '%'
error: ...eVs22\TESTLOFFF_ONLINE\bin\server\scriptjx2\lib\file.lua:57: unexpected symbol near '%'
error: ...eVs22\TESTLOFFF_ONLINE\bin\server\scriptjx2\lib\file.lua:57: unexpected symbol near '%'
error: ...eVs22\TESTLOFFF_ONLINE\bin\server\scriptjx2\lib\file.lua:57: unexpected symbol near '%'
error: ...eVs22\TESTLOFFF_ONLINE\bin\server\scriptjx2\lib\file.lua:57: unexpected symbol near '%'
error: ...eVs22\TESTLOFFF_ONLINE\bin\server\scriptjx2\lib\file.lua:57: unexpected symbol near '%'
error: ...eVs22\TESTLOFFF_ONLINE\bin\server\scriptjx2\lib\file.lua:57: unexpected symbol near '%'
error: ...eVs22\TESTLOFFF_ONLINE\bin\server\scriptjx2\lib\file.lua:57: unexpected symbol near '%'
error: ...eVs22\TESTLOFFF_ONLINE\bin\server\scriptjx2\lib\file.lua:57: unexpected symbol near '%'
error: ...eVs22\TESTLOFFF_ONLINE\bin\server\scriptjx2\lib\file.lua:57: unexpected symbol near '%'
error: ...eVs22\TESTLOFFF_ONLINE\bin\server\scriptjx2\lib\file.lua:57: unexpected symbol near '%'
error: ...eVs22\TESTLOFFF_ONLINE\bin\server\scriptjx2\lib\file.lua:57: unexpected symbol near '%'
error: ...eVs22\TESTLOFFF_ONLINE\bin\server\scriptjx2\lib\file.lua:57: unexpected symbol near '%'
error: ...eVs22\TESTLOFFF_ONLINE\bin\server\scriptjx2\lib\file.lua:57: unexpected symbol near '%'
error: ...eVs22\TESTLOFFF_ONLINE\bin\server\scriptjx2\lib\file.lua:57: unexpected symbol near '%'
error: ...eVs22\TESTLOFFF_ONLINE\bin\server\scriptjx2\lib\file.lua:57: unexpected symbol near '%'
error: ...eVs22\TESTLOFFF_ONLINE\bin\server\scriptjx2\lib\file.lua:57: unexpected symbol near '%'
error: ...eVs22\TESTLOFFF_ONLINE\bin\server\scriptjx2\lib\file.lua:57: unexpected symbol near '%'
error: ...eVs22\TESTLOFFF_ONLINE\bin\server\scriptjx2\lib\file.lua:57: unexpected symbol near '%'
error: ...eVs22\TESTLOFFF_ONLINE\bin\server\scriptjx2\lib\file.lua:57: unexpected symbol near '%'
error: ...eVs22\TESTLOFFF_ONLINE\bin\server\scriptjx2\lib\file.lua:57: unexpected symbol near '%'
error: ...eVs22\TESTLOFFF_ONLINE\bin\server\scriptjx2\lib\file.lua:57: unexpected symbol near '%'
error: ...eVs22\TESTLOFFF_ONLINE\bin\server\scriptjx2\lib\file.lua:57: unexpected symbol near '%'
error: ...eVs22\TESTLOFFF_ONLINE\bin\server\scriptjx2\lib\file.lua:57: unexpected symbol near '%'
error: ...eVs22\TESTLOFFF_ONLINE\bin\server\scriptjx2\lib\file.lua:57: unexpected symbol near '%'
error: ...eVs22\TESTLOFFF_ONLINE\bin\server\scriptjx2\lib\file.lua:57: unexpected symbol near '%'
error: ...eVs22\TESTLOFFF_ONLINE\bin\server\scriptjx2\lib\file.lua:57: unexpected symbol near '%'
error: ...eVs22\TESTLOFFF_ONLINE\bin\server\scriptjx2\lib\file.lua:57: unexpected symbol near '%'
error: ...eVs22\TESTLOFFF_ONLINE\bin\server\scriptjx2\lib\file.lua:57: unexpected symbol near '%'
error: ...eVs22\TESTLOFFF_ONLINE\bin\server\scriptjx2\lib\file.lua:57: unexpected symbol near '%'
error: ...eVs22\TESTLOFFF_ONLINE\bin\server\scriptjx2\lib\file.lua:57: unexpected symbol near '%'
error: ...eVs22\TESTLOFFF_ONLINE\bin\server\scriptjx2\lib\file.lua:57: unexpected symbol near '%'
error: ...eVs22\TESTLOFFF_ONLINE\bin\server\scriptjx2\lib\file.lua:57: unexpected symbol near '%'
error: ...eVs22\TESTLOFFF_ONLINE\bin\server\scriptjx2\lib\file.lua:57: unexpected symbol near '%'
error: ...eVs22\TESTLOFFF_ONLINE\bin\server\scriptjx2\lib\file.lua:57: unexpected symbol near '%'
error: ...eVs22\TESTLOFFF_ONLINE\bin\server\scriptjx2\lib\file.lua:57: unexpected symbol near '%'
error: ...eVs22\TESTLOFFF_ONLINE\bin\server\scriptjx2\lib\file.lua:57: unexpected symbol near '%'
error: ...eVs22\TESTLOFFF_ONLINE\bin\server\scriptjx2\lib\file.lua:57: unexpected symbol near '%'
error: ...eVs22\TESTLOFFF_ONLINE\bin\server\scriptjx2\lib\file.lua:57: unexpected symbol near '%'
error: ...eVs22\TESTLOFFF_ONLINE\bin\server\scriptjx2\lib\file.lua:57: unexpected symbol near '%'
error: ...eVs22\TESTLOFFF_ONLINE\bin\server\scriptjx2\lib\file.lua:57: unexpected symbol near '%'
error: ...eVs22\TESTLOFFF_ONLINE\bin\server\scriptjx2\lib\file.lua:57: unexpected symbol near '%'
error: ...eVs22\TESTLOFFF_ONLINE\bin\server\scriptjx2\lib\file.lua:57: unexpected symbol near '%'
error: ...eVs22\TESTLOFFF_ONLINE\bin\server\scriptjx2\lib\file.lua:57: unexpected symbol near '%'
error: ...eVs22\TESTLOFFF_ONLINE\bin\server\scriptjx2\lib\file.lua:57: unexpected symbol near '%'
error: ...eVs22\TESTLOFFF_ONLINE\bin\server\scriptjx2\lib\file.lua:57: unexpected symbol near '%'
error: ...eVs22\TESTLOFFF_ONLINE\bin\server\scriptjx2\lib\file.lua:57: unexpected symbol near '%'
error: ...eVs22\TESTLOFFF_ONLINE\bin\server\scriptjx2\lib\file.lua:57: unexpected symbol near '%'
error: ...eVs22\TESTLOFFF_ONLINE\bin\server\scriptjx2\lib\file.lua:57: unexpected symbol near '%'
error: ...eVs22\TESTLOFFF_ONLINE\bin\server\scriptjx2\lib\file.lua:57: unexpected symbol near '%'
error: ...eVs22\TESTLOFFF_ONLINE\bin\server\scriptjx2\lib\file.lua:57: unexpected symbol near '%'
error: ...eVs22\TESTLOFFF_ONLINE\bin\server\scriptjx2\lib\file.lua:57: unexpected symbol near '%'
error: ...eVs22\TESTLOFFF_ONLINE\bin\server\scriptjx2\lib\file.lua:57: unexpected symbol near '%'
error: ...eVs22\TESTLOFFF_ONLINE\bin\server\scriptjx2\lib\file.lua:57: unexpected symbol near '%'
error: ...eVs22\TESTLOFFF_ONLINE\bin\server\scriptjx2\lib\file.lua:57: unexpected symbol near '%'
error: ...eVs22\TESTLOFFF_ONLINE\bin\server\scriptjx2\lib\file.lua:57: unexpected symbol near '%'
error: ...eVs22\TESTLOFFF_ONLINE\bin\server\scriptjx2\lib\file.lua:57: unexpected symbol near '%'
error: ...eVs22\TESTLOFFF_ONLINE\bin\server\scriptjx2\lib\file.lua:57: unexpected symbol near '%'
error: ...eVs22\TESTLOFFF_ONLINE\bin\server\scriptjx2\lib\file.lua:57: unexpected symbol near '%'
error: ...eVs22\TESTLOFFF_ONLINE\bin\server\scriptjx2\lib\file.lua:57: unexpected symbol near '%'
error: ...eVs22\TESTLOFFF_ONLINE\bin\server\scriptjx2\lib\file.lua:57: unexpected symbol near '%'
error: ...eVs22\TESTLOFFF_ONLINE\bin\server\scriptjx2\lib\file.lua:57: unexpected symbol near '%'
error: ...eVs22\TESTLOFFF_ONLINE\bin\server\scriptjx2\lib\file.lua:57: unexpected symbol near '%'
error: ...eVs22\TESTLOFFF_ONLINE\bin\server\scriptjx2\lib\file.lua:57: unexpected symbol near '%'
error: ...eVs22\TESTLOFFF_ONLINE\bin\server\scriptjx2\lib\file.lua:57: unexpected symbol near '%'
error: ...eVs22\TESTLOFFF_ONLINE\bin\server\scriptjx2\lib\file.lua:57: unexpected symbol near '%'
error: ...eVs22\TESTLOFFF_ONLINE\bin\server\scriptjx2\lib\file.lua:57: unexpected symbol near '%'
error: ...eVs22\TESTLOFFF_ONLINE\bin\server\scriptjx2\lib\file.lua:57: unexpected symbol near '%'
error: ...eVs22\TESTLOFFF_ONLINE\bin\server\scriptjx2\lib\file.lua:57: unexpected symbol near '%'
error: ...eVs22\TESTLOFFF_ONLINE\bin\server\scriptjx2\lib\file.lua:57: unexpected symbol near '%'
error: ...eVs22\TESTLOFFF_ONLINE\bin\server\scriptjx2\lib\file.lua:57: unexpected symbol near '%'
error: ...eVs22\TESTLOFFF_ONLINE\bin\server\scriptjx2\lib\file.lua:57: unexpected symbol near '%'
error: ...eVs22\TESTLOFFF_ONLINE\bin\server\scriptjx2\lib\file.lua:57: unexpected symbol near '%'
error: ...eVs22\TESTLOFFF_ONLINE\bin\server\scriptjx2\lib\file.lua:57: unexpected symbol near '%'
error: ...eVs22\TESTLOFFF_ONLINE\bin\server\scriptjx2\lib\file.lua:57: unexpected symbol near '%'
error: ...eVs22\TESTLOFFF_ONLINE\bin\server\scriptjx2\lib\file.lua:57: unexpected symbol near '%'
error: ...eVs22\TESTLOFFF_ONLINE\bin\server\scriptjx2\lib\file.lua:57: unexpected symbol near '%'
error: ...eVs22\TESTLOFFF_ONLINE\bin\server\scriptjx2\lib\file.lua:57: unexpected symbol near '%'
error: ...eVs22\TESTLOFFF_ONLINE\bin\server\scriptjx2\lib\file.lua:57: unexpected symbol near '%'
error: ...eVs22\TESTLOFFF_ONLINE\bin\server\scriptjx2\lib\file.lua:57: unexpected symbol near '%'
error: ...eVs22\TESTLOFFF_ONLINE\bin\server\scriptjx2\lib\file.lua:57: unexpected symbol near '%'
error: ...eVs22\TESTLOFFF_ONLINE\bin\server\scriptjx2\lib\file.lua:57: unexpected symbol near '%'
error: ...eVs22\TESTLOFFF_ONLINE\bin\server\scriptjx2\lib\file.lua:57: unexpected symbol near '%'
error: ...eVs22\TESTLOFFF_ONLINE\bin\server\scriptjx2\lib\file.lua:57: unexpected symbol near '%'
error: ...eVs22\TESTLOFFF_ONLINE\bin\server\scriptjx2\lib\file.lua:57: unexpected symbol near '%'
error: ...eVs22\TESTLOFFF_ONLINE\bin\server\scriptjx2\lib\file.lua:57: unexpected symbol near '%'
error: ...eVs22\TESTLOFFF_ONLINE\bin\server\scriptjx2\lib\file.lua:57: unexpected symbol near '%'
error: ...eVs22\TESTLOFFF_ONLINE\bin\server\scriptjx2\lib\file.lua:57: unexpected symbol near '%'
error: ...eVs22\TESTLOFFF_ONLINE\bin\server\scriptjx2\lib\file.lua:57: unexpected symbol near '%'
error: ...eVs22\TESTLOFFF_ONLINE\bin\server\scriptjx2\lib\file.lua:57: unexpected symbol near '%'
error: ...eVs22\TESTLOFFF_ONLINE\bin\server\scriptjx2\lib\file.lua:57: unexpected symbol near '%'
error: ...eVs22\TESTLOFFF_ONLINE\bin\server\scriptjx2\lib\file.lua:57: unexpected symbol near '%'
error: ...eVs22\TESTLOFFF_ONLINE\bin\server\scriptjx2\lib\file.lua:57: unexpected symbol near '%'
error: ...eVs22\TESTLOFFF_ONLINE\bin\server\scriptjx2\lib\file.lua:57: unexpected symbol near '%'
error: ...eVs22\TESTLOFFF_ONLINE\bin\server\scriptjx2\lib\file.lua:57: unexpected symbol near '%'
error: ...eVs22\TESTLOFFF_ONLINE\bin\server\scriptjx2\lib\file.lua:57: unexpected symbol near '%'
error: ...eVs22\TESTLOFFF_ONLINE\bin\server\scriptjx2\lib\file.lua:57: unexpected symbol near '%'
error: ...eVs22\TESTLOFFF_ONLINE\bin\server\scriptjx2\lib\file.lua:57: unexpected symbol near '%'
error: ...eVs22\TESTLOFFF_ONLINE\bin\server\scriptjx2\lib\file.lua:57: unexpected symbol near '%'
error: ...eVs22\TESTLOFFF_ONLINE\bin\server\scriptjx2\lib\file.lua:57: unexpected symbol near '%'
error: ...eVs22\TESTLOFFF_ONLINE\bin\server\scriptjx2\lib\file.lua:57: unexpected symbol near '%'
error: ...eVs22\TESTLOFFF_ONLINE\bin\server\scriptjx2\lib\file.lua:57: unexpected symbol near '%'
error: ...eVs22\TESTLOFFF_ONLINE\bin\server\scriptjx2\lib\file.lua:57: unexpected symbol near '%'
error: ...eVs22\TESTLOFFF_ONLINE\bin\server\scriptjx2\lib\file.lua:57: unexpected symbol near '%'
error: ...eVs22\TESTLOFFF_ONLINE\bin\server\scriptjx2\lib\file.lua:57: unexpected symbol near '%'
error: ...eVs22\TESTLOFFF_ONLINE\bin\server\scriptjx2\lib\file.lua:57: unexpected symbol near '%'
error: ...eVs22\TESTLOFFF_ONLINE\bin\server\scriptjx2\lib\file.lua:57: unexpected symbol near '%'
error: ...eVs22\TESTLOFFF_ONLINE\bin\server\scriptjx2\lib\file.lua:57: unexpected symbol near '%'
error: ...eVs22\TESTLOFFF_ONLINE\bin\server\scriptjx2\lib\file.lua:57: unexpected symbol near '%'
error: ...eVs22\TESTLOFFF_ONLINE\bin\server\scriptjx2\lib\file.lua:57: unexpected symbol near '%'
error: ...eVs22\TESTLOFFF_ONLINE\bin\server\scriptjx2\lib\file.lua:57: unexpected symbol near '%'
error: ...eVs22\TESTLOFFF_ONLINE\bin\server\scriptjx2\lib\file.lua:57: unexpected symbol near '%'
error: ...eVs22\TESTLOFFF_ONLINE\bin\server\scriptjx2\lib\file.lua:57: unexpected symbol near '%'
error: ...eVs22\TESTLOFFF_ONLINE\bin\server\scriptjx2\lib\file.lua:57: unexpected symbol near '%'
error: ...eVs22\TESTLOFFF_ONLINE\bin\server\scriptjx2\lib\file.lua:57: unexpected symbol near '%'
error: ...eVs22\TESTLOFFF_ONLINE\bin\server\scriptjx2\lib\file.lua:57: unexpected symbol near '%'
error: ...eVs22\TESTLOFFF_ONLINE\bin\server\scriptjx2\lib\file.lua:57: unexpected symbol near '%'
error: ...eVs22\TESTLOFFF_ONLINE\bin\server\scriptjx2\lib\file.lua:57: unexpected symbol near '%'
error: ...eVs22\TESTLOFFF_ONLINE\bin\server\scriptjx2\lib\file.lua:57: unexpected symbol near '%'
error: ...eVs22\TESTLOFFF_ONLINE\bin\server\scriptjx2\lib\file.lua:57: unexpected symbol near '%'
error: ...eVs22\TESTLOFFF_ONLINE\bin\server\scriptjx2\lib\file.lua:57: unexpected symbol near '%'
error: ...eVs22\TESTLOFFF_ONLINE\bin\server\scriptjx2\lib\file.lua:57: unexpected symbol near '%'
error: ...eVs22\TESTLOFFF_ONLINE\bin\server\scriptjx2\lib\file.lua:57: unexpected symbol near '%'
error: ...eVs22\TESTLOFFF_ONLINE\bin\server\scriptjx2\lib\file.lua:57: unexpected symbol near '%'
error: ...eVs22\TESTLOFFF_ONLINE\bin\server\scriptjx2\lib\file.lua:57: unexpected symbol near '%'
error: ...eVs22\TESTLOFFF_ONLINE\bin\server\scriptjx2\lib\file.lua:57: unexpected symbol near '%'
error: ...eVs22\TESTLOFFF_ONLINE\bin\server\scriptjx2\lib\file.lua:57: unexpected symbol near '%'
error: ...eVs22\TESTLOFFF_ONLINE\bin\server\scriptjx2\lib\file.lua:57: unexpected symbol near '%'
error: ...eVs22\TESTLOFFF_ONLINE\bin\server\scriptjx2\lib\file.lua:57: unexpected symbol near '%'
error: ...eVs22\TESTLOFFF_ONLINE\bin\server\scriptjx2\lib\file.lua:57: unexpected symbol near '%'
error: ...eVs22\TESTLOFFF_ONLINE\bin\server\scriptjx2\lib\file.lua:57: unexpected symbol near '%'
error: ...eVs22\TESTLOFFF_ONLINE\bin\server\scriptjx2\lib\file.lua:57: unexpected symbol near '%'
error: ...eVs22\TESTLOFFF_ONLINE\bin\server\scriptjx2\lib\file.lua:57: unexpected symbol near '%'
error: ...eVs22\TESTLOFFF_ONLINE\bin\server\scriptjx2\lib\file.lua:57: unexpected symbol near '%'
error: ...eVs22\TESTLOFFF_ONLINE\bin\server\scriptjx2\lib\file.lua:57: unexpected symbol near '%'
error: ...eVs22\TESTLOFFF_ONLINE\bin\server\scriptjx2\lib\file.lua:57: unexpected symbol near '%'
error: ...eVs22\TESTLOFFF_ONLINE\bin\server\scriptjx2\lib\file.lua:57: unexpected symbol near '%'
error: ...eVs22\TESTLOFFF_ONLINE\bin\server\scriptjx2\lib\file.lua:57: unexpected symbol near '%'
error: ...eVs22\TESTLOFFF_ONLINE\bin\server\scriptjx2\lib\file.lua:57: unexpected symbol near '%'
error: ...eVs22\TESTLOFFF_ONLINE\bin\server\scriptjx2\lib\file.lua:57: unexpected symbol near '%'
error: ...eVs22\TESTLOFFF_ONLINE\bin\server\scriptjx2\lib\file.lua:57: unexpected symbol near '%'
error: ...eVs22\TESTLOFFF_ONLINE\bin\server\scriptjx2\lib\file.lua:57: unexpected symbol near '%'
error: ...eVs22\TESTLOFFF_ONLINE\bin\server\scriptjx2\lib\file.lua:57: unexpected symbol near '%'
error: ...eVs22\TESTLOFFF_ONLINE\bin\server\scriptjx2\lib\file.lua:57: unexpected symbol near '%'
error: ...eVs22\TESTLOFFF_ONLINE\bin\server\scriptjx2\lib\file.lua:57: unexpected symbol near '%'
error: ...eVs22\TESTLOFFF_ONLINE\bin\server\scriptjx2\lib\file.lua:57: unexpected symbol near '%'
error: ...eVs22\TESTLOFFF_ONLINE\bin\server\scriptjx2\lib\file.lua:57: unexpected symbol near '%'
error: ...eVs22\TESTLOFFF_ONLINE\bin\server\scriptjx2\lib\file.lua:57: unexpected symbol near '%'
error: ...eVs22\TESTLOFFF_ONLINE\bin\server\scriptjx2\lib\file.lua:57: unexpected symbol near '%'
error: ...eVs22\TESTLOFFF_ONLINE\bin\server\scriptjx2\lib\file.lua:57: unexpected symbol near '%'
error: ...eVs22\TESTLOFFF_ONLINE\bin\server\scriptjx2\lib\file.lua:57: unexpected symbol near '%'
error: ...eVs22\TESTLOFFF_ONLINE\bin\server\scriptjx2\lib\file.lua:57: unexpected symbol near '%'
error: ...eVs22\TESTLOFFF_ONLINE\bin\server\scriptjx2\lib\file.lua:57: unexpected symbol near '%'
error: ...eVs22\TESTLOFFF_ONLINE\bin\server\scriptjx2\lib\file.lua:57: unexpected symbol near '%'
error: ...eVs22\TESTLOFFF_ONLINE\bin\server\scriptjx2\lib\file.lua:57: unexpected symbol near '%'
error: ...eVs22\TESTLOFFF_ONLINE\bin\server\scriptjx2\lib\file.lua:57: unexpected symbol near '%'
error: ...eVs22\TESTLOFFF_ONLINE\bin\server\scriptjx2\lib\file.lua:57: unexpected symbol near '%'
error: ...eVs22\TESTLOFFF_ONLINE\bin\server\scriptjx2\lib\file.lua:57: unexpected symbol near '%'
error: ...eVs22\TESTLOFFF_ONLINE\bin\server\scriptjx2\lib\file.lua:57: unexpected symbol near '%'
error: ...eVs22\TESTLOFFF_ONLINE\bin\server\scriptjx2\lib\file.lua:57: unexpected symbol near '%'
error: ...eVs22\TESTLOFFF_ONLINE\bin\server\scriptjx2\lib\file.lua:57: unexpected symbol near '%'
error: ...eVs22\TESTLOFFF_ONLINE\bin\server\scriptjx2\lib\file.lua:57: unexpected symbol near '%'
error: ...eVs22\TESTLOFFF_ONLINE\bin\server\scriptjx2\lib\file.lua:57: unexpected symbol near '%'
error: ...eVs22\TESTLOFFF_ONLINE\bin\server\scriptjx2\lib\file.lua:57: unexpected symbol near '%'
error: ...eVs22\TESTLOFFF_ONLINE\bin\server\scriptjx2\lib\file.lua:57: unexpected symbol near '%'
error: ...eVs22\TESTLOFFF_ONLINE\bin\server\scriptjx2\lib\file.lua:57: unexpected symbol near '%'
error: ...eVs22\TESTLOFFF_ONLINE\bin\server\scriptjx2\lib\file.lua:57: unexpected symbol near '%'
error: ...eVs22\TESTLOFFF_ONLINE\bin\server\scriptjx2\lib\file.lua:57: unexpected symbol near '%'
error: ...eVs22\TESTLOFFF_ONLINE\bin\server\scriptjx2\lib\file.lua:57: unexpected symbol near '%'
error: ...eVs22\TESTLOFFF_ONLINE\bin\server\scriptjx2\lib\file.lua:57: unexpected symbol near '%'
error: ...eVs22\TESTLOFFF_ONLINE\bin\server\scriptjx2\lib\file.lua:57: unexpected symbol near '%'
error: ...eVs22\TESTLOFFF_ONLINE\bin\server\scriptjx2\lib\file.lua:57: unexpected symbol near '%'
error: ...eVs22\TESTLOFFF_ONLINE\bin\server\scriptjx2\lib\file.lua:57: unexpected symbol near '%'
error: ...eVs22\TESTLOFFF_ONLINE\bin\server\scriptjx2\lib\file.lua:57: unexpected symbol near '%'
error: ...eVs22\TESTLOFFF_ONLINE\bin\server\scriptjx2\lib\file.lua:57: unexpected symbol near '%'
error: ...eVs22\TESTLOFFF_ONLINE\bin\server\scriptjx2\lib\file.lua:57: unexpected symbol near '%'
error: ...eVs22\TESTLOFFF_ONLINE\bin\server\scriptjx2\lib\file.lua:57: unexpected symbol near '%'
error: ...eVs22\TESTLOFFF_ONLINE\bin\server\scriptjx2\lib\file.lua:57: unexpected symbol near '%'
error: ...eVs22\TESTLOFFF_ONLINE\bin\server\scriptjx2\lib\file.lua:57: unexpected symbol near '%'
error: ...eVs22\TESTLOFFF_ONLINE\bin\server\scriptjx2\lib\file.lua:57: unexpected symbol near '%'
error: ...eVs22\TESTLOFFF_ONLINE\bin\server\scriptjx2\lib\file.lua:57: unexpected symbol near '%'
error: ...eVs22\TESTLOFFF_ONLINE\bin\server\scriptjx2\lib\file.lua:57: unexpected symbol near '%'
