error: unfinished string;
  last token read: `"Thao t¸c <color=yellow>%d<col' at line 395 in file `...ceVs22\TESTLOFFF_ONLINE\bin\server\script\item\test_loren_admin.lua'
stack traceback:
   1:  function `Include' [C]
   2:  main of string "?" at line 40

error: unfinished string;
  last token read: `"Thao t¸c <color=yellow>%d<col' at line 395 in string "?"

2026/08/27 10:18:16.793 	 ScriptError 3. (\script\item\test_loren_admin.lua) 

2026/08/27 10:18:16.793 	 ScriptError 3. (\script\item\test_loren_admin.lua) 

error: <eof> expected;
  last token read: `end' at line 269 in file `...ceVs22\TESTLOFFF_ONLINE\bin\server\script\item\test_loren_admin.lua'
stack traceback:
   1:  function `Include' [C]
   2:  main of string "?" at line 41

error: <eof> expected;
  last token read: `end' at line 269 in string "?"

2026/08/28 15:54:07.119 	 ScriptError 3. (\script\item\test_loren_admin.lua) 

2026/08/28 15:54:07.119 	 ScriptError 3. (\script\item\test_loren_admin.lua) 

error: ...OFFF_ONLINE\bin\server\script\misc\eventsys\eventsys.lua:11: attempt to call a table value (for iterator 'for iterator')
stack traceback:
	...OFFF_ONLINE\bin\server\script\misc\eventsys\eventsys.lua:11: in method 'NewType'
	...F_ONLINE\bin\server\script\misc\eventsys\type\player.lua:3: in main chunk
	[C]: in function 'Include'
	...eVs22\TESTLOFFF_ONLINE\bin\server\script\petsys\head.lua:11: in main chunk
	[C]: in function 'Include'
	..._ONLINE\bin\server\script\petsys\protocol_process_gs.lua:1: in main chunk
	[C]: in function 'Include'
	[string "?"]:104: in main chunk
error: ...FF_ONLINE\bin\server\script\activitysys\playerfunlib.lua:708: unexpected symbol near '%'
error: ...ourceVs22\TESTLOFFF_ONLINE\bin\server\script\lib\log.lua:94: unexpected symbol near '%'
error: ...ourceVs22\TESTLOFFF_ONLINE\bin\server\script\lib\log.lua:94: unexpected symbol near '%'
error: ...ourceVs22\TESTLOFFF_ONLINE\bin\server\script\lib\log.lua:94: unexpected symbol near '%'
error: ...OFFF_ONLINE\bin\server\script\misc\eventsys\eventsys.lua:11: attempt to call a table value (for iterator 'for iterator')
stack traceback:
	...OFFF_ONLINE\bin\server\script\misc\eventsys\eventsys.lua:11: in method 'NewType'
	...F_ONLINE\bin\server\script\misc\eventsys\type\player.lua:3: in main chunk
	[C]: in function 'Include'
	...eVs22\TESTLOFFF_ONLINE\bin\server\script\petsys\head.lua:11: in main chunk
	[C]: in function 'Include'
	...2\TESTLOFFF_ONLINE\bin\server\script\petsys\dataload.lua:1: in main chunk
	[C]: in function 'Include'
	..._ONLINE\bin\server\script\petsys\protocol_process_gs.lua:31: in main chunk
	[C]: in function 'Include'
	[string "?"]:104: in main chunk
error: ...FF_ONLINE\bin\server\script\activitysys\playerfunlib.lua:708: unexpected symbol near '%'
error: ...ourceVs22\TESTLOFFF_ONLINE\bin\server\script\lib\log.lua:94: unexpected symbol near '%'
error: ...ourceVs22\TESTLOFFF_ONLINE\bin\server\script\lib\log.lua:94: unexpected symbol near '%'
error: ...ourceVs22\TESTLOFFF_ONLINE\bin\server\script\lib\log.lua:94: unexpected symbol near '%'
error: ...s22\TESTLOFFF_ONLINE\bin\server\script\petsys\summon.lua:7: unexpected symbol near '%'
error: ...22\TESTLOFFF_ONLINE\bin\server\script\petsys\levelup.lua:30: unexpected symbol near '%'
error: ...eVs22\TESTLOFFF_ONLINE\bin\server\script\petsys\name.lua:10: unexpected symbol near '%'
error: ...22\TESTLOFFF_ONLINE\bin\server\script\petsys\feature.lua:9: unexpected symbol near '%'
error: ...s22\TESTLOFFF_ONLINE\bin\server\script\petsys\delete.lua:11: unexpected symbol near '%'
error: ...ESTLOFFF_ONLINE\bin\server\script\petsys\transferexp.lua:16: unexpected symbol near '%'
error: ...22\TESTLOFFF_ONLINE\bin\server\script\petsys\xiuzhen.lua:48: unexpected symbol near '%'
error: ...2\TESTLOFFF_ONLINE\bin\server\script\petsys\petequip.lua:13: invalid escape sequence near '"\s'
error: ...ourceVs22\TESTLOFFF_ONLINE\bin\server\script\lib\log.lua:94: unexpected symbol near '%'
error: ...ourceVs22\TESTLOFFF_ONLINE\bin\server\script\lib\log.lua:94: unexpected symbol near '%'
error: ...ourceVs22\TESTLOFFF_ONLINE\bin\server\script\lib\log.lua:94: unexpected symbol near '%'
error: ...ourceVs22\TESTLOFFF_ONLINE\bin\server\script\lib\log.lua:94: unexpected symbol near '%'
error: ...ourceVs22\TESTLOFFF_ONLINE\bin\server\script\lib\log.lua:94: unexpected symbol near '%'
error: ...ourceVs22\TESTLOFFF_ONLINE\bin\server\script\lib\log.lua:94: unexpected symbol near '%'
error: ...ourceVs22\TESTLOFFF_ONLINE\bin\server\script\lib\log.lua:94: unexpected symbol near '%'
error: ...ourceVs22\TESTLOFFF_ONLINE\bin\server\script\lib\log.lua:94: unexpected symbol near '%'
error: ...ourceVs22\TESTLOFFF_ONLINE\bin\server\script\lib\log.lua:94: unexpected symbol near '%'
error: [string "?"]:10: unexpected symbol near '%'
2026/09/05 12:04:52.581 	 ScriptError 3. (\script\item\bosscharm.lua) 

2026/09/05 12:04:52.581 	 ScriptError 3. (\script\item\bosscharm.lua) 

error: ...eVs22\TESTLOFFF_ONLINE\bin\server\scriptjx2\lib\file.lua:57: unexpected symbol near '%'
error: ...eVs22\TESTLOFFF_ONLINE\bin\server\scriptjx2\lib\file.lua:57: unexpected symbol near '%'
error: [string "?"]:129: invalid escape sequence near '"\s'
2026/09/05 12:04:52.691 	 ScriptError 3. (\script\item\hd3_admin.lua) 

2026/09/05 12:04:52.691 	 ScriptError 3. (\script\item\hd3_admin.lua) 

error: ...ourceVs22\TESTLOFFF_ONLINE\bin\server\script\lib\log.lua:94: unexpected symbol near '%'
error: ...ourceVs22\TESTLOFFF_ONLINE\bin\server\script\lib\log.lua:94: unexpected symbol near '%'
error: ...ourceVs22\TESTLOFFF_ONLINE\bin\server\script\lib\log.lua:94: unexpected symbol near '%'
error: ...eVs22\TESTLOFFF_ONLINE\bin\server\scriptjx2\lib\file.lua:57: unexpected symbol near '%'
error: [string "?"]:172: unexpected symbol near '%'
2026/09/05 12:04:52.778 	 ScriptError 3. (\script\item\item_jingjingkuang.lua) 

2026/09/05 12:04:52.778 	 ScriptError 3. (\script\item\item_jingjingkuang.lua) 

error: [string "?"]:95: unexpected symbol near '%'
2026/09/05 12:04:52.778 	 ScriptError 3. (\script\item\item_jingtiekuang.lua) 

2026/09/05 12:04:52.778 	 ScriptError 3. (\script\item\item_jingtiekuang.lua) 

error: ...OFFF_ONLINE\bin\server\script\task\task_addplayerexp.lua:16: unexpected symbol near '%'
error: ...eVs22\TESTLOFFF_ONLINE\bin\server\scriptjx2\lib\file.lua:57: unexpected symbol near '%'
error: ...eVs22\TESTLOFFF_ONLINE\bin\server\scriptjx2\lib\file.lua:57: unexpected symbol near '%'
error: ...22\TESTLOFFF_ONLINE\bin\server\script\item\hd3_admin.lua:129: invalid escape sequence near '"\s'
error: ...n\server\script\missions\yandibaozang\readymap\ready.lua:60: unexpected symbol near '%'
error: ...eVs22\TESTLOFFF_ONLINE\bin\server\scriptjx2\lib\file.lua:57: unexpected symbol near '%'
error: ...eVs22\TESTLOFFF_ONLINE\bin\server\scriptjx2\lib\file.lua:57: unexpected symbol near '%'
error: ...s22\TESTLOFFF_ONLINE\bin\server\script\lib\baseclass.lua:26: unexpected symbol near '%'
error: ..._ONLINE\bin\server\script\activitysys\activitydetail.lua:106: unexpected symbol near '%'
error: ...\TESTLOFFF_ONLINE\bin\server\script\misc\taskmanager.lua:340: unexpected symbol near '%'
error: ...ourceVs22\TESTLOFFF_ONLINE\bin\server\script\lib\log.lua:94: unexpected symbol near '%'
error: ...ourceVs22\TESTLOFFF_ONLINE\bin\server\script\lib\log.lua:94: unexpected symbol near '%'
error: ...ourceVs22\TESTLOFFF_ONLINE\bin\server\script\lib\log.lua:94: unexpected symbol near '%'
error: ...FFF_ONLINE\bin\server\script\activitysys\functionlib.lua:105: unexpected symbol near '%'
error: ...FFF_ONLINE\bin\server\script\activitysys\functionlib.lua:105: unexpected symbol near '%'
error: ...FF_ONLINE\bin\server\script\activitysys\playerfunlib.lua:708: unexpected symbol near '%'
error: ...OFFF_ONLINE\bin\server\script\misc\eventsys\eventsys.lua:11: attempt to call a table value (for iterator 'for iterator')
stack traceback:
	...OFFF_ONLINE\bin\server\script\misc\eventsys\eventsys.lua:11: in method 'NewType'
	...OFFF_ONLINE\bin\server\script\misc\eventsys\type\npc.lua:3: in main chunk
	[C]: in function 'Include'
	...server\script\missions\yandibaozang\readymap\include.lua:11: in main chunk
	[C]: in function 'Include'
	...F_ONLINE\bin\server\script\missions\yandibaozang\npc.lua:10: in main chunk
	[C]: in function 'Include'
	...FF_ONLINE\bin\server\script\item\test_hoatdong_admin.lua:21: in main chunk
	[C]: in function 'Include'
	[string "?"]:44: in main chunk
error: ...OFFF_ONLINE\bin\server\script\misc\eventsys\eventsys.lua:11: attempt to call a table value (for iterator 'for iterator')
stack traceback:
	...OFFF_ONLINE\bin\server\script\misc\eventsys\eventsys.lua:11: in method 'NewType'
	...F_ONLINE\bin\server\script\misc\eventsys\type\player.lua:3: in main chunk
	[C]: in function 'Include'
	...eVs22\TESTLOFFF_ONLINE\bin\server\script\petsys\head.lua:11: in main chunk
	[C]: in function 'Include'
	..._ONLINE\bin\server\script\petsys\protocol_process_gs.lua:1: in main chunk
	[C]: in function 'Include'
	...22\TESTLOFFF_ONLINE\bin\server\script\item\bdh_admin.lua:104: in main chunk
	[C]: in function 'Include'
	[string "?"]:46: in main chunk
error: ...FF_ONLINE\bin\server\script\activitysys\playerfunlib.lua:708: unexpected symbol near '%'
error: ...ourceVs22\TESTLOFFF_ONLINE\bin\server\script\lib\log.lua:94: unexpected symbol near '%'
error: ...ourceVs22\TESTLOFFF_ONLINE\bin\server\script\lib\log.lua:94: unexpected symbol near '%'
error: ...ourceVs22\TESTLOFFF_ONLINE\bin\server\script\lib\log.lua:94: unexpected symbol near '%'
error: ...OFFF_ONLINE\bin\server\script\misc\eventsys\eventsys.lua:11: attempt to call a table value (for iterator 'for iterator')
stack traceback:
	...OFFF_ONLINE\bin\server\script\misc\eventsys\eventsys.lua:11: in method 'NewType'
	...F_ONLINE\bin\server\script\misc\eventsys\type\player.lua:3: in main chunk
	[C]: in function 'Include'
	...eVs22\TESTLOFFF_ONLINE\bin\server\script\petsys\head.lua:11: in main chunk
	[C]: in function 'Include'
	...2\TESTLOFFF_ONLINE\bin\server\script\petsys\dataload.lua:1: in main chunk
	[C]: in function 'Include'
	..._ONLINE\bin\server\script\petsys\protocol_process_gs.lua:31: in main chunk
	[C]: in function 'Include'
	...22\TESTLOFFF_ONLINE\bin\server\script\item\bdh_admin.lua:104: in main chunk
	[C]: in function 'Include'
	[string "?"]:46: in main chunk
error: ...FF_ONLINE\bin\server\script\activitysys\playerfunlib.lua:708: unexpected symbol near '%'
error: ...ourceVs22\TESTLOFFF_ONLINE\bin\server\script\lib\log.lua:94: unexpected symbol near '%'
error: ...ourceVs22\TESTLOFFF_ONLINE\bin\server\script\lib\log.lua:94: unexpected symbol near '%'
error: ...ourceVs22\TESTLOFFF_ONLINE\bin\server\script\lib\log.lua:94: unexpected symbol near '%'
error: ...s22\TESTLOFFF_ONLINE\bin\server\script\petsys\summon.lua:7: unexpected symbol near '%'
error: ...22\TESTLOFFF_ONLINE\bin\server\script\petsys\levelup.lua:30: unexpected symbol near '%'
error: ...eVs22\TESTLOFFF_ONLINE\bin\server\script\petsys\name.lua:10: unexpected symbol near '%'
error: ...22\TESTLOFFF_ONLINE\bin\server\script\petsys\feature.lua:9: unexpected symbol near '%'
error: ...s22\TESTLOFFF_ONLINE\bin\server\script\petsys\delete.lua:11: unexpected symbol near '%'
error: ...ESTLOFFF_ONLINE\bin\server\script\petsys\transferexp.lua:16: unexpected symbol near '%'
error: ...22\TESTLOFFF_ONLINE\bin\server\script\petsys\xiuzhen.lua:48: unexpected symbol near '%'
error: ...2\TESTLOFFF_ONLINE\bin\server\script\petsys\petequip.lua:13: invalid escape sequence near '"\s'
error: ...erver\script\event\equip_publish\wuxingyin\wuxingyin.lua:92: unexpected symbol near '%'
error: ...FF_ONLINE\bin\server\script\activitysys\playerfunlib.lua:708: unexpected symbol near '%'
error: ...22\TESTLOFFF_ONLINE\bin\server\script\item\skillbook.lua:73: unexpected symbol near '%'
error: ...eVs22\TESTLOFFF_ONLINE\bin\server\scriptjx2\lib\file.lua:57: unexpected symbol near '%'
error: ...eVs22\TESTLOFFF_ONLINE\bin\server\scriptjx2\lib\file.lua:57: unexpected symbol near '%'
error: ...eVs22\TESTLOFFF_ONLINE\bin\server\scriptjx2\lib\file.lua:57: unexpected symbol near '%'
error: ...eVs22\TESTLOFFF_ONLINE\bin\server\scriptjx2\lib\file.lua:57: unexpected symbol near '%'
error: ...eVs22\TESTLOFFF_ONLINE\bin\server\scriptjx2\lib\file.lua:57: unexpected symbol near '%'
error: ...eVs22\TESTLOFFF_ONLINE\bin\server\scriptjx2\lib\file.lua:57: unexpected symbol near '%'
error: ...eVs22\TESTLOFFF_ONLINE\bin\server\scriptjx2\lib\file.lua:57: unexpected symbol near '%'
error: ...ceVs22\TESTLOFFF_ONLINE\bin\server\scriptjx2\lib\mem.lua:25: attempt to call a table value (for iterator 'for iterator')
stack traceback:
	...ceVs22\TESTLOFFF_ONLINE\bin\server\scriptjx2\lib\mem.lua:25: in function '__cclone'
	...ceVs22\TESTLOFFF_ONLINE\bin\server\scriptjx2\lib\mem.lua:57: in function 'inherit'
	...er\script\task\partner\master\partner_master_main_05.lua:55: in main chunk
	[C]: in function 'Include'
	...bin\server\script\task\partner\reward\partner_reward.lua:25: in main chunk
	[C]: in function 'Include'
	[string "?"]:7: in main chunk
error: ...eVs22\TESTLOFFF_ONLINE\bin\server\scriptjx2\lib\file.lua:57: unexpected symbol near '%'
error: ...ceVs22\TESTLOFFF_ONLINE\bin\server\scriptjx2\lib\mem.lua:25: attempt to call a table value (for iterator 'for iterator')
stack traceback:
	...ceVs22\TESTLOFFF_ONLINE\bin\server\scriptjx2\lib\mem.lua:25: in function '__cclone'
	...ceVs22\TESTLOFFF_ONLINE\bin\server\scriptjx2\lib\mem.lua:57: in function 'inherit'
	...er\script\task\partner\master\partner_master_main_05.lua:55: in main chunk
	[C]: in function 'Include'
	...in\server\script\task\partner\reward\partner_reward2.lua:14: in main chunk
	[C]: in function 'Include'
	[string "?"]:8: in main chunk
error: ...eVs22\TESTLOFFF_ONLINE\bin\server\scriptjx2\lib\file.lua:57: unexpected symbol near '%'
error: ...ceVs22\TESTLOFFF_ONLINE\bin\server\scriptjx2\lib\mem.lua:25: attempt to call a table value (for iterator 'for iterator')
stack traceback:
	...ceVs22\TESTLOFFF_ONLINE\bin\server\scriptjx2\lib\mem.lua:25: in function '__cclone'
	...ceVs22\TESTLOFFF_ONLINE\bin\server\scriptjx2\lib\mem.lua:57: in function 'inherit'
	...er\script\task\partner\master\partner_master_main_05.lua:55: in main chunk
	[C]: in function 'Include'
	...in\server\script\task\partner\reward\partner_reward3.lua:13: in main chunk
	[C]: in function 'Include'
	[string "?"]:9: in main chunk
error: ...eVs22\TESTLOFFF_ONLINE\bin\server\scriptjx2\lib\file.lua:57: unexpected symbol near '%'
error: ...OFFF_ONLINE\bin\server\script\task\task_addplayerexp.lua:16: unexpected symbol near '%'
error: [string "?"]:73: unexpected symbol near '%'
2026/09/05 12:04:52.875 	 ScriptError 3. (\script\item\skillbook.lua) 

2026/09/05 12:04:52.875 	 ScriptError 3. (\script\item\skillbook.lua) 

error: ...n\server\script\missions\yandibaozang\readymap\ready.lua:60: unexpected symbol near '%'
error: ...eVs22\TESTLOFFF_ONLINE\bin\server\scriptjx2\lib\file.lua:57: unexpected symbol near '%'
error: ...eVs22\TESTLOFFF_ONLINE\bin\server\scriptjx2\lib\file.lua:57: unexpected symbol near '%'
error: ...s22\TESTLOFFF_ONLINE\bin\server\script\lib\baseclass.lua:26: unexpected symbol near '%'
error: ..._ONLINE\bin\server\script\activitysys\activitydetail.lua:106: unexpected symbol near '%'
error: ...\TESTLOFFF_ONLINE\bin\server\script\misc\taskmanager.lua:340: unexpected symbol near '%'
error: ...ourceVs22\TESTLOFFF_ONLINE\bin\server\script\lib\log.lua:94: unexpected symbol near '%'
error: ...ourceVs22\TESTLOFFF_ONLINE\bin\server\script\lib\log.lua:94: unexpected symbol near '%'
error: ...ourceVs22\TESTLOFFF_ONLINE\bin\server\script\lib\log.lua:94: unexpected symbol near '%'
error: ...FFF_ONLINE\bin\server\script\activitysys\functionlib.lua:105: unexpected symbol near '%'
error: ...FFF_ONLINE\bin\server\script\activitysys\functionlib.lua:105: unexpected symbol near '%'
error: ...FF_ONLINE\bin\server\script\activitysys\playerfunlib.lua:708: unexpected symbol near '%'
error: ...OFFF_ONLINE\bin\server\script\misc\eventsys\eventsys.lua:11: attempt to call a table value (for iterator 'for iterator')
stack traceback:
	...OFFF_ONLINE\bin\server\script\misc\eventsys\eventsys.lua:11: in method 'NewType'
	...OFFF_ONLINE\bin\server\script\misc\eventsys\type\npc.lua:3: in main chunk
	[C]: in function 'Include'
	...server\script\missions\yandibaozang\readymap\include.lua:11: in main chunk
	[C]: in function 'Include'
	...F_ONLINE\bin\server\script\missions\yandibaozang\npc.lua:10: in main chunk
	[C]: in function 'Include'
	[string "?"]:21: in main chunk
error: ...erver\script\event\equip_publish\wuxingyin\wuxingyin.lua:92: unexpected symbol near '%'
error: ...FF_ONLINE\bin\server\script\activitysys\playerfunlib.lua:708: unexpected symbol near '%'
error: ...eVs22\TESTLOFFF_ONLINE\bin\server\scriptjx2\lib\file.lua:57: unexpected symbol near '%'
error: ...eVs22\TESTLOFFF_ONLINE\bin\server\scriptjx2\lib\file.lua:57: unexpected symbol near '%'
error: ...\bin\server\script\task\tollgate\messenger\posthouse.lua:495: unexpected symbol near '%'
error: ...eVs22\TESTLOFFF_ONLINE\bin\server\scriptjx2\lib\file.lua:57: unexpected symbol near '%'
error: ...OFFF_ONLINE\bin\server\script\misc\eventsys\eventsys.lua:11: attempt to call a table value (for iterator 'for iterator')
stack traceback:
	...OFFF_ONLINE\bin\server\script\misc\eventsys\eventsys.lua:11: in method 'NewType'
	...F_ONLINE\bin\server\script\misc\eventsys\type\player.lua:3: in main chunk
	[C]: in function 'Include'
	...eVs22\TESTLOFFF_ONLINE\bin\server\script\petsys\head.lua:11: in main chunk
	[C]: in function 'Include'
	..._ONLINE\bin\server\script\petsys\protocol_process_gs.lua:1: in main chunk
	[C]: in function 'Include'
	[string "?"]:104: in main chunk
error: ...FF_ONLINE\bin\server\script\activitysys\playerfunlib.lua:708: unexpected symbol near '%'
error: ...ourceVs22\TESTLOFFF_ONLINE\bin\server\script\lib\log.lua:94: unexpected symbol near '%'
error: ...ourceVs22\TESTLOFFF_ONLINE\bin\server\script\lib\log.lua:94: unexpected symbol near '%'
error: ...ourceVs22\TESTLOFFF_ONLINE\bin\server\script\lib\log.lua:94: unexpected symbol near '%'
error: ...OFFF_ONLINE\bin\server\script\misc\eventsys\eventsys.lua:11: attempt to call a table value (for iterator 'for iterator')
stack traceback:
	...OFFF_ONLINE\bin\server\script\misc\eventsys\eventsys.lua:11: in method 'NewType'
	...F_ONLINE\bin\server\script\misc\eventsys\type\player.lua:3: in main chunk
	[C]: in function 'Include'
	...eVs22\TESTLOFFF_ONLINE\bin\server\script\petsys\head.lua:11: in main chunk
	[C]: in function 'Include'
	...2\TESTLOFFF_ONLINE\bin\server\script\petsys\dataload.lua:1: in main chunk
	[C]: in function 'Include'
	..._ONLINE\bin\server\script\petsys\protocol_process_gs.lua:31: in main chunk
	[C]: in function 'Include'
	[string "?"]:104: in main chunk
error: ...FF_ONLINE\bin\server\script\activitysys\playerfunlib.lua:708: unexpected symbol near '%'
error: ...ourceVs22\TESTLOFFF_ONLINE\bin\server\script\lib\log.lua:94: unexpected symbol near '%'
error: ...ourceVs22\TESTLOFFF_ONLINE\bin\server\script\lib\log.lua:94: unexpected symbol near '%'
error: ...ourceVs22\TESTLOFFF_ONLINE\bin\server\script\lib\log.lua:94: unexpected symbol near '%'
error: ...s22\TESTLOFFF_ONLINE\bin\server\script\petsys\summon.lua:7: unexpected symbol near '%'
error: ...22\TESTLOFFF_ONLINE\bin\server\script\petsys\levelup.lua:30: unexpected symbol near '%'
error: ...eVs22\TESTLOFFF_ONLINE\bin\server\script\petsys\name.lua:10: unexpected symbol near '%'
error: ...22\TESTLOFFF_ONLINE\bin\server\script\petsys\feature.lua:9: unexpected symbol near '%'
error: ...s22\TESTLOFFF_ONLINE\bin\server\script\petsys\delete.lua:11: unexpected symbol near '%'
error: ...ESTLOFFF_ONLINE\bin\server\script\petsys\transferexp.lua:16: unexpected symbol near '%'
error: ...22\TESTLOFFF_ONLINE\bin\server\script\petsys\xiuzhen.lua:48: unexpected symbol near '%'
error: ...2\TESTLOFFF_ONLINE\bin\server\script\petsys\petequip.lua:13: invalid escape sequence near '"\s'
error: ...ourceVs22\TESTLOFFF_ONLINE\bin\server\script\lib\log.lua:94: unexpected symbol near '%'
error: ...ourceVs22\TESTLOFFF_ONLINE\bin\server\script\lib\log.lua:94: unexpected symbol near '%'
error: ...ourceVs22\TESTLOFFF_ONLINE\bin\server\script\lib\log.lua:94: unexpected symbol near '%'
error: ...ourceVs22\TESTLOFFF_ONLINE\bin\server\script\lib\log.lua:94: unexpected symbol near '%'
error: ...ourceVs22\TESTLOFFF_ONLINE\bin\server\script\lib\log.lua:94: unexpected symbol near '%'
error: ...ourceVs22\TESTLOFFF_ONLINE\bin\server\script\lib\log.lua:94: unexpected symbol near '%'
error: ...ourceVs22\TESTLOFFF_ONLINE\bin\server\script\lib\log.lua:94: unexpected symbol near '%'
error: ...ourceVs22\TESTLOFFF_ONLINE\bin\server\script\lib\log.lua:94: unexpected symbol near '%'
error: ...ourceVs22\TESTLOFFF_ONLINE\bin\server\script\lib\log.lua:94: unexpected symbol near '%'
error: [string "?"]:10: unexpected symbol near '%'
2026/09/05 12:22:38.715 	 ScriptError 3. (\script\item\bosscharm.lua) 

2026/09/05 12:22:38.715 	 ScriptError 3. (\script\item\bosscharm.lua) 

error: ...eVs22\TESTLOFFF_ONLINE\bin\server\scriptjx2\lib\file.lua:57: unexpected symbol near '%'
error: ...eVs22\TESTLOFFF_ONLINE\bin\server\scriptjx2\lib\file.lua:57: unexpected symbol near '%'
error: [string "?"]:129: invalid escape sequence near '"\s'
2026/09/05 12:22:38.787 	 ScriptError 3. (\script\item\hd3_admin.lua) 

2026/09/05 12:22:38.787 	 ScriptError 3. (\script\item\hd3_admin.lua) 

error: ...ourceVs22\TESTLOFFF_ONLINE\bin\server\script\lib\log.lua:94: unexpected symbol near '%'
error: ...ourceVs22\TESTLOFFF_ONLINE\bin\server\script\lib\log.lua:94: unexpected symbol near '%'
error: ...ourceVs22\TESTLOFFF_ONLINE\bin\server\script\lib\log.lua:94: unexpected symbol near '%'
error: ...eVs22\TESTLOFFF_ONLINE\bin\server\scriptjx2\lib\file.lua:57: unexpected symbol near '%'
error: [string "?"]:172: unexpected symbol near '%'
2026/09/05 12:22:38.836 	 ScriptError 3. (\script\item\item_jingjingkuang.lua) 

2026/09/05 12:22:38.836 	 ScriptError 3. (\script\item\item_jingjingkuang.lua) 

error: [string "?"]:95: unexpected symbol near '%'
2026/09/05 12:22:38.837 	 ScriptError 3. (\script\item\item_jingtiekuang.lua) 

2026/09/05 12:22:38.837 	 ScriptError 3. (\script\item\item_jingtiekuang.lua) 

error: ...OFFF_ONLINE\bin\server\script\task\task_addplayerexp.lua:16: unexpected symbol near '%'
error: ...eVs22\TESTLOFFF_ONLINE\bin\server\scriptjx2\lib\file.lua:57: unexpected symbol near '%'
error: ...eVs22\TESTLOFFF_ONLINE\bin\server\scriptjx2\lib\file.lua:57: unexpected symbol near '%'
error: ...22\TESTLOFFF_ONLINE\bin\server\script\item\hd3_admin.lua:129: invalid escape sequence near '"\s'
error: ...n\server\script\missions\yandibaozang\readymap\ready.lua:60: unexpected symbol near '%'
error: ...eVs22\TESTLOFFF_ONLINE\bin\server\scriptjx2\lib\file.lua:57: unexpected symbol near '%'
error: ...eVs22\TESTLOFFF_ONLINE\bin\server\scriptjx2\lib\file.lua:57: unexpected symbol near '%'
error: ...s22\TESTLOFFF_ONLINE\bin\server\script\lib\baseclass.lua:26: unexpected symbol near '%'
error: ..._ONLINE\bin\server\script\activitysys\activitydetail.lua:106: unexpected symbol near '%'
error: ...\TESTLOFFF_ONLINE\bin\server\script\misc\taskmanager.lua:340: unexpected symbol near '%'
error: ...ourceVs22\TESTLOFFF_ONLINE\bin\server\script\lib\log.lua:94: unexpected symbol near '%'
error: ...ourceVs22\TESTLOFFF_ONLINE\bin\server\script\lib\log.lua:94: unexpected symbol near '%'
error: ...ourceVs22\TESTLOFFF_ONLINE\bin\server\script\lib\log.lua:94: unexpected symbol near '%'
error: ...FFF_ONLINE\bin\server\script\activitysys\functionlib.lua:105: unexpected symbol near '%'
error: ...FFF_ONLINE\bin\server\script\activitysys\functionlib.lua:105: unexpected symbol near '%'
error: ...FF_ONLINE\bin\server\script\activitysys\playerfunlib.lua:708: unexpected symbol near '%'
error: ...OFFF_ONLINE\bin\server\script\misc\eventsys\eventsys.lua:11: attempt to call a table value (for iterator 'for iterator')
stack traceback:
	...OFFF_ONLINE\bin\server\script\misc\eventsys\eventsys.lua:11: in method 'NewType'
	...OFFF_ONLINE\bin\server\script\misc\eventsys\type\npc.lua:3: in main chunk
	[C]: in function 'Include'
	...server\script\missions\yandibaozang\readymap\include.lua:11: in main chunk
	[C]: in function 'Include'
	...F_ONLINE\bin\server\script\missions\yandibaozang\npc.lua:10: in main chunk
	[C]: in function 'Include'
	...FF_ONLINE\bin\server\script\item\test_hoatdong_admin.lua:21: in main chunk
	[C]: in function 'Include'
	[string "?"]:44: in main chunk
error: ...OFFF_ONLINE\bin\server\script\misc\eventsys\eventsys.lua:11: attempt to call a table value (for iterator 'for iterator')
stack traceback:
	...OFFF_ONLINE\bin\server\script\misc\eventsys\eventsys.lua:11: in method 'NewType'
	...F_ONLINE\bin\server\script\misc\eventsys\type\player.lua:3: in main chunk
	[C]: in function 'Include'
	...eVs22\TESTLOFFF_ONLINE\bin\server\script\petsys\head.lua:11: in main chunk
	[C]: in function 'Include'
	..._ONLINE\bin\server\script\petsys\protocol_process_gs.lua:1: in main chunk
	[C]: in function 'Include'
	...22\TESTLOFFF_ONLINE\bin\server\script\item\bdh_admin.lua:104: in main chunk
	[C]: in function 'Include'
	[string "?"]:46: in main chunk
error: ...FF_ONLINE\bin\server\script\activitysys\playerfunlib.lua:708: unexpected symbol near '%'
error: ...ourceVs22\TESTLOFFF_ONLINE\bin\server\script\lib\log.lua:94: unexpected symbol near '%'
error: ...ourceVs22\TESTLOFFF_ONLINE\bin\server\script\lib\log.lua:94: unexpected symbol near '%'
error: ...ourceVs22\TESTLOFFF_ONLINE\bin\server\script\lib\log.lua:94: unexpected symbol near '%'
error: ...OFFF_ONLINE\bin\server\script\misc\eventsys\eventsys.lua:11: attempt to call a table value (for iterator 'for iterator')
stack traceback:
	...OFFF_ONLINE\bin\server\script\misc\eventsys\eventsys.lua:11: in method 'NewType'
	...F_ONLINE\bin\server\script\misc\eventsys\type\player.lua:3: in main chunk
	[C]: in function 'Include'
	...eVs22\TESTLOFFF_ONLINE\bin\server\script\petsys\head.lua:11: in main chunk
	[C]: in function 'Include'
	...2\TESTLOFFF_ONLINE\bin\server\script\petsys\dataload.lua:1: in main chunk
	[C]: in function 'Include'
	..._ONLINE\bin\server\script\petsys\protocol_process_gs.lua:31: in main chunk
	[C]: in function 'Include'
	...22\TESTLOFFF_ONLINE\bin\server\script\item\bdh_admin.lua:104: in main chunk
	[C]: in function 'Include'
	[string "?"]:46: in main chunk
error: ...FF_ONLINE\bin\server\script\activitysys\playerfunlib.lua:708: unexpected symbol near '%'
error: ...ourceVs22\TESTLOFFF_ONLINE\bin\server\script\lib\log.lua:94: unexpected symbol near '%'
error: ...ourceVs22\TESTLOFFF_ONLINE\bin\server\script\lib\log.lua:94: unexpected symbol near '%'
error: ...ourceVs22\TESTLOFFF_ONLINE\bin\server\script\lib\log.lua:94: unexpected symbol near '%'
error: ...s22\TESTLOFFF_ONLINE\bin\server\script\petsys\summon.lua:7: unexpected symbol near '%'
error: ...22\TESTLOFFF_ONLINE\bin\server\script\petsys\levelup.lua:30: unexpected symbol near '%'
error: ...eVs22\TESTLOFFF_ONLINE\bin\server\script\petsys\name.lua:10: unexpected symbol near '%'
error: ...22\TESTLOFFF_ONLINE\bin\server\script\petsys\feature.lua:9: unexpected symbol near '%'
error: ...s22\TESTLOFFF_ONLINE\bin\server\script\petsys\delete.lua:11: unexpected symbol near '%'
error: ...ESTLOFFF_ONLINE\bin\server\script\petsys\transferexp.lua:16: unexpected symbol near '%'
error: ...22\TESTLOFFF_ONLINE\bin\server\script\petsys\xiuzhen.lua:48: unexpected symbol near '%'
error: ...2\TESTLOFFF_ONLINE\bin\server\script\petsys\petequip.lua:13: invalid escape sequence near '"\s'
error: ...erver\script\event\equip_publish\wuxingyin\wuxingyin.lua:92: unexpected symbol near '%'
error: ...FF_ONLINE\bin\server\script\activitysys\playerfunlib.lua:708: unexpected symbol near '%'
error: ...22\TESTLOFFF_ONLINE\bin\server\script\item\skillbook.lua:73: unexpected symbol near '%'
error: ...eVs22\TESTLOFFF_ONLINE\bin\server\scriptjx2\lib\file.lua:57: unexpected symbol near '%'
error: ...eVs22\TESTLOFFF_ONLINE\bin\server\scriptjx2\lib\file.lua:57: unexpected symbol near '%'
error: ...eVs22\TESTLOFFF_ONLINE\bin\server\scriptjx2\lib\file.lua:57: unexpected symbol near '%'
error: ...eVs22\TESTLOFFF_ONLINE\bin\server\scriptjx2\lib\file.lua:57: unexpected symbol near '%'
error: ...eVs22\TESTLOFFF_ONLINE\bin\server\scriptjx2\lib\file.lua:57: unexpected symbol near '%'
error: ...eVs22\TESTLOFFF_ONLINE\bin\server\scriptjx2\lib\file.lua:57: unexpected symbol near '%'
error: ...eVs22\TESTLOFFF_ONLINE\bin\server\scriptjx2\lib\file.lua:57: unexpected symbol near '%'
error: ...ceVs22\TESTLOFFF_ONLINE\bin\server\scriptjx2\lib\mem.lua:25: attempt to call a table value (for iterator 'for iterator')
stack traceback:
	...ceVs22\TESTLOFFF_ONLINE\bin\server\scriptjx2\lib\mem.lua:25: in function '__cclone'
	...ceVs22\TESTLOFFF_ONLINE\bin\server\scriptjx2\lib\mem.lua:57: in function 'inherit'
	...er\script\task\partner\master\partner_master_main_05.lua:55: in main chunk
	[C]: in function 'Include'
	...bin\server\script\task\partner\reward\partner_reward.lua:25: in main chunk
	[C]: in function 'Include'
	[string "?"]:7: in main chunk
error: ...eVs22\TESTLOFFF_ONLINE\bin\server\scriptjx2\lib\file.lua:57: unexpected symbol near '%'
error: ...ceVs22\TESTLOFFF_ONLINE\bin\server\scriptjx2\lib\mem.lua:25: attempt to call a table value (for iterator 'for iterator')
stack traceback:
	...ceVs22\TESTLOFFF_ONLINE\bin\server\scriptjx2\lib\mem.lua:25: in function '__cclone'
	...ceVs22\TESTLOFFF_ONLINE\bin\server\scriptjx2\lib\mem.lua:57: in function 'inherit'
	...er\script\task\partner\master\partner_master_main_05.lua:55: in main chunk
	[C]: in function 'Include'
	...in\server\script\task\partner\reward\partner_reward2.lua:14: in main chunk
	[C]: in function 'Include'
	[string "?"]:8: in main chunk
error: ...eVs22\TESTLOFFF_ONLINE\bin\server\scriptjx2\lib\file.lua:57: unexpected symbol near '%'
error: ...ceVs22\TESTLOFFF_ONLINE\bin\server\scriptjx2\lib\mem.lua:25: attempt to call a table value (for iterator 'for iterator')
stack traceback:
	...ceVs22\TESTLOFFF_ONLINE\bin\server\scriptjx2\lib\mem.lua:25: in function '__cclone'
	...ceVs22\TESTLOFFF_ONLINE\bin\server\scriptjx2\lib\mem.lua:57: in function 'inherit'
	...er\script\task\partner\master\partner_master_main_05.lua:55: in main chunk
	[C]: in function 'Include'
	...in\server\script\task\partner\reward\partner_reward3.lua:13: in main chunk
	[C]: in function 'Include'
	[string "?"]:9: in main chunk
error: ...eVs22\TESTLOFFF_ONLINE\bin\server\scriptjx2\lib\file.lua:57: unexpected symbol near '%'
error: ...OFFF_ONLINE\bin\server\script\task\task_addplayerexp.lua:16: unexpected symbol near '%'
error: [string "?"]:73: unexpected symbol near '%'
2026/09/05 12:22:38.907 	 ScriptError 3. (\script\item\skillbook.lua) 

2026/09/05 12:22:38.907 	 ScriptError 3. (\script\item\skillbook.lua) 

error: ...n\server\script\missions\yandibaozang\readymap\ready.lua:60: unexpected symbol near '%'
error: ...eVs22\TESTLOFFF_ONLINE\bin\server\scriptjx2\lib\file.lua:57: unexpected symbol near '%'
error: ...eVs22\TESTLOFFF_ONLINE\bin\server\scriptjx2\lib\file.lua:57: unexpected symbol near '%'
error: ...s22\TESTLOFFF_ONLINE\bin\server\script\lib\baseclass.lua:26: unexpected symbol near '%'
error: ..._ONLINE\bin\server\script\activitysys\activitydetail.lua:106: unexpected symbol near '%'
error: ...\TESTLOFFF_ONLINE\bin\server\script\misc\taskmanager.lua:340: unexpected symbol near '%'
error: ...ourceVs22\TESTLOFFF_ONLINE\bin\server\script\lib\log.lua:94: unexpected symbol near '%'
error: ...ourceVs22\TESTLOFFF_ONLINE\bin\server\script\lib\log.lua:94: unexpected symbol near '%'
error: ...ourceVs22\TESTLOFFF_ONLINE\bin\server\script\lib\log.lua:94: unexpected symbol near '%'
error: ...FFF_ONLINE\bin\server\script\activitysys\functionlib.lua:105: unexpected symbol near '%'
error: ...FFF_ONLINE\bin\server\script\activitysys\functionlib.lua:105: unexpected symbol near '%'
error: ...FF_ONLINE\bin\server\script\activitysys\playerfunlib.lua:708: unexpected symbol near '%'
error: ...OFFF_ONLINE\bin\server\script\misc\eventsys\eventsys.lua:11: attempt to call a table value (for iterator 'for iterator')
stack traceback:
	...OFFF_ONLINE\bin\server\script\misc\eventsys\eventsys.lua:11: in method 'NewType'
	...OFFF_ONLINE\bin\server\script\misc\eventsys\type\npc.lua:3: in main chunk
	[C]: in function 'Include'
	...server\script\missions\yandibaozang\readymap\include.lua:11: in main chunk
	[C]: in function 'Include'
	...F_ONLINE\bin\server\script\missions\yandibaozang\npc.lua:10: in main chunk
	[C]: in function 'Include'
	[string "?"]:21: in main chunk
error: ...erver\script\event\equip_publish\wuxingyin\wuxingyin.lua:92: unexpected symbol near '%'
error: ...FF_ONLINE\bin\server\script\activitysys\playerfunlib.lua:708: unexpected symbol near '%'
error: ...eVs22\TESTLOFFF_ONLINE\bin\server\scriptjx2\lib\file.lua:57: unexpected symbol near '%'
error: ...eVs22\TESTLOFFF_ONLINE\bin\server\scriptjx2\lib\file.lua:57: unexpected symbol near '%'
error: ...\bin\server\script\task\tollgate\messenger\posthouse.lua:495: unexpected symbol near '%'
error: ...eVs22\TESTLOFFF_ONLINE\bin\server\scriptjx2\lib\file.lua:57: unexpected symbol near '%'
error: ...OFFF_ONLINE\bin\server\script\misc\eventsys\eventsys.lua:11: attempt to call a table value (for iterator 'for iterator')
stack traceback:
	...OFFF_ONLINE\bin\server\script\misc\eventsys\eventsys.lua:11: in method 'NewType'
	...F_ONLINE\bin\server\script\misc\eventsys\type\player.lua:3: in main chunk
	[C]: in function 'Include'
	...eVs22\TESTLOFFF_ONLINE\bin\server\script\petsys\head.lua:11: in main chunk
	[C]: in function 'Include'
	..._ONLINE\bin\server\script\petsys\protocol_process_gs.lua:1: in main chunk
	[C]: in function 'Include'
	[string "?"]:104: in main chunk
error: ...FF_ONLINE\bin\server\script\activitysys\playerfunlib.lua:708: unexpected symbol near '%'
error: ...ourceVs22\TESTLOFFF_ONLINE\bin\server\script\lib\log.lua:94: unexpected symbol near '%'
error: ...ourceVs22\TESTLOFFF_ONLINE\bin\server\script\lib\log.lua:94: unexpected symbol near '%'
error: ...ourceVs22\TESTLOFFF_ONLINE\bin\server\script\lib\log.lua:94: unexpected symbol near '%'
error: ...OFFF_ONLINE\bin\server\script\misc\eventsys\eventsys.lua:11: attempt to call a table value (for iterator 'for iterator')
stack traceback:
	...OFFF_ONLINE\bin\server\script\misc\eventsys\eventsys.lua:11: in method 'NewType'
	...F_ONLINE\bin\server\script\misc\eventsys\type\player.lua:3: in main chunk
	[C]: in function 'Include'
	...eVs22\TESTLOFFF_ONLINE\bin\server\script\petsys\head.lua:11: in main chunk
	[C]: in function 'Include'
	...2\TESTLOFFF_ONLINE\bin\server\script\petsys\dataload.lua:1: in main chunk
	[C]: in function 'Include'
	..._ONLINE\bin\server\script\petsys\protocol_process_gs.lua:31: in main chunk
	[C]: in function 'Include'
	[string "?"]:104: in main chunk
error: ...FF_ONLINE\bin\server\script\activitysys\playerfunlib.lua:708: unexpected symbol near '%'
error: ...ourceVs22\TESTLOFFF_ONLINE\bin\server\script\lib\log.lua:94: unexpected symbol near '%'
error: ...ourceVs22\TESTLOFFF_ONLINE\bin\server\script\lib\log.lua:94: unexpected symbol near '%'
error: ...ourceVs22\TESTLOFFF_ONLINE\bin\server\script\lib\log.lua:94: unexpected symbol near '%'
error: ...s22\TESTLOFFF_ONLINE\bin\server\script\petsys\summon.lua:7: unexpected symbol near '%'
error: ...22\TESTLOFFF_ONLINE\bin\server\script\petsys\levelup.lua:30: unexpected symbol near '%'
error: ...eVs22\TESTLOFFF_ONLINE\bin\server\script\petsys\name.lua:10: unexpected symbol near '%'
error: ...22\TESTLOFFF_ONLINE\bin\server\script\petsys\feature.lua:9: unexpected symbol near '%'
error: ...s22\TESTLOFFF_ONLINE\bin\server\script\petsys\delete.lua:11: unexpected symbol near '%'
error: ...ESTLOFFF_ONLINE\bin\server\script\petsys\transferexp.lua:16: unexpected symbol near '%'
error: ...22\TESTLOFFF_ONLINE\bin\server\script\petsys\xiuzhen.lua:48: unexpected symbol near '%'
error: ...2\TESTLOFFF_ONLINE\bin\server\script\petsys\petequip.lua:13: invalid escape sequence near '"\s'
error: ...ourceVs22\TESTLOFFF_ONLINE\bin\server\script\lib\log.lua:94: unexpected symbol near '%'
error: ...ourceVs22\TESTLOFFF_ONLINE\bin\server\script\lib\log.lua:94: unexpected symbol near '%'
error: ...ourceVs22\TESTLOFFF_ONLINE\bin\server\script\lib\log.lua:94: unexpected symbol near '%'
error: ...ourceVs22\TESTLOFFF_ONLINE\bin\server\script\lib\log.lua:94: unexpected symbol near '%'
error: ...ourceVs22\TESTLOFFF_ONLINE\bin\server\script\lib\log.lua:94: unexpected symbol near '%'
error: ...ourceVs22\TESTLOFFF_ONLINE\bin\server\script\lib\log.lua:94: unexpected symbol near '%'
error: ...ourceVs22\TESTLOFFF_ONLINE\bin\server\script\lib\log.lua:94: unexpected symbol near '%'
error: ...ourceVs22\TESTLOFFF_ONLINE\bin\server\script\lib\log.lua:94: unexpected symbol near '%'
error: ...ourceVs22\TESTLOFFF_ONLINE\bin\server\script\lib\log.lua:94: unexpected symbol near '%'
error: [string "?"]:10: unexpected symbol near '%'
2026/09/05 12:24:59.624 	 ScriptError 3. (\script\item\bosscharm.lua) 

2026/09/05 12:24:59.624 	 ScriptError 3. (\script\item\bosscharm.lua) 

error: ...eVs22\TESTLOFFF_ONLINE\bin\server\scriptjx2\lib\file.lua:57: unexpected symbol near '%'
error: ...eVs22\TESTLOFFF_ONLINE\bin\server\scriptjx2\lib\file.lua:57: unexpected symbol near '%'
error: [string "?"]:129: invalid escape sequence near '"\s'
2026/09/05 12:24:59.695 	 ScriptError 3. (\script\item\hd3_admin.lua) 

2026/09/05 12:24:59.695 	 ScriptError 3. (\script\item\hd3_admin.lua) 

error: ...ourceVs22\TESTLOFFF_ONLINE\bin\server\script\lib\log.lua:94: unexpected symbol near '%'
error: ...ourceVs22\TESTLOFFF_ONLINE\bin\server\script\lib\log.lua:94: unexpected symbol near '%'
error: ...ourceVs22\TESTLOFFF_ONLINE\bin\server\script\lib\log.lua:94: unexpected symbol near '%'
error: ...eVs22\TESTLOFFF_ONLINE\bin\server\scriptjx2\lib\file.lua:57: unexpected symbol near '%'
error: [string "?"]:172: unexpected symbol near '%'
2026/09/05 12:24:59.743 	 ScriptError 3. (\script\item\item_jingjingkuang.lua) 

2026/09/05 12:24:59.743 	 ScriptError 3. (\script\item\item_jingjingkuang.lua) 

error: [string "?"]:95: unexpected symbol near '%'
2026/09/05 12:24:59.744 	 ScriptError 3. (\script\item\item_jingtiekuang.lua) 

2026/09/05 12:24:59.744 	 ScriptError 3. (\script\item\item_jingtiekuang.lua) 

error: ...OFFF_ONLINE\bin\server\script\task\task_addplayerexp.lua:16: unexpected symbol near '%'
error: ...eVs22\TESTLOFFF_ONLINE\bin\server\scriptjx2\lib\file.lua:57: unexpected symbol near '%'
error: ...eVs22\TESTLOFFF_ONLINE\bin\server\scriptjx2\lib\file.lua:57: unexpected symbol near '%'
error: ...22\TESTLOFFF_ONLINE\bin\server\script\item\hd3_admin.lua:129: invalid escape sequence near '"\s'
error: ...n\server\script\missions\yandibaozang\readymap\ready.lua:60: unexpected symbol near '%'
error: ...eVs22\TESTLOFFF_ONLINE\bin\server\scriptjx2\lib\file.lua:57: unexpected symbol near '%'
error: ...eVs22\TESTLOFFF_ONLINE\bin\server\scriptjx2\lib\file.lua:57: unexpected symbol near '%'
error: ...s22\TESTLOFFF_ONLINE\bin\server\script\lib\baseclass.lua:26: unexpected symbol near '%'
error: ..._ONLINE\bin\server\script\activitysys\activitydetail.lua:106: unexpected symbol near '%'
error: ...\TESTLOFFF_ONLINE\bin\server\script\misc\taskmanager.lua:340: unexpected symbol near '%'
error: ...ourceVs22\TESTLOFFF_ONLINE\bin\server\script\lib\log.lua:94: unexpected symbol near '%'
error: ...ourceVs22\TESTLOFFF_ONLINE\bin\server\script\lib\log.lua:94: unexpected symbol near '%'
error: ...ourceVs22\TESTLOFFF_ONLINE\bin\server\script\lib\log.lua:94: unexpected symbol near '%'
error: ...FFF_ONLINE\bin\server\script\activitysys\functionlib.lua:105: unexpected symbol near '%'
error: ...FFF_ONLINE\bin\server\script\activitysys\functionlib.lua:105: unexpected symbol near '%'
error: ...FF_ONLINE\bin\server\script\activitysys\playerfunlib.lua:708: unexpected symbol near '%'
error: ...OFFF_ONLINE\bin\server\script\misc\eventsys\eventsys.lua:11: attempt to call a table value (for iterator 'for iterator')
stack traceback:
	...OFFF_ONLINE\bin\server\script\misc\eventsys\eventsys.lua:11: in method 'NewType'
	...OFFF_ONLINE\bin\server\script\misc\eventsys\type\npc.lua:3: in main chunk
	[C]: in function 'Include'
	...server\script\missions\yandibaozang\readymap\include.lua:11: in main chunk
	[C]: in function 'Include'
	...F_ONLINE\bin\server\script\missions\yandibaozang\npc.lua:10: in main chunk
	[C]: in function 'Include'
	...FF_ONLINE\bin\server\script\item\test_hoatdong_admin.lua:21: in main chunk
	[C]: in function 'Include'
	[string "?"]:44: in main chunk
error: ...OFFF_ONLINE\bin\server\script\misc\eventsys\eventsys.lua:11: attempt to call a table value (for iterator 'for iterator')
stack traceback:
	...OFFF_ONLINE\bin\server\script\misc\eventsys\eventsys.lua:11: in method 'NewType'
	...F_ONLINE\bin\server\script\misc\eventsys\type\player.lua:3: in main chunk
	[C]: in function 'Include'
	...eVs22\TESTLOFFF_ONLINE\bin\server\script\petsys\head.lua:11: in main chunk
	[C]: in function 'Include'
	..._ONLINE\bin\server\script\petsys\protocol_process_gs.lua:1: in main chunk
	[C]: in function 'Include'
	...22\TESTLOFFF_ONLINE\bin\server\script\item\bdh_admin.lua:104: in main chunk
	[C]: in function 'Include'
	[string "?"]:46: in main chunk
error: ...FF_ONLINE\bin\server\script\activitysys\playerfunlib.lua:708: unexpected symbol near '%'
error: ...ourceVs22\TESTLOFFF_ONLINE\bin\server\script\lib\log.lua:94: unexpected symbol near '%'
error: ...ourceVs22\TESTLOFFF_ONLINE\bin\server\script\lib\log.lua:94: unexpected symbol near '%'
error: ...ourceVs22\TESTLOFFF_ONLINE\bin\server\script\lib\log.lua:94: unexpected symbol near '%'
error: ...OFFF_ONLINE\bin\server\script\misc\eventsys\eventsys.lua:11: attempt to call a table value (for iterator 'for iterator')
stack traceback:
	...OFFF_ONLINE\bin\server\script\misc\eventsys\eventsys.lua:11: in method 'NewType'
	...F_ONLINE\bin\server\script\misc\eventsys\type\player.lua:3: in main chunk
	[C]: in function 'Include'
	...eVs22\TESTLOFFF_ONLINE\bin\server\script\petsys\head.lua:11: in main chunk
	[C]: in function 'Include'
	...2\TESTLOFFF_ONLINE\bin\server\script\petsys\dataload.lua:1: in main chunk
	[C]: in function 'Include'
	..._ONLINE\bin\server\script\petsys\protocol_process_gs.lua:31: in main chunk
	[C]: in function 'Include'
	...22\TESTLOFFF_ONLINE\bin\server\script\item\bdh_admin.lua:104: in main chunk
	[C]: in function 'Include'
	[string "?"]:46: in main chunk
error: ...FF_ONLINE\bin\server\script\activitysys\playerfunlib.lua:708: unexpected symbol near '%'
error: ...ourceVs22\TESTLOFFF_ONLINE\bin\server\script\lib\log.lua:94: unexpected symbol near '%'
error: ...ourceVs22\TESTLOFFF_ONLINE\bin\server\script\lib\log.lua:94: unexpected symbol near '%'
error: ...ourceVs22\TESTLOFFF_ONLINE\bin\server\script\lib\log.lua:94: unexpected symbol near '%'
error: ...s22\TESTLOFFF_ONLINE\bin\server\script\petsys\summon.lua:7: unexpected symbol near '%'
error: ...22\TESTLOFFF_ONLINE\bin\server\script\petsys\levelup.lua:30: unexpected symbol near '%'
error: ...eVs22\TESTLOFFF_ONLINE\bin\server\script\petsys\name.lua:10: unexpected symbol near '%'
error: ...22\TESTLOFFF_ONLINE\bin\server\script\petsys\feature.lua:9: unexpected symbol near '%'
error: ...s22\TESTLOFFF_ONLINE\bin\server\script\petsys\delete.lua:11: unexpected symbol near '%'
error: ...ESTLOFFF_ONLINE\bin\server\script\petsys\transferexp.lua:16: unexpected symbol near '%'
error: ...22\TESTLOFFF_ONLINE\bin\server\script\petsys\xiuzhen.lua:48: unexpected symbol near '%'
error: ...2\TESTLOFFF_ONLINE\bin\server\script\petsys\petequip.lua:13: invalid escape sequence near '"\s'
error: ...erver\script\event\equip_publish\wuxingyin\wuxingyin.lua:92: unexpected symbol near '%'
error: ...FF_ONLINE\bin\server\script\activitysys\playerfunlib.lua:708: unexpected symbol near '%'
error: ...22\TESTLOFFF_ONLINE\bin\server\script\item\skillbook.lua:73: unexpected symbol near '%'
error: ...eVs22\TESTLOFFF_ONLINE\bin\server\scriptjx2\lib\file.lua:57: unexpected symbol near '%'
error: ...eVs22\TESTLOFFF_ONLINE\bin\server\scriptjx2\lib\file.lua:57: unexpected symbol near '%'
error: ...eVs22\TESTLOFFF_ONLINE\bin\server\scriptjx2\lib\file.lua:57: unexpected symbol near '%'
error: ...eVs22\TESTLOFFF_ONLINE\bin\server\scriptjx2\lib\file.lua:57: unexpected symbol near '%'
error: ...eVs22\TESTLOFFF_ONLINE\bin\server\scriptjx2\lib\file.lua:57: unexpected symbol near '%'
error: ...eVs22\TESTLOFFF_ONLINE\bin\server\scriptjx2\lib\file.lua:57: unexpected symbol near '%'
error: ...eVs22\TESTLOFFF_ONLINE\bin\server\scriptjx2\lib\file.lua:57: unexpected symbol near '%'
error: ...ceVs22\TESTLOFFF_ONLINE\bin\server\scriptjx2\lib\mem.lua:25: attempt to call a table value (for iterator 'for iterator')
stack traceback:
	...ceVs22\TESTLOFFF_ONLINE\bin\server\scriptjx2\lib\mem.lua:25: in function '__cclone'
	...ceVs22\TESTLOFFF_ONLINE\bin\server\scriptjx2\lib\mem.lua:57: in function 'inherit'
	...er\script\task\partner\master\partner_master_main_05.lua:55: in main chunk
	[C]: in function 'Include'
	...bin\server\script\task\partner\reward\partner_reward.lua:25: in main chunk
	[C]: in function 'Include'
	[string "?"]:7: in main chunk
error: ...eVs22\TESTLOFFF_ONLINE\bin\server\scriptjx2\lib\file.lua:57: unexpected symbol near '%'
error: ...ceVs22\TESTLOFFF_ONLINE\bin\server\scriptjx2\lib\mem.lua:25: attempt to call a table value (for iterator 'for iterator')
stack traceback:
	...ceVs22\TESTLOFFF_ONLINE\bin\server\scriptjx2\lib\mem.lua:25: in function '__cclone'
	...ceVs22\TESTLOFFF_ONLINE\bin\server\scriptjx2\lib\mem.lua:57: in function 'inherit'
	...er\script\task\partner\master\partner_master_main_05.lua:55: in main chunk
	[C]: in function 'Include'
	...in\server\script\task\partner\reward\partner_reward2.lua:14: in main chunk
	[C]: in function 'Include'
	[string "?"]:8: in main chunk
error: ...eVs22\TESTLOFFF_ONLINE\bin\server\scriptjx2\lib\file.lua:57: unexpected symbol near '%'
error: ...ceVs22\TESTLOFFF_ONLINE\bin\server\scriptjx2\lib\mem.lua:25: attempt to call a table value (for iterator 'for iterator')
stack traceback:
	...ceVs22\TESTLOFFF_ONLINE\bin\server\scriptjx2\lib\mem.lua:25: in function '__cclone'
	...ceVs22\TESTLOFFF_ONLINE\bin\server\scriptjx2\lib\mem.lua:57: in function 'inherit'
	...er\script\task\partner\master\partner_master_main_05.lua:55: in main chunk
	[C]: in function 'Include'
	...in\server\script\task\partner\reward\partner_reward3.lua:13: in main chunk
	[C]: in function 'Include'
	[string "?"]:9: in main chunk
error: ...eVs22\TESTLOFFF_ONLINE\bin\server\scriptjx2\lib\file.lua:57: unexpected symbol near '%'
error: ...OFFF_ONLINE\bin\server\script\task\task_addplayerexp.lua:16: unexpected symbol near '%'
error: [string "?"]:73: unexpected symbol near '%'
2026/09/05 12:24:59.814 	 ScriptError 3. (\script\item\skillbook.lua) 

2026/09/05 12:24:59.815 	 ScriptError 3. (\script\item\skillbook.lua) 

error: ...n\server\script\missions\yandibaozang\readymap\ready.lua:60: unexpected symbol near '%'
error: ...eVs22\TESTLOFFF_ONLINE\bin\server\scriptjx2\lib\file.lua:57: unexpected symbol near '%'
error: ...eVs22\TESTLOFFF_ONLINE\bin\server\scriptjx2\lib\file.lua:57: unexpected symbol near '%'
error: ...s22\TESTLOFFF_ONLINE\bin\server\script\lib\baseclass.lua:26: unexpected symbol near '%'
error: ..._ONLINE\bin\server\script\activitysys\activitydetail.lua:106: unexpected symbol near '%'
error: ...\TESTLOFFF_ONLINE\bin\server\script\misc\taskmanager.lua:340: unexpected symbol near '%'
error: ...ourceVs22\TESTLOFFF_ONLINE\bin\server\script\lib\log.lua:94: unexpected symbol near '%'
error: ...ourceVs22\TESTLOFFF_ONLINE\bin\server\script\lib\log.lua:94: unexpected symbol near '%'
error: ...ourceVs22\TESTLOFFF_ONLINE\bin\server\script\lib\log.lua:94: unexpected symbol near '%'
error: ...FFF_ONLINE\bin\server\script\activitysys\functionlib.lua:105: unexpected symbol near '%'
error: ...FFF_ONLINE\bin\server\script\activitysys\functionlib.lua:105: unexpected symbol near '%'
error: ...FF_ONLINE\bin\server\script\activitysys\playerfunlib.lua:708: unexpected symbol near '%'
error: ...OFFF_ONLINE\bin\server\script\misc\eventsys\eventsys.lua:11: attempt to call a table value (for iterator 'for iterator')
stack traceback:
	...OFFF_ONLINE\bin\server\script\misc\eventsys\eventsys.lua:11: in method 'NewType'
	...OFFF_ONLINE\bin\server\script\misc\eventsys\type\npc.lua:3: in main chunk
	[C]: in function 'Include'
	...server\script\missions\yandibaozang\readymap\include.lua:11: in main chunk
	[C]: in function 'Include'
	...F_ONLINE\bin\server\script\missions\yandibaozang\npc.lua:10: in main chunk
	[C]: in function 'Include'
	[string "?"]:21: in main chunk
error: ...erver\script\event\equip_publish\wuxingyin\wuxingyin.lua:92: unexpected symbol near '%'
error: ...FF_ONLINE\bin\server\script\activitysys\playerfunlib.lua:708: unexpected symbol near '%'
error: ...eVs22\TESTLOFFF_ONLINE\bin\server\scriptjx2\lib\file.lua:57: unexpected symbol near '%'
error: ...eVs22\TESTLOFFF_ONLINE\bin\server\scriptjx2\lib\file.lua:57: unexpected symbol near '%'
error: ...\bin\server\script\task\tollgate\messenger\posthouse.lua:495: unexpected symbol near '%'
error: ...eVs22\TESTLOFFF_ONLINE\bin\server\scriptjx2\lib\file.lua:57: unexpected symbol near '%'
error: ...eVs22\TESTLOFFF_ONLINE\bin\server\scriptjx2\lib\file.lua:57: unexpected symbol near '%'
error: ...eVs22\TESTLOFFF_ONLINE\bin\server\scriptjx2\lib\file.lua:57: unexpected symbol near '%'
error: ...eVs22\TESTLOFFF_ONLINE\bin\server\scriptjx2\lib\file.lua:57: unexpected symbol near '%'
error: ...eVs22\TESTLOFFF_ONLINE\bin\server\scriptjx2\lib\file.lua:57: unexpected symbol near '%'
error: ...eVs22\TESTLOFFF_ONLINE\bin\server\scriptjx2\lib\file.lua:57: unexpected symbol near '%'
error: ...eVs22\TESTLOFFF_ONLINE\bin\server\scriptjx2\lib\file.lua:57: unexpected symbol near '%'
error: ...eVs22\TESTLOFFF_ONLINE\bin\server\scriptjx2\lib\file.lua:57: unexpected symbol near '%'
error: ...eVs22\TESTLOFFF_ONLINE\bin\server\scriptjx2\lib\file.lua:57: unexpected symbol near '%'
error: ...eVs22\TESTLOFFF_ONLINE\bin\server\scriptjx2\lib\file.lua:57: unexpected symbol near '%'
error: ...eVs22\TESTLOFFF_ONLINE\bin\server\scriptjx2\lib\file.lua:57: unexpected symbol near '%'
error: ...eVs22\TESTLOFFF_ONLINE\bin\server\scriptjx2\lib\file.lua:57: unexpected symbol near '%'
error: ...eVs22\TESTLOFFF_ONLINE\bin\server\scriptjx2\lib\file.lua:57: unexpected symbol near '%'
error: ...eVs22\TESTLOFFF_ONLINE\bin\server\scriptjx2\lib\file.lua:57: unexpected symbol near '%'
error: ...eVs22\TESTLOFFF_ONLINE\bin\server\scriptjx2\lib\file.lua:57: unexpected symbol near '%'
error: ...eVs22\TESTLOFFF_ONLINE\bin\server\scriptjx2\lib\file.lua:57: unexpected symbol near '%'
error: ...eVs22\TESTLOFFF_ONLINE\bin\server\scriptjx2\lib\file.lua:57: unexpected symbol near '%'
error: ...eVs22\TESTLOFFF_ONLINE\bin\server\scriptjx2\lib\file.lua:57: unexpected symbol near '%'
error: ...eVs22\TESTLOFFF_ONLINE\bin\server\scriptjx2\lib\file.lua:57: unexpected symbol near '%'
error: ...eVs22\TESTLOFFF_ONLINE\bin\server\scriptjx2\lib\file.lua:57: unexpected symbol near '%'
error: ...eVs22\TESTLOFFF_ONLINE\bin\server\scriptjx2\lib\file.lua:57: unexpected symbol near '%'
error: ...eVs22\TESTLOFFF_ONLINE\bin\server\scriptjx2\lib\file.lua:57: unexpected symbol near '%'
error: ...eVs22\TESTLOFFF_ONLINE\bin\server\scriptjx2\lib\file.lua:57: unexpected symbol near '%'
error: ...eVs22\TESTLOFFF_ONLINE\bin\server\scriptjx2\lib\file.lua:57: unexpected symbol near '%'
error: ...eVs22\TESTLOFFF_ONLINE\bin\server\scriptjx2\lib\file.lua:57: unexpected symbol near '%'
error: ...eVs22\TESTLOFFF_ONLINE\bin\server\scriptjx2\lib\file.lua:57: unexpected symbol near '%'
error: ...eVs22\TESTLOFFF_ONLINE\bin\server\scriptjx2\lib\file.lua:57: unexpected symbol near '%'
error: ...eVs22\TESTLOFFF_ONLINE\bin\server\scriptjx2\lib\file.lua:57: unexpected symbol near '%'
error: ...eVs22\TESTLOFFF_ONLINE\bin\server\scriptjx2\lib\file.lua:57: unexpected symbol near '%'
error: ...eVs22\TESTLOFFF_ONLINE\bin\server\scriptjx2\lib\file.lua:57: unexpected symbol near '%'
error: ...eVs22\TESTLOFFF_ONLINE\bin\server\scriptjx2\lib\file.lua:57: unexpected symbol near '%'
error: ...eVs22\TESTLOFFF_ONLINE\bin\server\scriptjx2\lib\file.lua:57: unexpected symbol near '%'
error: ...eVs22\TESTLOFFF_ONLINE\bin\server\scriptjx2\lib\file.lua:57: unexpected symbol near '%'
error: ...eVs22\TESTLOFFF_ONLINE\bin\server\scriptjx2\lib\file.lua:57: unexpected symbol near '%'
error: ...eVs22\TESTLOFFF_ONLINE\bin\server\scriptjx2\lib\file.lua:57: unexpected symbol near '%'
error: ...eVs22\TESTLOFFF_ONLINE\bin\server\scriptjx2\lib\file.lua:57: unexpected symbol near '%'
error: ...eVs22\TESTLOFFF_ONLINE\bin\server\scriptjx2\lib\file.lua:57: unexpected symbol near '%'
error: ...eVs22\TESTLOFFF_ONLINE\bin\server\scriptjx2\lib\file.lua:57: unexpected symbol near '%'
error: ...eVs22\TESTLOFFF_ONLINE\bin\server\scriptjx2\lib\file.lua:57: unexpected symbol near '%'
error: ...eVs22\TESTLOFFF_ONLINE\bin\server\scriptjx2\lib\file.lua:57: unexpected symbol near '%'
error: ...eVs22\TESTLOFFF_ONLINE\bin\server\scriptjx2\lib\file.lua:57: unexpected symbol near '%'
error: ...eVs22\TESTLOFFF_ONLINE\bin\server\scriptjx2\lib\file.lua:57: unexpected symbol near '%'
error: ...eVs22\TESTLOFFF_ONLINE\bin\server\scriptjx2\lib\file.lua:57: unexpected symbol near '%'
error: ...eVs22\TESTLOFFF_ONLINE\bin\server\scriptjx2\lib\file.lua:57: unexpected symbol near '%'
error: ...eVs22\TESTLOFFF_ONLINE\bin\server\scriptjx2\lib\file.lua:57: unexpected symbol near '%'
error: ...eVs22\TESTLOFFF_ONLINE\bin\server\scriptjx2\lib\file.lua:57: unexpected symbol near '%'
error: ...eVs22\TESTLOFFF_ONLINE\bin\server\scriptjx2\lib\file.lua:57: unexpected symbol near '%'
error: ...eVs22\TESTLOFFF_ONLINE\bin\server\scriptjx2\lib\file.lua:57: unexpected symbol near '%'
error: ...eVs22\TESTLOFFF_ONLINE\bin\server\scriptjx2\lib\file.lua:57: unexpected symbol near '%'
error: ...eVs22\TESTLOFFF_ONLINE\bin\server\scriptjx2\lib\file.lua:57: unexpected symbol near '%'
error: ...eVs22\TESTLOFFF_ONLINE\bin\server\scriptjx2\lib\file.lua:57: unexpected symbol near '%'
error: ...eVs22\TESTLOFFF_ONLINE\bin\server\scriptjx2\lib\file.lua:57: unexpected symbol near '%'
error: ...eVs22\TESTLOFFF_ONLINE\bin\server\scriptjx2\lib\file.lua:57: unexpected symbol near '%'
error: ...eVs22\TESTLOFFF_ONLINE\bin\server\scriptjx2\lib\file.lua:57: unexpected symbol near '%'
error: ...eVs22\TESTLOFFF_ONLINE\bin\server\scriptjx2\lib\file.lua:57: unexpected symbol near '%'
error: ...eVs22\TESTLOFFF_ONLINE\bin\server\scriptjx2\lib\file.lua:57: unexpected symbol near '%'
error: ...eVs22\TESTLOFFF_ONLINE\bin\server\scriptjx2\lib\file.lua:57: unexpected symbol near '%'
error: ...eVs22\TESTLOFFF_ONLINE\bin\server\scriptjx2\lib\file.lua:57: unexpected symbol near '%'
error: ...eVs22\TESTLOFFF_ONLINE\bin\server\scriptjx2\lib\file.lua:57: unexpected symbol near '%'
error: ...eVs22\TESTLOFFF_ONLINE\bin\server\scriptjx2\lib\file.lua:57: unexpected symbol near '%'
error: ...eVs22\TESTLOFFF_ONLINE\bin\server\scriptjx2\lib\file.lua:57: unexpected symbol near '%'
error: ...eVs22\TESTLOFFF_ONLINE\bin\server\scriptjx2\lib\file.lua:57: unexpected symbol near '%'
error: ...eVs22\TESTLOFFF_ONLINE\bin\server\scriptjx2\lib\file.lua:57: unexpected symbol near '%'
error: ...eVs22\TESTLOFFF_ONLINE\bin\server\scriptjx2\lib\file.lua:57: unexpected symbol near '%'
error: ...eVs22\TESTLOFFF_ONLINE\bin\server\scriptjx2\lib\file.lua:57: unexpected symbol near '%'
error: ...eVs22\TESTLOFFF_ONLINE\bin\server\scriptjx2\lib\file.lua:57: unexpected symbol near '%'
error: ...eVs22\TESTLOFFF_ONLINE\bin\server\scriptjx2\lib\file.lua:57: unexpected symbol near '%'
error: ...eVs22\TESTLOFFF_ONLINE\bin\server\scriptjx2\lib\file.lua:57: unexpected symbol near '%'
error: ...eVs22\TESTLOFFF_ONLINE\bin\server\scriptjx2\lib\file.lua:57: unexpected symbol near '%'
error: ...eVs22\TESTLOFFF_ONLINE\bin\server\scriptjx2\lib\file.lua:57: unexpected symbol near '%'
error: ...eVs22\TESTLOFFF_ONLINE\bin\server\scriptjx2\lib\file.lua:57: unexpected symbol near '%'
error: ...eVs22\TESTLOFFF_ONLINE\bin\server\scriptjx2\lib\file.lua:57: unexpected symbol near '%'
error: ...eVs22\TESTLOFFF_ONLINE\bin\server\scriptjx2\lib\file.lua:57: unexpected symbol near '%'
error: ...eVs22\TESTLOFFF_ONLINE\bin\server\scriptjx2\lib\file.lua:57: unexpected symbol near '%'
error: ...eVs22\TESTLOFFF_ONLINE\bin\server\scriptjx2\lib\file.lua:57: unexpected symbol near '%'
error: ...eVs22\TESTLOFFF_ONLINE\bin\server\scriptjx2\lib\file.lua:57: unexpected symbol near '%'
error: ...eVs22\TESTLOFFF_ONLINE\bin\server\scriptjx2\lib\file.lua:57: unexpected symbol near '%'
error: ...eVs22\TESTLOFFF_ONLINE\bin\server\scriptjx2\lib\file.lua:57: unexpected symbol near '%'
error: ...eVs22\TESTLOFFF_ONLINE\bin\server\scriptjx2\lib\file.lua:57: unexpected symbol near '%'
error: ...eVs22\TESTLOFFF_ONLINE\bin\server\scriptjx2\lib\file.lua:57: unexpected symbol near '%'
error: ...eVs22\TESTLOFFF_ONLINE\bin\server\scriptjx2\lib\file.lua:57: unexpected symbol near '%'
error: ...eVs22\TESTLOFFF_ONLINE\bin\server\scriptjx2\lib\file.lua:57: unexpected symbol near '%'
error: ...eVs22\TESTLOFFF_ONLINE\bin\server\scriptjx2\lib\file.lua:57: unexpected symbol near '%'
error: ...eVs22\TESTLOFFF_ONLINE\bin\server\scriptjx2\lib\file.lua:57: unexpected symbol near '%'
error: ...eVs22\TESTLOFFF_ONLINE\bin\server\scriptjx2\lib\file.lua:57: unexpected symbol near '%'
error: ...eVs22\TESTLOFFF_ONLINE\bin\server\scriptjx2\lib\file.lua:57: unexpected symbol near '%'
error: ...eVs22\TESTLOFFF_ONLINE\bin\server\scriptjx2\lib\file.lua:57: unexpected symbol near '%'
error: ...eVs22\TESTLOFFF_ONLINE\bin\server\scriptjx2\lib\file.lua:57: unexpected symbol near '%'
error: ...eVs22\TESTLOFFF_ONLINE\bin\server\scriptjx2\lib\file.lua:57: unexpected symbol near '%'
error: ...eVs22\TESTLOFFF_ONLINE\bin\server\scriptjx2\lib\file.lua:57: unexpected symbol near '%'
error: ...eVs22\TESTLOFFF_ONLINE\bin\server\scriptjx2\lib\file.lua:57: unexpected symbol near '%'
error: ...eVs22\TESTLOFFF_ONLINE\bin\server\scriptjx2\lib\file.lua:57: unexpected symbol near '%'
error: ...eVs22\TESTLOFFF_ONLINE\bin\server\scriptjx2\lib\file.lua:57: unexpected symbol near '%'
error: ...eVs22\TESTLOFFF_ONLINE\bin\server\scriptjx2\lib\file.lua:57: unexpected symbol near '%'
error: ...eVs22\TESTLOFFF_ONLINE\bin\server\scriptjx2\lib\file.lua:57: unexpected symbol near '%'
error: ...eVs22\TESTLOFFF_ONLINE\bin\server\scriptjx2\lib\file.lua:57: unexpected symbol near '%'
error: ...eVs22\TESTLOFFF_ONLINE\bin\server\scriptjx2\lib\file.lua:57: unexpected symbol near '%'
error: ...eVs22\TESTLOFFF_ONLINE\bin\server\scriptjx2\lib\file.lua:57: unexpected symbol near '%'
error: ...eVs22\TESTLOFFF_ONLINE\bin\server\scriptjx2\lib\file.lua:57: unexpected symbol near '%'
error: ...eVs22\TESTLOFFF_ONLINE\bin\server\scriptjx2\lib\file.lua:57: unexpected symbol near '%'
error: ...eVs22\TESTLOFFF_ONLINE\bin\server\scriptjx2\lib\file.lua:57: unexpected symbol near '%'
error: ...eVs22\TESTLOFFF_ONLINE\bin\server\scriptjx2\lib\file.lua:57: unexpected symbol near '%'
error: ...eVs22\TESTLOFFF_ONLINE\bin\server\scriptjx2\lib\file.lua:57: unexpected symbol near '%'
error: ...eVs22\TESTLOFFF_ONLINE\bin\server\scriptjx2\lib\file.lua:57: unexpected symbol near '%'
error: ...eVs22\TESTLOFFF_ONLINE\bin\server\scriptjx2\lib\file.lua:57: unexpected symbol near '%'
error: ...eVs22\TESTLOFFF_ONLINE\bin\server\scriptjx2\lib\file.lua:57: unexpected symbol near '%'
error: ...eVs22\TESTLOFFF_ONLINE\bin\server\scriptjx2\lib\file.lua:57: unexpected symbol near '%'
error: ...eVs22\TESTLOFFF_ONLINE\bin\server\scriptjx2\lib\file.lua:57: unexpected symbol near '%'
error: ...eVs22\TESTLOFFF_ONLINE\bin\server\scriptjx2\lib\file.lua:57: unexpected symbol near '%'
error: ...eVs22\TESTLOFFF_ONLINE\bin\server\scriptjx2\lib\file.lua:57: unexpected symbol near '%'
error: ...eVs22\TESTLOFFF_ONLINE\bin\server\scriptjx2\lib\file.lua:57: unexpected symbol near '%'
error: ...eVs22\TESTLOFFF_ONLINE\bin\server\scriptjx2\lib\file.lua:57: unexpected symbol near '%'
error: ...eVs22\TESTLOFFF_ONLINE\bin\server\scriptjx2\lib\file.lua:57: unexpected symbol near '%'
error: ...eVs22\TESTLOFFF_ONLINE\bin\server\scriptjx2\lib\file.lua:57: unexpected symbol near '%'
error: ...eVs22\TESTLOFFF_ONLINE\bin\server\scriptjx2\lib\file.lua:57: unexpected symbol near '%'
error: ...eVs22\TESTLOFFF_ONLINE\bin\server\scriptjx2\lib\file.lua:57: unexpected symbol near '%'
error: ...eVs22\TESTLOFFF_ONLINE\bin\server\scriptjx2\lib\file.lua:57: unexpected symbol near '%'
error: ...eVs22\TESTLOFFF_ONLINE\bin\server\scriptjx2\lib\file.lua:57: unexpected symbol near '%'
error: ...eVs22\TESTLOFFF_ONLINE\bin\server\scriptjx2\lib\file.lua:57: unexpected symbol near '%'
error: ...eVs22\TESTLOFFF_ONLINE\bin\server\scriptjx2\lib\file.lua:57: unexpected symbol near '%'
error: ...eVs22\TESTLOFFF_ONLINE\bin\server\scriptjx2\lib\file.lua:57: unexpected symbol near '%'
error: ...eVs22\TESTLOFFF_ONLINE\bin\server\scriptjx2\lib\file.lua:57: unexpected symbol near '%'
error: ...eVs22\TESTLOFFF_ONLINE\bin\server\scriptjx2\lib\file.lua:57: unexpected symbol near '%'
error: ...eVs22\TESTLOFFF_ONLINE\bin\server\scriptjx2\lib\file.lua:57: unexpected symbol near '%'
error: ...eVs22\TESTLOFFF_ONLINE\bin\server\scriptjx2\lib\file.lua:57: unexpected symbol near '%'
error: ...eVs22\TESTLOFFF_ONLINE\bin\server\scriptjx2\lib\file.lua:57: unexpected symbol near '%'
error: ...eVs22\TESTLOFFF_ONLINE\bin\server\scriptjx2\lib\file.lua:57: unexpected symbol near '%'
error: ...eVs22\TESTLOFFF_ONLINE\bin\server\scriptjx2\lib\file.lua:57: unexpected symbol near '%'
error: ...eVs22\TESTLOFFF_ONLINE\bin\server\scriptjx2\lib\file.lua:57: unexpected symbol near '%'
error: ...eVs22\TESTLOFFF_ONLINE\bin\server\scriptjx2\lib\file.lua:57: unexpected symbol near '%'
error: ...eVs22\TESTLOFFF_ONLINE\bin\server\scriptjx2\lib\file.lua:57: unexpected symbol near '%'
error: ...eVs22\TESTLOFFF_ONLINE\bin\server\scriptjx2\lib\file.lua:57: unexpected symbol near '%'
error: ...eVs22\TESTLOFFF_ONLINE\bin\server\scriptjx2\lib\file.lua:57: unexpected symbol near '%'
error: ...eVs22\TESTLOFFF_ONLINE\bin\server\scriptjx2\lib\file.lua:57: unexpected symbol near '%'
error: ...eVs22\TESTLOFFF_ONLINE\bin\server\scriptjx2\lib\file.lua:57: unexpected symbol near '%'
error: ...eVs22\TESTLOFFF_ONLINE\bin\server\scriptjx2\lib\file.lua:57: unexpected symbol near '%'
error: ...eVs22\TESTLOFFF_ONLINE\bin\server\scriptjx2\lib\file.lua:57: unexpected symbol near '%'
error: ...eVs22\TESTLOFFF_ONLINE\bin\server\scriptjx2\lib\file.lua:57: unexpected symbol near '%'
error: ...eVs22\TESTLOFFF_ONLINE\bin\server\scriptjx2\lib\file.lua:57: unexpected symbol near '%'
error: ...eVs22\TESTLOFFF_ONLINE\bin\server\scriptjx2\lib\file.lua:57: unexpected symbol near '%'
error: ...eVs22\TESTLOFFF_ONLINE\bin\server\scriptjx2\lib\file.lua:57: unexpected symbol near '%'
error: ...eVs22\TESTLOFFF_ONLINE\bin\server\scriptjx2\lib\file.lua:57: unexpected symbol near '%'
error: ...eVs22\TESTLOFFF_ONLINE\bin\server\scriptjx2\lib\file.lua:57: unexpected symbol near '%'
error: ...eVs22\TESTLOFFF_ONLINE\bin\server\scriptjx2\lib\file.lua:57: unexpected symbol near '%'
error: ...eVs22\TESTLOFFF_ONLINE\bin\server\scriptjx2\lib\file.lua:57: unexpected symbol near '%'
error: ...eVs22\TESTLOFFF_ONLINE\bin\server\scriptjx2\lib\file.lua:57: unexpected symbol near '%'
error: ...eVs22\TESTLOFFF_ONLINE\bin\server\scriptjx2\lib\file.lua:57: unexpected symbol near '%'
error: ...eVs22\TESTLOFFF_ONLINE\bin\server\scriptjx2\lib\file.lua:57: unexpected symbol near '%'
error: ...eVs22\TESTLOFFF_ONLINE\bin\server\scriptjx2\lib\file.lua:57: unexpected symbol near '%'
error: ...eVs22\TESTLOFFF_ONLINE\bin\server\scriptjx2\lib\file.lua:57: unexpected symbol near '%'
error: ...eVs22\TESTLOFFF_ONLINE\bin\server\scriptjx2\lib\file.lua:57: unexpected symbol near '%'
error: ...eVs22\TESTLOFFF_ONLINE\bin\server\scriptjx2\lib\file.lua:57: unexpected symbol near '%'
error: ...eVs22\TESTLOFFF_ONLINE\bin\server\scriptjx2\lib\file.lua:57: unexpected symbol near '%'
error: ...eVs22\TESTLOFFF_ONLINE\bin\server\scriptjx2\lib\file.lua:57: unexpected symbol near '%'
error: ...eVs22\TESTLOFFF_ONLINE\bin\server\scriptjx2\lib\file.lua:57: unexpected symbol near '%'
error: ...eVs22\TESTLOFFF_ONLINE\bin\server\scriptjx2\lib\file.lua:57: unexpected symbol near '%'
error: ...eVs22\TESTLOFFF_ONLINE\bin\server\scriptjx2\lib\file.lua:57: unexpected symbol near '%'
error: ...eVs22\TESTLOFFF_ONLINE\bin\server\scriptjx2\lib\file.lua:57: unexpected symbol near '%'
error: ...eVs22\TESTLOFFF_ONLINE\bin\server\scriptjx2\lib\file.lua:57: unexpected symbol near '%'
error: ...eVs22\TESTLOFFF_ONLINE\bin\server\scriptjx2\lib\file.lua:57: unexpected symbol near '%'
error: ...eVs22\TESTLOFFF_ONLINE\bin\server\scriptjx2\lib\file.lua:57: unexpected symbol near '%'
error: ...eVs22\TESTLOFFF_ONLINE\bin\server\scriptjx2\lib\file.lua:57: unexpected symbol near '%'
error: ...eVs22\TESTLOFFF_ONLINE\bin\server\scriptjx2\lib\file.lua:57: unexpected symbol near '%'
error: ...eVs22\TESTLOFFF_ONLINE\bin\server\scriptjx2\lib\file.lua:57: unexpected symbol near '%'
error: ...eVs22\TESTLOFFF_ONLINE\bin\server\scriptjx2\lib\file.lua:57: unexpected symbol near '%'
error: ...eVs22\TESTLOFFF_ONLINE\bin\server\scriptjx2\lib\file.lua:57: unexpected symbol near '%'
error: ...eVs22\TESTLOFFF_ONLINE\bin\server\scriptjx2\lib\file.lua:57: unexpected symbol near '%'
error: ...eVs22\TESTLOFFF_ONLINE\bin\server\scriptjx2\lib\file.lua:57: unexpected symbol near '%'
error: ...eVs22\TESTLOFFF_ONLINE\bin\server\scriptjx2\lib\file.lua:57: unexpected symbol near '%'
error: ...ceVs22\TESTLOFFF_ONLINE\bin\server\scriptjx2\lib\mem.lua:25: attempt to call a table value (for iterator 'for iterator')
stack traceback:
	...ceVs22\TESTLOFFF_ONLINE\bin\server\scriptjx2\lib\mem.lua:25: in function '__cclone'
	...ceVs22\TESTLOFFF_ONLINE\bin\server\scriptjx2\lib\mem.lua:57: in function 'inherit'
	...er\script\task\partner\master\partner_master_main_05.lua:55: in main chunk
	[C]: in function 'Include'
	...bin\server\script\task\partner\reward\partner_reward.lua:25: in main chunk
	[C]: in function 'Include'
	[string "?"]:7: in main chunk
error: ...eVs22\TESTLOFFF_ONLINE\bin\server\scriptjx2\lib\file.lua:57: unexpected symbol near '%'
error: ...ceVs22\TESTLOFFF_ONLINE\bin\server\scriptjx2\lib\mem.lua:25: attempt to call a table value (for iterator 'for iterator')
stack traceback:
	...ceVs22\TESTLOFFF_ONLINE\bin\server\scriptjx2\lib\mem.lua:25: in function '__cclone'
	...ceVs22\TESTLOFFF_ONLINE\bin\server\scriptjx2\lib\mem.lua:57: in function 'inherit'
	...er\script\task\partner\master\partner_master_main_05.lua:55: in main chunk
	[C]: in function 'Include'
	...in\server\script\task\partner\reward\partner_reward2.lua:14: in main chunk
	[C]: in function 'Include'
	[string "?"]:8: in main chunk
error: ...eVs22\TESTLOFFF_ONLINE\bin\server\scriptjx2\lib\file.lua:57: unexpected symbol near '%'
error: ...ceVs22\TESTLOFFF_ONLINE\bin\server\scriptjx2\lib\mem.lua:25: attempt to call a table value (for iterator 'for iterator')
stack traceback:
	...ceVs22\TESTLOFFF_ONLINE\bin\server\scriptjx2\lib\mem.lua:25: in function '__cclone'
	...ceVs22\TESTLOFFF_ONLINE\bin\server\scriptjx2\lib\mem.lua:57: in function 'inherit'
	...er\script\task\partner\master\partner_master_main_05.lua:55: in main chunk
	[C]: in function 'Include'
	...in\server\script\task\partner\reward\partner_reward3.lua:13: in main chunk
	[C]: in function 'Include'
	[string "?"]:9: in main chunk
error: ...eVs22\TESTLOFFF_ONLINE\bin\server\scriptjx2\lib\file.lua:57: unexpected symbol near '%'
error: ...eVs22\TESTLOFFF_ONLINE\bin\server\scriptjx2\lib\file.lua:57: unexpected symbol near '%'
error: ...eVs22\TESTLOFFF_ONLINE\bin\server\scriptjx2\lib\file.lua:57: unexpected symbol near '%'
error: ...eVs22\TESTLOFFF_ONLINE\bin\server\scriptjx2\lib\file.lua:57: unexpected symbol near '%'
error: ...eVs22\TESTLOFFF_ONLINE\bin\server\scriptjx2\lib\file.lua:57: unexpected symbol near '%'
error: ...eVs22\TESTLOFFF_ONLINE\bin\server\scriptjx2\lib\file.lua:57: unexpected symbol near '%'
error: ...eVs22\TESTLOFFF_ONLINE\bin\server\scriptjx2\lib\file.lua:57: unexpected symbol near '%'
error: ...eVs22\TESTLOFFF_ONLINE\bin\server\scriptjx2\lib\file.lua:57: unexpected symbol near '%'
error: ...eVs22\TESTLOFFF_ONLINE\bin\server\scriptjx2\lib\file.lua:57: unexpected symbol near '%'
error: ...eVs22\TESTLOFFF_ONLINE\bin\server\scriptjx2\lib\file.lua:57: unexpected symbol near '%'
error: ...eVs22\TESTLOFFF_ONLINE\bin\server\scriptjx2\lib\file.lua:57: unexpected symbol near '%'
error: ...eVs22\TESTLOFFF_ONLINE\bin\server\scriptjx2\lib\file.lua:57: unexpected symbol near '%'
error: ...eVs22\TESTLOFFF_ONLINE\bin\server\scriptjx2\lib\file.lua:57: unexpected symbol near '%'
error: ...eVs22\TESTLOFFF_ONLINE\bin\server\scriptjx2\lib\file.lua:57: unexpected symbol near '%'
error: ...eVs22\TESTLOFFF_ONLINE\bin\server\scriptjx2\lib\file.lua:57: unexpected symbol near '%'
error: ...eVs22\TESTLOFFF_ONLINE\bin\server\scriptjx2\lib\file.lua:57: unexpected symbol near '%'
error: ...eVs22\TESTLOFFF_ONLINE\bin\server\scriptjx2\lib\file.lua:57: unexpected symbol near '%'
error: ...eVs22\TESTLOFFF_ONLINE\bin\server\scriptjx2\lib\file.lua:57: unexpected symbol near '%'
error: ...eVs22\TESTLOFFF_ONLINE\bin\server\scriptjx2\lib\file.lua:57: unexpected symbol near '%'
error: ...eVs22\TESTLOFFF_ONLINE\bin\server\scriptjx2\lib\file.lua:57: unexpected symbol near '%'
error: ...eVs22\TESTLOFFF_ONLINE\bin\server\scriptjx2\lib\file.lua:57: unexpected symbol near '%'
error: ...eVs22\TESTLOFFF_ONLINE\bin\server\scriptjx2\lib\file.lua:57: unexpected symbol near '%'
error: ...eVs22\TESTLOFFF_ONLINE\bin\server\scriptjx2\lib\file.lua:57: unexpected symbol near '%'
error: ...eVs22\TESTLOFFF_ONLINE\bin\server\scriptjx2\lib\file.lua:57: unexpected symbol near '%'
error: ...eVs22\TESTLOFFF_ONLINE\bin\server\scriptjx2\lib\file.lua:57: unexpected symbol near '%'
error: ...eVs22\TESTLOFFF_ONLINE\bin\server\scriptjx2\lib\file.lua:57: unexpected symbol near '%'
error: ...eVs22\TESTLOFFF_ONLINE\bin\server\scriptjx2\lib\file.lua:57: unexpected symbol near '%'
error: ...eVs22\TESTLOFFF_ONLINE\bin\server\scriptjx2\lib\file.lua:57: unexpected symbol near '%'
error: ...eVs22\TESTLOFFF_ONLINE\bin\server\scriptjx2\lib\file.lua:57: unexpected symbol near '%'
error: ...eVs22\TESTLOFFF_ONLINE\bin\server\scriptjx2\lib\file.lua:57: unexpected symbol near '%'
error: ...eVs22\TESTLOFFF_ONLINE\bin\server\scriptjx2\lib\file.lua:57: unexpected symbol near '%'
error: ...eVs22\TESTLOFFF_ONLINE\bin\server\scriptjx2\lib\file.lua:57: unexpected symbol near '%'
error: ...eVs22\TESTLOFFF_ONLINE\bin\server\scriptjx2\lib\file.lua:57: unexpected symbol near '%'
error: ...eVs22\TESTLOFFF_ONLINE\bin\server\scriptjx2\lib\file.lua:57: unexpected symbol near '%'
error: ...eVs22\TESTLOFFF_ONLINE\bin\server\scriptjx2\lib\file.lua:57: unexpected symbol near '%'
error: ...eVs22\TESTLOFFF_ONLINE\bin\server\scriptjx2\lib\file.lua:57: unexpected symbol near '%'
error: ...eVs22\TESTLOFFF_ONLINE\bin\server\scriptjx2\lib\file.lua:57: unexpected symbol near '%'
error: ...eVs22\TESTLOFFF_ONLINE\bin\server\scriptjx2\lib\file.lua:57: unexpected symbol near '%'
error: ...eVs22\TESTLOFFF_ONLINE\bin\server\scriptjx2\lib\file.lua:57: unexpected symbol near '%'
error: ...eVs22\TESTLOFFF_ONLINE\bin\server\scriptjx2\lib\file.lua:57: unexpected symbol near '%'
error: ...eVs22\TESTLOFFF_ONLINE\bin\server\scriptjx2\lib\file.lua:57: unexpected symbol near '%'
error: ...eVs22\TESTLOFFF_ONLINE\bin\server\scriptjx2\lib\file.lua:57: unexpected symbol near '%'
error: ...eVs22\TESTLOFFF_ONLINE\bin\server\scriptjx2\lib\file.lua:57: unexpected symbol near '%'
error: ...eVs22\TESTLOFFF_ONLINE\bin\server\scriptjx2\lib\file.lua:57: unexpected symbol near '%'
error: ...eVs22\TESTLOFFF_ONLINE\bin\server\scriptjx2\lib\file.lua:57: unexpected symbol near '%'
error: ...eVs22\TESTLOFFF_ONLINE\bin\server\scriptjx2\lib\file.lua:57: unexpected symbol near '%'
error: ...eVs22\TESTLOFFF_ONLINE\bin\server\scriptjx2\lib\file.lua:57: unexpected symbol near '%'
error: ...eVs22\TESTLOFFF_ONLINE\bin\server\scriptjx2\lib\file.lua:57: unexpected symbol near '%'
error: ...eVs22\TESTLOFFF_ONLINE\bin\server\scriptjx2\lib\file.lua:57: unexpected symbol near '%'
error: ...eVs22\TESTLOFFF_ONLINE\bin\server\scriptjx2\lib\file.lua:57: unexpected symbol near '%'
error: ...eVs22\TESTLOFFF_ONLINE\bin\server\scriptjx2\lib\file.lua:57: unexpected symbol near '%'
error: ...eVs22\TESTLOFFF_ONLINE\bin\server\scriptjx2\lib\file.lua:57: unexpected symbol near '%'
error: ...eVs22\TESTLOFFF_ONLINE\bin\server\scriptjx2\lib\file.lua:57: unexpected symbol near '%'
error: ...eVs22\TESTLOFFF_ONLINE\bin\server\scriptjx2\lib\file.lua:57: unexpected symbol near '%'
error: ...eVs22\TESTLOFFF_ONLINE\bin\server\scriptjx2\lib\file.lua:57: unexpected symbol near '%'
error: ...eVs22\TESTLOFFF_ONLINE\bin\server\scriptjx2\lib\file.lua:57: unexpected symbol near '%'
error: ...eVs22\TESTLOFFF_ONLINE\bin\server\scriptjx2\lib\file.lua:57: unexpected symbol near '%'
error: ...eVs22\TESTLOFFF_ONLINE\bin\server\scriptjx2\lib\file.lua:57: unexpected symbol near '%'
error: ...eVs22\TESTLOFFF_ONLINE\bin\server\scriptjx2\lib\file.lua:57: unexpected symbol near '%'
error: ...eVs22\TESTLOFFF_ONLINE\bin\server\scriptjx2\lib\file.lua:57: unexpected symbol near '%'
error: ...eVs22\TESTLOFFF_ONLINE\bin\server\scriptjx2\lib\file.lua:57: unexpected symbol near '%'
error: ...eVs22\TESTLOFFF_ONLINE\bin\server\scriptjx2\lib\file.lua:57: unexpected symbol near '%'
error: ...eVs22\TESTLOFFF_ONLINE\bin\server\scriptjx2\lib\file.lua:57: unexpected symbol near '%'
error: ...eVs22\TESTLOFFF_ONLINE\bin\server\scriptjx2\lib\file.lua:57: unexpected symbol near '%'
error: ...eVs22\TESTLOFFF_ONLINE\bin\server\scriptjx2\lib\file.lua:57: unexpected symbol near '%'
error: ...eVs22\TESTLOFFF_ONLINE\bin\server\scriptjx2\lib\file.lua:57: unexpected symbol near '%'
error: ...eVs22\TESTLOFFF_ONLINE\bin\server\scriptjx2\lib\file.lua:57: unexpected symbol near '%'
error: ...eVs22\TESTLOFFF_ONLINE\bin\server\scriptjx2\lib\file.lua:57: unexpected symbol near '%'
error: ...eVs22\TESTLOFFF_ONLINE\bin\server\scriptjx2\lib\file.lua:57: unexpected symbol near '%'
error: ...eVs22\TESTLOFFF_ONLINE\bin\server\scriptjx2\lib\file.lua:57: unexpected symbol near '%'
error: ...eVs22\TESTLOFFF_ONLINE\bin\server\scriptjx2\lib\file.lua:57: unexpected symbol near '%'
error: ...eVs22\TESTLOFFF_ONLINE\bin\server\scriptjx2\lib\file.lua:57: unexpected symbol near '%'
error: ...eVs22\TESTLOFFF_ONLINE\bin\server\scriptjx2\lib\file.lua:57: unexpected symbol near '%'
error: ...eVs22\TESTLOFFF_ONLINE\bin\server\scriptjx2\lib\file.lua:57: unexpected symbol near '%'
error: ...eVs22\TESTLOFFF_ONLINE\bin\server\scriptjx2\lib\file.lua:57: unexpected symbol near '%'
error: ...eVs22\TESTLOFFF_ONLINE\bin\server\scriptjx2\lib\file.lua:57: unexpected symbol near '%'
error: ...eVs22\TESTLOFFF_ONLINE\bin\server\scriptjx2\lib\file.lua:57: unexpected symbol near '%'
error: ...eVs22\TESTLOFFF_ONLINE\bin\server\scriptjx2\lib\file.lua:57: unexpected symbol near '%'
error: ...eVs22\TESTLOFFF_ONLINE\bin\server\scriptjx2\lib\file.lua:57: unexpected symbol near '%'
error: ...eVs22\TESTLOFFF_ONLINE\bin\server\scriptjx2\lib\file.lua:57: unexpected symbol near '%'
error: ...eVs22\TESTLOFFF_ONLINE\bin\server\scriptjx2\lib\file.lua:57: unexpected symbol near '%'
error: ...eVs22\TESTLOFFF_ONLINE\bin\server\scriptjx2\lib\file.lua:57: unexpected symbol near '%'
error: ...eVs22\TESTLOFFF_ONLINE\bin\server\scriptjx2\lib\file.lua:57: unexpected symbol near '%'
error: ...eVs22\TESTLOFFF_ONLINE\bin\server\scriptjx2\lib\file.lua:57: unexpected symbol near '%'
error: ...eVs22\TESTLOFFF_ONLINE\bin\server\scriptjx2\lib\file.lua:57: unexpected symbol near '%'
error: ...eVs22\TESTLOFFF_ONLINE\bin\server\scriptjx2\lib\file.lua:57: unexpected symbol near '%'
error: ...eVs22\TESTLOFFF_ONLINE\bin\server\scriptjx2\lib\file.lua:57: unexpected symbol near '%'
error: ...eVs22\TESTLOFFF_ONLINE\bin\server\scriptjx2\lib\file.lua:57: unexpected symbol near '%'
error: ...eVs22\TESTLOFFF_ONLINE\bin\server\scriptjx2\lib\file.lua:57: unexpected symbol near '%'
error: ...eVs22\TESTLOFFF_ONLINE\bin\server\scriptjx2\lib\file.lua:57: unexpected symbol near '%'
error: ...eVs22\TESTLOFFF_ONLINE\bin\server\scriptjx2\lib\file.lua:57: unexpected symbol near '%'
error: ...eVs22\TESTLOFFF_ONLINE\bin\server\scriptjx2\lib\file.lua:57: unexpected symbol near '%'
error: ...eVs22\TESTLOFFF_ONLINE\bin\server\scriptjx2\lib\file.lua:57: unexpected symbol near '%'
error: ...eVs22\TESTLOFFF_ONLINE\bin\server\scriptjx2\lib\file.lua:57: unexpected symbol near '%'
error: ...eVs22\TESTLOFFF_ONLINE\bin\server\scriptjx2\lib\file.lua:57: unexpected symbol near '%'
error: ...eVs22\TESTLOFFF_ONLINE\bin\server\scriptjx2\lib\file.lua:57: unexpected symbol near '%'
error: ...eVs22\TESTLOFFF_ONLINE\bin\server\scriptjx2\lib\file.lua:57: unexpected symbol near '%'
error: ...eVs22\TESTLOFFF_ONLINE\bin\server\scriptjx2\lib\file.lua:57: unexpected symbol near '%'
error: ...eVs22\TESTLOFFF_ONLINE\bin\server\scriptjx2\lib\file.lua:57: unexpected symbol near '%'
error: ...eVs22\TESTLOFFF_ONLINE\bin\server\scriptjx2\lib\file.lua:57: unexpected symbol near '%'
error: ...eVs22\TESTLOFFF_ONLINE\bin\server\scriptjx2\lib\file.lua:57: unexpected symbol near '%'
error: ...eVs22\TESTLOFFF_ONLINE\bin\server\scriptjx2\lib\file.lua:57: unexpected symbol near '%'
error: ...eVs22\TESTLOFFF_ONLINE\bin\server\scriptjx2\lib\file.lua:57: unexpected symbol near '%'
error: ...eVs22\TESTLOFFF_ONLINE\bin\server\scriptjx2\lib\file.lua:57: unexpected symbol near '%'
error: ...eVs22\TESTLOFFF_ONLINE\bin\server\scriptjx2\lib\file.lua:57: unexpected symbol near '%'
error: ...eVs22\TESTLOFFF_ONLINE\bin\server\scriptjx2\lib\file.lua:57: unexpected symbol near '%'
error: ...eVs22\TESTLOFFF_ONLINE\bin\server\scriptjx2\lib\file.lua:57: unexpected symbol near '%'
error: ...eVs22\TESTLOFFF_ONLINE\bin\server\scriptjx2\lib\file.lua:57: unexpected symbol near '%'
error: ...eVs22\TESTLOFFF_ONLINE\bin\server\scriptjx2\lib\file.lua:57: unexpected symbol near '%'
error: ...eVs22\TESTLOFFF_ONLINE\bin\server\scriptjx2\lib\file.lua:57: unexpected symbol near '%'
error: ...eVs22\TESTLOFFF_ONLINE\bin\server\scriptjx2\lib\file.lua:57: unexpected symbol near '%'
error: ...eVs22\TESTLOFFF_ONLINE\bin\server\scriptjx2\lib\file.lua:57: unexpected symbol near '%'
error: ...eVs22\TESTLOFFF_ONLINE\bin\server\scriptjx2\lib\file.lua:57: unexpected symbol near '%'
error: ...eVs22\TESTLOFFF_ONLINE\bin\server\scriptjx2\lib\file.lua:57: unexpected symbol near '%'
error: ...eVs22\TESTLOFFF_ONLINE\bin\server\scriptjx2\lib\file.lua:57: unexpected symbol near '%'
error: ...eVs22\TESTLOFFF_ONLINE\bin\server\scriptjx2\lib\file.lua:57: unexpected symbol near '%'
error: ...eVs22\TESTLOFFF_ONLINE\bin\server\scriptjx2\lib\file.lua:57: unexpected symbol near '%'
error: ...eVs22\TESTLOFFF_ONLINE\bin\server\scriptjx2\lib\file.lua:57: unexpected symbol near '%'
error: ...eVs22\TESTLOFFF_ONLINE\bin\server\scriptjx2\lib\file.lua:57: unexpected symbol near '%'
error: ...eVs22\TESTLOFFF_ONLINE\bin\server\scriptjx2\lib\file.lua:57: unexpected symbol near '%'
error: ...eVs22\TESTLOFFF_ONLINE\bin\server\scriptjx2\lib\file.lua:57: unexpected symbol near '%'
error: ...eVs22\TESTLOFFF_ONLINE\bin\server\scriptjx2\lib\file.lua:57: unexpected symbol near '%'
error: ...eVs22\TESTLOFFF_ONLINE\bin\server\scriptjx2\lib\file.lua:57: unexpected symbol near '%'
error: ...eVs22\TESTLOFFF_ONLINE\bin\server\scriptjx2\lib\file.lua:57: unexpected symbol near '%'
error: ...eVs22\TESTLOFFF_ONLINE\bin\server\scriptjx2\lib\file.lua:57: unexpected symbol near '%'
error: ...eVs22\TESTLOFFF_ONLINE\bin\server\scriptjx2\lib\file.lua:57: unexpected symbol near '%'
error: ...eVs22\TESTLOFFF_ONLINE\bin\server\scriptjx2\lib\file.lua:57: unexpected symbol near '%'
error: ...eVs22\TESTLOFFF_ONLINE\bin\server\scriptjx2\lib\file.lua:57: unexpected symbol near '%'
error: ...eVs22\TESTLOFFF_ONLINE\bin\server\scriptjx2\lib\file.lua:57: unexpected symbol near '%'
error: ...eVs22\TESTLOFFF_ONLINE\bin\server\scriptjx2\lib\file.lua:57: unexpected symbol near '%'
error: ...eVs22\TESTLOFFF_ONLINE\bin\server\scriptjx2\lib\file.lua:57: unexpected symbol near '%'
error: ...eVs22\TESTLOFFF_ONLINE\bin\server\scriptjx2\lib\file.lua:57: unexpected symbol near '%'
error: ...eVs22\TESTLOFFF_ONLINE\bin\server\scriptjx2\lib\file.lua:57: unexpected symbol near '%'
error: ...eVs22\TESTLOFFF_ONLINE\bin\server\scriptjx2\lib\file.lua:57: unexpected symbol near '%'
error: ...eVs22\TESTLOFFF_ONLINE\bin\server\scriptjx2\lib\file.lua:57: unexpected symbol near '%'
error: ...eVs22\TESTLOFFF_ONLINE\bin\server\scriptjx2\lib\file.lua:57: unexpected symbol near '%'
error: ...eVs22\TESTLOFFF_ONLINE\bin\server\scriptjx2\lib\file.lua:57: unexpected symbol near '%'
error: ...eVs22\TESTLOFFF_ONLINE\bin\server\scriptjx2\lib\file.lua:57: unexpected symbol near '%'
error: ...eVs22\TESTLOFFF_ONLINE\bin\server\scriptjx2\lib\file.lua:57: unexpected symbol near '%'
error: ...eVs22\TESTLOFFF_ONLINE\bin\server\scriptjx2\lib\file.lua:57: unexpected symbol near '%'
error: ...eVs22\TESTLOFFF_ONLINE\bin\server\scriptjx2\lib\file.lua:57: unexpected symbol near '%'
error: ...eVs22\TESTLOFFF_ONLINE\bin\server\scriptjx2\lib\file.lua:57: unexpected symbol near '%'
error: ...eVs22\TESTLOFFF_ONLINE\bin\server\scriptjx2\lib\file.lua:57: unexpected symbol near '%'
error: ...eVs22\TESTLOFFF_ONLINE\bin\server\scriptjx2\lib\file.lua:57: unexpected symbol near '%'
error: ...eVs22\TESTLOFFF_ONLINE\bin\server\scriptjx2\lib\file.lua:57: unexpected symbol near '%'
error: ...eVs22\TESTLOFFF_ONLINE\bin\server\scriptjx2\lib\file.lua:57: unexpected symbol near '%'
error: ...eVs22\TESTLOFFF_ONLINE\bin\server\scriptjx2\lib\file.lua:57: unexpected symbol near '%'
error: ...eVs22\TESTLOFFF_ONLINE\bin\server\scriptjx2\lib\file.lua:57: unexpected symbol near '%'
error: ...eVs22\TESTLOFFF_ONLINE\bin\server\scriptjx2\lib\file.lua:57: unexpected symbol near '%'
error: ...eVs22\TESTLOFFF_ONLINE\bin\server\scriptjx2\lib\file.lua:57: unexpected symbol near '%'
error: ...eVs22\TESTLOFFF_ONLINE\bin\server\scriptjx2\lib\file.lua:57: unexpected symbol near '%'
error: ...eVs22\TESTLOFFF_ONLINE\bin\server\scriptjx2\lib\file.lua:57: unexpected symbol near '%'
error: ...eVs22\TESTLOFFF_ONLINE\bin\server\scriptjx2\lib\file.lua:57: unexpected symbol near '%'
error: ...eVs22\TESTLOFFF_ONLINE\bin\server\scriptjx2\lib\file.lua:57: unexpected symbol near '%'
error: ...eVs22\TESTLOFFF_ONLINE\bin\server\scriptjx2\lib\file.lua:57: unexpected symbol near '%'
error: ...eVs22\TESTLOFFF_ONLINE\bin\server\scriptjx2\lib\file.lua:57: unexpected symbol near '%'
error: ...eVs22\TESTLOFFF_ONLINE\bin\server\scriptjx2\lib\file.lua:57: unexpected symbol near '%'
error: ...eVs22\TESTLOFFF_ONLINE\bin\server\scriptjx2\lib\file.lua:57: unexpected symbol near '%'
error: ...eVs22\TESTLOFFF_ONLINE\bin\server\scriptjx2\lib\file.lua:57: unexpected symbol near '%'
error: ...eVs22\TESTLOFFF_ONLINE\bin\server\scriptjx2\lib\file.lua:57: unexpected symbol near '%'
error: ...eVs22\TESTLOFFF_ONLINE\bin\server\scriptjx2\lib\file.lua:57: unexpected symbol near '%'
error: ...eVs22\TESTLOFFF_ONLINE\bin\server\scriptjx2\lib\file.lua:57: unexpected symbol near '%'
error: ...eVs22\TESTLOFFF_ONLINE\bin\server\scriptjx2\lib\file.lua:57: unexpected symbol near '%'
error: ...eVs22\TESTLOFFF_ONLINE\bin\server\scriptjx2\lib\file.lua:57: unexpected symbol near '%'
error: ...eVs22\TESTLOFFF_ONLINE\bin\server\scriptjx2\lib\file.lua:57: unexpected symbol near '%'
error: ...eVs22\TESTLOFFF_ONLINE\bin\server\scriptjx2\lib\file.lua:57: unexpected symbol near '%'
error: ...eVs22\TESTLOFFF_ONLINE\bin\server\scriptjx2\lib\file.lua:57: unexpected symbol near '%'
error: ...eVs22\TESTLOFFF_ONLINE\bin\server\scriptjx2\lib\file.lua:57: unexpected symbol near '%'
error: ...eVs22\TESTLOFFF_ONLINE\bin\server\scriptjx2\lib\file.lua:57: unexpected symbol near '%'
error: ...eVs22\TESTLOFFF_ONLINE\bin\server\scriptjx2\lib\file.lua:57: unexpected symbol near '%'
error: ...eVs22\TESTLOFFF_ONLINE\bin\server\scriptjx2\lib\file.lua:57: unexpected symbol near '%'
error: ...eVs22\TESTLOFFF_ONLINE\bin\server\scriptjx2\lib\file.lua:57: unexpected symbol near '%'
error: ...eVs22\TESTLOFFF_ONLINE\bin\server\scriptjx2\lib\file.lua:57: unexpected symbol near '%'
error: ...eVs22\TESTLOFFF_ONLINE\bin\server\scriptjx2\lib\file.lua:57: unexpected symbol near '%'
error: ...eVs22\TESTLOFFF_ONLINE\bin\server\scriptjx2\lib\file.lua:57: unexpected symbol near '%'
error: ...eVs22\TESTLOFFF_ONLINE\bin\server\scriptjx2\lib\file.lua:57: unexpected symbol near '%'
error: ...eVs22\TESTLOFFF_ONLINE\bin\server\scriptjx2\lib\file.lua:57: unexpected symbol near '%'
error: ...eVs22\TESTLOFFF_ONLINE\bin\server\scriptjx2\lib\file.lua:57: unexpected symbol near '%'
error: ...eVs22\TESTLOFFF_ONLINE\bin\server\scriptjx2\lib\file.lua:57: unexpected symbol near '%'
error: ...eVs22\TESTLOFFF_ONLINE\bin\server\scriptjx2\lib\file.lua:57: unexpected symbol near '%'
error: ...eVs22\TESTLOFFF_ONLINE\bin\server\scriptjx2\lib\file.lua:57: unexpected symbol near '%'
error: ...eVs22\TESTLOFFF_ONLINE\bin\server\scriptjx2\lib\file.lua:57: unexpected symbol near '%'
error: ...eVs22\TESTLOFFF_ONLINE\bin\server\scriptjx2\lib\file.lua:57: unexpected symbol near '%'
error: ...eVs22\TESTLOFFF_ONLINE\bin\server\scriptjx2\lib\file.lua:57: unexpected symbol near '%'
error: ...eVs22\TESTLOFFF_ONLINE\bin\server\scriptjx2\lib\file.lua:57: unexpected symbol near '%'
error: ...eVs22\TESTLOFFF_ONLINE\bin\server\scriptjx2\lib\file.lua:57: unexpected symbol near '%'
error: ...eVs22\TESTLOFFF_ONLINE\bin\server\scriptjx2\lib\file.lua:57: unexpected symbol near '%'
error: ...eVs22\TESTLOFFF_ONLINE\bin\server\scriptjx2\lib\file.lua:57: unexpected symbol near '%'
error: ...eVs22\TESTLOFFF_ONLINE\bin\server\scriptjx2\lib\file.lua:57: unexpected symbol near '%'
error: ...eVs22\TESTLOFFF_ONLINE\bin\server\scriptjx2\lib\file.lua:57: unexpected symbol near '%'
error: ...eVs22\TESTLOFFF_ONLINE\bin\server\scriptjx2\lib\file.lua:57: unexpected symbol near '%'
error: ...eVs22\TESTLOFFF_ONLINE\bin\server\scriptjx2\lib\file.lua:57: unexpected symbol near '%'
error: ...eVs22\TESTLOFFF_ONLINE\bin\server\scriptjx2\lib\file.lua:57: unexpected symbol near '%'
error: ...eVs22\TESTLOFFF_ONLINE\bin\server\scriptjx2\lib\file.lua:57: unexpected symbol near '%'
error: ...eVs22\TESTLOFFF_ONLINE\bin\server\scriptjx2\lib\file.lua:57: unexpected symbol near '%'
error: ...eVs22\TESTLOFFF_ONLINE\bin\server\scriptjx2\lib\file.lua:57: unexpected symbol near '%'
error: ...eVs22\TESTLOFFF_ONLINE\bin\server\scriptjx2\lib\file.lua:57: unexpected symbol near '%'
error: ...eVs22\TESTLOFFF_ONLINE\bin\server\scriptjx2\lib\file.lua:57: unexpected symbol near '%'
error: ...eVs22\TESTLOFFF_ONLINE\bin\server\scriptjx2\lib\file.lua:57: unexpected symbol near '%'
error: ...eVs22\TESTLOFFF_ONLINE\bin\server\scriptjx2\lib\file.lua:57: unexpected symbol near '%'
error: ...eVs22\TESTLOFFF_ONLINE\bin\server\scriptjx2\lib\file.lua:57: unexpected symbol near '%'
error: ...eVs22\TESTLOFFF_ONLINE\bin\server\scriptjx2\lib\file.lua:57: unexpected symbol near '%'
error: ...eVs22\TESTLOFFF_ONLINE\bin\server\scriptjx2\lib\file.lua:57: unexpected symbol near '%'
error: ...eVs22\TESTLOFFF_ONLINE\bin\server\scriptjx2\lib\file.lua:57: unexpected symbol near '%'
error: ...eVs22\TESTLOFFF_ONLINE\bin\server\scriptjx2\lib\file.lua:57: unexpected symbol near '%'
error: ...eVs22\TESTLOFFF_ONLINE\bin\server\scriptjx2\lib\file.lua:57: unexpected symbol near '%'
error: ...eVs22\TESTLOFFF_ONLINE\bin\server\scriptjx2\lib\file.lua:57: unexpected symbol near '%'
error: ...eVs22\TESTLOFFF_ONLINE\bin\server\scriptjx2\lib\file.lua:57: unexpected symbol near '%'
error: ...eVs22\TESTLOFFF_ONLINE\bin\server\scriptjx2\lib\file.lua:57: unexpected symbol near '%'
error: ...ceVs22\TESTLOFFF_ONLINE\bin\server\scriptjx2\lib\mem.lua:25: attempt to call a table value (for iterator 'for iterator')
stack traceback:
	...ceVs22\TESTLOFFF_ONLINE\bin\server\scriptjx2\lib\mem.lua:25: in function '__cclone'
	...ceVs22\TESTLOFFF_ONLINE\bin\server\scriptjx2\lib\mem.lua:57: in function 'inherit'
	...er\script\task\partner\master\partner_master_main_05.lua:55: in main chunk
	[C]: in function 'Include'
	...bin\server\script\task\partner\reward\partner_reward.lua:25: in main chunk
	[C]: in function 'Include'
	[string "?"]:7: in main chunk
error: ...eVs22\TESTLOFFF_ONLINE\bin\server\scriptjx2\lib\file.lua:57: unexpected symbol near '%'
error: ...ceVs22\TESTLOFFF_ONLINE\bin\server\scriptjx2\lib\mem.lua:25: attempt to call a table value (for iterator 'for iterator')
stack traceback:
	...ceVs22\TESTLOFFF_ONLINE\bin\server\scriptjx2\lib\mem.lua:25: in function '__cclone'
	...ceVs22\TESTLOFFF_ONLINE\bin\server\scriptjx2\lib\mem.lua:57: in function 'inherit'
	...er\script\task\partner\master\partner_master_main_05.lua:55: in main chunk
	[C]: in function 'Include'
	...in\server\script\task\partner\reward\partner_reward2.lua:14: in main chunk
	[C]: in function 'Include'
	[string "?"]:8: in main chunk
error: ...eVs22\TESTLOFFF_ONLINE\bin\server\scriptjx2\lib\file.lua:57: unexpected symbol near '%'
error: ...ceVs22\TESTLOFFF_ONLINE\bin\server\scriptjx2\lib\mem.lua:25: attempt to call a table value (for iterator 'for iterator')
stack traceback:
	...ceVs22\TESTLOFFF_ONLINE\bin\server\scriptjx2\lib\mem.lua:25: in function '__cclone'
	...ceVs22\TESTLOFFF_ONLINE\bin\server\scriptjx2\lib\mem.lua:57: in function 'inherit'
	...er\script\task\partner\master\partner_master_main_05.lua:55: in main chunk
	[C]: in function 'Include'
	...in\server\script\task\partner\reward\partner_reward3.lua:13: in main chunk
	[C]: in function 'Include'
	[string "?"]:9: in main chunk
error: ...eVs22\TESTLOFFF_ONLINE\bin\server\scriptjx2\lib\file.lua:57: unexpected symbol near '%'
error: ...eVs22\TESTLOFFF_ONLINE\bin\server\scriptjx2\lib\file.lua:57: unexpected symbol near '%'
error: ...eVs22\TESTLOFFF_ONLINE\bin\server\scriptjx2\lib\file.lua:57: unexpected symbol near '%'
error: ...eVs22\TESTLOFFF_ONLINE\bin\server\scriptjx2\lib\file.lua:57: unexpected symbol near '%'
error: ...eVs22\TESTLOFFF_ONLINE\bin\server\scriptjx2\lib\file.lua:57: unexpected symbol near '%'
error: ...eVs22\TESTLOFFF_ONLINE\bin\server\scriptjx2\lib\file.lua:57: unexpected symbol near '%'
error: ...eVs22\TESTLOFFF_ONLINE\bin\server\scriptjx2\lib\file.lua:57: unexpected symbol near '%'
error: ...eVs22\TESTLOFFF_ONLINE\bin\server\scriptjx2\lib\file.lua:57: unexpected symbol near '%'
error: ...eVs22\TESTLOFFF_ONLINE\bin\server\scriptjx2\lib\file.lua:57: unexpected symbol near '%'
error: ...eVs22\TESTLOFFF_ONLINE\bin\server\scriptjx2\lib\file.lua:57: unexpected symbol near '%'
error: ...eVs22\TESTLOFFF_ONLINE\bin\server\scriptjx2\lib\file.lua:57: unexpected symbol near '%'
error: ...eVs22\TESTLOFFF_ONLINE\bin\server\scriptjx2\lib\file.lua:57: unexpected symbol near '%'
error: ...eVs22\TESTLOFFF_ONLINE\bin\server\scriptjx2\lib\file.lua:57: unexpected symbol near '%'
error: ...eVs22\TESTLOFFF_ONLINE\bin\server\scriptjx2\lib\file.lua:57: unexpected symbol near '%'
error: ...eVs22\TESTLOFFF_ONLINE\bin\server\scriptjx2\lib\file.lua:57: unexpected symbol near '%'
error: ...eVs22\TESTLOFFF_ONLINE\bin\server\scriptjx2\lib\file.lua:57: unexpected symbol near '%'
error: ...eVs22\TESTLOFFF_ONLINE\bin\server\scriptjx2\lib\file.lua:57: unexpected symbol near '%'
error: ...eVs22\TESTLOFFF_ONLINE\bin\server\scriptjx2\lib\file.lua:57: unexpected symbol near '%'
error: ...eVs22\TESTLOFFF_ONLINE\bin\server\scriptjx2\lib\file.lua:57: unexpected symbol near '%'
error: ...eVs22\TESTLOFFF_ONLINE\bin\server\scriptjx2\lib\file.lua:57: unexpected symbol near '%'
error: ...eVs22\TESTLOFFF_ONLINE\bin\server\scriptjx2\lib\file.lua:57: unexpected symbol near '%'
error: ...eVs22\TESTLOFFF_ONLINE\bin\server\scriptjx2\lib\file.lua:57: unexpected symbol near '%'
error: ...eVs22\TESTLOFFF_ONLINE\bin\server\scriptjx2\lib\file.lua:57: unexpected symbol near '%'
error: ...eVs22\TESTLOFFF_ONLINE\bin\server\scriptjx2\lib\file.lua:57: unexpected symbol near '%'
error: ...eVs22\TESTLOFFF_ONLINE\bin\server\scriptjx2\lib\file.lua:57: unexpected symbol near '%'
error: ...eVs22\TESTLOFFF_ONLINE\bin\server\scriptjx2\lib\file.lua:57: unexpected symbol near '%'
error: ...eVs22\TESTLOFFF_ONLINE\bin\server\scriptjx2\lib\file.lua:57: unexpected symbol near '%'
error: ...eVs22\TESTLOFFF_ONLINE\bin\server\scriptjx2\lib\file.lua:57: unexpected symbol near '%'
error: ...eVs22\TESTLOFFF_ONLINE\bin\server\scriptjx2\lib\file.lua:57: unexpected symbol near '%'
error: ...eVs22\TESTLOFFF_ONLINE\bin\server\scriptjx2\lib\file.lua:57: unexpected symbol near '%'
error: ...eVs22\TESTLOFFF_ONLINE\bin\server\scriptjx2\lib\file.lua:57: unexpected symbol near '%'
error: ...eVs22\TESTLOFFF_ONLINE\bin\server\scriptjx2\lib\file.lua:57: unexpected symbol near '%'
error: ...eVs22\TESTLOFFF_ONLINE\bin\server\scriptjx2\lib\file.lua:57: unexpected symbol near '%'
error: ...eVs22\TESTLOFFF_ONLINE\bin\server\scriptjx2\lib\file.lua:57: unexpected symbol near '%'
error: ...eVs22\TESTLOFFF_ONLINE\bin\server\scriptjx2\lib\file.lua:57: unexpected symbol near '%'
error: ...eVs22\TESTLOFFF_ONLINE\bin\server\scriptjx2\lib\file.lua:57: unexpected symbol near '%'
error: ...eVs22\TESTLOFFF_ONLINE\bin\server\scriptjx2\lib\file.lua:57: unexpected symbol near '%'
error: ...eVs22\TESTLOFFF_ONLINE\bin\server\scriptjx2\lib\file.lua:57: unexpected symbol near '%'
error: ...eVs22\TESTLOFFF_ONLINE\bin\server\scriptjx2\lib\file.lua:57: unexpected symbol near '%'
error: ...eVs22\TESTLOFFF_ONLINE\bin\server\scriptjx2\lib\file.lua:57: unexpected symbol near '%'
error: ...eVs22\TESTLOFFF_ONLINE\bin\server\scriptjx2\lib\file.lua:57: unexpected symbol near '%'
error: ...eVs22\TESTLOFFF_ONLINE\bin\server\scriptjx2\lib\file.lua:57: unexpected symbol near '%'
error: ...eVs22\TESTLOFFF_ONLINE\bin\server\scriptjx2\lib\file.lua:57: unexpected symbol near '%'
error: ...eVs22\TESTLOFFF_ONLINE\bin\server\scriptjx2\lib\file.lua:57: unexpected symbol near '%'
error: ...eVs22\TESTLOFFF_ONLINE\bin\server\scriptjx2\lib\file.lua:57: unexpected symbol near '%'
error: ...eVs22\TESTLOFFF_ONLINE\bin\server\scriptjx2\lib\file.lua:57: unexpected symbol near '%'
error: ...eVs22\TESTLOFFF_ONLINE\bin\server\scriptjx2\lib\file.lua:57: unexpected symbol near '%'
error: ...eVs22\TESTLOFFF_ONLINE\bin\server\scriptjx2\lib\file.lua:57: unexpected symbol near '%'
error: ...eVs22\TESTLOFFF_ONLINE\bin\server\scriptjx2\lib\file.lua:57: unexpected symbol near '%'
error: ...eVs22\TESTLOFFF_ONLINE\bin\server\scriptjx2\lib\file.lua:57: unexpected symbol near '%'
error: ...eVs22\TESTLOFFF_ONLINE\bin\server\scriptjx2\lib\file.lua:57: unexpected symbol near '%'
error: ...eVs22\TESTLOFFF_ONLINE\bin\server\scriptjx2\lib\file.lua:57: unexpected symbol near '%'
error: ...eVs22\TESTLOFFF_ONLINE\bin\server\scriptjx2\lib\file.lua:57: unexpected symbol near '%'
error: ...eVs22\TESTLOFFF_ONLINE\bin\server\scriptjx2\lib\file.lua:57: unexpected symbol near '%'
error: ...eVs22\TESTLOFFF_ONLINE\bin\server\scriptjx2\lib\file.lua:57: unexpected symbol near '%'
error: ...eVs22\TESTLOFFF_ONLINE\bin\server\scriptjx2\lib\file.lua:57: unexpected symbol near '%'
error: ...eVs22\TESTLOFFF_ONLINE\bin\server\scriptjx2\lib\file.lua:57: unexpected symbol near '%'
error: ...eVs22\TESTLOFFF_ONLINE\bin\server\scriptjx2\lib\file.lua:57: unexpected symbol near '%'
error: ...eVs22\TESTLOFFF_ONLINE\bin\server\scriptjx2\lib\file.lua:57: unexpected symbol near '%'
error: ...eVs22\TESTLOFFF_ONLINE\bin\server\scriptjx2\lib\file.lua:57: unexpected symbol near '%'
error: ...eVs22\TESTLOFFF_ONLINE\bin\server\scriptjx2\lib\file.lua:57: unexpected symbol near '%'
error: ...eVs22\TESTLOFFF_ONLINE\bin\server\scriptjx2\lib\file.lua:57: unexpected symbol near '%'
error: ...eVs22\TESTLOFFF_ONLINE\bin\server\scriptjx2\lib\file.lua:57: unexpected symbol near '%'
error: ...eVs22\TESTLOFFF_ONLINE\bin\server\scriptjx2\lib\file.lua:57: unexpected symbol near '%'
error: ...eVs22\TESTLOFFF_ONLINE\bin\server\scriptjx2\lib\file.lua:57: unexpected symbol near '%'
error: ...eVs22\TESTLOFFF_ONLINE\bin\server\scriptjx2\lib\file.lua:57: unexpected symbol near '%'
error: ...eVs22\TESTLOFFF_ONLINE\bin\server\scriptjx2\lib\file.lua:57: unexpected symbol near '%'
error: ...eVs22\TESTLOFFF_ONLINE\bin\server\scriptjx2\lib\file.lua:57: unexpected symbol near '%'
error: ...eVs22\TESTLOFFF_ONLINE\bin\server\scriptjx2\lib\file.lua:57: unexpected symbol near '%'
error: ...eVs22\TESTLOFFF_ONLINE\bin\server\scriptjx2\lib\file.lua:57: unexpected symbol near '%'
error: ...eVs22\TESTLOFFF_ONLINE\bin\server\scriptjx2\lib\file.lua:57: unexpected symbol near '%'
error: ...eVs22\TESTLOFFF_ONLINE\bin\server\scriptjx2\lib\file.lua:57: unexpected symbol near '%'
error: ...eVs22\TESTLOFFF_ONLINE\bin\server\scriptjx2\lib\file.lua:57: unexpected symbol near '%'
error: ...eVs22\TESTLOFFF_ONLINE\bin\server\scriptjx2\lib\file.lua:57: unexpected symbol near '%'
error: ...eVs22\TESTLOFFF_ONLINE\bin\server\scriptjx2\lib\file.lua:57: unexpected symbol near '%'
error: ...eVs22\TESTLOFFF_ONLINE\bin\server\scriptjx2\lib\file.lua:57: unexpected symbol near '%'
error: ...eVs22\TESTLOFFF_ONLINE\bin\server\scriptjx2\lib\file.lua:57: unexpected symbol near '%'
error: ...eVs22\TESTLOFFF_ONLINE\bin\server\scriptjx2\lib\file.lua:57: unexpected symbol near '%'
error: ...eVs22\TESTLOFFF_ONLINE\bin\server\scriptjx2\lib\file.lua:57: unexpected symbol near '%'
error: ...eVs22\TESTLOFFF_ONLINE\bin\server\scriptjx2\lib\file.lua:57: unexpected symbol near '%'
error: ...eVs22\TESTLOFFF_ONLINE\bin\server\scriptjx2\lib\file.lua:57: unexpected symbol near '%'
error: ...eVs22\TESTLOFFF_ONLINE\bin\server\scriptjx2\lib\file.lua:57: unexpected symbol near '%'
error: ...eVs22\TESTLOFFF_ONLINE\bin\server\scriptjx2\lib\file.lua:57: unexpected symbol near '%'
error: ...eVs22\TESTLOFFF_ONLINE\bin\server\scriptjx2\lib\file.lua:57: unexpected symbol near '%'
error: ...eVs22\TESTLOFFF_ONLINE\bin\server\scriptjx2\lib\file.lua:57: unexpected symbol near '%'
error: ...eVs22\TESTLOFFF_ONLINE\bin\server\scriptjx2\lib\file.lua:57: unexpected symbol near '%'
error: ...eVs22\TESTLOFFF_ONLINE\bin\server\scriptjx2\lib\file.lua:57: unexpected symbol near '%'
error: ...eVs22\TESTLOFFF_ONLINE\bin\server\scriptjx2\lib\file.lua:57: unexpected symbol near '%'
error: ...eVs22\TESTLOFFF_ONLINE\bin\server\scriptjx2\lib\file.lua:57: unexpected symbol near '%'
error: ...eVs22\TESTLOFFF_ONLINE\bin\server\scriptjx2\lib\file.lua:57: unexpected symbol near '%'
error: ...eVs22\TESTLOFFF_ONLINE\bin\server\scriptjx2\lib\file.lua:57: unexpected symbol near '%'
error: ...eVs22\TESTLOFFF_ONLINE\bin\server\scriptjx2\lib\file.lua:57: unexpected symbol near '%'
error: ...eVs22\TESTLOFFF_ONLINE\bin\server\scriptjx2\lib\file.lua:57: unexpected symbol near '%'
error: ...eVs22\TESTLOFFF_ONLINE\bin\server\scriptjx2\lib\file.lua:57: unexpected symbol near '%'
error: ...eVs22\TESTLOFFF_ONLINE\bin\server\scriptjx2\lib\file.lua:57: unexpected symbol near '%'
error: ...eVs22\TESTLOFFF_ONLINE\bin\server\scriptjx2\lib\file.lua:57: unexpected symbol near '%'
error: ...eVs22\TESTLOFFF_ONLINE\bin\server\scriptjx2\lib\file.lua:57: unexpected symbol near '%'
error: ...eVs22\TESTLOFFF_ONLINE\bin\server\scriptjx2\lib\file.lua:57: unexpected symbol near '%'
error: ...eVs22\TESTLOFFF_ONLINE\bin\server\scriptjx2\lib\file.lua:57: unexpected symbol near '%'
error: ...eVs22\TESTLOFFF_ONLINE\bin\server\scriptjx2\lib\file.lua:57: unexpected symbol near '%'
error: ...eVs22\TESTLOFFF_ONLINE\bin\server\scriptjx2\lib\file.lua:57: unexpected symbol near '%'
error: ...eVs22\TESTLOFFF_ONLINE\bin\server\scriptjx2\lib\file.lua:57: unexpected symbol near '%'
error: ...eVs22\TESTLOFFF_ONLINE\bin\server\scriptjx2\lib\file.lua:57: unexpected symbol near '%'
error: ...eVs22\TESTLOFFF_ONLINE\bin\server\scriptjx2\lib\file.lua:57: unexpected symbol near '%'
error: ...eVs22\TESTLOFFF_ONLINE\bin\server\scriptjx2\lib\file.lua:57: unexpected symbol near '%'
error: ...eVs22\TESTLOFFF_ONLINE\bin\server\scriptjx2\lib\file.lua:57: unexpected symbol near '%'
error: ...eVs22\TESTLOFFF_ONLINE\bin\server\scriptjx2\lib\file.lua:57: unexpected symbol near '%'
error: ...eVs22\TESTLOFFF_ONLINE\bin\server\scriptjx2\lib\file.lua:57: unexpected symbol near '%'
error: ...eVs22\TESTLOFFF_ONLINE\bin\server\scriptjx2\lib\file.lua:57: unexpected symbol near '%'
error: ...eVs22\TESTLOFFF_ONLINE\bin\server\scriptjx2\lib\file.lua:57: unexpected symbol near '%'
error: ...eVs22\TESTLOFFF_ONLINE\bin\server\scriptjx2\lib\file.lua:57: unexpected symbol near '%'
error: ...eVs22\TESTLOFFF_ONLINE\bin\server\scriptjx2\lib\file.lua:57: unexpected symbol near '%'
error: ...eVs22\TESTLOFFF_ONLINE\bin\server\scriptjx2\lib\file.lua:57: unexpected symbol near '%'
error: ...eVs22\TESTLOFFF_ONLINE\bin\server\scriptjx2\lib\file.lua:57: unexpected symbol near '%'
error: ...eVs22\TESTLOFFF_ONLINE\bin\server\scriptjx2\lib\file.lua:57: unexpected symbol near '%'
error: ...eVs22\TESTLOFFF_ONLINE\bin\server\scriptjx2\lib\file.lua:57: unexpected symbol near '%'
error: ...eVs22\TESTLOFFF_ONLINE\bin\server\scriptjx2\lib\file.lua:57: unexpected symbol near '%'
error: ...eVs22\TESTLOFFF_ONLINE\bin\server\scriptjx2\lib\file.lua:57: unexpected symbol near '%'
error: ...eVs22\TESTLOFFF_ONLINE\bin\server\scriptjx2\lib\file.lua:57: unexpected symbol near '%'
error: ...eVs22\TESTLOFFF_ONLINE\bin\server\scriptjx2\lib\file.lua:57: unexpected symbol near '%'
error: ...eVs22\TESTLOFFF_ONLINE\bin\server\scriptjx2\lib\file.lua:57: unexpected symbol near '%'
error: ...eVs22\TESTLOFFF_ONLINE\bin\server\scriptjx2\lib\file.lua:57: unexpected symbol near '%'
error: ...eVs22\TESTLOFFF_ONLINE\bin\server\scriptjx2\lib\file.lua:57: unexpected symbol near '%'
error: ...eVs22\TESTLOFFF_ONLINE\bin\server\scriptjx2\lib\file.lua:57: unexpected symbol near '%'
error: ...eVs22\TESTLOFFF_ONLINE\bin\server\scriptjx2\lib\file.lua:57: unexpected symbol near '%'
error: ...eVs22\TESTLOFFF_ONLINE\bin\server\scriptjx2\lib\file.lua:57: unexpected symbol near '%'
error: ...eVs22\TESTLOFFF_ONLINE\bin\server\scriptjx2\lib\file.lua:57: unexpected symbol near '%'
error: ...eVs22\TESTLOFFF_ONLINE\bin\server\scriptjx2\lib\file.lua:57: unexpected symbol near '%'
error: ...eVs22\TESTLOFFF_ONLINE\bin\server\scriptjx2\lib\file.lua:57: unexpected symbol near '%'
error: ...eVs22\TESTLOFFF_ONLINE\bin\server\scriptjx2\lib\file.lua:57: unexpected symbol near '%'
error: ...eVs22\TESTLOFFF_ONLINE\bin\server\scriptjx2\lib\file.lua:57: unexpected symbol near '%'
error: ...eVs22\TESTLOFFF_ONLINE\bin\server\scriptjx2\lib\file.lua:57: unexpected symbol near '%'
error: ...eVs22\TESTLOFFF_ONLINE\bin\server\scriptjx2\lib\file.lua:57: unexpected symbol near '%'
error: ...eVs22\TESTLOFFF_ONLINE\bin\server\scriptjx2\lib\file.lua:57: unexpected symbol near '%'
error: ...eVs22\TESTLOFFF_ONLINE\bin\server\scriptjx2\lib\file.lua:57: unexpected symbol near '%'
error: ...eVs22\TESTLOFFF_ONLINE\bin\server\scriptjx2\lib\file.lua:57: unexpected symbol near '%'
error: ...eVs22\TESTLOFFF_ONLINE\bin\server\scriptjx2\lib\file.lua:57: unexpected symbol near '%'
error: ...eVs22\TESTLOFFF_ONLINE\bin\server\scriptjx2\lib\file.lua:57: unexpected symbol near '%'
error: ...eVs22\TESTLOFFF_ONLINE\bin\server\scriptjx2\lib\file.lua:57: unexpected symbol near '%'
error: ...eVs22\TESTLOFFF_ONLINE\bin\server\scriptjx2\lib\file.lua:57: unexpected symbol near '%'
error: ...eVs22\TESTLOFFF_ONLINE\bin\server\scriptjx2\lib\file.lua:57: unexpected symbol near '%'
error: ...eVs22\TESTLOFFF_ONLINE\bin\server\scriptjx2\lib\file.lua:57: unexpected symbol near '%'
error: ...eVs22\TESTLOFFF_ONLINE\bin\server\scriptjx2\lib\file.lua:57: unexpected symbol near '%'
error: ...eVs22\TESTLOFFF_ONLINE\bin\server\scriptjx2\lib\file.lua:57: unexpected symbol near '%'
error: ...eVs22\TESTLOFFF_ONLINE\bin\server\scriptjx2\lib\file.lua:57: unexpected symbol near '%'
error: ...eVs22\TESTLOFFF_ONLINE\bin\server\scriptjx2\lib\file.lua:57: unexpected symbol near '%'
error: ...eVs22\TESTLOFFF_ONLINE\bin\server\scriptjx2\lib\file.lua:57: unexpected symbol near '%'
error: ...eVs22\TESTLOFFF_ONLINE\bin\server\scriptjx2\lib\file.lua:57: unexpected symbol near '%'
error: ...eVs22\TESTLOFFF_ONLINE\bin\server\scriptjx2\lib\file.lua:57: unexpected symbol near '%'
error: ...eVs22\TESTLOFFF_ONLINE\bin\server\scriptjx2\lib\file.lua:57: unexpected symbol near '%'
error: ...eVs22\TESTLOFFF_ONLINE\bin\server\scriptjx2\lib\file.lua:57: unexpected symbol near '%'
error: ...eVs22\TESTLOFFF_ONLINE\bin\server\scriptjx2\lib\file.lua:57: unexpected symbol near '%'
error: ...eVs22\TESTLOFFF_ONLINE\bin\server\scriptjx2\lib\file.lua:57: unexpected symbol near '%'
error: ...eVs22\TESTLOFFF_ONLINE\bin\server\scriptjx2\lib\file.lua:57: unexpected symbol near '%'
error: ...eVs22\TESTLOFFF_ONLINE\bin\server\scriptjx2\lib\file.lua:57: unexpected symbol near '%'
error: ...eVs22\TESTLOFFF_ONLINE\bin\server\scriptjx2\lib\file.lua:57: unexpected symbol near '%'
error: ...eVs22\TESTLOFFF_ONLINE\bin\server\scriptjx2\lib\file.lua:57: unexpected symbol near '%'
error: ...eVs22\TESTLOFFF_ONLINE\bin\server\scriptjx2\lib\file.lua:57: unexpected symbol near '%'
error: ...eVs22\TESTLOFFF_ONLINE\bin\server\scriptjx2\lib\file.lua:57: unexpected symbol near '%'
error: ...eVs22\TESTLOFFF_ONLINE\bin\server\scriptjx2\lib\file.lua:57: unexpected symbol near '%'
error: ...eVs22\TESTLOFFF_ONLINE\bin\server\scriptjx2\lib\file.lua:57: unexpected symbol near '%'
error: ...eVs22\TESTLOFFF_ONLINE\bin\server\scriptjx2\lib\file.lua:57: unexpected symbol near '%'
error: ...eVs22\TESTLOFFF_ONLINE\bin\server\scriptjx2\lib\file.lua:57: unexpected symbol near '%'
error: ...eVs22\TESTLOFFF_ONLINE\bin\server\scriptjx2\lib\file.lua:57: unexpected symbol near '%'
error: ...eVs22\TESTLOFFF_ONLINE\bin\server\scriptjx2\lib\file.lua:57: unexpected symbol near '%'
error: ...eVs22\TESTLOFFF_ONLINE\bin\server\scriptjx2\lib\file.lua:57: unexpected symbol near '%'
error: ...eVs22\TESTLOFFF_ONLINE\bin\server\scriptjx2\lib\file.lua:57: unexpected symbol near '%'
error: ...eVs22\TESTLOFFF_ONLINE\bin\server\scriptjx2\lib\file.lua:57: unexpected symbol near '%'
error: ...eVs22\TESTLOFFF_ONLINE\bin\server\scriptjx2\lib\file.lua:57: unexpected symbol near '%'
error: ...eVs22\TESTLOFFF_ONLINE\bin\server\scriptjx2\lib\file.lua:57: unexpected symbol near '%'
error: ...eVs22\TESTLOFFF_ONLINE\bin\server\scriptjx2\lib\file.lua:57: unexpected symbol near '%'
error: ...eVs22\TESTLOFFF_ONLINE\bin\server\scriptjx2\lib\file.lua:57: unexpected symbol near '%'
error: ...eVs22\TESTLOFFF_ONLINE\bin\server\scriptjx2\lib\file.lua:57: unexpected symbol near '%'
error: ...eVs22\TESTLOFFF_ONLINE\bin\server\scriptjx2\lib\file.lua:57: unexpected symbol near '%'
error: ...eVs22\TESTLOFFF_ONLINE\bin\server\scriptjx2\lib\file.lua:57: unexpected symbol near '%'
error: ...eVs22\TESTLOFFF_ONLINE\bin\server\scriptjx2\lib\file.lua:57: unexpected symbol near '%'
error: ...eVs22\TESTLOFFF_ONLINE\bin\server\scriptjx2\lib\file.lua:57: unexpected symbol near '%'
error: ...eVs22\TESTLOFFF_ONLINE\bin\server\scriptjx2\lib\file.lua:57: unexpected symbol near '%'
error: ...eVs22\TESTLOFFF_ONLINE\bin\server\scriptjx2\lib\file.lua:57: unexpected symbol near '%'
error: ...eVs22\TESTLOFFF_ONLINE\bin\server\scriptjx2\lib\file.lua:57: unexpected symbol near '%'
error: ...eVs22\TESTLOFFF_ONLINE\bin\server\scriptjx2\lib\file.lua:57: unexpected symbol near '%'
error: ...eVs22\TESTLOFFF_ONLINE\bin\server\scriptjx2\lib\file.lua:57: unexpected symbol near '%'
error: ...eVs22\TESTLOFFF_ONLINE\bin\server\scriptjx2\lib\file.lua:57: unexpected symbol near '%'
error: ...eVs22\TESTLOFFF_ONLINE\bin\server\scriptjx2\lib\file.lua:57: unexpected symbol near '%'
error: ...eVs22\TESTLOFFF_ONLINE\bin\server\scriptjx2\lib\file.lua:57: unexpected symbol near '%'
error: ...eVs22\TESTLOFFF_ONLINE\bin\server\scriptjx2\lib\file.lua:57: unexpected symbol near '%'
error: ...eVs22\TESTLOFFF_ONLINE\bin\server\scriptjx2\lib\file.lua:57: unexpected symbol near '%'
error: ...eVs22\TESTLOFFF_ONLINE\bin\server\scriptjx2\lib\file.lua:57: unexpected symbol near '%'
error: ...eVs22\TESTLOFFF_ONLINE\bin\server\scriptjx2\lib\file.lua:57: unexpected symbol near '%'
error: ...eVs22\TESTLOFFF_ONLINE\bin\server\scriptjx2\lib\file.lua:57: unexpected symbol near '%'
error: ...eVs22\TESTLOFFF_ONLINE\bin\server\scriptjx2\lib\file.lua:57: unexpected symbol near '%'
error: ...eVs22\TESTLOFFF_ONLINE\bin\server\scriptjx2\lib\file.lua:57: unexpected symbol near '%'
error: ...eVs22\TESTLOFFF_ONLINE\bin\server\scriptjx2\lib\file.lua:57: unexpected symbol near '%'
error: ...eVs22\TESTLOFFF_ONLINE\bin\server\scriptjx2\lib\file.lua:57: unexpected symbol near '%'
error: ...eVs22\TESTLOFFF_ONLINE\bin\server\scriptjx2\lib\file.lua:57: unexpected symbol near '%'
error: ...eVs22\TESTLOFFF_ONLINE\bin\server\scriptjx2\lib\file.lua:57: unexpected symbol near '%'
error: ...eVs22\TESTLOFFF_ONLINE\bin\server\scriptjx2\lib\file.lua:57: unexpected symbol near '%'
error: ...eVs22\TESTLOFFF_ONLINE\bin\server\scriptjx2\lib\file.lua:57: unexpected symbol near '%'
error: ...eVs22\TESTLOFFF_ONLINE\bin\server\scriptjx2\lib\file.lua:57: unexpected symbol near '%'
error: ...eVs22\TESTLOFFF_ONLINE\bin\server\scriptjx2\lib\file.lua:57: unexpected symbol near '%'
error: ...eVs22\TESTLOFFF_ONLINE\bin\server\scriptjx2\lib\file.lua:57: unexpected symbol near '%'
error: ...eVs22\TESTLOFFF_ONLINE\bin\server\scriptjx2\lib\file.lua:57: unexpected symbol near '%'
error: ...eVs22\TESTLOFFF_ONLINE\bin\server\scriptjx2\lib\file.lua:57: unexpected symbol near '%'
error: ...eVs22\TESTLOFFF_ONLINE\bin\server\scriptjx2\lib\file.lua:57: unexpected symbol near '%'
error: ...eVs22\TESTLOFFF_ONLINE\bin\server\scriptjx2\lib\file.lua:57: unexpected symbol near '%'
error: ...eVs22\TESTLOFFF_ONLINE\bin\server\scriptjx2\lib\file.lua:57: unexpected symbol near '%'
error: ...eVs22\TESTLOFFF_ONLINE\bin\server\scriptjx2\lib\file.lua:57: unexpected symbol near '%'
error: ...eVs22\TESTLOFFF_ONLINE\bin\server\scriptjx2\lib\file.lua:57: unexpected symbol near '%'
error: ...eVs22\TESTLOFFF_ONLINE\bin\server\scriptjx2\lib\file.lua:57: unexpected symbol near '%'
error: ...ceVs22\TESTLOFFF_ONLINE\bin\server\scriptjx2\lib\mem.lua:25: attempt to call a table value (for iterator 'for iterator')
stack traceback:
	...ceVs22\TESTLOFFF_ONLINE\bin\server\scriptjx2\lib\mem.lua:25: in function '__cclone'
	...ceVs22\TESTLOFFF_ONLINE\bin\server\scriptjx2\lib\mem.lua:57: in function 'inherit'
	...er\script\task\partner\master\partner_master_main_05.lua:55: in main chunk
	[C]: in function 'Include'
	...bin\server\script\task\partner\reward\partner_reward.lua:25: in main chunk
	[C]: in function 'Include'
	[string "?"]:7: in main chunk
error: ...eVs22\TESTLOFFF_ONLINE\bin\server\scriptjx2\lib\file.lua:57: unexpected symbol near '%'
error: ...ceVs22\TESTLOFFF_ONLINE\bin\server\scriptjx2\lib\mem.lua:25: attempt to call a table value (for iterator 'for iterator')
stack traceback:
	...ceVs22\TESTLOFFF_ONLINE\bin\server\scriptjx2\lib\mem.lua:25: in function '__cclone'
	...ceVs22\TESTLOFFF_ONLINE\bin\server\scriptjx2\lib\mem.lua:57: in function 'inherit'
	...er\script\task\partner\master\partner_master_main_05.lua:55: in main chunk
	[C]: in function 'Include'
	...in\server\script\task\partner\reward\partner_reward2.lua:14: in main chunk
	[C]: in function 'Include'
	[string "?"]:8: in main chunk
error: ...eVs22\TESTLOFFF_ONLINE\bin\server\scriptjx2\lib\file.lua:57: unexpected symbol near '%'
error: ...ceVs22\TESTLOFFF_ONLINE\bin\server\scriptjx2\lib\mem.lua:25: attempt to call a table value (for iterator 'for iterator')
stack traceback:
	...ceVs22\TESTLOFFF_ONLINE\bin\server\scriptjx2\lib\mem.lua:25: in function '__cclone'
	...ceVs22\TESTLOFFF_ONLINE\bin\server\scriptjx2\lib\mem.lua:57: in function 'inherit'
	...er\script\task\partner\master\partner_master_main_05.lua:55: in main chunk
	[C]: in function 'Include'
	...in\server\script\task\partner\reward\partner_reward3.lua:13: in main chunk
	[C]: in function 'Include'
	[string "?"]:9: in main chunk
error: ...eVs22\TESTLOFFF_ONLINE\bin\server\scriptjx2\lib\file.lua:57: unexpected symbol near '%'
error: ...eVs22\TESTLOFFF_ONLINE\bin\server\scriptjx2\lib\file.lua:57: unexpected symbol near '%'
error: ...eVs22\TESTLOFFF_ONLINE\bin\server\scriptjx2\lib\file.lua:57: unexpected symbol near '%'
error: ...eVs22\TESTLOFFF_ONLINE\bin\server\scriptjx2\lib\file.lua:57: unexpected symbol near '%'
error: ...eVs22\TESTLOFFF_ONLINE\bin\server\scriptjx2\lib\file.lua:57: unexpected symbol near '%'
error: ...eVs22\TESTLOFFF_ONLINE\bin\server\scriptjx2\lib\file.lua:57: unexpected symbol near '%'
error: ...eVs22\TESTLOFFF_ONLINE\bin\server\scriptjx2\lib\file.lua:57: unexpected symbol near '%'
error: ...eVs22\TESTLOFFF_ONLINE\bin\server\scriptjx2\lib\file.lua:57: unexpected symbol near '%'
error: ...eVs22\TESTLOFFF_ONLINE\bin\server\scriptjx2\lib\file.lua:57: unexpected symbol near '%'
error: ...eVs22\TESTLOFFF_ONLINE\bin\server\scriptjx2\lib\file.lua:57: unexpected symbol near '%'
error: ...eVs22\TESTLOFFF_ONLINE\bin\server\scriptjx2\lib\file.lua:57: unexpected symbol near '%'
error: ...eVs22\TESTLOFFF_ONLINE\bin\server\scriptjx2\lib\file.lua:57: unexpected symbol near '%'
error: ...eVs22\TESTLOFFF_ONLINE\bin\server\scriptjx2\lib\file.lua:57: unexpected symbol near '%'
error: ...eVs22\TESTLOFFF_ONLINE\bin\server\scriptjx2\lib\file.lua:57: unexpected symbol near '%'
error: ...eVs22\TESTLOFFF_ONLINE\bin\server\scriptjx2\lib\file.lua:57: unexpected symbol near '%'
error: ...eVs22\TESTLOFFF_ONLINE\bin\server\scriptjx2\lib\file.lua:57: unexpected symbol near '%'
error: ...eVs22\TESTLOFFF_ONLINE\bin\server\scriptjx2\lib\file.lua:57: unexpected symbol near '%'
error: ...eVs22\TESTLOFFF_ONLINE\bin\server\scriptjx2\lib\file.lua:57: unexpected symbol near '%'
error: ...eVs22\TESTLOFFF_ONLINE\bin\server\scriptjx2\lib\file.lua:57: unexpected symbol near '%'
error: ...eVs22\TESTLOFFF_ONLINE\bin\server\scriptjx2\lib\file.lua:57: unexpected symbol near '%'
error: ...eVs22\TESTLOFFF_ONLINE\bin\server\scriptjx2\lib\file.lua:57: unexpected symbol near '%'
error: ...eVs22\TESTLOFFF_ONLINE\bin\server\scriptjx2\lib\file.lua:57: unexpected symbol near '%'
error: ...eVs22\TESTLOFFF_ONLINE\bin\server\scriptjx2\lib\file.lua:57: unexpected symbol near '%'
error: ...eVs22\TESTLOFFF_ONLINE\bin\server\scriptjx2\lib\file.lua:57: unexpected symbol near '%'
error: ...eVs22\TESTLOFFF_ONLINE\bin\server\scriptjx2\lib\file.lua:57: unexpected symbol near '%'
error: ...eVs22\TESTLOFFF_ONLINE\bin\server\scriptjx2\lib\file.lua:57: unexpected symbol near '%'
error: ...eVs22\TESTLOFFF_ONLINE\bin\server\scriptjx2\lib\file.lua:57: unexpected symbol near '%'
error: ...eVs22\TESTLOFFF_ONLINE\bin\server\scriptjx2\lib\file.lua:57: unexpected symbol near '%'
error: ...eVs22\TESTLOFFF_ONLINE\bin\server\scriptjx2\lib\file.lua:57: unexpected symbol near '%'
error: ...eVs22\TESTLOFFF_ONLINE\bin\server\scriptjx2\lib\file.lua:57: unexpected symbol near '%'
error: ...eVs22\TESTLOFFF_ONLINE\bin\server\scriptjx2\lib\file.lua:57: unexpected symbol near '%'
error: ...eVs22\TESTLOFFF_ONLINE\bin\server\scriptjx2\lib\file.lua:57: unexpected symbol near '%'
error: ...eVs22\TESTLOFFF_ONLINE\bin\server\scriptjx2\lib\file.lua:57: unexpected symbol near '%'
error: ...eVs22\TESTLOFFF_ONLINE\bin\server\scriptjx2\lib\file.lua:57: unexpected symbol near '%'
error: ...eVs22\TESTLOFFF_ONLINE\bin\server\scriptjx2\lib\file.lua:57: unexpected symbol near '%'
error: ...eVs22\TESTLOFFF_ONLINE\bin\server\scriptjx2\lib\file.lua:57: unexpected symbol near '%'
error: ...eVs22\TESTLOFFF_ONLINE\bin\server\scriptjx2\lib\file.lua:57: unexpected symbol near '%'
error: ...eVs22\TESTLOFFF_ONLINE\bin\server\scriptjx2\lib\file.lua:57: unexpected symbol near '%'
error: ...eVs22\TESTLOFFF_ONLINE\bin\server\scriptjx2\lib\file.lua:57: unexpected symbol near '%'
error: ...eVs22\TESTLOFFF_ONLINE\bin\server\scriptjx2\lib\file.lua:57: unexpected symbol near '%'
error: ...eVs22\TESTLOFFF_ONLINE\bin\server\scriptjx2\lib\file.lua:57: unexpected symbol near '%'
error: ...eVs22\TESTLOFFF_ONLINE\bin\server\scriptjx2\lib\file.lua:57: unexpected symbol near '%'
error: ...eVs22\TESTLOFFF_ONLINE\bin\server\scriptjx2\lib\file.lua:57: unexpected symbol near '%'
error: ...eVs22\TESTLOFFF_ONLINE\bin\server\scriptjx2\lib\file.lua:57: unexpected symbol near '%'
error: ...eVs22\TESTLOFFF_ONLINE\bin\server\scriptjx2\lib\file.lua:57: unexpected symbol near '%'
error: ...eVs22\TESTLOFFF_ONLINE\bin\server\scriptjx2\lib\file.lua:57: unexpected symbol near '%'
error: ...eVs22\TESTLOFFF_ONLINE\bin\server\scriptjx2\lib\file.lua:57: unexpected symbol near '%'
error: ...eVs22\TESTLOFFF_ONLINE\bin\server\scriptjx2\lib\file.lua:57: unexpected symbol near '%'
error: ...eVs22\TESTLOFFF_ONLINE\bin\server\scriptjx2\lib\file.lua:57: unexpected symbol near '%'
error: ...eVs22\TESTLOFFF_ONLINE\bin\server\scriptjx2\lib\file.lua:57: unexpected symbol near '%'
error: ...eVs22\TESTLOFFF_ONLINE\bin\server\scriptjx2\lib\file.lua:57: unexpected symbol near '%'
error: ...eVs22\TESTLOFFF_ONLINE\bin\server\scriptjx2\lib\file.lua:57: unexpected symbol near '%'
error: ...eVs22\TESTLOFFF_ONLINE\bin\server\scriptjx2\lib\file.lua:57: unexpected symbol near '%'
error: ...eVs22\TESTLOFFF_ONLINE\bin\server\scriptjx2\lib\file.lua:57: unexpected symbol near '%'
error: ...eVs22\TESTLOFFF_ONLINE\bin\server\scriptjx2\lib\file.lua:57: unexpected symbol near '%'
error: ...eVs22\TESTLOFFF_ONLINE\bin\server\scriptjx2\lib\file.lua:57: unexpected symbol near '%'
error: ...eVs22\TESTLOFFF_ONLINE\bin\server\scriptjx2\lib\file.lua:57: unexpected symbol near '%'
error: ...eVs22\TESTLOFFF_ONLINE\bin\server\scriptjx2\lib\file.lua:57: unexpected symbol near '%'
error: ...eVs22\TESTLOFFF_ONLINE\bin\server\scriptjx2\lib\file.lua:57: unexpected symbol near '%'
error: ...eVs22\TESTLOFFF_ONLINE\bin\server\scriptjx2\lib\file.lua:57: unexpected symbol near '%'
error: ...eVs22\TESTLOFFF_ONLINE\bin\server\scriptjx2\lib\file.lua:57: unexpected symbol near '%'
error: ...eVs22\TESTLOFFF_ONLINE\bin\server\scriptjx2\lib\file.lua:57: unexpected symbol near '%'
error: ...eVs22\TESTLOFFF_ONLINE\bin\server\scriptjx2\lib\file.lua:57: unexpected symbol near '%'
error: ...eVs22\TESTLOFFF_ONLINE\bin\server\scriptjx2\lib\file.lua:57: unexpected symbol near '%'
error: ...eVs22\TESTLOFFF_ONLINE\bin\server\scriptjx2\lib\file.lua:57: unexpected symbol near '%'
error: ...eVs22\TESTLOFFF_ONLINE\bin\server\scriptjx2\lib\file.lua:57: unexpected symbol near '%'
error: ...eVs22\TESTLOFFF_ONLINE\bin\server\scriptjx2\lib\file.lua:57: unexpected symbol near '%'
error: ...eVs22\TESTLOFFF_ONLINE\bin\server\scriptjx2\lib\file.lua:57: unexpected symbol near '%'
error: ...eVs22\TESTLOFFF_ONLINE\bin\server\scriptjx2\lib\file.lua:57: unexpected symbol near '%'
error: ...eVs22\TESTLOFFF_ONLINE\bin\server\scriptjx2\lib\file.lua:57: unexpected symbol near '%'
error: ...eVs22\TESTLOFFF_ONLINE\bin\server\scriptjx2\lib\file.lua:57: unexpected symbol near '%'
error: ...eVs22\TESTLOFFF_ONLINE\bin\server\scriptjx2\lib\file.lua:57: unexpected symbol near '%'
error: ...eVs22\TESTLOFFF_ONLINE\bin\server\scriptjx2\lib\file.lua:57: unexpected symbol near '%'
error: ...eVs22\TESTLOFFF_ONLINE\bin\server\scriptjx2\lib\file.lua:57: unexpected symbol near '%'
error: ...eVs22\TESTLOFFF_ONLINE\bin\server\scriptjx2\lib\file.lua:57: unexpected symbol near '%'
error: ...eVs22\TESTLOFFF_ONLINE\bin\server\scriptjx2\lib\file.lua:57: unexpected symbol near '%'
error: ...eVs22\TESTLOFFF_ONLINE\bin\server\scriptjx2\lib\file.lua:57: unexpected symbol near '%'
error: ...eVs22\TESTLOFFF_ONLINE\bin\server\scriptjx2\lib\file.lua:57: unexpected symbol near '%'
error: ...eVs22\TESTLOFFF_ONLINE\bin\server\scriptjx2\lib\file.lua:57: unexpected symbol near '%'
error: ...eVs22\TESTLOFFF_ONLINE\bin\server\scriptjx2\lib\file.lua:57: unexpected symbol near '%'
error: ...eVs22\TESTLOFFF_ONLINE\bin\server\scriptjx2\lib\file.lua:57: unexpected symbol near '%'
error: ...eVs22\TESTLOFFF_ONLINE\bin\server\scriptjx2\lib\file.lua:57: unexpected symbol near '%'
error: ...eVs22\TESTLOFFF_ONLINE\bin\server\scriptjx2\lib\file.lua:57: unexpected symbol near '%'
error: ...eVs22\TESTLOFFF_ONLINE\bin\server\scriptjx2\lib\file.lua:57: unexpected symbol near '%'
error: ...eVs22\TESTLOFFF_ONLINE\bin\server\scriptjx2\lib\file.lua:57: unexpected symbol near '%'
error: ...eVs22\TESTLOFFF_ONLINE\bin\server\scriptjx2\lib\file.lua:57: unexpected symbol near '%'
error: ...eVs22\TESTLOFFF_ONLINE\bin\server\scriptjx2\lib\file.lua:57: unexpected symbol near '%'
error: ...eVs22\TESTLOFFF_ONLINE\bin\server\scriptjx2\lib\file.lua:57: unexpected symbol near '%'
error: ...eVs22\TESTLOFFF_ONLINE\bin\server\scriptjx2\lib\file.lua:57: unexpected symbol near '%'
error: ...eVs22\TESTLOFFF_ONLINE\bin\server\scriptjx2\lib\file.lua:57: unexpected symbol near '%'
error: ...eVs22\TESTLOFFF_ONLINE\bin\server\scriptjx2\lib\file.lua:57: unexpected symbol near '%'
error: ...eVs22\TESTLOFFF_ONLINE\bin\server\scriptjx2\lib\file.lua:57: unexpected symbol near '%'
error: ...eVs22\TESTLOFFF_ONLINE\bin\server\scriptjx2\lib\file.lua:57: unexpected symbol near '%'
error: ...eVs22\TESTLOFFF_ONLINE\bin\server\scriptjx2\lib\file.lua:57: unexpected symbol near '%'
error: ...eVs22\TESTLOFFF_ONLINE\bin\server\scriptjx2\lib\file.lua:57: unexpected symbol near '%'
error: ...eVs22\TESTLOFFF_ONLINE\bin\server\scriptjx2\lib\file.lua:57: unexpected symbol near '%'
error: ...eVs22\TESTLOFFF_ONLINE\bin\server\scriptjx2\lib\file.lua:57: unexpected symbol near '%'
error: ...eVs22\TESTLOFFF_ONLINE\bin\server\scriptjx2\lib\file.lua:57: unexpected symbol near '%'
error: ...eVs22\TESTLOFFF_ONLINE\bin\server\scriptjx2\lib\file.lua:57: unexpected symbol near '%'
error: ...eVs22\TESTLOFFF_ONLINE\bin\server\scriptjx2\lib\file.lua:57: unexpected symbol near '%'
error: ...eVs22\TESTLOFFF_ONLINE\bin\server\scriptjx2\lib\file.lua:57: unexpected symbol near '%'
error: ...eVs22\TESTLOFFF_ONLINE\bin\server\scriptjx2\lib\file.lua:57: unexpected symbol near '%'
error: ...eVs22\TESTLOFFF_ONLINE\bin\server\scriptjx2\lib\file.lua:57: unexpected symbol near '%'
error: ...eVs22\TESTLOFFF_ONLINE\bin\server\scriptjx2\lib\file.lua:57: unexpected symbol near '%'
error: ...eVs22\TESTLOFFF_ONLINE\bin\server\scriptjx2\lib\file.lua:57: unexpected symbol near '%'
error: ...eVs22\TESTLOFFF_ONLINE\bin\server\scriptjx2\lib\file.lua:57: unexpected symbol near '%'
error: ...eVs22\TESTLOFFF_ONLINE\bin\server\scriptjx2\lib\file.lua:57: unexpected symbol near '%'
error: ...eVs22\TESTLOFFF_ONLINE\bin\server\scriptjx2\lib\file.lua:57: unexpected symbol near '%'
error: ...eVs22\TESTLOFFF_ONLINE\bin\server\scriptjx2\lib\file.lua:57: unexpected symbol near '%'
error: ...eVs22\TESTLOFFF_ONLINE\bin\server\scriptjx2\lib\file.lua:57: unexpected symbol near '%'
error: ...eVs22\TESTLOFFF_ONLINE\bin\server\scriptjx2\lib\file.lua:57: unexpected symbol near '%'
error: ...eVs22\TESTLOFFF_ONLINE\bin\server\scriptjx2\lib\file.lua:57: unexpected symbol near '%'
error: ...eVs22\TESTLOFFF_ONLINE\bin\server\scriptjx2\lib\file.lua:57: unexpected symbol near '%'
error: ...eVs22\TESTLOFFF_ONLINE\bin\server\scriptjx2\lib\file.lua:57: unexpected symbol near '%'
error: ...eVs22\TESTLOFFF_ONLINE\bin\server\scriptjx2\lib\file.lua:57: unexpected symbol near '%'
error: ...eVs22\TESTLOFFF_ONLINE\bin\server\scriptjx2\lib\file.lua:57: unexpected symbol near '%'
error: ...eVs22\TESTLOFFF_ONLINE\bin\server\scriptjx2\lib\file.lua:57: unexpected symbol near '%'
error: ...eVs22\TESTLOFFF_ONLINE\bin\server\scriptjx2\lib\file.lua:57: unexpected symbol near '%'
error: ...eVs22\TESTLOFFF_ONLINE\bin\server\scriptjx2\lib\file.lua:57: unexpected symbol near '%'
error: ...eVs22\TESTLOFFF_ONLINE\bin\server\scriptjx2\lib\file.lua:57: unexpected symbol near '%'
error: ...eVs22\TESTLOFFF_ONLINE\bin\server\scriptjx2\lib\file.lua:57: unexpected symbol near '%'
error: ...eVs22\TESTLOFFF_ONLINE\bin\server\scriptjx2\lib\file.lua:57: unexpected symbol near '%'
error: ...eVs22\TESTLOFFF_ONLINE\bin\server\scriptjx2\lib\file.lua:57: unexpected symbol near '%'
error: ...eVs22\TESTLOFFF_ONLINE\bin\server\scriptjx2\lib\file.lua:57: unexpected symbol near '%'
error: ...eVs22\TESTLOFFF_ONLINE\bin\server\scriptjx2\lib\file.lua:57: unexpected symbol near '%'
error: ...eVs22\TESTLOFFF_ONLINE\bin\server\scriptjx2\lib\file.lua:57: unexpected symbol near '%'
error: ...eVs22\TESTLOFFF_ONLINE\bin\server\scriptjx2\lib\file.lua:57: unexpected symbol near '%'
error: ...eVs22\TESTLOFFF_ONLINE\bin\server\scriptjx2\lib\file.lua:57: unexpected symbol near '%'
error: ...eVs22\TESTLOFFF_ONLINE\bin\server\scriptjx2\lib\file.lua:57: unexpected symbol near '%'
error: ...eVs22\TESTLOFFF_ONLINE\bin\server\scriptjx2\lib\file.lua:57: unexpected symbol near '%'
error: ...eVs22\TESTLOFFF_ONLINE\bin\server\scriptjx2\lib\file.lua:57: unexpected symbol near '%'
error: ...eVs22\TESTLOFFF_ONLINE\bin\server\scriptjx2\lib\file.lua:57: unexpected symbol near '%'
error: ...eVs22\TESTLOFFF_ONLINE\bin\server\scriptjx2\lib\file.lua:57: unexpected symbol near '%'
error: ...eVs22\TESTLOFFF_ONLINE\bin\server\scriptjx2\lib\file.lua:57: unexpected symbol near '%'
error: ...eVs22\TESTLOFFF_ONLINE\bin\server\scriptjx2\lib\file.lua:57: unexpected symbol near '%'
error: ...eVs22\TESTLOFFF_ONLINE\bin\server\scriptjx2\lib\file.lua:57: unexpected symbol near '%'
error: ...eVs22\TESTLOFFF_ONLINE\bin\server\scriptjx2\lib\file.lua:57: unexpected symbol near '%'
error: ...eVs22\TESTLOFFF_ONLINE\bin\server\scriptjx2\lib\file.lua:57: unexpected symbol near '%'
error: ...eVs22\TESTLOFFF_ONLINE\bin\server\scriptjx2\lib\file.lua:57: unexpected symbol near '%'
error: ...eVs22\TESTLOFFF_ONLINE\bin\server\scriptjx2\lib\file.lua:57: unexpected symbol near '%'
error: ...eVs22\TESTLOFFF_ONLINE\bin\server\scriptjx2\lib\file.lua:57: unexpected symbol near '%'
error: ...eVs22\TESTLOFFF_ONLINE\bin\server\scriptjx2\lib\file.lua:57: unexpected symbol near '%'
error: ...eVs22\TESTLOFFF_ONLINE\bin\server\scriptjx2\lib\file.lua:57: unexpected symbol near '%'
error: ...eVs22\TESTLOFFF_ONLINE\bin\server\scriptjx2\lib\file.lua:57: unexpected symbol near '%'
error: ...eVs22\TESTLOFFF_ONLINE\bin\server\scriptjx2\lib\file.lua:57: unexpected symbol near '%'
error: ...eVs22\TESTLOFFF_ONLINE\bin\server\scriptjx2\lib\file.lua:57: unexpected symbol near '%'
error: ...eVs22\TESTLOFFF_ONLINE\bin\server\scriptjx2\lib\file.lua:57: unexpected symbol near '%'
error: ...eVs22\TESTLOFFF_ONLINE\bin\server\scriptjx2\lib\file.lua:57: unexpected symbol near '%'
error: ...eVs22\TESTLOFFF_ONLINE\bin\server\scriptjx2\lib\file.lua:57: unexpected symbol near '%'
error: ...eVs22\TESTLOFFF_ONLINE\bin\server\scriptjx2\lib\file.lua:57: unexpected symbol near '%'
error: ...eVs22\TESTLOFFF_ONLINE\bin\server\scriptjx2\lib\file.lua:57: unexpected symbol near '%'
error: ...eVs22\TESTLOFFF_ONLINE\bin\server\scriptjx2\lib\file.lua:57: unexpected symbol near '%'
error: ...eVs22\TESTLOFFF_ONLINE\bin\server\scriptjx2\lib\file.lua:57: unexpected symbol near '%'
error: ...eVs22\TESTLOFFF_ONLINE\bin\server\scriptjx2\lib\file.lua:57: unexpected symbol near '%'
error: ...eVs22\TESTLOFFF_ONLINE\bin\server\scriptjx2\lib\file.lua:57: unexpected symbol near '%'
error: ...eVs22\TESTLOFFF_ONLINE\bin\server\scriptjx2\lib\file.lua:57: unexpected symbol near '%'
error: ...eVs22\TESTLOFFF_ONLINE\bin\server\scriptjx2\lib\file.lua:57: unexpected symbol near '%'
error: ...eVs22\TESTLOFFF_ONLINE\bin\server\scriptjx2\lib\file.lua:57: unexpected symbol near '%'
error: ...eVs22\TESTLOFFF_ONLINE\bin\server\scriptjx2\lib\file.lua:57: unexpected symbol near '%'
error: ...eVs22\TESTLOFFF_ONLINE\bin\server\scriptjx2\lib\file.lua:57: unexpected symbol near '%'
error: ...eVs22\TESTLOFFF_ONLINE\bin\server\scriptjx2\lib\file.lua:57: unexpected symbol near '%'
error: ...eVs22\TESTLOFFF_ONLINE\bin\server\scriptjx2\lib\file.lua:57: unexpected symbol near '%'
error: ...eVs22\TESTLOFFF_ONLINE\bin\server\scriptjx2\lib\file.lua:57: unexpected symbol near '%'
error: ...eVs22\TESTLOFFF_ONLINE\bin\server\scriptjx2\lib\file.lua:57: unexpected symbol near '%'
error: ...eVs22\TESTLOFFF_ONLINE\bin\server\scriptjx2\lib\file.lua:57: unexpected symbol near '%'
error: ...eVs22\TESTLOFFF_ONLINE\bin\server\scriptjx2\lib\file.lua:57: unexpected symbol near '%'
error: ...eVs22\TESTLOFFF_ONLINE\bin\server\scriptjx2\lib\file.lua:57: unexpected symbol near '%'
error: ...eVs22\TESTLOFFF_ONLINE\bin\server\scriptjx2\lib\file.lua:57: unexpected symbol near '%'
error: ...eVs22\TESTLOFFF_ONLINE\bin\server\scriptjx2\lib\file.lua:57: unexpected symbol near '%'
error: ...eVs22\TESTLOFFF_ONLINE\bin\server\scriptjx2\lib\file.lua:57: unexpected symbol near '%'
error: ...eVs22\TESTLOFFF_ONLINE\bin\server\scriptjx2\lib\file.lua:57: unexpected symbol near '%'
error: ...eVs22\TESTLOFFF_ONLINE\bin\server\scriptjx2\lib\file.lua:57: unexpected symbol near '%'
error: ...eVs22\TESTLOFFF_ONLINE\bin\server\scriptjx2\lib\file.lua:57: unexpected symbol near '%'
error: ...eVs22\TESTLOFFF_ONLINE\bin\server\scriptjx2\lib\file.lua:57: unexpected symbol near '%'
error: ...eVs22\TESTLOFFF_ONLINE\bin\server\scriptjx2\lib\file.lua:57: unexpected symbol near '%'
error: ...eVs22\TESTLOFFF_ONLINE\bin\server\scriptjx2\lib\file.lua:57: unexpected symbol near '%'
error: ...eVs22\TESTLOFFF_ONLINE\bin\server\scriptjx2\lib\file.lua:57: unexpected symbol near '%'
error: ...eVs22\TESTLOFFF_ONLINE\bin\server\scriptjx2\lib\file.lua:57: unexpected symbol near '%'
error: ...eVs22\TESTLOFFF_ONLINE\bin\server\scriptjx2\lib\file.lua:57: unexpected symbol near '%'
error: ...eVs22\TESTLOFFF_ONLINE\bin\server\scriptjx2\lib\file.lua:57: unexpected symbol near '%'
error: ...eVs22\TESTLOFFF_ONLINE\bin\server\scriptjx2\lib\file.lua:57: unexpected symbol near '%'
error: ...eVs22\TESTLOFFF_ONLINE\bin\server\scriptjx2\lib\file.lua:57: unexpected symbol near '%'
error: ...eVs22\TESTLOFFF_ONLINE\bin\server\scriptjx2\lib\file.lua:57: unexpected symbol near '%'
error: ...eVs22\TESTLOFFF_ONLINE\bin\server\scriptjx2\lib\file.lua:57: unexpected symbol near '%'
error: ...eVs22\TESTLOFFF_ONLINE\bin\server\scriptjx2\lib\file.lua:57: unexpected symbol near '%'
error: ...eVs22\TESTLOFFF_ONLINE\bin\server\scriptjx2\lib\file.lua:57: unexpected symbol near '%'
error: ...eVs22\TESTLOFFF_ONLINE\bin\server\scriptjx2\lib\file.lua:57: unexpected symbol near '%'
error: ...eVs22\TESTLOFFF_ONLINE\bin\server\scriptjx2\lib\file.lua:57: unexpected symbol near '%'
error: ...eVs22\TESTLOFFF_ONLINE\bin\server\scriptjx2\lib\file.lua:57: unexpected symbol near '%'
error: ...eVs22\TESTLOFFF_ONLINE\bin\server\scriptjx2\lib\file.lua:57: unexpected symbol near '%'
error: ...eVs22\TESTLOFFF_ONLINE\bin\server\scriptjx2\lib\file.lua:57: unexpected symbol near '%'
error: ...eVs22\TESTLOFFF_ONLINE\bin\server\scriptjx2\lib\file.lua:57: unexpected symbol near '%'
error: ...eVs22\TESTLOFFF_ONLINE\bin\server\scriptjx2\lib\file.lua:57: unexpected symbol near '%'
error: ...eVs22\TESTLOFFF_ONLINE\bin\server\scriptjx2\lib\file.lua:57: unexpected symbol near '%'
error: ...eVs22\TESTLOFFF_ONLINE\bin\server\scriptjx2\lib\file.lua:57: unexpected symbol near '%'
error: ...eVs22\TESTLOFFF_ONLINE\bin\server\scriptjx2\lib\file.lua:57: unexpected symbol near '%'
error: ...eVs22\TESTLOFFF_ONLINE\bin\server\scriptjx2\lib\file.lua:57: unexpected symbol near '%'
error: ...eVs22\TESTLOFFF_ONLINE\bin\server\scriptjx2\lib\file.lua:57: unexpected symbol near '%'
error: ...eVs22\TESTLOFFF_ONLINE\bin\server\scriptjx2\lib\file.lua:57: unexpected symbol near '%'
error: ...eVs22\TESTLOFFF_ONLINE\bin\server\scriptjx2\lib\file.lua:57: unexpected symbol near '%'
error: ...eVs22\TESTLOFFF_ONLINE\bin\server\scriptjx2\lib\file.lua:57: unexpected symbol near '%'
error: ...eVs22\TESTLOFFF_ONLINE\bin\server\scriptjx2\lib\file.lua:57: unexpected symbol near '%'
error: ...eVs22\TESTLOFFF_ONLINE\bin\server\scriptjx2\lib\file.lua:57: unexpected symbol near '%'
error: ...eVs22\TESTLOFFF_ONLINE\bin\server\scriptjx2\lib\file.lua:57: unexpected symbol near '%'
error: ...eVs22\TESTLOFFF_ONLINE\bin\server\scriptjx2\lib\file.lua:57: unexpected symbol near '%'
error: ...eVs22\TESTLOFFF_ONLINE\bin\server\scriptjx2\lib\file.lua:57: unexpected symbol near '%'
error: ...eVs22\TESTLOFFF_ONLINE\bin\server\scriptjx2\lib\file.lua:57: unexpected symbol near '%'
error: ...eVs22\TESTLOFFF_ONLINE\bin\server\scriptjx2\lib\file.lua:57: unexpected symbol near '%'
error: ...eVs22\TESTLOFFF_ONLINE\bin\server\scriptjx2\lib\file.lua:57: unexpected symbol near '%'
error: ...ceVs22\TESTLOFFF_ONLINE\bin\server\scriptjx2\lib\mem.lua:25: attempt to call a table value (for iterator 'for iterator')
stack traceback:
	...ceVs22\TESTLOFFF_ONLINE\bin\server\scriptjx2\lib\mem.lua:25: in function '__cclone'
	...ceVs22\TESTLOFFF_ONLINE\bin\server\scriptjx2\lib\mem.lua:57: in function 'inherit'
	...er\script\task\partner\master\partner_master_main_05.lua:55: in main chunk
	[C]: in function 'Include'
	...bin\server\script\task\partner\reward\partner_reward.lua:25: in main chunk
	[C]: in function 'Include'
	[string "?"]:7: in main chunk
error: ...eVs22\TESTLOFFF_ONLINE\bin\server\scriptjx2\lib\file.lua:57: unexpected symbol near '%'
error: ...ceVs22\TESTLOFFF_ONLINE\bin\server\scriptjx2\lib\mem.lua:25: attempt to call a table value (for iterator 'for iterator')
stack traceback:
	...ceVs22\TESTLOFFF_ONLINE\bin\server\scriptjx2\lib\mem.lua:25: in function '__cclone'
	...ceVs22\TESTLOFFF_ONLINE\bin\server\scriptjx2\lib\mem.lua:57: in function 'inherit'
	...er\script\task\partner\master\partner_master_main_05.lua:55: in main chunk
	[C]: in function 'Include'
	...in\server\script\task\partner\reward\partner_reward2.lua:14: in main chunk
	[C]: in function 'Include'
	[string "?"]:8: in main chunk
error: ...eVs22\TESTLOFFF_ONLINE\bin\server\scriptjx2\lib\file.lua:57: unexpected symbol near '%'
error: ...ceVs22\TESTLOFFF_ONLINE\bin\server\scriptjx2\lib\mem.lua:25: attempt to call a table value (for iterator 'for iterator')
stack traceback:
	...ceVs22\TESTLOFFF_ONLINE\bin\server\scriptjx2\lib\mem.lua:25: in function '__cclone'
	...ceVs22\TESTLOFFF_ONLINE\bin\server\scriptjx2\lib\mem.lua:57: in function 'inherit'
	...er\script\task\partner\master\partner_master_main_05.lua:55: in main chunk
	[C]: in function 'Include'
	...in\server\script\task\partner\reward\partner_reward3.lua:13: in main chunk
	[C]: in function 'Include'
	[string "?"]:9: in main chunk
error: ...eVs22\TESTLOFFF_ONLINE\bin\server\scriptjx2\lib\file.lua:57: unexpected symbol near '%'
error: ...eVs22\TESTLOFFF_ONLINE\bin\server\scriptjx2\lib\file.lua:57: unexpected symbol near '%'
error: ...eVs22\TESTLOFFF_ONLINE\bin\server\scriptjx2\lib\file.lua:57: unexpected symbol near '%'
error: ...eVs22\TESTLOFFF_ONLINE\bin\server\scriptjx2\lib\file.lua:57: unexpected symbol near '%'
error: ...eVs22\TESTLOFFF_ONLINE\bin\server\scriptjx2\lib\file.lua:57: unexpected symbol near '%'
error: ...eVs22\TESTLOFFF_ONLINE\bin\server\scriptjx2\lib\file.lua:57: unexpected symbol near '%'
error: ...eVs22\TESTLOFFF_ONLINE\bin\server\scriptjx2\lib\file.lua:57: unexpected symbol near '%'
error: ...eVs22\TESTLOFFF_ONLINE\bin\server\scriptjx2\lib\file.lua:57: unexpected symbol near '%'
error: ...eVs22\TESTLOFFF_ONLINE\bin\server\scriptjx2\lib\file.lua:57: unexpected symbol near '%'
error: ...eVs22\TESTLOFFF_ONLINE\bin\server\scriptjx2\lib\file.lua:57: unexpected symbol near '%'
error: ...eVs22\TESTLOFFF_ONLINE\bin\server\scriptjx2\lib\file.lua:57: unexpected symbol near '%'
error: ...eVs22\TESTLOFFF_ONLINE\bin\server\scriptjx2\lib\file.lua:57: unexpected symbol near '%'
error: ...eVs22\TESTLOFFF_ONLINE\bin\server\scriptjx2\lib\file.lua:57: unexpected symbol near '%'
error: ...eVs22\TESTLOFFF_ONLINE\bin\server\scriptjx2\lib\file.lua:57: unexpected symbol near '%'
error: ...eVs22\TESTLOFFF_ONLINE\bin\server\scriptjx2\lib\file.lua:57: unexpected symbol near '%'
error: ...eVs22\TESTLOFFF_ONLINE\bin\server\scriptjx2\lib\file.lua:57: unexpected symbol near '%'
error: ...eVs22\TESTLOFFF_ONLINE\bin\server\scriptjx2\lib\file.lua:57: unexpected symbol near '%'
error: ...eVs22\TESTLOFFF_ONLINE\bin\server\scriptjx2\lib\file.lua:57: unexpected symbol near '%'
error: ...eVs22\TESTLOFFF_ONLINE\bin\server\scriptjx2\lib\file.lua:57: unexpected symbol near '%'
error: ...eVs22\TESTLOFFF_ONLINE\bin\server\scriptjx2\lib\file.lua:57: unexpected symbol near '%'
error: ...eVs22\TESTLOFFF_ONLINE\bin\server\scriptjx2\lib\file.lua:57: unexpected symbol near '%'
error: ...eVs22\TESTLOFFF_ONLINE\bin\server\scriptjx2\lib\file.lua:57: unexpected symbol near '%'
error: ...eVs22\TESTLOFFF_ONLINE\bin\server\scriptjx2\lib\file.lua:57: unexpected symbol near '%'
error: ...eVs22\TESTLOFFF_ONLINE\bin\server\scriptjx2\lib\file.lua:57: unexpected symbol near '%'
error: ...eVs22\TESTLOFFF_ONLINE\bin\server\scriptjx2\lib\file.lua:57: unexpected symbol near '%'
error: ...eVs22\TESTLOFFF_ONLINE\bin\server\scriptjx2\lib\file.lua:57: unexpected symbol near '%'
error: ...eVs22\TESTLOFFF_ONLINE\bin\server\scriptjx2\lib\file.lua:57: unexpected symbol near '%'
error: ...eVs22\TESTLOFFF_ONLINE\bin\server\scriptjx2\lib\file.lua:57: unexpected symbol near '%'
error: ...eVs22\TESTLOFFF_ONLINE\bin\server\scriptjx2\lib\file.lua:57: unexpected symbol near '%'
error: ...eVs22\TESTLOFFF_ONLINE\bin\server\scriptjx2\lib\file.lua:57: unexpected symbol near '%'
error: ...eVs22\TESTLOFFF_ONLINE\bin\server\scriptjx2\lib\file.lua:57: unexpected symbol near '%'
error: ...eVs22\TESTLOFFF_ONLINE\bin\server\scriptjx2\lib\file.lua:57: unexpected symbol near '%'
error: ...eVs22\TESTLOFFF_ONLINE\bin\server\scriptjx2\lib\file.lua:57: unexpected symbol near '%'
error: ...eVs22\TESTLOFFF_ONLINE\bin\server\scriptjx2\lib\file.lua:57: unexpected symbol near '%'
error: ...eVs22\TESTLOFFF_ONLINE\bin\server\scriptjx2\lib\file.lua:57: unexpected symbol near '%'
error: ...eVs22\TESTLOFFF_ONLINE\bin\server\scriptjx2\lib\file.lua:57: unexpected symbol near '%'
error: ...eVs22\TESTLOFFF_ONLINE\bin\server\scriptjx2\lib\file.lua:57: unexpected symbol near '%'
error: ...eVs22\TESTLOFFF_ONLINE\bin\server\scriptjx2\lib\file.lua:57: unexpected symbol near '%'
error: ...eVs22\TESTLOFFF_ONLINE\bin\server\scriptjx2\lib\file.lua:57: unexpected symbol near '%'
error: ...eVs22\TESTLOFFF_ONLINE\bin\server\scriptjx2\lib\file.lua:57: unexpected symbol near '%'
error: ...eVs22\TESTLOFFF_ONLINE\bin\server\scriptjx2\lib\file.lua:57: unexpected symbol near '%'
