
C:\vcpkg\scripts\buildsystems\msbuild\vcpkg.targets(182,3): warning MSB4011: "C:\vcpkg\scripts\buildsystems\msbuild\support\GetGlobalProperties.task" cannot be imported again. It was already imported at "C:\vcpkg\scripts\buildsystems\msbuild\support\Bootstrap.targets (2,3)". This is most likely a build authoring error. This subsequent import will be ignored. [D:\GAMEDEVNEW\Sources\Core\Core.vcxproj]
  stdafx.cpp
D:\GAMEDEVNEW\Sources\Core\src\GameDataDef.h(272,1): warning C5208: unnamed class used in typedef name cannot declare members other than non-static data members, member enumerations, or member classes [D:\GAMEDEVNEW\Sources\Core\Core.vcxproj]
  (compiling source file 'Src/stdafx.cpp')
  
D:\GAMEDEVNEW\Sources\engine\src\KLuaScript.h(56,44): warning C4996: 'strcpy': This function or variable may be unsafe. Consider using strcpy_s instead. To disable deprecation, use _CRT_SECURE_NO_WARNINGS. See online help for details. [D:\GAMEDEVNEW\Sources\Core\Core.vcxproj]
  (compiling source file 'Src/stdafx.cpp')
  
D:\GAMEDEVNEW\Sources\Core\Src\KTaskFuns.h(41,22): warning C4267: '=': conversion from 'size_t' to 'DWORD', possible loss of data [D:\GAMEDEVNEW\Sources\Core\Core.vcxproj]
  (compiling source file 'Src/stdafx.cpp')
  
D:\GAMEDEVNEW\Sources\Core\Src\KTaskFuns.h(42,50): warning C4267: '=': conversion from 'size_t' to 'DWORD', possible loss of data [D:\GAMEDEVNEW\Sources\Core\Core.vcxproj]
  (compiling source file 'Src/stdafx.cpp')
  
D:\GAMEDEVNEW\Sources\Core\Src\KMission.h(229,134): warning C4267: 'argument': conversion from 'size_t' to 'int', possible loss of data [D:\GAMEDEVNEW\Sources\Core\Core.vcxproj]
  (compiling source file 'Src/stdafx.cpp')
  
D:\GAMEDEVNEW\Sources\Core\Src\KMission.h(250,134): warning C4267: 'argument': conversion from 'size_t' to 'int', possible loss of data [D:\GAMEDEVNEW\Sources\Core\Core.vcxproj]
  (compiling source file 'Src/stdafx.cpp')
  
D:\GAMEDEVNEW\Sources\Core\Src\KMission.h(260,101): warning C4267: 'argument': conversion from 'size_t' to 'int', possible loss of data [D:\GAMEDEVNEW\Sources\Core\Core.vcxproj]
  (compiling source file 'Src/stdafx.cpp')
  
D:\GAMEDEVNEW\Sources\Core\Src\KMission.h(338,3): warning C4996: 'strcpy': This function or variable may be unsafe. Consider using strcpy_s instead. To disable deprecation, use _CRT_SECURE_NO_WARNINGS. See online help for details. [D:\GAMEDEVNEW\Sources\Core\Core.vcxproj]
  (compiling source file 'Src/stdafx.cpp')
  
D:\GAMEDEVNEW\Sources\Core\Src\KLinkArrayTemplate.h(143,10): warning C4267: 'return': conversion from 'size_t' to 'unsigned long', possible loss of data [D:\GAMEDEVNEW\Sources\Core\Core.vcxproj]
  (compiling source file 'Src/stdafx.cpp')
      D:\GAMEDEVNEW\Sources\Core\Src\KLinkArrayTemplate.h(143,10):
      the template instantiation context (the oldest one first) is
          D:\GAMEDEVNEW\Sources\Core\Src\KMission.h(433,19):
          see reference to class template instantiation '_KMissionNpcArray<TMissionNpcInfo,5000>' being compiled
          D:\GAMEDEVNEW\Sources\Core\Src\KMission.h(96,32):
          see reference to class template instantiation 'KLinkArrayTemplate<T,5000>' being compiled
          with
          [
              T=TMissionNpcInfo
          ]
          D:\GAMEDEVNEW\Sources\Core\Src\KLinkArrayTemplate.h(141,16):
          while compiling class template member function 'unsigned long KLinkArrayTemplate<T,5000>::GetTotalCount(void) const'
          with
          [
              T=TMissionNpcInfo
          ]
              D:\GAMEDEVNEW\Sources\Core\Src\KMission.h(478,3):
              see the first reference to 'KLinkArrayTemplate<T,5000>::GetTotalCount' in 'KMission::GetMissionNpc_NpcIndex'
          with
          [
              T=TMissionNpcInfo
          ]
  
D:\GAMEDEVNEW\Sources\Core\Src\KLinkArrayTemplate.h(139,24): warning C4267: 'return': conversion from 'size_t' to 'unsigned long', possible loss of data [D:\GAMEDEVNEW\Sources\Core\Core.vcxproj]
  (compiling source file 'Src/stdafx.cpp')
      D:\GAMEDEVNEW\Sources\Core\Src\KLinkArrayTemplate.h(139,24):
      the template instantiation context (the oldest one first) is
          D:\GAMEDEVNEW\Sources\Core\Src\KLinkArrayTemplate.h(136,16):
          while compiling class template member function 'unsigned long KLinkArrayTemplate<T,5000>::GetUsedCount(void) const'
          with
          [
              T=TMissionNpcInfo
          ]
              D:\GAMEDEVNEW\Sources\Core\Src\KMission.h(331,3):
              see the first reference to 'KLinkArrayTemplate<T,5000>::GetUsedCount' in 'KMission::GetNpcCount'
          with
          [
              T=TMissionNpcInfo
          ]
  
  KMeridian.cpp
  BauCua.cpp
D:\GAMEDEVNEW\Sources\Core\Src\KPlayer.h(95,1): warning C5208: unnamed class used in typedef name cannot declare members other than non-static data members, member enumerations, or member classes [D:\GAMEDEVNEW\Sources\Core\Core.vcxproj]
  (compiling source file '/Src/BauCua.cpp')
  
D:\GAMEDEVNEW\Sources\Core\Src\BauCua.cpp(32,33): warning C4566: character represented by universal-character-name '\U0001F41F' cannot be represented in the current code page (1258) [D:\GAMEDEVNEW\Sources\Core\Core.vcxproj]
  (compiling source file '/Src/BauCua.cpp')
  
D:\GAMEDEVNEW\Sources\Core\Src\BauCua.cpp(33,33): warning C4566: character represented by universal-character-name '\U0001F980' cannot be represented in the current code page (1258) [D:\GAMEDEVNEW\Sources\Core\Core.vcxproj]
  (compiling source file '/Src/BauCua.cpp')
  
D:\GAMEDEVNEW\Sources\Core\Src\BauCua.cpp(34,33): warning C4566: character represented by universal-character-name '\U0001F98C' cannot be represented in the current code page (1258) [D:\GAMEDEVNEW\Sources\Core\Core.vcxproj]
  (compiling source file '/Src/BauCua.cpp')
  
D:\GAMEDEVNEW\Sources\Core\Src\BauCua.cpp(35,34): warning C4566: character represented by universal-character-name '\U0001F350' cannot be represented in the current code page (1258) [D:\GAMEDEVNEW\Sources\Core\Core.vcxproj]
  (compiling source file '/Src/BauCua.cpp')
  
D:\GAMEDEVNEW\Sources\Core\Src\BauCua.cpp(36,36): warning C4566: character represented by universal-character-name '\U0001F414' cannot be represented in the current code page (1258) [D:\GAMEDEVNEW\Sources\Core\Core.vcxproj]
  (compiling source file '/Src/BauCua.cpp')
  
D:\GAMEDEVNEW\Sources\Core\Src\BauCua.cpp(37,35): warning C4566: character represented by universal-character-name '\U0001F990' cannot be represented in the current code page (1258) [D:\GAMEDEVNEW\Sources\Core\Core.vcxproj]
  (compiling source file '/Src/BauCua.cpp')
  
D:\GAMEDEVNEW\Sources\Core\Src\BauCua.cpp(587,26): warning C4244: '+=': conversion from '__int64' to 'int', possible loss of data [D:\GAMEDEVNEW\Sources\Core\Core.vcxproj]
  (compiling source file '/Src/BauCua.cpp')
  
D:\GAMEDEVNEW\Sources\Core\Src\BauCua.cpp(615,26): warning C4244: '-=': conversion from '__int64' to 'int', possible loss of data [D:\GAMEDEVNEW\Sources\Core\Core.vcxproj]
  (compiling source file '/Src/BauCua.cpp')
  
D:\GAMEDEVNEW\Sources\Core\Src\BauCua.cpp(546,17): warning C4996: 'sprintf': This function or variable may be unsafe. Consider using sprintf_s instead. To disable deprecation, use _CRT_SECURE_NO_WARNINGS. See online help for details. [D:\GAMEDEVNEW\Sources\Core\Core.vcxproj]
  (compiling source file '/Src/BauCua.cpp')
  
D:\GAMEDEVNEW\Sources\Core\Src\BauCua.cpp(547,17): warning C4996: 'sprintf': This function or variable may be unsafe. Consider using sprintf_s instead. To disable deprecation, use _CRT_SECURE_NO_WARNINGS. See online help for details. [D:\GAMEDEVNEW\Sources\Core\Core.vcxproj]
  (compiling source file '/Src/BauCua.cpp')
  
D:\GAMEDEVNEW\Sources\Core\Src\BauCua.cpp(648,24): warning C4996: 'ctime': This function or variable may be unsafe. Consider using ctime_s instead. To disable deprecation, use _CRT_SECURE_NO_WARNINGS. See online help for details. [D:\GAMEDEVNEW\Sources\Core\Core.vcxproj]
  (compiling source file '/Src/BauCua.cpp')
  
D:\GAMEDEVNEW\Sources\Core\Src\BauCua.cpp(714,15): warning C4996: 'fopen': This function or variable may be unsafe. Consider using fopen_s instead. To disable deprecation, use _CRT_SECURE_NO_WARNINGS. See online help for details. [D:\GAMEDEVNEW\Sources\Core\Core.vcxproj]
  (compiling source file '/Src/BauCua.cpp')
  
D:\GAMEDEVNEW\Sources\Core\Src\BauCua.cpp(741,16): warning C4996: 'fopen': This function or variable may be unsafe. Consider using fopen_s instead. To disable deprecation, use _CRT_SECURE_NO_WARNINGS. See online help for details. [D:\GAMEDEVNEW\Sources\Core\Core.vcxproj]
  (compiling source file '/Src/BauCua.cpp')
  
D:\GAMEDEVNEW\Sources\Core\Src\BauCua.cpp(744,25): warning C4996: 'localtime': This function or variable may be unsafe. Consider using localtime_s instead. To disable deprecation, use _CRT_SECURE_NO_WARNINGS. See online help for details. [D:\GAMEDEVNEW\Sources\Core\Core.vcxproj]
  (compiling source file '/Src/BauCua.cpp')
  
  GiftCodeManager.cpp
  KBasPropTbl.CPP
D:\GAMEDEVNEW\Sources\Core\Src\KBasPropTbl.CPP(837,4): warning C4996: 'strcpy': This function or variable may be unsafe. Consider using strcpy_s instead. To disable deprecation, use _CRT_SECURE_NO_WARNINGS. See online help for details. [D:\GAMEDEVNEW\Sources\Core\Core.vcxproj]
  (compiling source file '/Src/KBasPropTbl.CPP')
  
D:\GAMEDEVNEW\Sources\Core\Src\KBasPropTbl.CPP(910,4): warning C4996: 'strcpy': This function or variable may be unsafe. Consider using strcpy_s instead. To disable deprecation, use _CRT_SECURE_NO_WARNINGS. See online help for details. [D:\GAMEDEVNEW\Sources\Core\Core.vcxproj]
  (compiling source file '/Src/KBasPropTbl.CPP')
  
D:\GAMEDEVNEW\Sources\Core\Src\KBasPropTbl.CPP(997,4): warning C4996: 'strcpy': This function or variable may be unsafe. Consider using strcpy_s instead. To disable deprecation, use _CRT_SECURE_NO_WARNINGS. See online help for details. [D:\GAMEDEVNEW\Sources\Core\Core.vcxproj]
  (compiling source file '/Src/KBasPropTbl.CPP')
  
D:\GAMEDEVNEW\Sources\Core\Src\KBasPropTbl.CPP(1065,4): warning C4996: 'strcpy': This function or variable may be unsafe. Consider using strcpy_s instead. To disable deprecation, use _CRT_SECURE_NO_WARNINGS. See online help for details. [D:\GAMEDEVNEW\Sources\Core\Core.vcxproj]
  (compiling source file '/Src/KBasPropTbl.CPP')
  
D:\GAMEDEVNEW\Sources\Core\Src\KBasPropTbl.CPP(1105,4): warning C4996: 'strcpy': This function or variable may be unsafe. Consider using strcpy_s instead. To disable deprecation, use _CRT_SECURE_NO_WARNINGS. See online help for details. [D:\GAMEDEVNEW\Sources\Core\Core.vcxproj]
  (compiling source file '/Src/KBasPropTbl.CPP')
  
D:\GAMEDEVNEW\Sources\Core\Src\KBasPropTbl.CPP(1166,4): warning C4996: 'strcpy': This function or variable may be unsafe. Consider using strcpy_s instead. To disable deprecation, use _CRT_SECURE_NO_WARNINGS. See online help for details. [D:\GAMEDEVNEW\Sources\Core\Core.vcxproj]
  (compiling source file '/Src/KBasPropTbl.CPP')
  
D:\GAMEDEVNEW\Sources\Core\Src\KBasPropTbl.CPP(1239,4): warning C4996: 'strcpy': This function or variable may be unsafe. Consider using strcpy_s instead. To disable deprecation, use _CRT_SECURE_NO_WARNINGS. See online help for details. [D:\GAMEDEVNEW\Sources\Core\Core.vcxproj]
  (compiling source file '/Src/KBasPropTbl.CPP')
  
D:\GAMEDEVNEW\Sources\Core\Src\KBasPropTbl.CPP(1316,4): warning C4996: 'strcpy': This function or variable may be unsafe. Consider using strcpy_s instead. To disable deprecation, use _CRT_SECURE_NO_WARNINGS. See online help for details. [D:\GAMEDEVNEW\Sources\Core\Core.vcxproj]
  (compiling source file '/Src/KBasPropTbl.CPP')
  
D:\GAMEDEVNEW\Sources\Core\Src\KBasPropTbl.CPP(1421,4): warning C4996: 'strcpy': This function or variable may be unsafe. Consider using strcpy_s instead. To disable deprecation, use _CRT_SECURE_NO_WARNINGS. See online help for details. [D:\GAMEDEVNEW\Sources\Core\Core.vcxproj]
  (compiling source file '/Src/KBasPropTbl.CPP')
  
D:\GAMEDEVNEW\Sources\Core\Src\KBasPropTbl.CPP(1426,4): warning C4996: 'strcpy': This function or variable may be unsafe. Consider using strcpy_s instead. To disable deprecation, use _CRT_SECURE_NO_WARNINGS. See online help for details. [D:\GAMEDEVNEW\Sources\Core\Core.vcxproj]
  (compiling source file '/Src/KBasPropTbl.CPP')
  
D:\GAMEDEVNEW\Sources\Core\Src\KBasPropTbl.CPP(1599,4): warning C4996: 'strcpy': This function or variable may be unsafe. Consider using strcpy_s instead. To disable deprecation, use _CRT_SECURE_NO_WARNINGS. See online help for details. [D:\GAMEDEVNEW\Sources\Core\Core.vcxproj]
  (compiling source file '/Src/KBasPropTbl.CPP')
  
D:\GAMEDEVNEW\Sources\Core\Src\KBasPropTbl.CPP(1744,4): warning C4996: 'strcpy': This function or variable may be unsafe. Consider using strcpy_s instead. To disable deprecation, use _CRT_SECURE_NO_WARNINGS. See online help for details. [D:\GAMEDEVNEW\Sources\Core\Core.vcxproj]
  (compiling source file '/Src/KBasPropTbl.CPP')
  
D:\GAMEDEVNEW\Sources\Core\Src\KBasPropTbl.CPP(1895,4): warning C4996: 'strcpy': This function or variable may be unsafe. Consider using strcpy_s instead. To disable deprecation, use _CRT_SECURE_NO_WARNINGS. See online help for details. [D:\GAMEDEVNEW\Sources\Core\Core.vcxproj]
  (compiling source file '/Src/KBasPropTbl.CPP')
  
D:\GAMEDEVNEW\Sources\Core\Src\KBasPropTbl.CPP(1902,4): warning C4996: 'strcpy': This function or variable may be unsafe. Consider using strcpy_s instead. To disable deprecation, use _CRT_SECURE_NO_WARNINGS. See online help for details. [D:\GAMEDEVNEW\Sources\Core\Core.vcxproj]
  (compiling source file '/Src/KBasPropTbl.CPP')
  
D:\GAMEDEVNEW\Sources\Core\Src\KBasPropTbl.CPP(2136,4): warning C4996: 'strcpy': This function or variable may be unsafe. Consider using strcpy_s instead. To disable deprecation, use _CRT_SECURE_NO_WARNINGS. See online help for details. [D:\GAMEDEVNEW\Sources\Core\Core.vcxproj]
  (compiling source file '/Src/KBasPropTbl.CPP')
  
D:\GAMEDEVNEW\Sources\Core\Src\KBasPropTbl.CPP(2141,4): warning C4996: 'strcpy': This function or variable may be unsafe. Consider using strcpy_s instead. To disable deprecation, use _CRT_SECURE_NO_WARNINGS. See online help for details. [D:\GAMEDEVNEW\Sources\Core\Core.vcxproj]
  (compiling source file '/Src/KBasPropTbl.CPP')
  
D:\GAMEDEVNEW\Sources\Core\Src\KBasPropTbl.CPP(2205,4): warning C4996: 'strcpy': This function or variable may be unsafe. Consider using strcpy_s instead. To disable deprecation, use _CRT_SECURE_NO_WARNINGS. See online help for details. [D:\GAMEDEVNEW\Sources\Core\Core.vcxproj]
  (compiling source file '/Src/KBasPropTbl.CPP')
  
D:\GAMEDEVNEW\Sources\Core\Src\KBasPropTbl.CPP(2210,4): warning C4996: 'strcpy': This function or variable may be unsafe. Consider using strcpy_s instead. To disable deprecation, use _CRT_SECURE_NO_WARNINGS. See online help for details. [D:\GAMEDEVNEW\Sources\Core\Core.vcxproj]
  (compiling source file '/Src/KBasPropTbl.CPP')
  
D:\GAMEDEVNEW\Sources\Core\Src\KBasPropTbl.CPP(2263,4): warning C4996: 'strcpy': This function or variable may be unsafe. Consider using strcpy_s instead. To disable deprecation, use _CRT_SECURE_NO_WARNINGS. See online help for details. [D:\GAMEDEVNEW\Sources\Core\Core.vcxproj]
  (compiling source file '/Src/KBasPropTbl.CPP')
  
D:\GAMEDEVNEW\Sources\Core\Src\KBasPropTbl.CPP(2268,4): warning C4996: 'strcpy': This function or variable may be unsafe. Consider using strcpy_s instead. To disable deprecation, use _CRT_SECURE_NO_WARNINGS. See online help for details. [D:\GAMEDEVNEW\Sources\Core\Core.vcxproj]
  (compiling source file '/Src/KBasPropTbl.CPP')
  
  KBuySell.cpp
D:\GAMEDEVNEW\Sources\Core\Src\KPlayer.h(95,1): warning C5208: unnamed class used in typedef name cannot declare members other than non-static data members, member enumerations, or member classes [D:\GAMEDEVNEW\Sources\Core\Core.vcxproj]
  (compiling source file '/Src/KBuySell.cpp')
  
D:\GAMEDEVNEW\Sources\Core\Src\KBuySell.cpp(264,35): warning C4244: 'argument': conversion from 'time_t' to 'int', possible loss of data [D:\GAMEDEVNEW\Sources\Core\Core.vcxproj]
  (compiling source file '/Src/KBuySell.cpp')
  
D:\GAMEDEVNEW\Sources\Core\Src\KBuySell.cpp(607,73): warning C4018: '<': signed/unsigned mismatch [D:\GAMEDEVNEW\Sources\Core\Core.vcxproj]
  (compiling source file '/Src/KBuySell.cpp')
  
D:\GAMEDEVNEW\Sources\Core\Src\KBuySell.cpp(614,72): warning C4018: '<': signed/unsigned mismatch [D:\GAMEDEVNEW\Sources\Core\Core.vcxproj]
  (compiling source file '/Src/KBuySell.cpp')
  
D:\GAMEDEVNEW\Sources\Core\Src\KBuySell.cpp(621,72): warning C4018: '<': signed/unsigned mismatch [D:\GAMEDEVNEW\Sources\Core\Core.vcxproj]
  (compiling source file '/Src/KBuySell.cpp')
  
D:\GAMEDEVNEW\Sources\Core\Src\KBuySell.cpp(628,74): warning C4018: '<': signed/unsigned mismatch [D:\GAMEDEVNEW\Sources\Core\Core.vcxproj]
  (compiling source file '/Src/KBuySell.cpp')
  
  KCore.cpp
D:\GAMEDEVNEW\Sources\Core\Src\KPlayer.h(95,1): warning C5208: unnamed class used in typedef name cannot declare members other than non-static data members, member enumerations, or member classes [D:\GAMEDEVNEW\Sources\Core\Core.vcxproj]
  (compiling source file '/Src/KCore.cpp')
  
D:\GAMEDEVNEW\Sources\Core\Src\KCore.cpp(220,9): warning C4477: 'printf' : format string '%ld' requires an argument of type 'long', but variadic argument 1 has type 'size_t' [D:\GAMEDEVNEW\Sources\Core\Core.vcxproj]
  (compiling source file '/Src/KCore.cpp')
      D:\GAMEDEVNEW\Sources\Core\Src\KCore.cpp(220,9):
      consider using '%zd' in the format string
  
D:\GAMEDEVNEW\Sources\Core\Src\KCore.cpp(220,9): warning C4477: 'printf' : format string '%ld' requires an argument of type 'long', but variadic argument 3 has type 'unsigned __int64' [D:\GAMEDEVNEW\Sources\Core\Core.vcxproj]
  (compiling source file '/Src/KCore.cpp')
      D:\GAMEDEVNEW\Sources\Core\Src\KCore.cpp(220,9):
      consider using '%lld' in the format string
      D:\GAMEDEVNEW\Sources\Core\Src\KCore.cpp(220,9):
      consider using '%Id' in the format string
      D:\GAMEDEVNEW\Sources\Core\Src\KCore.cpp(220,9):
      consider using '%I64d' in the format string
  
D:\GAMEDEVNEW\Sources\Core\Src\KCore.cpp(221,9): warning C4477: 'printf' : format string '%ld' requires an argument of type 'long', but variadic argument 1 has type 'size_t' [D:\GAMEDEVNEW\Sources\Core\Core.vcxproj]
  (compiling source file '/Src/KCore.cpp')
      D:\GAMEDEVNEW\Sources\Core\Src\KCore.cpp(221,9):
      consider using '%zd' in the format string
  
D:\GAMEDEVNEW\Sources\Core\Src\KCore.cpp(221,9): warning C4477: 'printf' : format string '%ld' requires an argument of type 'long', but variadic argument 3 has type 'unsigned __int64' [D:\GAMEDEVNEW\Sources\Core\Core.vcxproj]
  (compiling source file '/Src/KCore.cpp')
      D:\GAMEDEVNEW\Sources\Core\Src\KCore.cpp(221,9):
      consider using '%lld' in the format string
      D:\GAMEDEVNEW\Sources\Core\Src\KCore.cpp(221,9):
      consider using '%Id' in the format string
      D:\GAMEDEVNEW\Sources\Core\Src\KCore.cpp(221,9):
      consider using '%I64d' in the format string
  
D:\GAMEDEVNEW\Sources\Core\Src\KCore.cpp(222,9): warning C4477: 'printf' : format string '%ld' requires an argument of type 'long', but variadic argument 1 has type 'size_t' [D:\GAMEDEVNEW\Sources\Core\Core.vcxproj]
  (compiling source file '/Src/KCore.cpp')
      D:\GAMEDEVNEW\Sources\Core\Src\KCore.cpp(222,9):
      consider using '%zd' in the format string
  
D:\GAMEDEVNEW\Sources\Core\Src\KCore.cpp(222,9): warning C4477: 'printf' : format string '%ld' requires an argument of type 'long', but variadic argument 3 has type 'unsigned __int64' [D:\GAMEDEVNEW\Sources\Core\Core.vcxproj]
  (compiling source file '/Src/KCore.cpp')
      D:\GAMEDEVNEW\Sources\Core\Src\KCore.cpp(222,9):
      consider using '%lld' in the format string
      D:\GAMEDEVNEW\Sources\Core\Src\KCore.cpp(222,9):
      consider using '%Id' in the format string
      D:\GAMEDEVNEW\Sources\Core\Src\KCore.cpp(222,9):
      consider using '%I64d' in the format string
  
D:\GAMEDEVNEW\Sources\Core\Src\KCore.cpp(223,9): warning C4477: 'printf' : format string '%ld' requires an argument of type 'long', but variadic argument 1 has type 'size_t' [D:\GAMEDEVNEW\Sources\Core\Core.vcxproj]
  (compiling source file '/Src/KCore.cpp')
      D:\GAMEDEVNEW\Sources\Core\Src\KCore.cpp(223,9):
      consider using '%zd' in the format string
  
D:\GAMEDEVNEW\Sources\Core\Src\KCore.cpp(223,9): warning C4477: 'printf' : format string '%ld' requires an argument of type 'long', but variadic argument 3 has type 'unsigned __int64' [D:\GAMEDEVNEW\Sources\Core\Core.vcxproj]
  (compiling source file '/Src/KCore.cpp')
      D:\GAMEDEVNEW\Sources\Core\Src\KCore.cpp(223,9):
      consider using '%lld' in the format string
      D:\GAMEDEVNEW\Sources\Core\Src\KCore.cpp(223,9):
      consider using '%Id' in the format string
      D:\GAMEDEVNEW\Sources\Core\Src\KCore.cpp(223,9):
      consider using '%I64d' in the format string
  
D:\GAMEDEVNEW\Sources\Core\Src\KCore.cpp(224,9): warning C4477: 'printf' : format string '%ld' requires an argument of type 'long', but variadic argument 1 has type 'size_t' [D:\GAMEDEVNEW\Sources\Core\Core.vcxproj]
  (compiling source file '/Src/KCore.cpp')
      D:\GAMEDEVNEW\Sources\Core\Src\KCore.cpp(224,9):
      consider using '%zd' in the format string
  
D:\GAMEDEVNEW\Sources\Core\Src\KCore.cpp(224,9): warning C4477: 'printf' : format string '%ld' requires an argument of type 'long', but variadic argument 3 has type 'unsigned __int64' [D:\GAMEDEVNEW\Sources\Core\Core.vcxproj]
  (compiling source file '/Src/KCore.cpp')
      D:\GAMEDEVNEW\Sources\Core\Src\KCore.cpp(224,9):
      consider using '%lld' in the format string
      D:\GAMEDEVNEW\Sources\Core\Src\KCore.cpp(224,9):
      consider using '%Id' in the format string
      D:\GAMEDEVNEW\Sources\Core\Src\KCore.cpp(224,9):
      consider using '%I64d' in the format string
  
D:\GAMEDEVNEW\Sources\Core\Src\KCore.cpp(225,9): warning C4477: 'printf' : format string '%ld' requires an argument of type 'long', but variadic argument 1 has type 'size_t' [D:\GAMEDEVNEW\Sources\Core\Core.vcxproj]
  (compiling source file '/Src/KCore.cpp')
      D:\GAMEDEVNEW\Sources\Core\Src\KCore.cpp(225,9):
      consider using '%zd' in the format string
  
D:\GAMEDEVNEW\Sources\Core\Src\KCore.cpp(225,9): warning C4477: 'printf' : format string '%ld' requires an argument of type 'long', but variadic argument 3 has type 'unsigned __int64' [D:\GAMEDEVNEW\Sources\Core\Core.vcxproj]
  (compiling source file '/Src/KCore.cpp')
      D:\GAMEDEVNEW\Sources\Core\Src\KCore.cpp(225,9):
      consider using '%lld' in the format string
      D:\GAMEDEVNEW\Sources\Core\Src\KCore.cpp(225,9):
      consider using '%Id' in the format string
      D:\GAMEDEVNEW\Sources\Core\Src\KCore.cpp(225,9):
      consider using '%I64d' in the format string
  
D:\GAMEDEVNEW\Sources\Core\Src\KCore.cpp(226,9): warning C4477: 'printf' : format string '%ld' requires an argument of type 'long', but variadic argument 1 has type 'size_t' [D:\GAMEDEVNEW\Sources\Core\Core.vcxproj]
  (compiling source file '/Src/KCore.cpp')
      D:\GAMEDEVNEW\Sources\Core\Src\KCore.cpp(226,9):
      consider using '%zd' in the format string
  
D:\GAMEDEVNEW\Sources\Core\Src\KCore.cpp(226,9): warning C4477: 'printf' : format string '%ld' requires an argument of type 'long', but variadic argument 3 has type 'unsigned __int64' [D:\GAMEDEVNEW\Sources\Core\Core.vcxproj]
  (compiling source file '/Src/KCore.cpp')
      D:\GAMEDEVNEW\Sources\Core\Src\KCore.cpp(226,9):
      consider using '%lld' in the format string
      D:\GAMEDEVNEW\Sources\Core\Src\KCore.cpp(226,9):
      consider using '%Id' in the format string
      D:\GAMEDEVNEW\Sources\Core\Src\KCore.cpp(226,9):
      consider using '%I64d' in the format string
  
D:\GAMEDEVNEW\Sources\Core\Src\KCore.cpp(227,9): warning C4477: 'printf' : format string '%ld' requires an argument of type 'long', but variadic argument 1 has type 'size_t' [D:\GAMEDEVNEW\Sources\Core\Core.vcxproj]
  (compiling source file '/Src/KCore.cpp')
      D:\GAMEDEVNEW\Sources\Core\Src\KCore.cpp(227,9):
      consider using '%zd' in the format string
  
D:\GAMEDEVNEW\Sources\Core\Src\KCore.cpp(227,9): warning C4477: 'printf' : format string '%ld' requires an argument of type 'long', but variadic argument 3 has type 'unsigned __int64' [D:\GAMEDEVNEW\Sources\Core\Core.vcxproj]
  (compiling source file '/Src/KCore.cpp')
      D:\GAMEDEVNEW\Sources\Core\Src\KCore.cpp(227,9):
      consider using '%lld' in the format string
      D:\GAMEDEVNEW\Sources\Core\Src\KCore.cpp(227,9):
      consider using '%Id' in the format string
      D:\GAMEDEVNEW\Sources\Core\Src\KCore.cpp(227,9):
      consider using '%I64d' in the format string
  
D:\GAMEDEVNEW\Sources\Core\Src\KCore.cpp(178,3): warning C4996: 'sprintf': This function or variable may be unsafe. Consider using sprintf_s instead. To disable deprecation, use _CRT_SECURE_NO_WARNINGS. See online help for details. [D:\GAMEDEVNEW\Sources\Core\Core.vcxproj]
  (compiling source file '/Src/KCore.cpp')
  
D:\GAMEDEVNEW\Sources\Core\Src\KCore.cpp(180,3): warning C4996: 'sprintf': This function or variable may be unsafe. Consider using sprintf_s instead. To disable deprecation, use _CRT_SECURE_NO_WARNINGS. See online help for details. [D:\GAMEDEVNEW\Sources\Core\Core.vcxproj]
  (compiling source file '/Src/KCore.cpp')
  
D:\GAMEDEVNEW\Sources\Core\Src\KCore.cpp(182,3): warning C4996: 'sprintf': This function or variable may be unsafe. Consider using sprintf_s instead. To disable deprecation, use _CRT_SECURE_NO_WARNINGS. See online help for details. [D:\GAMEDEVNEW\Sources\Core\Core.vcxproj]
  (compiling source file '/Src/KCore.cpp')
  
D:\GAMEDEVNEW\Sources\Core\Src\KCore.cpp(235,34): warning C4996: 'ctime': This function or variable may be unsafe. Consider using ctime_s instead. To disable deprecation, use _CRT_SECURE_NO_WARNINGS. See online help for details. [D:\GAMEDEVNEW\Sources\Core\Core.vcxproj]
  (compiling source file '/Src/KCore.cpp')
  
D:\GAMEDEVNEW\Sources\Core\Src\KCore.cpp(300,2): warning C4996: 'sprintf': This function or variable may be unsafe. Consider using sprintf_s instead. To disable deprecation, use _CRT_SECURE_NO_WARNINGS. See online help for details. [D:\GAMEDEVNEW\Sources\Core\Core.vcxproj]
  (compiling source file '/Src/KCore.cpp')
  
D:\GAMEDEVNEW\Sources\Core\Src\KCore.cpp(316,39): warning C4996: 'ctime': This function or variable may be unsafe. Consider using ctime_s instead. To disable deprecation, use _CRT_SECURE_NO_WARNINGS. See online help for details. [D:\GAMEDEVNEW\Sources\Core\Core.vcxproj]
  (compiling source file '/Src/KCore.cpp')
  
D:\GAMEDEVNEW\Sources\Core\Src\KCore.cpp(373,43): warning C4996: 'ctime': This function or variable may be unsafe. Consider using ctime_s instead. To disable deprecation, use _CRT_SECURE_NO_WARNINGS. See online help for details. [D:\GAMEDEVNEW\Sources\Core\Core.vcxproj]
  (compiling source file '/Src/KCore.cpp')
  
D:\GAMEDEVNEW\Sources\Core\Src\KCore.cpp(582,16): warning C4018: '<': signed/unsigned mismatch [D:\GAMEDEVNEW\Sources\Core\Core.vcxproj]
  (compiling source file '/Src/KCore.cpp')
  
D:\GAMEDEVNEW\Sources\Core\Src\KCore.cpp(800,10): warning C4996: '_vsnprintf': This function or variable may be unsafe. Consider using _vsnprintf_s instead. To disable deprecation, use _CRT_SECURE_NO_WARNINGS. See online help for details. [D:\GAMEDEVNEW\Sources\Core\Core.vcxproj]
  (compiling source file '/Src/KCore.cpp')
  
D:\GAMEDEVNEW\Sources\Core\Src\KCore.cpp(810,20): warning C4996: 'fopen': This function or variable may be unsafe. Consider using fopen_s instead. To disable deprecation, use _CRT_SECURE_NO_WARNINGS. See online help for details. [D:\GAMEDEVNEW\Sources\Core\Core.vcxproj]
  (compiling source file '/Src/KCore.cpp')
  
  KFaction.cpp
D:\GAMEDEVNEW\Sources\Core\Src\KFaction.cpp(39,3): warning C4996: 'sprintf': This function or variable may be unsafe. Consider using sprintf_s instead. To disable deprecation, use _CRT_SECURE_NO_WARNINGS. See online help for details. [D:\GAMEDEVNEW\Sources\Core\Core.vcxproj]
  (compiling source file '/Src/KFaction.cpp')
  
  KGMCommand.cpp
D:\GAMEDEVNEW\Sources\Core\Src\KPlayer.h(95,1): warning C5208: unnamed class used in typedef name cannot declare members other than non-static data members, member enumerations, or member classes [D:\GAMEDEVNEW\Sources\Core\Core.vcxproj]
  (compiling source file '/Src/KGMCommand.cpp')
  
D:\GAMEDEVNEW\Sources\Core\Src\KGMCommand.cpp(73,22): warning C4244: '=': conversion from '__int64' to 'int', possible loss of data [D:\GAMEDEVNEW\Sources\Core\Core.vcxproj]
  (compiling source file '/Src/KGMCommand.cpp')
  
  KGMProcess.cpp
D:\GAMEDEVNEW\Sources\Core\Src\KPlayer.h(95,1): warning C5208: unnamed class used in typedef name cannot declare members other than non-static data members, member enumerations, or member classes [D:\GAMEDEVNEW\Sources\Core\Core.vcxproj]
  (compiling source file '/Src/KGMProcess.cpp')
  
D:\GAMEDEVNEW\Sources\MultiServer\Common\OpaqueUserData.h(57,10): warning C4311: 'reinterpret_cast': pointer truncation from 'void *' to 'unsigned long' [D:\GAMEDEVNEW\Sources\Core\Core.vcxproj]
  (compiling source file '/Src/KGMProcess.cpp')
  
D:\GAMEDEVNEW\Sources\MultiServer\Common\OpaqueUserData.h(57,10): warning C4302: 'reinterpret_cast': truncation from 'void *' to 'unsigned long' [D:\GAMEDEVNEW\Sources\Core\Core.vcxproj]
  (compiling source file '/Src/KGMProcess.cpp')
  
D:\GAMEDEVNEW\Sources\MultiServer\Common\OpaqueUserData.h(62,15): warning C4312: 'reinterpret_cast': conversion from 'unsigned long' to 'void *' of greater size [D:\GAMEDEVNEW\Sources\Core\Core.vcxproj]
  (compiling source file '/Src/KGMProcess.cpp')
  
D:\GAMEDEVNEW\Sources\Core\Src\KGMProcess.cpp(67,4): warning C4996: 'strncpy': This function or variable may be unsafe. Consider using strncpy_s instead. To disable deprecation, use _CRT_SECURE_NO_WARNINGS. See online help for details. [D:\GAMEDEVNEW\Sources\Core\Core.vcxproj]
  (compiling source file '/Src/KGMProcess.cpp')
  
D:\GAMEDEVNEW\Sources\Core\Src\KGMProcess.cpp(68,4): warning C4996: 'strncpy': This function or variable may be unsafe. Consider using strncpy_s instead. To disable deprecation, use _CRT_SECURE_NO_WARNINGS. See online help for details. [D:\GAMEDEVNEW\Sources\Core\Core.vcxproj]
  (compiling source file '/Src/KGMProcess.cpp')
  
  KInventory.cpp
  KItem.cpp
D:\GAMEDEVNEW\Sources\Core\Src\KItem.cpp(64,10): warning C4244: 'return': conversion from 'float' to 'int', possible loss of data [D:\GAMEDEVNEW\Sources\Core\Core.vcxproj]
  (compiling source file '/Src/KItem.cpp')
  
D:\GAMEDEVNEW\Sources\Core\Src\KItem.cpp(68,41): warning C4244: 'return': conversion from 'double' to 'int', possible loss of data [D:\GAMEDEVNEW\Sources\Core\Core.vcxproj]
  (compiling source file '/Src/KItem.cpp')
  
D:\GAMEDEVNEW\Sources\Core\Src\KItem.cpp(70,38): warning C4244: 'return': conversion from 'double' to 'int', possible loss of data [D:\GAMEDEVNEW\Sources\Core\Core.vcxproj]
  (compiling source file '/Src/KItem.cpp')
  
D:\GAMEDEVNEW\Sources\Core\Src\KItem.cpp(74,20): warning C4244: 'return': conversion from 'float' to 'int', possible loss of data [D:\GAMEDEVNEW\Sources\Core\Core.vcxproj]
  (compiling source file '/Src/KItem.cpp')
  
D:\GAMEDEVNEW\Sources\Core\Src\KItem.cpp(78,20): warning C4244: 'return': conversion from 'float' to 'int', possible loss of data [D:\GAMEDEVNEW\Sources\Core\Core.vcxproj]
  (compiling source file '/Src/KItem.cpp')
  
D:\GAMEDEVNEW\Sources\Core\Src\KItem.cpp(82,20): warning C4244: 'return': conversion from 'double' to 'int', possible loss of data [D:\GAMEDEVNEW\Sources\Core\Core.vcxproj]
  (compiling source file '/Src/KItem.cpp')
  
D:\GAMEDEVNEW\Sources\Core\Src\KItem.cpp(85,10): warning C4244: 'return': conversion from 'float' to 'int', possible loss of data [D:\GAMEDEVNEW\Sources\Core\Core.vcxproj]
  (compiling source file '/Src/KItem.cpp')
  
D:\GAMEDEVNEW\Sources\Core\Src\KItem.cpp(93,2): warning C4065: switch statement contains 'default' but no 'case' labels [D:\GAMEDEVNEW\Sources\Core\Core.vcxproj]
  (compiling source file '/Src/KItem.cpp')
  
D:\GAMEDEVNEW\Sources\Core\Src\KItem.cpp(155,54): warning C4244: 'argument': conversion from 'const int' to 'float', possible loss of data [D:\GAMEDEVNEW\Sources\Core\Core.vcxproj]
  (compiling source file '/Src/KItem.cpp')
  
D:\GAMEDEVNEW\Sources\Core\Src\KItem.cpp(176,55): warning C4244: 'argument': conversion from 'const int' to 'float', possible loss of data [D:\GAMEDEVNEW\Sources\Core\Core.vcxproj]
  (compiling source file '/Src/KItem.cpp')
  
D:\GAMEDEVNEW\Sources\Core\Src\KItem.cpp(193,54): warning C4244: 'argument': conversion from 'const int' to 'float', possible loss of data [D:\GAMEDEVNEW\Sources\Core\Core.vcxproj]
  (compiling source file '/Src/KItem.cpp')
  
D:\GAMEDEVNEW\Sources\Core\Src\KItem.cpp(276,53): warning C4244: 'argument': conversion from 'const int' to 'float', possible loss of data [D:\GAMEDEVNEW\Sources\Core\Core.vcxproj]
  (compiling source file '/Src/KItem.cpp')
  
D:\GAMEDEVNEW\Sources\Core\Src\KItem.cpp(294,54): warning C4244: 'argument': conversion from 'const int' to 'float', possible loss of data [D:\GAMEDEVNEW\Sources\Core\Core.vcxproj]
  (compiling source file '/Src/KItem.cpp')
  
D:\GAMEDEVNEW\Sources\Core\Src\KItem.cpp(307,53): warning C4244: 'argument': conversion from 'const int' to 'float', possible loss of data [D:\GAMEDEVNEW\Sources\Core\Core.vcxproj]
  (compiling source file '/Src/KItem.cpp')
  
D:\GAMEDEVNEW\Sources\Core\Src\KItem.cpp(340,67): warning C4244: 'argument': conversion from 'const int' to 'float', possible loss of data [D:\GAMEDEVNEW\Sources\Core\Core.vcxproj]
  (compiling source file '/Src/KItem.cpp')
  
D:\GAMEDEVNEW\Sources\Core\Src\KItem.cpp(366,66): warning C4244: 'argument': conversion from 'const int' to 'float', possible loss of data [D:\GAMEDEVNEW\Sources\Core\Core.vcxproj]
  (compiling source file '/Src/KItem.cpp')
  
D:\GAMEDEVNEW\Sources\Core\Src\KItem.cpp(584,4): warning C4996: 'strcpy': This function or variable may be unsafe. Consider using strcpy_s instead. To disable deprecation, use _CRT_SECURE_NO_WARNINGS. See online help for details. [D:\GAMEDEVNEW\Sources\Core\Core.vcxproj]
  (compiling source file '/Src/KItem.cpp')
  
D:\GAMEDEVNEW\Sources\Core\Src\KItem.cpp(585,4): warning C4996: 'strcpy': This function or variable may be unsafe. Consider using strcpy_s instead. To disable deprecation, use _CRT_SECURE_NO_WARNINGS. See online help for details. [D:\GAMEDEVNEW\Sources\Core\Core.vcxproj]
  (compiling source file '/Src/KItem.cpp')
  
D:\GAMEDEVNEW\Sources\Core\Src\KItem.cpp(626,4): warning C4996: 'strcpy': This function or variable may be unsafe. Consider using strcpy_s instead. To disable deprecation, use _CRT_SECURE_NO_WARNINGS. See online help for details. [D:\GAMEDEVNEW\Sources\Core\Core.vcxproj]
  (compiling source file '/Src/KItem.cpp')
  
D:\GAMEDEVNEW\Sources\Core\Src\KItem.cpp(627,4): warning C4996: 'strcpy': This function or variable may be unsafe. Consider using strcpy_s instead. To disable deprecation, use _CRT_SECURE_NO_WARNINGS. See online help for details. [D:\GAMEDEVNEW\Sources\Core\Core.vcxproj]
  (compiling source file '/Src/KItem.cpp')
  
D:\GAMEDEVNEW\Sources\Core\Src\KItem.cpp(676,4): warning C4996: 'strcpy': This function or variable may be unsafe. Consider using strcpy_s instead. To disable deprecation, use _CRT_SECURE_NO_WARNINGS. See online help for details. [D:\GAMEDEVNEW\Sources\Core\Core.vcxproj]
  (compiling source file '/Src/KItem.cpp')
  
D:\GAMEDEVNEW\Sources\Core\Src\KItem.cpp(677,4): warning C4996: 'strcpy': This function or variable may be unsafe. Consider using strcpy_s instead. To disable deprecation, use _CRT_SECURE_NO_WARNINGS. See online help for details. [D:\GAMEDEVNEW\Sources\Core\Core.vcxproj]
  (compiling source file '/Src/KItem.cpp')
  
D:\GAMEDEVNEW\Sources\Core\Src\KItem.cpp(726,4): warning C4996: 'strcpy': This function or variable may be unsafe. Consider using strcpy_s instead. To disable deprecation, use _CRT_SECURE_NO_WARNINGS. See online help for details. [D:\GAMEDEVNEW\Sources\Core\Core.vcxproj]
  (compiling source file '/Src/KItem.cpp')
  
D:\GAMEDEVNEW\Sources\Core\Src\KItem.cpp(727,4): warning C4996: 'strcpy': This function or variable may be unsafe. Consider using strcpy_s instead. To disable deprecation, use _CRT_SECURE_NO_WARNINGS. See online help for details. [D:\GAMEDEVNEW\Sources\Core\Core.vcxproj]
  (compiling source file '/Src/KItem.cpp')
  
D:\GAMEDEVNEW\Sources\Core\Src\KItem.cpp(773,4): warning C4996: 'strcpy': This function or variable may be unsafe. Consider using strcpy_s instead. To disable deprecation, use _CRT_SECURE_NO_WARNINGS. See online help for details. [D:\GAMEDEVNEW\Sources\Core\Core.vcxproj]
  (compiling source file '/Src/KItem.cpp')
  
D:\GAMEDEVNEW\Sources\Core\Src\KItem.cpp(774,4): warning C4996: 'strcpy': This function or variable may be unsafe. Consider using strcpy_s instead. To disable deprecation, use _CRT_SECURE_NO_WARNINGS. See online help for details. [D:\GAMEDEVNEW\Sources\Core\Core.vcxproj]
  (compiling source file '/Src/KItem.cpp')
  
D:\GAMEDEVNEW\Sources\Core\Src\KItem.cpp(820,4): warning C4996: 'strcpy': This function or variable may be unsafe. Consider using strcpy_s instead. To disable deprecation, use _CRT_SECURE_NO_WARNINGS. See online help for details. [D:\GAMEDEVNEW\Sources\Core\Core.vcxproj]
  (compiling source file '/Src/KItem.cpp')
  
D:\GAMEDEVNEW\Sources\Core\Src\KItem.cpp(821,4): warning C4996: 'strcpy': This function or variable may be unsafe. Consider using strcpy_s instead. To disable deprecation, use _CRT_SECURE_NO_WARNINGS. See online help for details. [D:\GAMEDEVNEW\Sources\Core\Core.vcxproj]
  (compiling source file '/Src/KItem.cpp')
  
D:\GAMEDEVNEW\Sources\Core\Src\KItem.cpp(882,4): warning C4996: 'strcpy': This function or variable may be unsafe. Consider using strcpy_s instead. To disable deprecation, use _CRT_SECURE_NO_WARNINGS. See online help for details. [D:\GAMEDEVNEW\Sources\Core\Core.vcxproj]
  (compiling source file '/Src/KItem.cpp')
  
D:\GAMEDEVNEW\Sources\Core\Src\KItem.cpp(883,4): warning C4996: 'strcpy': This function or variable may be unsafe. Consider using strcpy_s instead. To disable deprecation, use _CRT_SECURE_NO_WARNINGS. See online help for details. [D:\GAMEDEVNEW\Sources\Core\Core.vcxproj]
  (compiling source file '/Src/KItem.cpp')
  
D:\GAMEDEVNEW\Sources\Core\Src\KItem.cpp(966,4): warning C4996: 'strcpy': This function or variable may be unsafe. Consider using strcpy_s instead. To disable deprecation, use _CRT_SECURE_NO_WARNINGS. See online help for details. [D:\GAMEDEVNEW\Sources\Core\Core.vcxproj]
  (compiling source file '/Src/KItem.cpp')
  
D:\GAMEDEVNEW\Sources\Core\Src\KItem.cpp(967,4): warning C4996: 'strcpy': This function or variable may be unsafe. Consider using strcpy_s instead. To disable deprecation, use _CRT_SECURE_NO_WARNINGS. See online help for details. [D:\GAMEDEVNEW\Sources\Core\Core.vcxproj]
  (compiling source file '/Src/KItem.cpp')
  
D:\GAMEDEVNEW\Sources\Core\Src\KItem.cpp(1049,4): warning C4996: 'strcpy': This function or variable may be unsafe. Consider using strcpy_s instead. To disable deprecation, use _CRT_SECURE_NO_WARNINGS. See online help for details. [D:\GAMEDEVNEW\Sources\Core\Core.vcxproj]
  (compiling source file '/Src/KItem.cpp')
  
D:\GAMEDEVNEW\Sources\Core\Src\KItem.cpp(1104,4): warning C4996: 'strcpy': This function or variable may be unsafe. Consider using strcpy_s instead. To disable deprecation, use _CRT_SECURE_NO_WARNINGS. See online help for details. [D:\GAMEDEVNEW\Sources\Core\Core.vcxproj]
  (compiling source file '/Src/KItem.cpp')
  
  KItemChangeRes.cpp
D:\GAMEDEVNEW\Sources\Core\Src\KItemChangeRes.cpp(152,2): warning C4996: 'itoa': The POSIX name for this item is deprecated. Instead, use the ISO C and C++ conformant name: _itoa. See online help for details. [D:\GAMEDEVNEW\Sources\Core\Core.vcxproj]
  (compiling source file '/Src/KItemChangeRes.cpp')
  
D:\GAMEDEVNEW\Sources\Core\Src\KItemChangeRes.cpp(179,2): warning C4996: 'itoa': The POSIX name for this item is deprecated. Instead, use the ISO C and C++ conformant name: _itoa. See online help for details. [D:\GAMEDEVNEW\Sources\Core\Core.vcxproj]
  (compiling source file '/Src/KItemChangeRes.cpp')
  
  KItemGenerator.CPP
D:\GAMEDEVNEW\Sources\Core\Src\KPlayer.h(95,1): warning C5208: unnamed class used in typedef name cannot declare members other than non-static data members, member enumerations, or member classes [D:\GAMEDEVNEW\Sources\Core\Core.vcxproj]
  (compiling source file '/Src/KItemGenerator.CPP')
  
  KItemList.cpp
D:\GAMEDEVNEW\Sources\Core\Src\KPlayer.h(95,1): warning C5208: unnamed class used in typedef name cannot declare members other than non-static data members, member enumerations, or member classes [D:\GAMEDEVNEW\Sources\Core\Core.vcxproj]
  (compiling source file '/Src/KItemList.cpp')
  
D:\GAMEDEVNEW\Sources\Core\Src\KItemList.cpp(2622,8): warning C4996: 'strcpy': This function or variable may be unsafe. Consider using strcpy_s instead. To disable deprecation, use _CRT_SECURE_NO_WARNINGS. See online help for details. [D:\GAMEDEVNEW\Sources\Core\Core.vcxproj]
  (compiling source file '/Src/KItemList.cpp')
  
D:\GAMEDEVNEW\Sources\Core\Src\KItemList.cpp(2625,7): warning C4996: 'strcpy': This function or variable may be unsafe. Consider using strcpy_s instead. To disable deprecation, use _CRT_SECURE_NO_WARNINGS. See online help for details. [D:\GAMEDEVNEW\Sources\Core\Core.vcxproj]
  (compiling source file '/Src/KItemList.cpp')
  
D:\GAMEDEVNEW\Sources\Core\Src\KItemList.cpp(2987,8): warning C4996: 'strcpy': This function or variable may be unsafe. Consider using strcpy_s instead. To disable deprecation, use _CRT_SECURE_NO_WARNINGS. See online help for details. [D:\GAMEDEVNEW\Sources\Core\Core.vcxproj]
  (compiling source file '/Src/KItemList.cpp')
  
D:\GAMEDEVNEW\Sources\Core\Src\KItemList.cpp(2990,7): warning C4996: 'strcpy': This function or variable may be unsafe. Consider using strcpy_s instead. To disable deprecation, use _CRT_SECURE_NO_WARNINGS. See online help for details. [D:\GAMEDEVNEW\Sources\Core\Core.vcxproj]
  (compiling source file '/Src/KItemList.cpp')
  
D:\GAMEDEVNEW\Sources\Core\Src\KItemList.cpp(2621,8): warning C4996: 'sprintf': This function or variable may be unsafe. Consider using sprintf_s instead. To disable deprecation, use _CRT_SECURE_NO_WARNINGS. See online help for details. [D:\GAMEDEVNEW\Sources\Core\Core.vcxproj]
  (compiling source file '/Src/KItemList.cpp')
  
D:\GAMEDEVNEW\Sources\Core\Src\KItemList.cpp(2986,8): warning C4996: 'sprintf': This function or variable may be unsafe. Consider using sprintf_s instead. To disable deprecation, use _CRT_SECURE_NO_WARNINGS. See online help for details. [D:\GAMEDEVNEW\Sources\Core\Core.vcxproj]
  (compiling source file '/Src/KItemList.cpp')
  
D:\GAMEDEVNEW\Sources\Core\Src\KItemList.cpp(4014,5): warning C4996: 'strcpy': This function or variable may be unsafe. Consider using strcpy_s instead. To disable deprecation, use _CRT_SECURE_NO_WARNINGS. See online help for details. [D:\GAMEDEVNEW\Sources\Core\Core.vcxproj]
  (compiling source file '/Src/KItemList.cpp')
  
D:\GAMEDEVNEW\Sources\Core\Src\KItemList.cpp(4017,5): warning C4996: 'strcpy': This function or variable may be unsafe. Consider using strcpy_s instead. To disable deprecation, use _CRT_SECURE_NO_WARNINGS. See online help for details. [D:\GAMEDEVNEW\Sources\Core\Core.vcxproj]
  (compiling source file '/Src/KItemList.cpp')
  
D:\GAMEDEVNEW\Sources\Core\Src\KItemList.cpp(4013,5): warning C4996: 'sprintf': This function or variable may be unsafe. Consider using sprintf_s instead. To disable deprecation, use _CRT_SECURE_NO_WARNINGS. See online help for details. [D:\GAMEDEVNEW\Sources\Core\Core.vcxproj]
  (compiling source file '/Src/KItemList.cpp')
  
D:\GAMEDEVNEW\Sources\Core\Src\KItemList.cpp(4528,21): warning C4018: '>=': signed/unsigned mismatch [D:\GAMEDEVNEW\Sources\Core\Core.vcxproj]
  (compiling source file '/Src/KItemList.cpp')
  
D:\GAMEDEVNEW\Sources\Core\Src\KItemList.cpp(4543,5): warning C4996: 'strcpy': This function or variable may be unsafe. Consider using strcpy_s instead. To disable deprecation, use _CRT_SECURE_NO_WARNINGS. See online help for details. [D:\GAMEDEVNEW\Sources\Core\Core.vcxproj]
  (compiling source file '/Src/KItemList.cpp')
  
D:\GAMEDEVNEW\Sources\Core\Src\KItemList.cpp(4546,5): warning C4996: 'strcpy': This function or variable may be unsafe. Consider using strcpy_s instead. To disable deprecation, use _CRT_SECURE_NO_WARNINGS. See online help for details. [D:\GAMEDEVNEW\Sources\Core\Core.vcxproj]
  (compiling source file '/Src/KItemList.cpp')
  
D:\GAMEDEVNEW\Sources\Core\Src\KItemList.cpp(4542,5): warning C4996: 'sprintf': This function or variable may be unsafe. Consider using sprintf_s instead. To disable deprecation, use _CRT_SECURE_NO_WARNINGS. See online help for details. [D:\GAMEDEVNEW\Sources\Core\Core.vcxproj]
  (compiling source file '/Src/KItemList.cpp')
  
D:\GAMEDEVNEW\Sources\Core\Src\KItemList.cpp(4522,9): warning C4101: 'nSelect': unreferenced local variable [D:\GAMEDEVNEW\Sources\Core\Core.vcxproj]
  (compiling source file '/Src/KItemList.cpp')
  
D:\GAMEDEVNEW\Sources\Core\Src\KItemList.cpp(4644,4): warning C4996: 'strcpy': This function or variable may be unsafe. Consider using strcpy_s instead. To disable deprecation, use _CRT_SECURE_NO_WARNINGS. See online help for details. [D:\GAMEDEVNEW\Sources\Core\Core.vcxproj]
  (compiling source file '/Src/KItemList.cpp')
  
D:\GAMEDEVNEW\Sources\Core\Src\KItemList.cpp(4647,4): warning C4996: 'strcpy': This function or variable may be unsafe. Consider using strcpy_s instead. To disable deprecation, use _CRT_SECURE_NO_WARNINGS. See online help for details. [D:\GAMEDEVNEW\Sources\Core\Core.vcxproj]
  (compiling source file '/Src/KItemList.cpp')
  
D:\GAMEDEVNEW\Sources\Core\Src\KItemList.cpp(4643,4): warning C4996: 'sprintf': This function or variable may be unsafe. Consider using sprintf_s instead. To disable deprecation, use _CRT_SECURE_NO_WARNINGS. See online help for details. [D:\GAMEDEVNEW\Sources\Core\Core.vcxproj]
  (compiling source file '/Src/KItemList.cpp')
  
D:\GAMEDEVNEW\Sources\Core\Src\KItemList.cpp(4743,20): warning C4312: 'type cast': conversion from 'DWORD' to 'void *' of greater size [D:\GAMEDEVNEW\Sources\Core\Core.vcxproj]
  (compiling source file '/Src/KItemList.cpp')
  
D:\GAMEDEVNEW\Sources\Core\Src\KItemList.cpp(5066,33): warning C4101: 'pData': unreferenced local variable [D:\GAMEDEVNEW\Sources\Core\Core.vcxproj]
  (compiling source file '/Src/KItemList.cpp')
  
D:\GAMEDEVNEW\Sources\Core\Src\KItemList.cpp(5164,13): warning C4996: 'localtime': This function or variable may be unsafe. Consider using localtime_s instead. To disable deprecation, use _CRT_SECURE_NO_WARNINGS. See online help for details. [D:\GAMEDEVNEW\Sources\Core\Core.vcxproj]
  (compiling source file '/Src/KItemList.cpp')
  
  KItemSet.cpp
  KJXPathFinder.cpp
  KJx2Battle.cpp
D:\GAMEDEVNEW\Sources\Core\Src\KPlayer.h(95,1): warning C5208: unnamed class used in typedef name cannot declare members other than non-static data members, member enumerations, or member classes [D:\GAMEDEVNEW\Sources\Core\Core.vcxproj]
  (compiling source file '/Src/KJx2Battle.cpp')
  
D:\GAMEDEVNEW\Sources\Core\Src\KJx2Battle.cpp(99,2): warning C4996: 'strncpy': This function or variable may be unsafe. Consider using strncpy_s instead. To disable deprecation, use _CRT_SECURE_NO_WARNINGS. See online help for details. [D:\GAMEDEVNEW\Sources\Core\Core.vcxproj]
  (compiling source file '/Src/KJx2Battle.cpp')
  
D:\GAMEDEVNEW\Sources\Core\Src\KJx2Battle.cpp(251,3): warning C4996: 'strncpy': This function or variable may be unsafe. Consider using strncpy_s instead. To disable deprecation, use _CRT_SECURE_NO_WARNINGS. See online help for details. [D:\GAMEDEVNEW\Sources\Core\Core.vcxproj]
  (compiling source file '/Src/KJx2Battle.cpp')
  
  KJx2CityWar.cpp
D:\GAMEDEVNEW\Sources\Core\Src\KPlayer.h(95,1): warning C5208: unnamed class used in typedef name cannot declare members other than non-static data members, member enumerations, or member classes [D:\GAMEDEVNEW\Sources\Core\Core.vcxproj]
  (compiling source file '/Src/KJx2CityWar.cpp')
  
D:\GAMEDEVNEW\Sources\Core\Src\KJx2CityWar.cpp(78,2): warning C4996: 'strncpy': This function or variable may be unsafe. Consider using strncpy_s instead. To disable deprecation, use _CRT_SECURE_NO_WARNINGS. See online help for details. [D:\GAMEDEVNEW\Sources\Core\Core.vcxproj]
  (compiling source file '/Src/KJx2CityWar.cpp')
  
D:\GAMEDEVNEW\Sources\Core\Src\KJx2CityWar.cpp(85,19): warning C4996: 'localtime': This function or variable may be unsafe. Consider using localtime_s instead. To disable deprecation, use _CRT_SECURE_NO_WARNINGS. See online help for details. [D:\GAMEDEVNEW\Sources\Core\Core.vcxproj]
  (compiling source file '/Src/KJx2CityWar.cpp')
  
D:\GAMEDEVNEW\Sources\Core\Src\KJx2CityWar.cpp(118,2): warning C4996: 'sprintf': This function or variable may be unsafe. Consider using sprintf_s instead. To disable deprecation, use _CRT_SECURE_NO_WARNINGS. See online help for details. [D:\GAMEDEVNEW\Sources\Core\Core.vcxproj]
  (compiling source file '/Src/KJx2CityWar.cpp')
  
D:\GAMEDEVNEW\Sources\Core\Src\KJx2CityWar.cpp(128,3): warning C4996: 'sprintf': This function or variable may be unsafe. Consider using sprintf_s instead. To disable deprecation, use _CRT_SECURE_NO_WARNINGS. See online help for details. [D:\GAMEDEVNEW\Sources\Core\Core.vcxproj]
  (compiling source file '/Src/KJx2CityWar.cpp')
  
D:\GAMEDEVNEW\Sources\Core\Src\KJx2CityWar.cpp(130,3): warning C4996: 'sprintf': This function or variable may be unsafe. Consider using sprintf_s instead. To disable deprecation, use _CRT_SECURE_NO_WARNINGS. See online help for details. [D:\GAMEDEVNEW\Sources\Core\Core.vcxproj]
  (compiling source file '/Src/KJx2CityWar.cpp')
  
D:\GAMEDEVNEW\Sources\Core\Src\KJx2CityWar.cpp(165,2): warning C4996: 'sprintf': This function or variable may be unsafe. Consider using sprintf_s instead. To disable deprecation, use _CRT_SECURE_NO_WARNINGS. See online help for details. [D:\GAMEDEVNEW\Sources\Core\Core.vcxproj]
  (compiling source file '/Src/KJx2CityWar.cpp')
  
D:\GAMEDEVNEW\Sources\Core\Src\KJx2CityWar.cpp(180,12): warning C4996: 'fopen': This function or variable may be unsafe. Consider using fopen_s instead. To disable deprecation, use _CRT_SECURE_NO_WARNINGS. See online help for details. [D:\GAMEDEVNEW\Sources\Core\Core.vcxproj]
  (compiling source file '/Src/KJx2CityWar.cpp')
  
D:\GAMEDEVNEW\Sources\Core\Src\KJx2CityWar.cpp(193,4): warning C4996: 'sscanf': This function or variable may be unsafe. Consider using sscanf_s instead. To disable deprecation, use _CRT_SECURE_NO_WARNINGS. See online help for details. [D:\GAMEDEVNEW\Sources\Core\Core.vcxproj]
  (compiling source file '/Src/KJx2CityWar.cpp')
  
D:\GAMEDEVNEW\Sources\Core\Src\KJx2CityWar.cpp(202,8): warning C4996: 'sscanf': This function or variable may be unsafe. Consider using sscanf_s instead. To disable deprecation, use _CRT_SECURE_NO_WARNINGS. See online help for details. [D:\GAMEDEVNEW\Sources\Core\Core.vcxproj]
  (compiling source file '/Src/KJx2CityWar.cpp')
  
D:\GAMEDEVNEW\Sources\Core\Src\KJx2CityWar.cpp(218,8): warning C4996: 'sscanf': This function or variable may be unsafe. Consider using sscanf_s instead. To disable deprecation, use _CRT_SECURE_NO_WARNINGS. See online help for details. [D:\GAMEDEVNEW\Sources\Core\Core.vcxproj]
  (compiling source file '/Src/KJx2CityWar.cpp')
  
D:\GAMEDEVNEW\Sources\Core\Src\KJx2CityWar.cpp(224,8): warning C4996: 'sscanf': This function or variable may be unsafe. Consider using sscanf_s instead. To disable deprecation, use _CRT_SECURE_NO_WARNINGS. See online help for details. [D:\GAMEDEVNEW\Sources\Core\Core.vcxproj]
  (compiling source file '/Src/KJx2CityWar.cpp')
  
D:\GAMEDEVNEW\Sources\Core\Src\KJx2CityWar.cpp(242,12): warning C4996: 'fopen': This function or variable may be unsafe. Consider using fopen_s instead. To disable deprecation, use _CRT_SECURE_NO_WARNINGS. See online help for details. [D:\GAMEDEVNEW\Sources\Core\Core.vcxproj]
  (compiling source file '/Src/KJx2CityWar.cpp')
  
D:\GAMEDEVNEW\Sources\Core\Src\KJx2CityWar.cpp(330,5): warning C4996: 'strcpy': This function or variable may be unsafe. Consider using strcpy_s instead. To disable deprecation, use _CRT_SECURE_NO_WARNINGS. See online help for details. [D:\GAMEDEVNEW\Sources\Core\Core.vcxproj]
  (compiling source file '/Src/KJx2CityWar.cpp')
  
D:\GAMEDEVNEW\Sources\Core\Src\KJx2CityWar.cpp(357,11): warning C4996: '_snprintf': This function or variable may be unsafe. Consider using _snprintf_s instead. To disable deprecation, use _CRT_SECURE_NO_WARNINGS. See online help for details. [D:\GAMEDEVNEW\Sources\Core\Core.vcxproj]
  (compiling source file '/Src/KJx2CityWar.cpp')
  
D:\GAMEDEVNEW\Sources\MultiServer\Common\OpaqueUserData.h(57,10): warning C4311: 'reinterpret_cast': pointer truncation from 'void *' to 'unsigned long' [D:\GAMEDEVNEW\Sources\Core\Core.vcxproj]
  (compiling source file '/Src/KJx2CityWar.cpp')
  
D:\GAMEDEVNEW\Sources\MultiServer\Common\OpaqueUserData.h(57,10): warning C4302: 'reinterpret_cast': truncation from 'void *' to 'unsigned long' [D:\GAMEDEVNEW\Sources\Core\Core.vcxproj]
  (compiling source file '/Src/KJx2CityWar.cpp')
  
D:\GAMEDEVNEW\Sources\MultiServer\Common\OpaqueUserData.h(62,15): warning C4312: 'reinterpret_cast': conversion from 'unsigned long' to 'void *' of greater size [D:\GAMEDEVNEW\Sources\Core\Core.vcxproj]
  (compiling source file '/Src/KJx2CityWar.cpp')
  
D:\GAMEDEVNEW\Sources\Core\Src\KJx2CityWar.cpp(542,30): warning C4267: '=': conversion from 'size_t' to 'int', possible loss of data [D:\GAMEDEVNEW\Sources\Core\Core.vcxproj]
  (compiling source file '/Src/KJx2CityWar.cpp')
  
D:\GAMEDEVNEW\Sources\Core\Src\KJx2CityWar.cpp(546,111): warning C4244: '=': conversion from 'unsigned __int64' to 'WORD', possible loss of data [D:\GAMEDEVNEW\Sources\Core\Core.vcxproj]
  (compiling source file '/Src/KJx2CityWar.cpp')
  
D:\GAMEDEVNEW\Sources\Core\Src\KJx2CityWar.cpp(554,97): warning C4267: 'argument': conversion from 'size_t' to 'int', possible loss of data [D:\GAMEDEVNEW\Sources\Core\Core.vcxproj]
  (compiling source file '/Src/KJx2CityWar.cpp')
  
D:\GAMEDEVNEW\Sources\Core\Src\KJx2CityWar.cpp(765,7): warning C4996: 'sscanf': This function or variable may be unsafe. Consider using sscanf_s instead. To disable deprecation, use _CRT_SECURE_NO_WARNINGS. See online help for details. [D:\GAMEDEVNEW\Sources\Core\Core.vcxproj]
  (compiling source file '/Src/KJx2CityWar.cpp')
  
D:\GAMEDEVNEW\Sources\Core\Src\KJx2CityWar.cpp(769,7): warning C4996: 'sscanf': This function or variable may be unsafe. Consider using sscanf_s instead. To disable deprecation, use _CRT_SECURE_NO_WARNINGS. See online help for details. [D:\GAMEDEVNEW\Sources\Core\Core.vcxproj]
  (compiling source file '/Src/KJx2CityWar.cpp')
  
D:\GAMEDEVNEW\Sources\Core\Src\KJx2CityWar.cpp(775,8): warning C4996: 'sscanf': This function or variable may be unsafe. Consider using sscanf_s instead. To disable deprecation, use _CRT_SECURE_NO_WARNINGS. See online help for details. [D:\GAMEDEVNEW\Sources\Core\Core.vcxproj]
  (compiling source file '/Src/KJx2CityWar.cpp')
  
D:\GAMEDEVNEW\Sources\Core\Src\KJx2CityWar.cpp(782,8): warning C4996: 'sscanf': This function or variable may be unsafe. Consider using sscanf_s instead. To disable deprecation, use _CRT_SECURE_NO_WARNINGS. See online help for details. [D:\GAMEDEVNEW\Sources\Core\Core.vcxproj]
  (compiling source file '/Src/KJx2CityWar.cpp')
  
D:\GAMEDEVNEW\Sources\Core\Src\KJx2CityWar.cpp(789,10): warning C4996: 'sscanf': This function or variable may be unsafe. Consider using sscanf_s instead. To disable deprecation, use _CRT_SECURE_NO_WARNINGS. See online help for details. [D:\GAMEDEVNEW\Sources\Core\Core.vcxproj]
  (compiling source file '/Src/KJx2CityWar.cpp')
  
D:\GAMEDEVNEW\Sources\Core\Src\KJx2CityWar.cpp(800,8): warning C4996: 'sscanf': This function or variable may be unsafe. Consider using sscanf_s instead. To disable deprecation, use _CRT_SECURE_NO_WARNINGS. See online help for details. [D:\GAMEDEVNEW\Sources\Core\Core.vcxproj]
  (compiling source file '/Src/KJx2CityWar.cpp')
  
D:\GAMEDEVNEW\Sources\Core\Src\KJx2CityWar.cpp(881,2): warning C4996: 'sprintf': This function or variable may be unsafe. Consider using sprintf_s instead. To disable deprecation, use _CRT_SECURE_NO_WARNINGS. See online help for details. [D:\GAMEDEVNEW\Sources\Core\Core.vcxproj]
  (compiling source file '/Src/KJx2CityWar.cpp')
  
D:\GAMEDEVNEW\Sources\Core\Src\KJx2CityWar.cpp(909,3): warning C4996: 'sprintf': This function or variable may be unsafe. Consider using sprintf_s instead. To disable deprecation, use _CRT_SECURE_NO_WARNINGS. See online help for details. [D:\GAMEDEVNEW\Sources\Core\Core.vcxproj]
  (compiling source file '/Src/KJx2CityWar.cpp')
  
D:\GAMEDEVNEW\Sources\Core\Src\KJx2CityWar.cpp(926,3): warning C4996: 'sprintf': This function or variable may be unsafe. Consider using sprintf_s instead. To disable deprecation, use _CRT_SECURE_NO_WARNINGS. See online help for details. [D:\GAMEDEVNEW\Sources\Core\Core.vcxproj]
  (compiling source file '/Src/KJx2CityWar.cpp')
  
D:\GAMEDEVNEW\Sources\Core\Src\KJx2CityWar.cpp(934,3): warning C4996: 'sprintf': This function or variable may be unsafe. Consider using sprintf_s instead. To disable deprecation, use _CRT_SECURE_NO_WARNINGS. See online help for details. [D:\GAMEDEVNEW\Sources\Core\Core.vcxproj]
  (compiling source file '/Src/KJx2CityWar.cpp')
  
D:\GAMEDEVNEW\Sources\Core\Src\KJx2CityWar.cpp(942,3): warning C4996: 'sprintf': This function or variable may be unsafe. Consider using sprintf_s instead. To disable deprecation, use _CRT_SECURE_NO_WARNINGS. See online help for details. [D:\GAMEDEVNEW\Sources\Core\Core.vcxproj]
  (compiling source file '/Src/KJx2CityWar.cpp')
  
D:\GAMEDEVNEW\Sources\Core\Src\KJx2CityWar.cpp(950,3): warning C4996: 'sprintf': This function or variable may be unsafe. Consider using sprintf_s instead. To disable deprecation, use _CRT_SECURE_NO_WARNINGS. See online help for details. [D:\GAMEDEVNEW\Sources\Core\Core.vcxproj]
  (compiling source file '/Src/KJx2CityWar.cpp')
  
D:\GAMEDEVNEW\Sources\Core\Src\KJx2CityWar.cpp(965,3): warning C4996: 'sprintf': This function or variable may be unsafe. Consider using sprintf_s instead. To disable deprecation, use _CRT_SECURE_NO_WARNINGS. See online help for details. [D:\GAMEDEVNEW\Sources\Core\Core.vcxproj]
  (compiling source file '/Src/KJx2CityWar.cpp')
  
D:\GAMEDEVNEW\Sources\Core\Src\KJx2CityWar.cpp(981,2): warning C4996: 'sprintf': This function or variable may be unsafe. Consider using sprintf_s instead. To disable deprecation, use _CRT_SECURE_NO_WARNINGS. See online help for details. [D:\GAMEDEVNEW\Sources\Core\Core.vcxproj]
  (compiling source file '/Src/KJx2CityWar.cpp')
  
D:\GAMEDEVNEW\Sources\Core\Src\KJx2CityWar.cpp(1016,3): warning C4996: 'sprintf': This function or variable may be unsafe. Consider using sprintf_s instead. To disable deprecation, use _CRT_SECURE_NO_WARNINGS. See online help for details. [D:\GAMEDEVNEW\Sources\Core\Core.vcxproj]
  (compiling source file '/Src/KJx2CityWar.cpp')
  
D:\GAMEDEVNEW\Sources\Core\Src\KJx2CityWar.cpp(1025,2): warning C4996: 'sprintf': This function or variable may be unsafe. Consider using sprintf_s instead. To disable deprecation, use _CRT_SECURE_NO_WARNINGS. See online help for details. [D:\GAMEDEVNEW\Sources\Core\Core.vcxproj]
  (compiling source file '/Src/KJx2CityWar.cpp')
  
D:\GAMEDEVNEW\Sources\Core\Src\KJx2CityWar.cpp(1081,4): warning C4996: 'sprintf': This function or variable may be unsafe. Consider using sprintf_s instead. To disable deprecation, use _CRT_SECURE_NO_WARNINGS. See online help for details. [D:\GAMEDEVNEW\Sources\Core\Core.vcxproj]
  (compiling source file '/Src/KJx2CityWar.cpp')
  
D:\GAMEDEVNEW\Sources\Core\Src\KJx2CityWar.cpp(1090,4): warning C4996: 'sprintf': This function or variable may be unsafe. Consider using sprintf_s instead. To disable deprecation, use _CRT_SECURE_NO_WARNINGS. See online help for details. [D:\GAMEDEVNEW\Sources\Core\Core.vcxproj]
  (compiling source file '/Src/KJx2CityWar.cpp')
  
D:\GAMEDEVNEW\Sources\Core\Src\KJx2CityWar.cpp(1097,3): warning C4996: 'sprintf': This function or variable may be unsafe. Consider using sprintf_s instead. To disable deprecation, use _CRT_SECURE_NO_WARNINGS. See online help for details. [D:\GAMEDEVNEW\Sources\Core\Core.vcxproj]
  (compiling source file '/Src/KJx2CityWar.cpp')
  
D:\GAMEDEVNEW\Sources\Core\Src\KJx2CityWar.cpp(1103,3): warning C4996: 'sprintf': This function or variable may be unsafe. Consider using sprintf_s instead. To disable deprecation, use _CRT_SECURE_NO_WARNINGS. See online help for details. [D:\GAMEDEVNEW\Sources\Core\Core.vcxproj]
  (compiling source file '/Src/KJx2CityWar.cpp')
  
D:\GAMEDEVNEW\Sources\Core\Src\KJx2CityWar.cpp(1109,3): warning C4996: 'sprintf': This function or variable may be unsafe. Consider using sprintf_s instead. To disable deprecation, use _CRT_SECURE_NO_WARNINGS. See online help for details. [D:\GAMEDEVNEW\Sources\Core\Core.vcxproj]
  (compiling source file '/Src/KJx2CityWar.cpp')
  
D:\GAMEDEVNEW\Sources\Core\Src\KJx2CityWar.cpp(1117,2): warning C4996: 'sprintf': This function or variable may be unsafe. Consider using sprintf_s instead. To disable deprecation, use _CRT_SECURE_NO_WARNINGS. See online help for details. [D:\GAMEDEVNEW\Sources\Core\Core.vcxproj]
  (compiling source file '/Src/KJx2CityWar.cpp')
  
D:\GAMEDEVNEW\Sources\Core\Src\KJx2CityWar.cpp(1155,3): warning C4996: 'sprintf': This function or variable may be unsafe. Consider using sprintf_s instead. To disable deprecation, use _CRT_SECURE_NO_WARNINGS. See online help for details. [D:\GAMEDEVNEW\Sources\Core\Core.vcxproj]
  (compiling source file '/Src/KJx2CityWar.cpp')
  
D:\GAMEDEVNEW\Sources\Core\Src\KJx2CityWar.cpp(1168,3): warning C4996: 'sprintf': This function or variable may be unsafe. Consider using sprintf_s instead. To disable deprecation, use _CRT_SECURE_NO_WARNINGS. See online help for details. [D:\GAMEDEVNEW\Sources\Core\Core.vcxproj]
  (compiling source file '/Src/KJx2CityWar.cpp')
  
D:\GAMEDEVNEW\Sources\Core\Src\KJx2CityWar.cpp(1317,5): warning C4996: 'sprintf': This function or variable may be unsafe. Consider using sprintf_s instead. To disable deprecation, use _CRT_SECURE_NO_WARNINGS. See online help for details. [D:\GAMEDEVNEW\Sources\Core\Core.vcxproj]
  (compiling source file '/Src/KJx2CityWar.cpp')
  
D:\GAMEDEVNEW\Sources\Core\Src\KJx2CityWar.cpp(1326,6): warning C4996: 'sprintf': This function or variable may be unsafe. Consider using sprintf_s instead. To disable deprecation, use _CRT_SECURE_NO_WARNINGS. See online help for details. [D:\GAMEDEVNEW\Sources\Core\Core.vcxproj]
  (compiling source file '/Src/KJx2CityWar.cpp')
  
D:\GAMEDEVNEW\Sources\Core\Src\KJx2CityWar.cpp(1328,6): warning C4996: 'sprintf': This function or variable may be unsafe. Consider using sprintf_s instead. To disable deprecation, use _CRT_SECURE_NO_WARNINGS. See online help for details. [D:\GAMEDEVNEW\Sources\Core\Core.vcxproj]
  (compiling source file '/Src/KJx2CityWar.cpp')
  
D:\GAMEDEVNEW\Sources\Core\Src\KJx2CityWar.cpp(1330,6): warning C4996: 'sprintf': This function or variable may be unsafe. Consider using sprintf_s instead. To disable deprecation, use _CRT_SECURE_NO_WARNINGS. See online help for details. [D:\GAMEDEVNEW\Sources\Core\Core.vcxproj]
  (compiling source file '/Src/KJx2CityWar.cpp')
  
D:\GAMEDEVNEW\Sources\Core\Src\KJx2CityWar.cpp(1354,4): warning C4996: 'sprintf': This function or variable may be unsafe. Consider using sprintf_s instead. To disable deprecation, use _CRT_SECURE_NO_WARNINGS. See online help for details. [D:\GAMEDEVNEW\Sources\Core\Core.vcxproj]
  (compiling source file '/Src/KJx2CityWar.cpp')
  
D:\GAMEDEVNEW\Sources\Core\Src\KJx2CityWar.cpp(1359,6): warning C4996: 'sprintf': This function or variable may be unsafe. Consider using sprintf_s instead. To disable deprecation, use _CRT_SECURE_NO_WARNINGS. See online help for details. [D:\GAMEDEVNEW\Sources\Core\Core.vcxproj]
  (compiling source file '/Src/KJx2CityWar.cpp')
  
D:\GAMEDEVNEW\Sources\Core\Src\KJx2CityWar.cpp(1361,6): warning C4996: 'sprintf': This function or variable may be unsafe. Consider using sprintf_s instead. To disable deprecation, use _CRT_SECURE_NO_WARNINGS. See online help for details. [D:\GAMEDEVNEW\Sources\Core\Core.vcxproj]
  (compiling source file '/Src/KJx2CityWar.cpp')
  
D:\GAMEDEVNEW\Sources\Core\Src\KJx2CityWar.cpp(1468,4): warning C4996: 'strcat': This function or variable may be unsafe. Consider using strcat_s instead. To disable deprecation, use _CRT_SECURE_NO_WARNINGS. See online help for details. [D:\GAMEDEVNEW\Sources\Core\Core.vcxproj]
  (compiling source file '/Src/KJx2CityWar.cpp')
  
D:\GAMEDEVNEW\Sources\Core\Src\KJx2CityWar.cpp(1471,4): warning C4996: 'strcat': This function or variable may be unsafe. Consider using strcat_s instead. To disable deprecation, use _CRT_SECURE_NO_WARNINGS. See online help for details. [D:\GAMEDEVNEW\Sources\Core\Core.vcxproj]
  (compiling source file '/Src/KJx2CityWar.cpp')
  
D:\GAMEDEVNEW\Sources\Core\Src\KJx2CityWar.cpp(1460,4): warning C4996: 'sprintf': This function or variable may be unsafe. Consider using sprintf_s instead. To disable deprecation, use _CRT_SECURE_NO_WARNINGS. See online help for details. [D:\GAMEDEVNEW\Sources\Core\Core.vcxproj]
  (compiling source file '/Src/KJx2CityWar.cpp')
  
D:\GAMEDEVNEW\Sources\Core\Src\KJx2CityWar.cpp(1462,4): warning C4996: 'sprintf': This function or variable may be unsafe. Consider using sprintf_s instead. To disable deprecation, use _CRT_SECURE_NO_WARNINGS. See online help for details. [D:\GAMEDEVNEW\Sources\Core\Core.vcxproj]
  (compiling source file '/Src/KJx2CityWar.cpp')
  
D:\GAMEDEVNEW\Sources\Core\Src\KJx2CityWar.cpp(1467,4): warning C4996: 'sprintf': This function or variable may be unsafe. Consider using sprintf_s instead. To disable deprecation, use _CRT_SECURE_NO_WARNINGS. See online help for details. [D:\GAMEDEVNEW\Sources\Core\Core.vcxproj]
  (compiling source file '/Src/KJx2CityWar.cpp')
  
D:\GAMEDEVNEW\Sources\Core\Src\KJx2CityWar.cpp(1757,21): warning C4996: 'localtime': This function or variable may be unsafe. Consider using localtime_s instead. To disable deprecation, use _CRT_SECURE_NO_WARNINGS. See online help for details. [D:\GAMEDEVNEW\Sources\Core\Core.vcxproj]
  (compiling source file '/Src/KJx2CityWar.cpp')
  
  KJx2League.cpp
D:\GAMEDEVNEW\Sources\Core\Src\KJx2League.cpp(78,2): warning C4996: 'strncpy': This function or variable may be unsafe. Consider using strncpy_s instead. To disable deprecation, use _CRT_SECURE_NO_WARNINGS. See online help for details. [D:\GAMEDEVNEW\Sources\Core\Core.vcxproj]
  (compiling source file '/Src/KJx2League.cpp')
  
D:\GAMEDEVNEW\Sources\Core\Src\KJx2League.cpp(129,2): warning C4996: 'sprintf': This function or variable may be unsafe. Consider using sprintf_s instead. To disable deprecation, use _CRT_SECURE_NO_WARNINGS. See online help for details. [D:\GAMEDEVNEW\Sources\Core\Core.vcxproj]
  (compiling source file '/Src/KJx2League.cpp')
  
D:\GAMEDEVNEW\Sources\Core\Src\KJx2League.cpp(147,12): warning C4996: 'fopen': This function or variable may be unsafe. Consider using fopen_s instead. To disable deprecation, use _CRT_SECURE_NO_WARNINGS. See online help for details. [D:\GAMEDEVNEW\Sources\Core\Core.vcxproj]
  (compiling source file '/Src/KJx2League.cpp')
  
D:\GAMEDEVNEW\Sources\Core\Src\KJx2League.cpp(159,8): warning C4996: 'sscanf': This function or variable may be unsafe. Consider using sscanf_s instead. To disable deprecation, use _CRT_SECURE_NO_WARNINGS. See online help for details. [D:\GAMEDEVNEW\Sources\Core\Core.vcxproj]
  (compiling source file '/Src/KJx2League.cpp')
  
D:\GAMEDEVNEW\Sources\Core\Src\KJx2League.cpp(179,8): warning C4996: 'sscanf': This function or variable may be unsafe. Consider using sscanf_s instead. To disable deprecation, use _CRT_SECURE_NO_WARNINGS. See online help for details. [D:\GAMEDEVNEW\Sources\Core\Core.vcxproj]
  (compiling source file '/Src/KJx2League.cpp')
  
D:\GAMEDEVNEW\Sources\Core\Src\KJx2League.cpp(191,8): warning C4996: 'sscanf': This function or variable may be unsafe. Consider using sscanf_s instead. To disable deprecation, use _CRT_SECURE_NO_WARNINGS. See online help for details. [D:\GAMEDEVNEW\Sources\Core\Core.vcxproj]
  (compiling source file '/Src/KJx2League.cpp')
  
D:\GAMEDEVNEW\Sources\Core\Src\KJx2League.cpp(197,8): warning C4996: 'sscanf': This function or variable may be unsafe. Consider using sscanf_s instead. To disable deprecation, use _CRT_SECURE_NO_WARNINGS. See online help for details. [D:\GAMEDEVNEW\Sources\Core\Core.vcxproj]
  (compiling source file '/Src/KJx2League.cpp')
  
D:\GAMEDEVNEW\Sources\Core\Src\KJx2League.cpp(209,12): warning C4996: 'fopen': This function or variable may be unsafe. Consider using fopen_s instead. To disable deprecation, use _CRT_SECURE_NO_WARNINGS. See online help for details. [D:\GAMEDEVNEW\Sources\Core\Core.vcxproj]
  (compiling source file '/Src/KJx2League.cpp')
  
D:\GAMEDEVNEW\Sources\Core\Src\KJx2League.cpp(1074,2): warning C4996: 'strncpy': This function or variable may be unsafe. Consider using strncpy_s instead. To disable deprecation, use _CRT_SECURE_NO_WARNINGS. See online help for details. [D:\GAMEDEVNEW\Sources\Core\Core.vcxproj]
  (compiling source file '/Src/KJx2League.cpp')
  
D:\GAMEDEVNEW\Sources\Core\Src\KJx2League.cpp(1190,4): warning C4996: 'sprintf': This function or variable may be unsafe. Consider using sprintf_s instead. To disable deprecation, use _CRT_SECURE_NO_WARNINGS. See online help for details. [D:\GAMEDEVNEW\Sources\Core\Core.vcxproj]
  (compiling source file '/Src/KJx2League.cpp')
  
D:\GAMEDEVNEW\Sources\Core\Src\KJx2League.cpp(1369,19): warning C4996: 'localtime': This function or variable may be unsafe. Consider using localtime_s instead. To disable deprecation, use _CRT_SECURE_NO_WARNINGS. See online help for details. [D:\GAMEDEVNEW\Sources\Core\Core.vcxproj]
  (compiling source file '/Src/KJx2League.cpp')
  
  KJx2SharedStore.cpp
D:\GAMEDEVNEW\Sources\Core\Src\KJx2SharedStore.cpp(134,4): warning C4996: 'strcat': This function or variable may be unsafe. Consider using strcat_s instead. To disable deprecation, use _CRT_SECURE_NO_WARNINGS. See online help for details. [D:\GAMEDEVNEW\Sources\Core\Core.vcxproj]
  (compiling source file '/Src/KJx2SharedStore.cpp')
  
D:\GAMEDEVNEW\Sources\Core\Src\KJx2SharedStore.cpp(135,4): warning C4996: 'strcat': This function or variable may be unsafe. Consider using strcat_s instead. To disable deprecation, use _CRT_SECURE_NO_WARNINGS. See online help for details. [D:\GAMEDEVNEW\Sources\Core\Core.vcxproj]
  (compiling source file '/Src/KJx2SharedStore.cpp')
  
D:\GAMEDEVNEW\Sources\Core\Src\KJx2SharedStore.cpp(115,2): warning C4996: 'strncpy': This function or variable may be unsafe. Consider using strncpy_s instead. To disable deprecation, use _CRT_SECURE_NO_WARNINGS. See online help for details. [D:\GAMEDEVNEW\Sources\Core\Core.vcxproj]
  (compiling source file '/Src/KJx2SharedStore.cpp')
  
D:\GAMEDEVNEW\Sources\Core\Src\KJx2SharedStore.cpp(152,2): warning C4996: 'sprintf': This function or variable may be unsafe. Consider using sprintf_s instead. To disable deprecation, use _CRT_SECURE_NO_WARNINGS. See online help for details. [D:\GAMEDEVNEW\Sources\Core\Core.vcxproj]
  (compiling source file '/Src/KJx2SharedStore.cpp')
  
D:\GAMEDEVNEW\Sources\Core\Src\KJx2SharedStore.cpp(160,3): warning C4996: 'sprintf': This function or variable may be unsafe. Consider using sprintf_s instead. To disable deprecation, use _CRT_SECURE_NO_WARNINGS. See online help for details. [D:\GAMEDEVNEW\Sources\Core\Core.vcxproj]
  (compiling source file '/Src/KJx2SharedStore.cpp')
  
D:\GAMEDEVNEW\Sources\Core\Src\KJx2SharedStore.cpp(197,2): warning C4996: 'sprintf': This function or variable may be unsafe. Consider using sprintf_s instead. To disable deprecation, use _CRT_SECURE_NO_WARNINGS. See online help for details. [D:\GAMEDEVNEW\Sources\Core\Core.vcxproj]
  (compiling source file '/Src/KJx2SharedStore.cpp')
  
D:\GAMEDEVNEW\Sources\Core\Src\KJx2SharedStore.cpp(199,2): warning C4996: 'sprintf': This function or variable may be unsafe. Consider using sprintf_s instead. To disable deprecation, use _CRT_SECURE_NO_WARNINGS. See online help for details. [D:\GAMEDEVNEW\Sources\Core\Core.vcxproj]
  (compiling source file '/Src/KJx2SharedStore.cpp')
  
D:\GAMEDEVNEW\Sources\Core\Src\KJx2SharedStore.cpp(221,12): warning C4996: 'fopen': This function or variable may be unsafe. Consider using fopen_s instead. To disable deprecation, use _CRT_SECURE_NO_WARNINGS. See online help for details. [D:\GAMEDEVNEW\Sources\Core\Core.vcxproj]
  (compiling source file '/Src/KJx2SharedStore.cpp')
  
D:\GAMEDEVNEW\Sources\Core\Src\KJx2SharedStore.cpp(255,12): warning C4996: 'fopen': This function or variable may be unsafe. Consider using fopen_s instead. To disable deprecation, use _CRT_SECURE_NO_WARNINGS. See online help for details. [D:\GAMEDEVNEW\Sources\Core\Core.vcxproj]
  (compiling source file '/Src/KJx2SharedStore.cpp')
  
D:\GAMEDEVNEW\Sources\Core\Src\KJx2SharedStore.cpp(452,2): warning C4996: 'sprintf': This function or variable may be unsafe. Consider using sprintf_s instead. To disable deprecation, use _CRT_SECURE_NO_WARNINGS. See online help for details. [D:\GAMEDEVNEW\Sources\Core\Core.vcxproj]
  (compiling source file '/Src/KJx2SharedStore.cpp')
  
D:\GAMEDEVNEW\Sources\Core\Src\KJx2SharedStore.cpp(462,12): warning C4996: 'fopen': This function or variable may be unsafe. Consider using fopen_s instead. To disable deprecation, use _CRT_SECURE_NO_WARNINGS. See online help for details. [D:\GAMEDEVNEW\Sources\Core\Core.vcxproj]
  (compiling source file '/Src/KJx2SharedStore.cpp')
  
D:\GAMEDEVNEW\Sources\Core\Src\KJx2SharedStore.cpp(480,8): warning C4996: 'sscanf': This function or variable may be unsafe. Consider using sscanf_s instead. To disable deprecation, use _CRT_SECURE_NO_WARNINGS. See online help for details. [D:\GAMEDEVNEW\Sources\Core\Core.vcxproj]
  (compiling source file '/Src/KJx2SharedStore.cpp')
  
D:\GAMEDEVNEW\Sources\Core\Src\KJx2SharedStore.cpp(492,6): warning C4996: 'strncpy': This function or variable may be unsafe. Consider using strncpy_s instead. To disable deprecation, use _CRT_SECURE_NO_WARNINGS. See online help for details. [D:\GAMEDEVNEW\Sources\Core\Core.vcxproj]
  (compiling source file '/Src/KJx2SharedStore.cpp')
  
D:\GAMEDEVNEW\Sources\Core\Src\KJx2SharedStore.cpp(507,12): warning C4996: 'fopen': This function or variable may be unsafe. Consider using fopen_s instead. To disable deprecation, use _CRT_SECURE_NO_WARNINGS. See online help for details. [D:\GAMEDEVNEW\Sources\Core\Core.vcxproj]
  (compiling source file '/Src/KJx2SharedStore.cpp')
  
D:\GAMEDEVNEW\Sources\Core\Src\KJx2SharedStore.cpp(543,2): warning C4996: 'strncpy': This function or variable may be unsafe. Consider using strncpy_s instead. To disable deprecation, use _CRT_SECURE_NO_WARNINGS. See online help for details. [D:\GAMEDEVNEW\Sources\Core\Core.vcxproj]
  (compiling source file '/Src/KJx2SharedStore.cpp')
  
  Generating Code...
D:\GAMEDEVNEW\Sources\Core\Src\KItem.h(173,1): warning C4715: 'KItem::GetLine': not all control paths return a value [D:\GAMEDEVNEW\Sources\Core\Core.vcxproj]
  Compiling...
  KJx2Title.cpp
D:\GAMEDEVNEW\Sources\Core\Src\KPlayer.h(95,1): warning C5208: unnamed class used in typedef name cannot declare members other than non-static data members, member enumerations, or member classes [D:\GAMEDEVNEW\Sources\Core\Core.vcxproj]
  (compiling source file '/Src/KJx2Title.cpp')
  
D:\GAMEDEVNEW\Sources\Core\Src\KJx2Title.cpp(64,2): warning C4996: 'strncpy': This function or variable may be unsafe. Consider using strncpy_s instead. To disable deprecation, use _CRT_SECURE_NO_WARNINGS. See online help for details. [D:\GAMEDEVNEW\Sources\Core\Core.vcxproj]
  (compiling source file '/Src/KJx2Title.cpp')
  
D:\GAMEDEVNEW\Sources\Core\Src\KJx2Title.cpp(75,2): warning C4996: 'sprintf': This function or variable may be unsafe. Consider using sprintf_s instead. To disable deprecation, use _CRT_SECURE_NO_WARNINGS. See online help for details. [D:\GAMEDEVNEW\Sources\Core\Core.vcxproj]
  (compiling source file '/Src/KJx2Title.cpp')
  
D:\GAMEDEVNEW\Sources\Core\Src\KJx2Title.cpp(76,12): warning C4996: 'fopen': This function or variable may be unsafe. Consider using fopen_s instead. To disable deprecation, use _CRT_SECURE_NO_WARNINGS. See online help for details. [D:\GAMEDEVNEW\Sources\Core\Core.vcxproj]
  (compiling source file '/Src/KJx2Title.cpp')
  
D:\GAMEDEVNEW\Sources\Core\Src\KJx2Title.cpp(146,20): warning C4996: 'localtime': This function or variable may be unsafe. Consider using localtime_s instead. To disable deprecation, use _CRT_SECURE_NO_WARNINGS. See online help for details. [D:\GAMEDEVNEW\Sources\Core\Core.vcxproj]
  (compiling source file '/Src/KJx2Title.cpp')
  
  KJx2WarInfra.cpp
D:\GAMEDEVNEW\Sources\Core\Src\KPlayer.h(95,1): warning C5208: unnamed class used in typedef name cannot declare members other than non-static data members, member enumerations, or member classes [D:\GAMEDEVNEW\Sources\Core\Core.vcxproj]
  (compiling source file '/Src/KJx2WarInfra.cpp')
  
D:\GAMEDEVNEW\Sources\Core\Src\KJx2WarInfra.cpp(38,2): warning C4996: 'strncpy': This function or variable may be unsafe. Consider using strncpy_s instead. To disable deprecation, use _CRT_SECURE_NO_WARNINGS. See online help for details. [D:\GAMEDEVNEW\Sources\Core\Core.vcxproj]
  (compiling source file '/Src/KJx2WarInfra.cpp')
  
D:\GAMEDEVNEW\Sources\Core\Src\KJx2WarInfra.cpp(810,2): warning C4996: 'strncpy': This function or variable may be unsafe. Consider using strncpy_s instead. To disable deprecation, use _CRT_SECURE_NO_WARNINGS. See online help for details. [D:\GAMEDEVNEW\Sources\Core\Core.vcxproj]
  (compiling source file '/Src/KJx2WarInfra.cpp')
  
D:\GAMEDEVNEW\Sources\Core\Src\KJx2WarInfra.cpp(912,4): warning C4996: 'strncpy': This function or variable may be unsafe. Consider using strncpy_s instead. To disable deprecation, use _CRT_SECURE_NO_WARNINGS. See online help for details. [D:\GAMEDEVNEW\Sources\Core\Core.vcxproj]
  (compiling source file '/Src/KJx2WarInfra.cpp')
  
  KLadder.cpp
  KLittleMap.cpp
  KMagicDesc.cpp
D:\GAMEDEVNEW\Sources\Core\Src\KMagicDesc.cpp(404,5): warning C4996: 'strcat': This function or variable may be unsafe. Consider using strcat_s instead. To disable deprecation, use _CRT_SECURE_NO_WARNINGS. See online help for details. [D:\GAMEDEVNEW\Sources\Core\Core.vcxproj]
  (compiling source file '/Src/KMagicDesc.cpp')
  
D:\GAMEDEVNEW\Sources\Core\Src\KMagicDesc.cpp(405,16): warning C4267: '+=': conversion from 'size_t' to 'int', possible loss of data [D:\GAMEDEVNEW\Sources\Core\Core.vcxproj]
  (compiling source file '/Src/KMagicDesc.cpp')
  
D:\GAMEDEVNEW\Sources\Core\Src\KMagicDesc.cpp(411,6): warning C4996: 'strcat': This function or variable may be unsafe. Consider using strcat_s instead. To disable deprecation, use _CRT_SECURE_NO_WARNINGS. See online help for details. [D:\GAMEDEVNEW\Sources\Core\Core.vcxproj]
  (compiling source file '/Src/KMagicDesc.cpp')
  
D:\GAMEDEVNEW\Sources\Core\Src\KMagicDesc.cpp(414,6): warning C4996: 'strcat': This function or variable may be unsafe. Consider using strcat_s instead. To disable deprecation, use _CRT_SECURE_NO_WARNINGS. See online help for details. [D:\GAMEDEVNEW\Sources\Core\Core.vcxproj]
  (compiling source file '/Src/KMagicDesc.cpp')
  
D:\GAMEDEVNEW\Sources\Core\Src\KMagicDesc.cpp(417,6): warning C4996: 'strcat': This function or variable may be unsafe. Consider using strcat_s instead. To disable deprecation, use _CRT_SECURE_NO_WARNINGS. See online help for details. [D:\GAMEDEVNEW\Sources\Core\Core.vcxproj]
  (compiling source file '/Src/KMagicDesc.cpp')
  
D:\GAMEDEVNEW\Sources\Core\Src\KMagicDesc.cpp(420,6): warning C4996: 'strcat': This function or variable may be unsafe. Consider using strcat_s instead. To disable deprecation, use _CRT_SECURE_NO_WARNINGS. See online help for details. [D:\GAMEDEVNEW\Sources\Core\Core.vcxproj]
  (compiling source file '/Src/KMagicDesc.cpp')
  
D:\GAMEDEVNEW\Sources\Core\Src\KMagicDesc.cpp(423,6): warning C4996: 'strcat': This function or variable may be unsafe. Consider using strcat_s instead. To disable deprecation, use _CRT_SECURE_NO_WARNINGS. See online help for details. [D:\GAMEDEVNEW\Sources\Core\Core.vcxproj]
  (compiling source file '/Src/KMagicDesc.cpp')
  
D:\GAMEDEVNEW\Sources\Core\Src\KMagicDesc.cpp(426,6): warning C4996: 'strcat': This function or variable may be unsafe. Consider using strcat_s instead. To disable deprecation, use _CRT_SECURE_NO_WARNINGS. See online help for details. [D:\GAMEDEVNEW\Sources\Core\Core.vcxproj]
  (compiling source file '/Src/KMagicDesc.cpp')
  
D:\GAMEDEVNEW\Sources\Core\Src\KMagicDesc.cpp(435,6): warning C4996: 'strcat': This function or variable may be unsafe. Consider using strcat_s instead. To disable deprecation, use _CRT_SECURE_NO_WARNINGS. See online help for details. [D:\GAMEDEVNEW\Sources\Core\Core.vcxproj]
  (compiling source file '/Src/KMagicDesc.cpp')
  
D:\GAMEDEVNEW\Sources\Core\Src\KMagicDesc.cpp(438,6): warning C4996: 'strcat': This function or variable may be unsafe. Consider using strcat_s instead. To disable deprecation, use _CRT_SECURE_NO_WARNINGS. See online help for details. [D:\GAMEDEVNEW\Sources\Core\Core.vcxproj]
  (compiling source file '/Src/KMagicDesc.cpp')
  
D:\GAMEDEVNEW\Sources\Core\Src\KMagicDesc.cpp(441,6): warning C4996: 'strcat': This function or variable may be unsafe. Consider using strcat_s instead. To disable deprecation, use _CRT_SECURE_NO_WARNINGS. See online help for details. [D:\GAMEDEVNEW\Sources\Core\Core.vcxproj]
  (compiling source file '/Src/KMagicDesc.cpp')
  
D:\GAMEDEVNEW\Sources\Core\Src\KMagicDesc.cpp(444,6): warning C4996: 'strcat': This function or variable may be unsafe. Consider using strcat_s instead. To disable deprecation, use _CRT_SECURE_NO_WARNINGS. See online help for details. [D:\GAMEDEVNEW\Sources\Core\Core.vcxproj]
  (compiling source file '/Src/KMagicDesc.cpp')
  
D:\GAMEDEVNEW\Sources\Core\Src\KMagicDesc.cpp(447,6): warning C4996: 'strcat': This function or variable may be unsafe. Consider using strcat_s instead. To disable deprecation, use _CRT_SECURE_NO_WARNINGS. See online help for details. [D:\GAMEDEVNEW\Sources\Core\Core.vcxproj]
  (compiling source file '/Src/KMagicDesc.cpp')
  
D:\GAMEDEVNEW\Sources\Core\Src\KMagicDesc.cpp(459,8): warning C4996: 'strcat': This function or variable may be unsafe. Consider using strcat_s instead. To disable deprecation, use _CRT_SECURE_NO_WARNINGS. See online help for details. [D:\GAMEDEVNEW\Sources\Core\Core.vcxproj]
  (compiling source file '/Src/KMagicDesc.cpp')
  
D:\GAMEDEVNEW\Sources\Core\Src\KMagicDesc.cpp(465,8): warning C4996: 'strcat': This function or variable may be unsafe. Consider using strcat_s instead. To disable deprecation, use _CRT_SECURE_NO_WARNINGS. See online help for details. [D:\GAMEDEVNEW\Sources\Core\Core.vcxproj]
  (compiling source file '/Src/KMagicDesc.cpp')
  
D:\GAMEDEVNEW\Sources\Core\Src\KMagicDesc.cpp(472,8): warning C4996: 'strcat': This function or variable may be unsafe. Consider using strcat_s instead. To disable deprecation, use _CRT_SECURE_NO_WARNINGS. See online help for details. [D:\GAMEDEVNEW\Sources\Core\Core.vcxproj]
  (compiling source file '/Src/KMagicDesc.cpp')
  
D:\GAMEDEVNEW\Sources\Core\Src\KMagicDesc.cpp(481,6): warning C4996: 'strcat': This function or variable may be unsafe. Consider using strcat_s instead. To disable deprecation, use _CRT_SECURE_NO_WARNINGS. See online help for details. [D:\GAMEDEVNEW\Sources\Core\Core.vcxproj]
  (compiling source file '/Src/KMagicDesc.cpp')
  
D:\GAMEDEVNEW\Sources\Core\Src\KMagicDesc.cpp(482,17): warning C4267: '+=': conversion from 'size_t' to 'int', possible loss of data [D:\GAMEDEVNEW\Sources\Core\Core.vcxproj]
  (compiling source file '/Src/KMagicDesc.cpp')
  
D:\GAMEDEVNEW\Sources\Core\Src\KMagicDesc.cpp(499,6): warning C4996: 'strcat': This function or variable may be unsafe. Consider using strcat_s instead. To disable deprecation, use _CRT_SECURE_NO_WARNINGS. See online help for details. [D:\GAMEDEVNEW\Sources\Core\Core.vcxproj]
  (compiling source file '/Src/KMagicDesc.cpp')
  
D:\GAMEDEVNEW\Sources\Core\Src\KMagicDesc.cpp(500,17): warning C4267: '+=': conversion from 'size_t' to 'int', possible loss of data [D:\GAMEDEVNEW\Sources\Core\Core.vcxproj]
  (compiling source file '/Src/KMagicDesc.cpp')
  
D:\GAMEDEVNEW\Sources\Core\Src\KMagicDesc.cpp(506,6): warning C4996: 'strcat': This function or variable may be unsafe. Consider using strcat_s instead. To disable deprecation, use _CRT_SECURE_NO_WARNINGS. See online help for details. [D:\GAMEDEVNEW\Sources\Core\Core.vcxproj]
  (compiling source file '/Src/KMagicDesc.cpp')
  
D:\GAMEDEVNEW\Sources\Core\Src\KMagicDesc.cpp(507,17): warning C4267: '+=': conversion from 'size_t' to 'int', possible loss of data [D:\GAMEDEVNEW\Sources\Core\Core.vcxproj]
  (compiling source file '/Src/KMagicDesc.cpp')
  
D:\GAMEDEVNEW\Sources\Core\Src\KMagicDesc.cpp(512,6): warning C4996: 'strcat': This function or variable may be unsafe. Consider using strcat_s instead. To disable deprecation, use _CRT_SECURE_NO_WARNINGS. See online help for details. [D:\GAMEDEVNEW\Sources\Core\Core.vcxproj]
  (compiling source file '/Src/KMagicDesc.cpp')
  
D:\GAMEDEVNEW\Sources\Core\Src\KMagicDesc.cpp(517,6): warning C4996: 'strcat': This function or variable may be unsafe. Consider using strcat_s instead. To disable deprecation, use _CRT_SECURE_NO_WARNINGS. See online help for details. [D:\GAMEDEVNEW\Sources\Core\Core.vcxproj]
  (compiling source file '/Src/KMagicDesc.cpp')
  
D:\GAMEDEVNEW\Sources\Core\Src\KMagicDesc.cpp(527,7): warning C4996: 'strcpy': This function or variable may be unsafe. Consider using strcpy_s instead. To disable deprecation, use _CRT_SECURE_NO_WARNINGS. See online help for details. [D:\GAMEDEVNEW\Sources\Core\Core.vcxproj]
  (compiling source file '/Src/KMagicDesc.cpp')
  
D:\GAMEDEVNEW\Sources\Core\Src\KMagicDesc.cpp(530,7): warning C4996: 'strcpy': This function or variable may be unsafe. Consider using strcpy_s instead. To disable deprecation, use _CRT_SECURE_NO_WARNINGS. See online help for details. [D:\GAMEDEVNEW\Sources\Core\Core.vcxproj]
  (compiling source file '/Src/KMagicDesc.cpp')
  
D:\GAMEDEVNEW\Sources\Core\Src\KMagicDesc.cpp(533,6): warning C4996: 'strcat': This function or variable may be unsafe. Consider using strcat_s instead. To disable deprecation, use _CRT_SECURE_NO_WARNINGS. See online help for details. [D:\GAMEDEVNEW\Sources\Core\Core.vcxproj]
  (compiling source file '/Src/KMagicDesc.cpp')
  
D:\GAMEDEVNEW\Sources\Core\Src\KMagicDesc.cpp(534,17): warning C4267: '+=': conversion from 'size_t' to 'int', possible loss of data [D:\GAMEDEVNEW\Sources\Core\Core.vcxproj]
  (compiling source file '/Src/KMagicDesc.cpp')
  
D:\GAMEDEVNEW\Sources\Core\Src\KMagicDesc.cpp(543,6): warning C4996: 'strcat': This function or variable may be unsafe. Consider using strcat_s instead. To disable deprecation, use _CRT_SECURE_NO_WARNINGS. See online help for details. [D:\GAMEDEVNEW\Sources\Core\Core.vcxproj]
  (compiling source file '/Src/KMagicDesc.cpp')
  
D:\GAMEDEVNEW\Sources\Core\Src\KMagicDesc.cpp(544,17): warning C4267: '+=': conversion from 'size_t' to 'int', possible loss of data [D:\GAMEDEVNEW\Sources\Core\Core.vcxproj]
  (compiling source file '/Src/KMagicDesc.cpp')
  
D:\GAMEDEVNEW\Sources\Core\Src\KMagicDesc.cpp(480,6): warning C4996: 'sprintf': This function or variable may be unsafe. Consider using sprintf_s instead. To disable deprecation, use _CRT_SECURE_NO_WARNINGS. See online help for details. [D:\GAMEDEVNEW\Sources\Core\Core.vcxproj]
  (compiling source file '/Src/KMagicDesc.cpp')
  
D:\GAMEDEVNEW\Sources\Core\Src\KMagicDesc.cpp(493,8): warning C4996: 'sprintf': This function or variable may be unsafe. Consider using sprintf_s instead. To disable deprecation, use _CRT_SECURE_NO_WARNINGS. See online help for details. [D:\GAMEDEVNEW\Sources\Core\Core.vcxproj]
  (compiling source file '/Src/KMagicDesc.cpp')
  
D:\GAMEDEVNEW\Sources\Core\Src\KMagicDesc.cpp(497,7): warning C4996: 'sprintf': This function or variable may be unsafe. Consider using sprintf_s instead. To disable deprecation, use _CRT_SECURE_NO_WARNINGS. See online help for details. [D:\GAMEDEVNEW\Sources\Core\Core.vcxproj]
  (compiling source file '/Src/KMagicDesc.cpp')
  
D:\GAMEDEVNEW\Sources\Core\Src\KMagicDesc.cpp(505,6): warning C4996: 'sprintf': This function or variable may be unsafe. Consider using sprintf_s instead. To disable deprecation, use _CRT_SECURE_NO_WARNINGS. See online help for details. [D:\GAMEDEVNEW\Sources\Core\Core.vcxproj]
  (compiling source file '/Src/KMagicDesc.cpp')
  
D:\GAMEDEVNEW\Sources\Core\Src\KMagicDesc.cpp(540,6): warning C4996: 'itoa': The POSIX name for this item is deprecated. Instead, use the ISO C and C++ conformant name: _itoa. See online help for details. [D:\GAMEDEVNEW\Sources\Core\Core.vcxproj]
  (compiling source file '/Src/KMagicDesc.cpp')
  
  KMapMusic.cpp
  KMath.cpp
  KMission.cpp
D:\GAMEDEVNEW\Sources\Core\Src\KPlayer.h(95,1): warning C5208: unnamed class used in typedef name cannot declare members other than non-static data members, member enumerations, or member classes [D:\GAMEDEVNEW\Sources\Core\Core.vcxproj]
  (compiling source file '/Src/KMission.cpp')
  
D:\GAMEDEVNEW\Sources\Core\Src\KMission.cpp(40,2): warning C4996: 'strcpy': This function or variable may be unsafe. Consider using strcpy_s instead. To disable deprecation, use _CRT_SECURE_NO_WARNINGS. See online help for details. [D:\GAMEDEVNEW\Sources\Core\Core.vcxproj]
  (compiling source file '/Src/KMission.cpp')
  
D:\GAMEDEVNEW\Sources\Core\Src\KMission.cpp(346,2): warning C4996: 'strcpy': This function or variable may be unsafe. Consider using strcpy_s instead. To disable deprecation, use _CRT_SECURE_NO_WARNINGS. See online help for details. [D:\GAMEDEVNEW\Sources\Core\Core.vcxproj]
  (compiling source file '/Src/KMission.cpp')
  
D:\GAMEDEVNEW\Sources\Core\Src\KMission.cpp(358,5): warning C4996: 'strcpy': This function or variable may be unsafe. Consider using strcpy_s instead. To disable deprecation, use _CRT_SECURE_NO_WARNINGS. See online help for details. [D:\GAMEDEVNEW\Sources\Core\Core.vcxproj]
  (compiling source file '/Src/KMission.cpp')
  
D:\GAMEDEVNEW\Sources\Core\Src\KMissionArray.h(124,21): warning C4018: '<': signed/unsigned mismatch [D:\GAMEDEVNEW\Sources\Core\Core.vcxproj]
  (compiling source file '/Src/KMission.cpp')
      D:\GAMEDEVNEW\Sources\Core\Src\KMissionArray.h(124,21):
      the template instantiation context (the oldest one first) is
          D:\GAMEDEVNEW\Sources\Core\Src\KMission.h(134,21):
          see reference to class template instantiation 'KTimerFunArray<KTimerTaskFun,10,int g_MissionTimerCallBackFun(void *,char *)>' being compiled
          D:\GAMEDEVNEW\Sources\Core\Src\KMissionArray.h(117,7):
          while compiling class template member function 'BOOL KTimerFunArray<KTimerTaskFun,10,int g_MissionTimerCallBackFun(void *,char *)>::Activate(void)'
              D:\GAMEDEVNEW\Sources\Core\Src\KMission.cpp(69,26):
              see the first reference to 'KTimerFunArray<KTimerTaskFun,10,int g_MissionTimerCallBackFun(void *,char *)>::Activate' in 'KMission::Activate'
  
D:\GAMEDEVNEW\Sources\Core\Src\KLinkArrayTemplate.h(139,24): warning C4267: 'return': conversion from 'size_t' to 'unsigned long', possible loss of data [D:\GAMEDEVNEW\Sources\Core\Core.vcxproj]
  (compiling source file '/Src/KMission.cpp')
      D:\GAMEDEVNEW\Sources\Core\Src\KLinkArrayTemplate.h(139,24):
      the template instantiation context (the oldest one first) is
          D:\GAMEDEVNEW\Sources\Core\Src\KMissionArray.h(113,30):
          see reference to class template instantiation 'KLinkArrayTemplate<T,10>' being compiled
          with
          [
              T=KTimerTaskFun
          ]
          D:\GAMEDEVNEW\Sources\Core\Src\KLinkArrayTemplate.h(136,16):
          while compiling class template member function 'unsigned long KLinkArrayTemplate<T,10>::GetUsedCount(void) const'
          with
          [
              T=KTimerTaskFun
          ]
              D:\GAMEDEVNEW\Sources\Core\Src\KMissionArray.h(119,31):
              see the first reference to 'KLinkArrayTemplate<T,10>::GetUsedCount' in 'KTimerFunArray<KTimerTaskFun,10,int g_MissionTimerCallBackFun(void *,char *)>::Activate'
          with
          [
              T=KTimerTaskFun
          ]
              D:\GAMEDEVNEW\Sources\Core\Src\KMission.cpp(69,26):
              see the first reference to 'KTimerFunArray<KTimerTaskFun,10,int g_MissionTimerCallBackFun(void *,char *)>::Activate' in 'KMission::Activate'
  
  KMissle.cpp
D:\GAMEDEVNEW\Sources\Core\Src\KPlayer.h(95,1): warning C5208: unnamed class used in typedef name cannot declare members other than non-static data members, member enumerations, or member classes [D:\GAMEDEVNEW\Sources\Core\Core.vcxproj]
  (compiling source file '/Src/KMissle.cpp')
  
D:\GAMEDEVNEW\Sources\Core\Src\KMissle.cpp(1193,2): warning C4996: 'strcpy': This function or variable may be unsafe. Consider using strcpy_s instead. To disable deprecation, use _CRT_SECURE_NO_WARNINGS. See online help for details. [D:\GAMEDEVNEW\Sources\Core\Core.vcxproj]
  (compiling source file '/Src/KMissle.cpp')
  
D:\GAMEDEVNEW\Sources\Core\Src\KMissle.cpp(1486,29): warning C4018: '>': signed/unsigned mismatch [D:\GAMEDEVNEW\Sources\Core\Core.vcxproj]
  (compiling source file '/Src/KMissle.cpp')
  
  KMissleRes.cpp
D:\GAMEDEVNEW\Sources\Core\Src\KPlayer.h(95,1): warning C5208: unnamed class used in typedef name cannot declare members other than non-static data members, member enumerations, or member classes [D:\GAMEDEVNEW\Sources\Core\Core.vcxproj]
  (compiling source file '/Src/KMissleRes.cpp')
  
  KMissleSet.cpp
  KNewProtocolProcess.cpp
D:\GAMEDEVNEW\Sources\MultiServer\Common\OpaqueUserData.h(57,10): warning C4311: 'reinterpret_cast': pointer truncation from 'void *' to 'unsigned long' [D:\GAMEDEVNEW\Sources\Core\Core.vcxproj]
  (compiling source file '/Src/KNewProtocolProcess.cpp')
  
D:\GAMEDEVNEW\Sources\MultiServer\Common\OpaqueUserData.h(57,10): warning C4302: 'reinterpret_cast': truncation from 'void *' to 'unsigned long' [D:\GAMEDEVNEW\Sources\Core\Core.vcxproj]
  (compiling source file '/Src/KNewProtocolProcess.cpp')
  
D:\GAMEDEVNEW\Sources\MultiServer\Common\OpaqueUserData.h(62,15): warning C4312: 'reinterpret_cast': conversion from 'unsigned long' to 'void *' of greater size [D:\GAMEDEVNEW\Sources\Core\Core.vcxproj]
  (compiling source file '/Src/KNewProtocolProcess.cpp')
  
D:\GAMEDEVNEW\Sources\Core\Src\KPlayer.h(95,1): warning C5208: unnamed class used in typedef name cannot declare members other than non-static data members, member enumerations, or member classes [D:\GAMEDEVNEW\Sources\Core\Core.vcxproj]
  (compiling source file '/Src/KNewProtocolProcess.cpp')
  
D:\GAMEDEVNEW\Sources\Core\Src\KNewProtocolProcess.cpp(163,28): warning C4267: '=': conversion from 'size_t' to 'WORD', possible loss of data [D:\GAMEDEVNEW\Sources\Core\Core.vcxproj]
  (compiling source file '/Src/KNewProtocolProcess.cpp')
  
D:\GAMEDEVNEW\Sources\Core\Src\KNewProtocolProcess.cpp(215,32): warning C4267: '=': conversion from 'size_t' to 'WORD', possible loss of data [D:\GAMEDEVNEW\Sources\Core\Core.vcxproj]
  (compiling source file '/Src/KNewProtocolProcess.cpp')
  
D:\GAMEDEVNEW\Sources\Core\Src\KNewProtocolProcess.cpp(237,32): warning C4267: '=': conversion from 'size_t' to 'WORD', possible loss of data [D:\GAMEDEVNEW\Sources\Core\Core.vcxproj]
  (compiling source file '/Src/KNewProtocolProcess.cpp')
  
  KNpc.cpp
D:\GAMEDEVNEW\Sources\Core\Src\KPlayer.h(95,1): warning C5208: unnamed class used in typedef name cannot declare members other than non-static data members, member enumerations, or member classes [D:\GAMEDEVNEW\Sources\Core\Core.vcxproj]
  (compiling source file '/Src/KNpc.cpp')
  
D:\GAMEDEVNEW\Sources\Core\Src\KNpc.cpp(1550,5): warning C4996: 'strcpy': This function or variable may be unsafe. Consider using strcpy_s instead. To disable deprecation, use _CRT_SECURE_NO_WARNINGS. See online help for details. [D:\GAMEDEVNEW\Sources\Core\Core.vcxproj]
  (compiling source file '/Src/KNpc.cpp')
  
D:\GAMEDEVNEW\Sources\Core\Src\KNpc.cpp(1558,8): warning C4996: 'strcpy': This function or variable may be unsafe. Consider using strcpy_s instead. To disable deprecation, use _CRT_SECURE_NO_WARNINGS. See online help for details. [D:\GAMEDEVNEW\Sources\Core\Core.vcxproj]
  (compiling source file '/Src/KNpc.cpp')
  
D:\GAMEDEVNEW\Sources\Core\Src\KNpc.cpp(2216,52): warning C4244: '=': conversion from 'float' to 'int', possible loss of data [D:\GAMEDEVNEW\Sources\Core\Core.vcxproj]
  (compiling source file '/Src/KNpc.cpp')
  
D:\GAMEDEVNEW\Sources\Core\Src\KNpc.cpp(2305,14): warning C4244: 'argument': conversion from 'float' to 'int', possible loss of data [D:\GAMEDEVNEW\Sources\Core\Core.vcxproj]
  (compiling source file '/Src/KNpc.cpp')
  
D:\GAMEDEVNEW\Sources\Core\Src\KNpc.cpp(2319,14): warning C4244: 'argument': conversion from 'float' to 'int', possible loss of data [D:\GAMEDEVNEW\Sources\Core\Core.vcxproj]
  (compiling source file '/Src/KNpc.cpp')
  
D:\GAMEDEVNEW\Sources\Core\Src\KNpc.cpp(2324,14): warning C4244: 'argument': conversion from 'float' to 'int', possible loss of data [D:\GAMEDEVNEW\Sources\Core\Core.vcxproj]
  (compiling source file '/Src/KNpc.cpp')
  
D:\GAMEDEVNEW\Sources\Core\Src\KNpc.cpp(2916,75): warning C4244: '=': conversion from 'float' to 'int', possible loss of data [D:\GAMEDEVNEW\Sources\Core\Core.vcxproj]
  (compiling source file '/Src/KNpc.cpp')
  
D:\GAMEDEVNEW\Sources\Core\Src\KNpc.cpp(2974,15): warning C4267: 'initializing': conversion from 'size_t' to 'int', possible loss of data [D:\GAMEDEVNEW\Sources\Core\Core.vcxproj]
  (compiling source file '/Src/KNpc.cpp')
  
D:\GAMEDEVNEW\Sources\Core\Src\KNpc.cpp(2980,2): warning C4996: 'strcpy': This function or variable may be unsafe. Consider using strcpy_s instead. To disable deprecation, use _CRT_SECURE_NO_WARNINGS. See online help for details. [D:\GAMEDEVNEW\Sources\Core\Core.vcxproj]
  (compiling source file '/Src/KNpc.cpp')
  
D:\GAMEDEVNEW\Sources\Core\Src\KNpc.cpp(3019,12): warning C4244: 'argument': conversion from 'float' to 'int', possible loss of data [D:\GAMEDEVNEW\Sources\Core\Core.vcxproj]
  (compiling source file '/Src/KNpc.cpp')
  
D:\GAMEDEVNEW\Sources\Core\Src\KNpc.cpp(3806,5): warning C4996: 'strcpy': This function or variable may be unsafe. Consider using strcpy_s instead. To disable deprecation, use _CRT_SECURE_NO_WARNINGS. See online help for details. [D:\GAMEDEVNEW\Sources\Core\Core.vcxproj]
  (compiling source file '/Src/KNpc.cpp')
  
D:\GAMEDEVNEW\Sources\Core\Src\KNpc.cpp(3808,5): warning C4996: 'strcpy': This function or variable may be unsafe. Consider using strcpy_s instead. To disable deprecation, use _CRT_SECURE_NO_WARNINGS. See online help for details. [D:\GAMEDEVNEW\Sources\Core\Core.vcxproj]
  (compiling source file '/Src/KNpc.cpp')
  
D:\GAMEDEVNEW\Sources\Core\Src\KNpc.cpp(5572,32): warning C4244: '=': conversion from 'float' to 'int', possible loss of data [D:\GAMEDEVNEW\Sources\Core\Core.vcxproj]
  (compiling source file '/Src/KNpc.cpp')
  
D:\GAMEDEVNEW\Sources\Core\Src\KNpc.cpp(5574,30): warning C4244: '=': conversion from 'float' to 'int', possible loss of data [D:\GAMEDEVNEW\Sources\Core\Core.vcxproj]
  (compiling source file '/Src/KNpc.cpp')
  
D:\GAMEDEVNEW\Sources\Core\Src\KNpc.cpp(5579,2): warning C4996: 'strcpy': This function or variable may be unsafe. Consider using strcpy_s instead. To disable deprecation, use _CRT_SECURE_NO_WARNINGS. See online help for details. [D:\GAMEDEVNEW\Sources\Core\Core.vcxproj]
  (compiling source file '/Src/KNpc.cpp')
  
D:\GAMEDEVNEW\Sources\Core\Src\KNpc.cpp(5580,72): warning C4267: '=': conversion from 'size_t' to 'WORD', possible loss of data [D:\GAMEDEVNEW\Sources\Core\Core.vcxproj]
  (compiling source file '/Src/KNpc.cpp')
  
D:\GAMEDEVNEW\Sources\Core\Src\KNpc.cpp(5619,3): warning C4996: 'strcpy': This function or variable may be unsafe. Consider using strcpy_s instead. To disable deprecation, use _CRT_SECURE_NO_WARNINGS. See online help for details. [D:\GAMEDEVNEW\Sources\Core\Core.vcxproj]
  (compiling source file '/Src/KNpc.cpp')
  
D:\GAMEDEVNEW\Sources\Core\Src\KNpc.cpp(5645,3): warning C4996: 'strcpy': This function or variable may be unsafe. Consider using strcpy_s instead. To disable deprecation, use _CRT_SECURE_NO_WARNINGS. See online help for details. [D:\GAMEDEVNEW\Sources\Core\Core.vcxproj]
  (compiling source file '/Src/KNpc.cpp')
  
D:\GAMEDEVNEW\Sources\Core\Src\KNpc.cpp(5660,4): warning C4996: 'strncpy': This function or variable may be unsafe. Consider using strncpy_s instead. To disable deprecation, use _CRT_SECURE_NO_WARNINGS. See online help for details. [D:\GAMEDEVNEW\Sources\Core\Core.vcxproj]
  (compiling source file '/Src/KNpc.cpp')
  
D:\GAMEDEVNEW\Sources\Core\Src\KNpc.cpp(5662,4): warning C4996: 'strncpy': This function or variable may be unsafe. Consider using strncpy_s instead. To disable deprecation, use _CRT_SECURE_NO_WARNINGS. See online help for details. [D:\GAMEDEVNEW\Sources\Core\Core.vcxproj]
  (compiling source file '/Src/KNpc.cpp')
  
D:\GAMEDEVNEW\Sources\Core\Src\KNpc.cpp(5664,4): warning C4996: 'strncpy': This function or variable may be unsafe. Consider using strncpy_s instead. To disable deprecation, use _CRT_SECURE_NO_WARNINGS. See online help for details. [D:\GAMEDEVNEW\Sources\Core\Core.vcxproj]
  (compiling source file '/Src/KNpc.cpp')
  
D:\GAMEDEVNEW\Sources\Core\Src\KNpc.cpp(5809,3): warning C4996: 'strcpy': This function or variable may be unsafe. Consider using strcpy_s instead. To disable deprecation, use _CRT_SECURE_NO_WARNINGS. See online help for details. [D:\GAMEDEVNEW\Sources\Core\Core.vcxproj]
  (compiling source file '/Src/KNpc.cpp')
  
D:\GAMEDEVNEW\Sources\Core\Src\KNpc.cpp(5837,3): warning C4996: 'strcpy': This function or variable may be unsafe. Consider using strcpy_s instead. To disable deprecation, use _CRT_SECURE_NO_WARNINGS. See online help for details. [D:\GAMEDEVNEW\Sources\Core\Core.vcxproj]
  (compiling source file '/Src/KNpc.cpp')
  
D:\GAMEDEVNEW\Sources\Core\Src\KNpc.cpp(5852,4): warning C4996: 'strncpy': This function or variable may be unsafe. Consider using strncpy_s instead. To disable deprecation, use _CRT_SECURE_NO_WARNINGS. See online help for details. [D:\GAMEDEVNEW\Sources\Core\Core.vcxproj]
  (compiling source file '/Src/KNpc.cpp')
  
D:\GAMEDEVNEW\Sources\Core\Src\KNpc.cpp(5854,4): warning C4996: 'strncpy': This function or variable may be unsafe. Consider using strncpy_s instead. To disable deprecation, use _CRT_SECURE_NO_WARNINGS. See online help for details. [D:\GAMEDEVNEW\Sources\Core\Core.vcxproj]
  (compiling source file '/Src/KNpc.cpp')
  
D:\GAMEDEVNEW\Sources\Core\Src\KNpc.cpp(5856,4): warning C4996: 'strncpy': This function or variable may be unsafe. Consider using strncpy_s instead. To disable deprecation, use _CRT_SECURE_NO_WARNINGS. See online help for details. [D:\GAMEDEVNEW\Sources\Core\Core.vcxproj]
  (compiling source file '/Src/KNpc.cpp')
  
D:\GAMEDEVNEW\Sources\Core\Src\KNpc.cpp(7367,87): warning C4267: '=': conversion from 'size_t' to 'WORD', possible loss of data [D:\GAMEDEVNEW\Sources\Core\Core.vcxproj]
  (compiling source file '/Src/KNpc.cpp')
  
D:\GAMEDEVNEW\Sources\Core\Src\KNpc.cpp(7966,3): warning C4996: 'strcpy': This function or variable may be unsafe. Consider using strcpy_s instead. To disable deprecation, use _CRT_SECURE_NO_WARNINGS. See online help for details. [D:\GAMEDEVNEW\Sources\Core\Core.vcxproj]
  (compiling source file '/Src/KNpc.cpp')
  
D:\GAMEDEVNEW\Sources\Core\Src\KNpc.cpp(8116,20): warning C4312: 'type cast': conversion from 'int' to 'void *' of greater size [D:\GAMEDEVNEW\Sources\Core\Core.vcxproj]
  (compiling source file '/Src/KNpc.cpp')
  
D:\GAMEDEVNEW\Sources\Core\Src\KNpc.cpp(8172,20): warning C4312: 'type cast': conversion from 'int' to 'void *' of greater size [D:\GAMEDEVNEW\Sources\Core\Core.vcxproj]
  (compiling source file '/Src/KNpc.cpp')
  
D:\GAMEDEVNEW\Sources\Core\Src\KNpc.cpp(8346,3): warning C4996: 'strcpy': This function or variable may be unsafe. Consider using strcpy_s instead. To disable deprecation, use _CRT_SECURE_NO_WARNINGS. See online help for details. [D:\GAMEDEVNEW\Sources\Core\Core.vcxproj]
  (compiling source file '/Src/KNpc.cpp')
  
D:\GAMEDEVNEW\Sources\Core\Src\KNpc.cpp(8349,3): warning C4996: 'strcpy': This function or variable may be unsafe. Consider using strcpy_s instead. To disable deprecation, use _CRT_SECURE_NO_WARNINGS. See online help for details. [D:\GAMEDEVNEW\Sources\Core\Core.vcxproj]
  (compiling source file '/Src/KNpc.cpp')
  
D:\GAMEDEVNEW\Sources\Core\Src\KNpc.cpp(8345,3): warning C4996: 'sprintf': This function or variable may be unsafe. Consider using sprintf_s instead. To disable deprecation, use _CRT_SECURE_NO_WARNINGS. See online help for details. [D:\GAMEDEVNEW\Sources\Core\Core.vcxproj]
  (compiling source file '/Src/KNpc.cpp')
  
D:\GAMEDEVNEW\Sources\Core\Src\KNpc.cpp(8414,3): warning C4996: 'strcpy': This function or variable may be unsafe. Consider using strcpy_s instead. To disable deprecation, use _CRT_SECURE_NO_WARNINGS. See online help for details. [D:\GAMEDEVNEW\Sources\Core\Core.vcxproj]
  (compiling source file '/Src/KNpc.cpp')
  
D:\GAMEDEVNEW\Sources\Core\Src\KNpc.cpp(8417,3): warning C4996: 'strcpy': This function or variable may be unsafe. Consider using strcpy_s instead. To disable deprecation, use _CRT_SECURE_NO_WARNINGS. See online help for details. [D:\GAMEDEVNEW\Sources\Core\Core.vcxproj]
  (compiling source file '/Src/KNpc.cpp')
  
D:\GAMEDEVNEW\Sources\Core\Src\KNpc.cpp(8413,3): warning C4996: 'sprintf': This function or variable may be unsafe. Consider using sprintf_s instead. To disable deprecation, use _CRT_SECURE_NO_WARNINGS. See online help for details. [D:\GAMEDEVNEW\Sources\Core\Core.vcxproj]
  (compiling source file '/Src/KNpc.cpp')
  
D:\GAMEDEVNEW\Sources\Core\Src\KNpc.cpp(8587,3): warning C4996: 'strcpy': This function or variable may be unsafe. Consider using strcpy_s instead. To disable deprecation, use _CRT_SECURE_NO_WARNINGS. See online help for details. [D:\GAMEDEVNEW\Sources\Core\Core.vcxproj]
  (compiling source file '/Src/KNpc.cpp')
  
D:\GAMEDEVNEW\Sources\Core\Src\KNpc.cpp(8590,3): warning C4996: 'strcpy': This function or variable may be unsafe. Consider using strcpy_s instead. To disable deprecation, use _CRT_SECURE_NO_WARNINGS. See online help for details. [D:\GAMEDEVNEW\Sources\Core\Core.vcxproj]
  (compiling source file '/Src/KNpc.cpp')
  
D:\GAMEDEVNEW\Sources\Core\Src\KNpc.cpp(8586,3): warning C4996: 'sprintf': This function or variable may be unsafe. Consider using sprintf_s instead. To disable deprecation, use _CRT_SECURE_NO_WARNINGS. See online help for details. [D:\GAMEDEVNEW\Sources\Core\Core.vcxproj]
  (compiling source file '/Src/KNpc.cpp')
  
D:\GAMEDEVNEW\Sources\Core\Src\KNpc.cpp(9458,6): warning C4996: 'strcpy': This function or variable may be unsafe. Consider using strcpy_s instead. To disable deprecation, use _CRT_SECURE_NO_WARNINGS. See online help for details. [D:\GAMEDEVNEW\Sources\Core\Core.vcxproj]
  (compiling source file '/Src/KNpc.cpp')
  
D:\GAMEDEVNEW\Sources\Core\Src\KNpc.cpp(9454,6): warning C4996: 'sprintf': This function or variable may be unsafe. Consider using sprintf_s instead. To disable deprecation, use _CRT_SECURE_NO_WARNINGS. See online help for details. [D:\GAMEDEVNEW\Sources\Core\Core.vcxproj]
  (compiling source file '/Src/KNpc.cpp')
  
D:\GAMEDEVNEW\Sources\Core\Src\KNpc.cpp(9691,24): warning C4244: '=': conversion from 'int' to 'float', possible loss of data [D:\GAMEDEVNEW\Sources\Core\Core.vcxproj]
  (compiling source file '/Src/KNpc.cpp')
  
D:\GAMEDEVNEW\Sources\Core\Src\KNpc.cpp(9692,23): warning C4244: '=': conversion from 'int' to 'float', possible loss of data [D:\GAMEDEVNEW\Sources\Core\Core.vcxproj]
  (compiling source file '/Src/KNpc.cpp')
  
D:\GAMEDEVNEW\Sources\Core\Src\KNpc.cpp(11005,19): warning C4244: 'initializing': conversion from 'time_t' to 'DWORD', possible loss of data [D:\GAMEDEVNEW\Sources\Core\Core.vcxproj]
  (compiling source file '/Src/KNpc.cpp')
  
D:\GAMEDEVNEW\Sources\Core\Src\KNpc.cpp(11343,3): warning C4566: character represented by universal-character-name '\u00D5' cannot be represented in the current code page (1258) [D:\GAMEDEVNEW\Sources\Core\Core.vcxproj]
  (compiling source file '/Src/KNpc.cpp')
  
D:\GAMEDEVNEW\Sources\Core\Src\KNpc.cpp(11371,4): warning C4996: 'sprintf': This function or variable may be unsafe. Consider using sprintf_s instead. To disable deprecation, use _CRT_SECURE_NO_WARNINGS. See online help for details. [D:\GAMEDEVNEW\Sources\Core\Core.vcxproj]
  (compiling source file '/Src/KNpc.cpp')
  
D:\GAMEDEVNEW\Sources\Core\Src\KNpc.cpp(11375,4): warning C4996: 'sprintf': This function or variable may be unsafe. Consider using sprintf_s instead. To disable deprecation, use _CRT_SECURE_NO_WARNINGS. See online help for details. [D:\GAMEDEVNEW\Sources\Core\Core.vcxproj]
  (compiling source file '/Src/KNpc.cpp')
  
  KNpcAI.cpp
D:\GAMEDEVNEW\Sources\Core\Src\KPlayer.h(95,1): warning C5208: unnamed class used in typedef name cannot declare members other than non-static data members, member enumerations, or member classes [D:\GAMEDEVNEW\Sources\Core\Core.vcxproj]
  (compiling source file '/Src/KNpcAI.cpp')
  
  KNpcAttribModify.cpp
D:\GAMEDEVNEW\Sources\Core\Src\KPlayer.h(95,1): warning C5208: unnamed class used in typedef name cannot declare members other than non-static data members, member enumerations, or member classes [D:\GAMEDEVNEW\Sources\Core\Core.vcxproj]
  (compiling source file '/Src/KNpcAttribModify.cpp')
  
D:\GAMEDEVNEW\Sources\Core\Src\KNpcAttribModify.cpp(505,140): warning C4244: '+=': conversion from 'float' to 'int', possible loss of data [D:\GAMEDEVNEW\Sources\Core\Core.vcxproj]
  (compiling source file '/Src/KNpcAttribModify.cpp')
  
D:\GAMEDEVNEW\Sources\Core\Src\KNpcAttribModify.cpp(650,134): warning C4244: '+=': conversion from 'float' to 'int', possible loss of data [D:\GAMEDEVNEW\Sources\Core\Core.vcxproj]
  (compiling source file '/Src/KNpcAttribModify.cpp')
  
D:\GAMEDEVNEW\Sources\Core\Src\KNpcAttribModify.cpp(698,131): warning C4244: '+=': conversion from 'float' to 'int', possible loss of data [D:\GAMEDEVNEW\Sources\Core\Core.vcxproj]
  (compiling source file '/Src/KNpcAttribModify.cpp')
  
D:\GAMEDEVNEW\Sources\Core\Src\KNpcAttribModify.cpp(828,137): warning C4244: '+=': conversion from 'float' to 'int', possible loss of data [D:\GAMEDEVNEW\Sources\Core\Core.vcxproj]
  (compiling source file '/Src/KNpcAttribModify.cpp')
  
  KNpcDeathCalcExp.cpp
D:\GAMEDEVNEW\Sources\Core\Src\KPlayer.h(95,1): warning C5208: unnamed class used in typedef name cannot declare members other than non-static data members, member enumerations, or member classes [D:\GAMEDEVNEW\Sources\Core\Core.vcxproj]
  (compiling source file '/Src/KNpcDeathCalcExp.cpp')
  
D:\GAMEDEVNEW\Sources\Core\Src\KNpcDeathCalcExp.cpp(129,28): warning C4244: 'argument': conversion from 'double' to 'int', possible loss of data [D:\GAMEDEVNEW\Sources\Core\Core.vcxproj]
  (compiling source file '/Src/KNpcDeathCalcExp.cpp')
  
D:\GAMEDEVNEW\Sources\Core\Src\KNpcDeathCalcExp.cpp(153,47): warning C4244: 'argument': conversion from 'double' to 'int', possible loss of data [D:\GAMEDEVNEW\Sources\Core\Core.vcxproj]
  (compiling source file '/Src/KNpcDeathCalcExp.cpp')
  
  KNpcFindPath.cpp
  KNpcGold.cpp
  KNpcRes.cpp
  KNpcResList.cpp
  Generating Code...
  Compiling...
  KNpcResNode.cpp
  KNpcSet.cpp
D:\GAMEDEVNEW\Sources\Core\Src\KPlayer.h(95,1): warning C5208: unnamed class used in typedef name cannot declare members other than non-static data members, member enumerations, or member classes [D:\GAMEDEVNEW\Sources\Core\Core.vcxproj]
  (compiling source file '/Src/KNpcSet.cpp')
  
  KNpcTemplate.cpp
D:\GAMEDEVNEW\Sources\Core\Src\KNpcTemplate.cpp(40,4): warning C4996: 'sprintf': This function or variable may be unsafe. Consider using sprintf_s instead. To disable deprecation, use _CRT_SECURE_NO_WARNINGS. See online help for details. [D:\GAMEDEVNEW\Sources\Core\Core.vcxproj]
  (compiling source file '/Src/KNpcTemplate.cpp')
  
D:\GAMEDEVNEW\Sources\Core\Src\KNpcTemplate.cpp(119,2): warning C4996: 'strcpy': This function or variable may be unsafe. Consider using strcpy_s instead. To disable deprecation, use _CRT_SECURE_NO_WARNINGS. See online help for details. [D:\GAMEDEVNEW\Sources\Core\Core.vcxproj]
  (compiling source file '/Src/KNpcTemplate.cpp')
  
D:\GAMEDEVNEW\Sources\Core\Src\KNpcTemplate.cpp(121,2): warning C4996: 'strcpy': This function or variable may be unsafe. Consider using strcpy_s instead. To disable deprecation, use _CRT_SECURE_NO_WARNINGS. See online help for details. [D:\GAMEDEVNEW\Sources\Core\Core.vcxproj]
  (compiling source file '/Src/KNpcTemplate.cpp')
  
D:\GAMEDEVNEW\Sources\Core\Src\KNpcTemplate.cpp(129,3): warning C4996: 'strcpy': This function or variable may be unsafe. Consider using strcpy_s instead. To disable deprecation, use _CRT_SECURE_NO_WARNINGS. See online help for details. [D:\GAMEDEVNEW\Sources\Core\Core.vcxproj]
  (compiling source file '/Src/KNpcTemplate.cpp')
  
D:\GAMEDEVNEW\Sources\Core\Src\KNpcTemplate.cpp(118,2): warning C4996: 'strlwr': The POSIX name for this item is deprecated. Instead, use the ISO C and C++ conformant name: _strlwr. See online help for details. [D:\GAMEDEVNEW\Sources\Core\Core.vcxproj]
  (compiling source file '/Src/KNpcTemplate.cpp')
  
D:\GAMEDEVNEW\Sources\Core\Src\KNpcTemplate.cpp(150,3): warning C4996: '_strlwr': This function or variable may be unsafe. Consider using _strlwr_s instead. To disable deprecation, use _CRT_SECURE_NO_WARNINGS. See online help for details. [D:\GAMEDEVNEW\Sources\Core\Core.vcxproj]
  (compiling source file '/Src/KNpcTemplate.cpp')
  
D:\GAMEDEVNEW\Sources\Core\Src\KNpcTemplate.cpp(287,2): warning C4996: 'strcpy': This function or variable may be unsafe. Consider using strcpy_s instead. To disable deprecation, use _CRT_SECURE_NO_WARNINGS. See online help for details. [D:\GAMEDEVNEW\Sources\Core\Core.vcxproj]
  (compiling source file '/Src/KNpcTemplate.cpp')
  
D:\GAMEDEVNEW\Sources\Core\Src\KNpcTemplate.cpp(295,3): warning C4996: 'strcpy': This function or variable may be unsafe. Consider using strcpy_s instead. To disable deprecation, use _CRT_SECURE_NO_WARNINGS. See online help for details. [D:\GAMEDEVNEW\Sources\Core\Core.vcxproj]
  (compiling source file '/Src/KNpcTemplate.cpp')
  
D:\GAMEDEVNEW\Sources\Core\Src\KNpcTemplate.cpp(285,2): warning C4996: 'strlwr': The POSIX name for this item is deprecated. Instead, use the ISO C and C++ conformant name: _strlwr. See online help for details. [D:\GAMEDEVNEW\Sources\Core\Core.vcxproj]
  (compiling source file '/Src/KNpcTemplate.cpp')
  
D:\GAMEDEVNEW\Sources\Core\Src\KNpcTemplate.cpp(380,118): warning C4244: '=': conversion from 'float' to 'int', possible loss of data [D:\GAMEDEVNEW\Sources\Core\Core.vcxproj]
  (compiling source file '/Src/KNpcTemplate.cpp')
  
D:\GAMEDEVNEW\Sources\Core\Src\KNpcTemplate.cpp(387,117): warning C4244: '=': conversion from 'float' to 'int', possible loss of data [D:\GAMEDEVNEW\Sources\Core\Core.vcxproj]
  (compiling source file '/Src/KNpcTemplate.cpp')
  
D:\GAMEDEVNEW\Sources\Core\Src\KNpcTemplate.cpp(398,119): warning C4244: '=': conversion from 'float' to 'int', possible loss of data [D:\GAMEDEVNEW\Sources\Core\Core.vcxproj]
  (compiling source file '/Src/KNpcTemplate.cpp')
  
D:\GAMEDEVNEW\Sources\Core\Src\KNpcTemplate.cpp(405,118): warning C4244: '=': conversion from 'float' to 'int', possible loss of data [D:\GAMEDEVNEW\Sources\Core\Core.vcxproj]
  (compiling source file '/Src/KNpcTemplate.cpp')
  
D:\GAMEDEVNEW\Sources\Core\Src\KNpcTemplate.cpp(412,159): warning C4244: '=': conversion from 'float' to 'int', possible loss of data [D:\GAMEDEVNEW\Sources\Core\Core.vcxproj]
  (compiling source file '/Src/KNpcTemplate.cpp')
  
D:\GAMEDEVNEW\Sources\Core\Src\KNpcTemplate.cpp(419,159): warning C4244: '=': conversion from 'float' to 'int', possible loss of data [D:\GAMEDEVNEW\Sources\Core\Core.vcxproj]
  (compiling source file '/Src/KNpcTemplate.cpp')
  
D:\GAMEDEVNEW\Sources\Core\Src\KNpcTemplate.cpp(457,5): warning C4996: 'strncpy': This function or variable may be unsafe. Consider using strncpy_s instead. To disable deprecation, use _CRT_SECURE_NO_WARNINGS. See online help for details. [D:\GAMEDEVNEW\Sources\Core\Core.vcxproj]
  (compiling source file '/Src/KNpcTemplate.cpp')
  
D:\GAMEDEVNEW\Sources\Core\Src\KNpcTemplate.cpp(470,5): warning C4996: 'strncpy': This function or variable may be unsafe. Consider using strncpy_s instead. To disable deprecation, use _CRT_SECURE_NO_WARNINGS. See online help for details. [D:\GAMEDEVNEW\Sources\Core\Core.vcxproj]
  (compiling source file '/Src/KNpcTemplate.cpp')
  
D:\GAMEDEVNEW\Sources\Core\Src\KNpcTemplate.cpp(483,5): warning C4996: 'strncpy': This function or variable may be unsafe. Consider using strncpy_s instead. To disable deprecation, use _CRT_SECURE_NO_WARNINGS. See online help for details. [D:\GAMEDEVNEW\Sources\Core\Core.vcxproj]
  (compiling source file '/Src/KNpcTemplate.cpp')
  
D:\GAMEDEVNEW\Sources\Core\Src\KNpcTemplate.cpp(496,5): warning C4996: 'strncpy': This function or variable may be unsafe. Consider using strncpy_s instead. To disable deprecation, use _CRT_SECURE_NO_WARNINGS. See online help for details. [D:\GAMEDEVNEW\Sources\Core\Core.vcxproj]
  (compiling source file '/Src/KNpcTemplate.cpp')
  
D:\GAMEDEVNEW\Sources\Core\Src\KNpcTemplate.cpp(509,5): warning C4996: 'strncpy': This function or variable may be unsafe. Consider using strncpy_s instead. To disable deprecation, use _CRT_SECURE_NO_WARNINGS. See online help for details. [D:\GAMEDEVNEW\Sources\Core\Core.vcxproj]
  (compiling source file '/Src/KNpcTemplate.cpp')
  
D:\GAMEDEVNEW\Sources\Core\Src\KNpcTemplate.cpp(521,5): warning C4996: 'strncpy': This function or variable may be unsafe. Consider using strncpy_s instead. To disable deprecation, use _CRT_SECURE_NO_WARNINGS. See online help for details. [D:\GAMEDEVNEW\Sources\Core\Core.vcxproj]
  (compiling source file '/Src/KNpcTemplate.cpp')
  
D:\GAMEDEVNEW\Sources\Core\Src\KNpcTemplate.cpp(533,5): warning C4996: 'strncpy': This function or variable may be unsafe. Consider using strncpy_s instead. To disable deprecation, use _CRT_SECURE_NO_WARNINGS. See online help for details. [D:\GAMEDEVNEW\Sources\Core\Core.vcxproj]
  (compiling source file '/Src/KNpcTemplate.cpp')
  
D:\GAMEDEVNEW\Sources\Core\Src\KNpcTemplate.cpp(545,5): warning C4996: 'strncpy': This function or variable may be unsafe. Consider using strncpy_s instead. To disable deprecation, use _CRT_SECURE_NO_WARNINGS. See online help for details. [D:\GAMEDEVNEW\Sources\Core\Core.vcxproj]
  (compiling source file '/Src/KNpcTemplate.cpp')
  
D:\GAMEDEVNEW\Sources\Core\Src\KNpcTemplate.cpp(623,3): warning C4996: 'sscanf': This function or variable may be unsafe. Consider using sscanf_s instead. To disable deprecation, use _CRT_SECURE_NO_WARNINGS. See online help for details. [D:\GAMEDEVNEW\Sources\Core\Core.vcxproj]
  (compiling source file '/Src/KNpcTemplate.cpp')
  
  KObj.cpp
D:\GAMEDEVNEW\Sources\Core\Src\KPlayer.h(95,1): warning C5208: unnamed class used in typedef name cannot declare members other than non-static data members, member enumerations, or member classes [D:\GAMEDEVNEW\Sources\Core\Core.vcxproj]
  (compiling source file '/Src/KObj.cpp')
  
D:\GAMEDEVNEW\Sources\Core\Src\KObj.cpp(439,4): warning C4996: 'strcpy': This function or variable may be unsafe. Consider using strcpy_s instead. To disable deprecation, use _CRT_SECURE_NO_WARNINGS. See online help for details. [D:\GAMEDEVNEW\Sources\Core\Core.vcxproj]
  (compiling source file '/Src/KObj.cpp')
  
D:\GAMEDEVNEW\Sources\Core\Src\KObj.cpp(623,7): warning C4101: 'nEnemyIndex': unreferenced local variable [D:\GAMEDEVNEW\Sources\Core\Core.vcxproj]
  (compiling source file '/Src/KObj.cpp')
  
D:\GAMEDEVNEW\Sources\Core\Src\KObj.cpp(623,23): warning C4101: 'y': unreferenced local variable [D:\GAMEDEVNEW\Sources\Core\Core.vcxproj]
  (compiling source file '/Src/KObj.cpp')
  
D:\GAMEDEVNEW\Sources\Core\Src\KObj.cpp(623,20): warning C4101: 'x': unreferenced local variable [D:\GAMEDEVNEW\Sources\Core\Core.vcxproj]
  (compiling source file '/Src/KObj.cpp')
  
D:\GAMEDEVNEW\Sources\Core\Src\KObj.cpp(1244,3): warning C4996: 'sprintf': This function or variable may be unsafe. Consider using sprintf_s instead. To disable deprecation, use _CRT_SECURE_NO_WARNINGS. See online help for details. [D:\GAMEDEVNEW\Sources\Core\Core.vcxproj]
  (compiling source file '/Src/KObj.cpp')
  
D:\GAMEDEVNEW\Sources\Core\Src\KObj.cpp(1245,17): warning C4996: 'fopen': This function or variable may be unsafe. Consider using fopen_s instead. To disable deprecation, use _CRT_SECURE_NO_WARNINGS. See online help for details. [D:\GAMEDEVNEW\Sources\Core\Core.vcxproj]
  (compiling source file '/Src/KObj.cpp')
  
D:\GAMEDEVNEW\Sources\Core\Src\KObj.cpp(1332,2): warning C4996: 'strcpy': This function or variable may be unsafe. Consider using strcpy_s instead. To disable deprecation, use _CRT_SECURE_NO_WARNINGS. See online help for details. [D:\GAMEDEVNEW\Sources\Core\Core.vcxproj]
  (compiling source file '/Src/KObj.cpp')
  
D:\GAMEDEVNEW\Sources\Core\Src\KObj.cpp(1333,74): warning C4267: '=': conversion from 'size_t' to 'WORD', possible loss of data [D:\GAMEDEVNEW\Sources\Core\Core.vcxproj]
  (compiling source file '/Src/KObj.cpp')
  
  KObjSet.cpp
D:\GAMEDEVNEW\Sources\Core\Src\KPlayer.h(95,1): warning C5208: unnamed class used in typedef name cannot declare members other than non-static data members, member enumerations, or member classes [D:\GAMEDEVNEW\Sources\Core\Core.vcxproj]
  (compiling source file '/Src/KObjSet.cpp')
  
D:\GAMEDEVNEW\Sources\Core\Src\KObjSet.cpp(272,3): warning C4996: 'strcpy': This function or variable may be unsafe. Consider using strcpy_s instead. To disable deprecation, use _CRT_SECURE_NO_WARNINGS. See online help for details. [D:\GAMEDEVNEW\Sources\Core\Core.vcxproj]
  (compiling source file '/Src/KObjSet.cpp')
  
D:\GAMEDEVNEW\Sources\Core\Src\KObjSet.cpp(302,2): warning C4996: 'strcpy': This function or variable may be unsafe. Consider using strcpy_s instead. To disable deprecation, use _CRT_SECURE_NO_WARNINGS. See online help for details. [D:\GAMEDEVNEW\Sources\Core\Core.vcxproj]
  (compiling source file '/Src/KObjSet.cpp')
  
D:\GAMEDEVNEW\Sources\Core\Src\KObjSet.cpp(303,74): warning C4267: '=': conversion from 'size_t' to 'WORD', possible loss of data [D:\GAMEDEVNEW\Sources\Core\Core.vcxproj]
  (compiling source file '/Src/KObjSet.cpp')
  
D:\GAMEDEVNEW\Sources\Core\Src\KObjSet.cpp(650,20): warning C4018: '<': signed/unsigned mismatch [D:\GAMEDEVNEW\Sources\Core\Core.vcxproj]
  (compiling source file '/Src/KObjSet.cpp')
  
D:\GAMEDEVNEW\Sources\Core\Src\KObjSet.cpp(638,2): warning C4996: 'sprintf': This function or variable may be unsafe. Consider using sprintf_s instead. To disable deprecation, use _CRT_SECURE_NO_WARNINGS. See online help for details. [D:\GAMEDEVNEW\Sources\Core\Core.vcxproj]
  (compiling source file '/Src/KObjSet.cpp')
  
D:\GAMEDEVNEW\Sources\Core\Src\KObjSet.cpp(630,7): warning C4101: 'szPath': unreferenced local variable [D:\GAMEDEVNEW\Sources\Core\Core.vcxproj]
  (compiling source file '/Src/KObjSet.cpp')
  
D:\GAMEDEVNEW\Sources\Core\Src\KObjSet.cpp(707,20): warning C4018: '<': signed/unsigned mismatch [D:\GAMEDEVNEW\Sources\Core\Core.vcxproj]
  (compiling source file '/Src/KObjSet.cpp')
  
  KOption.cpp
  KPartnerSkill.cpp
  KPlayer.cpp
D:\GAMEDEVNEW\Sources\Core\Src\KPlayer.h(95,1): warning C5208: unnamed class used in typedef name cannot declare members other than non-static data members, member enumerations, or member classes [D:\GAMEDEVNEW\Sources\Core\Core.vcxproj]
  (compiling source file '/Src/KPlayer.cpp')
  
D:\GAMEDEVNEW\Sources\Core\Src\KScriptValueSet.h(17,38): warning C4996: 'strcpy': This function or variable may be unsafe. Consider using strcpy_s instead. To disable deprecation, use _CRT_SECURE_NO_WARNINGS. See online help for details. [D:\GAMEDEVNEW\Sources\Core\Core.vcxproj]
  (compiling source file '/Src/KPlayer.cpp')
  
D:\GAMEDEVNEW\Sources\Core\Src\KScriptValueSet.h(17,69): warning C4996: 'strcpy': This function or variable may be unsafe. Consider using strcpy_s instead. To disable deprecation, use _CRT_SECURE_NO_WARNINGS. See online help for details. [D:\GAMEDEVNEW\Sources\Core\Core.vcxproj]
  (compiling source file '/Src/KPlayer.cpp')
  
D:\GAMEDEVNEW\Sources\Core\Src\KScriptValueSet.h(18,53): warning C4996: 'strcpy': This function or variable may be unsafe. Consider using strcpy_s instead. To disable deprecation, use _CRT_SECURE_NO_WARNINGS. See online help for details. [D:\GAMEDEVNEW\Sources\Core\Core.vcxproj]
  (compiling source file '/Src/KPlayer.cpp')
  
D:\GAMEDEVNEW\Sources\Core\Src\KScriptValueSet.h(18,83): warning C4996: 'strcpy': This function or variable may be unsafe. Consider using strcpy_s instead. To disable deprecation, use _CRT_SECURE_NO_WARNINGS. See online help for details. [D:\GAMEDEVNEW\Sources\Core\Core.vcxproj]
  (compiling source file '/Src/KPlayer.cpp')
  
D:\GAMEDEVNEW\Sources\Core\Src\KScriptValueSet.h(26,34): warning C4996: 'strcpy': This function or variable may be unsafe. Consider using strcpy_s instead. To disable deprecation, use _CRT_SECURE_NO_WARNINGS. See online help for details. [D:\GAMEDEVNEW\Sources\Core\Core.vcxproj]
  (compiling source file '/Src/KPlayer.cpp')
  
D:\GAMEDEVNEW\Sources\Core\Src\KScriptValueSet.h(27,47): warning C4996: 'strcpy': This function or variable may be unsafe. Consider using strcpy_s instead. To disable deprecation, use _CRT_SECURE_NO_WARNINGS. See online help for details. [D:\GAMEDEVNEW\Sources\Core\Core.vcxproj]
  (compiling source file '/Src/KPlayer.cpp')
  
D:\GAMEDEVNEW\Sources\Core\Src\KPlayer.cpp(1164,42): warning C4244: '=': conversion from 'DWORD' to 'BYTE', possible loss of data [D:\GAMEDEVNEW\Sources\Core\Core.vcxproj]
  (compiling source file '/Src/KPlayer.cpp')
  
D:\GAMEDEVNEW\Sources\Core\Src\KPlayer.cpp(1166,34): warning C4244: '=': conversion from 'DWORD' to 'BYTE', possible loss of data [D:\GAMEDEVNEW\Sources\Core\Core.vcxproj]
  (compiling source file '/Src/KPlayer.cpp')
  
D:\GAMEDEVNEW\Sources\Core\Src\KPlayer.cpp(1255,61): warning C4267: '+=': conversion from 'size_t' to 'WORD', possible loss of data [D:\GAMEDEVNEW\Sources\Core\Core.vcxproj]
  (compiling source file '/Src/KPlayer.cpp')
  
D:\GAMEDEVNEW\Sources\Core\Src\KPlayer.cpp(1487,49): warning C4244: '=': conversion from 'DWORD' to 'BYTE', possible loss of data [D:\GAMEDEVNEW\Sources\Core\Core.vcxproj]
  (compiling source file '/Src/KPlayer.cpp')
  
D:\GAMEDEVNEW\Sources\Core\Src\KPlayer.cpp(1488,3): warning C4996: 'strcpy': This function or variable may be unsafe. Consider using strcpy_s instead. To disable deprecation, use _CRT_SECURE_NO_WARNINGS. See online help for details. [D:\GAMEDEVNEW\Sources\Core\Core.vcxproj]
  (compiling source file '/Src/KPlayer.cpp')
  
D:\GAMEDEVNEW\Sources\Core\Src\KPlayer.cpp(1496,55): warning C4244: '=': conversion from 'DWORD' to 'BYTE', possible loss of data [D:\GAMEDEVNEW\Sources\Core\Core.vcxproj]
  (compiling source file '/Src/KPlayer.cpp')
  
D:\GAMEDEVNEW\Sources\Core\Src\KPlayer.cpp(1497,5): warning C4996: 'strcpy': This function or variable may be unsafe. Consider using strcpy_s instead. To disable deprecation, use _CRT_SECURE_NO_WARNINGS. See online help for details. [D:\GAMEDEVNEW\Sources\Core\Core.vcxproj]
  (compiling source file '/Src/KPlayer.cpp')
  
D:\GAMEDEVNEW\Sources\Core\Src\KPlayer.cpp(1652,58): warning C4244: '=': conversion from 'DWORD' to 'BYTE', possible loss of data [D:\GAMEDEVNEW\Sources\Core\Core.vcxproj]
  (compiling source file '/Src/KPlayer.cpp')
  
D:\GAMEDEVNEW\Sources\Core\Src\KPlayer.cpp(1653,2): warning C4996: 'strcpy': This function or variable may be unsafe. Consider using strcpy_s instead. To disable deprecation, use _CRT_SECURE_NO_WARNINGS. See online help for details. [D:\GAMEDEVNEW\Sources\Core\Core.vcxproj]
  (compiling source file '/Src/KPlayer.cpp')
  
D:\GAMEDEVNEW\Sources\Core\Src\KPlayer.cpp(1673,48): warning C4244: '=': conversion from 'DWORD' to 'BYTE', possible loss of data [D:\GAMEDEVNEW\Sources\Core\Core.vcxproj]
  (compiling source file '/Src/KPlayer.cpp')
  
D:\GAMEDEVNEW\Sources\Core\Src\KPlayer.cpp(1674,2): warning C4996: 'strcpy': This function or variable may be unsafe. Consider using strcpy_s instead. To disable deprecation, use _CRT_SECURE_NO_WARNINGS. See online help for details. [D:\GAMEDEVNEW\Sources\Core\Core.vcxproj]
  (compiling source file '/Src/KPlayer.cpp')
  
D:\GAMEDEVNEW\Sources\Core\Src\KPlayer.cpp(1682,54): warning C4244: '=': conversion from 'DWORD' to 'BYTE', possible loss of data [D:\GAMEDEVNEW\Sources\Core\Core.vcxproj]
  (compiling source file '/Src/KPlayer.cpp')
  
D:\GAMEDEVNEW\Sources\Core\Src\KPlayer.cpp(1683,4): warning C4996: 'strcpy': This function or variable may be unsafe. Consider using strcpy_s instead. To disable deprecation, use _CRT_SECURE_NO_WARNINGS. See online help for details. [D:\GAMEDEVNEW\Sources\Core\Core.vcxproj]
  (compiling source file '/Src/KPlayer.cpp')
  
D:\GAMEDEVNEW\Sources\Core\Src\KPlayer.cpp(1722,18): warning C4312: 'type cast': conversion from 'DWORD' to 'void *' of greater size [D:\GAMEDEVNEW\Sources\Core\Core.vcxproj]
  (compiling source file '/Src/KPlayer.cpp')
  
D:\GAMEDEVNEW\Sources\Core\Src\KPlayer.cpp(1758,18): warning C4267: '=': conversion from 'size_t' to 'int', possible loss of data [D:\GAMEDEVNEW\Sources\Core\Core.vcxproj]
  (compiling source file '/Src/KPlayer.cpp')
  
D:\GAMEDEVNEW\Sources\Core\Src\KPlayer.cpp(1761,62): warning C4244: '=': conversion from 'unsigned __int64' to 'WORD', possible loss of data [D:\GAMEDEVNEW\Sources\Core\Core.vcxproj]
  (compiling source file '/Src/KPlayer.cpp')
  
D:\GAMEDEVNEW\Sources\Core\Src\KPlayer.cpp(1796,18): warning C4312: 'type cast': conversion from 'DWORD' to 'LPVOID' of greater size [D:\GAMEDEVNEW\Sources\Core\Core.vcxproj]
  (compiling source file '/Src/KPlayer.cpp')
  
D:\GAMEDEVNEW\Sources\Core\Src\KPlayer.cpp(1808,18): warning C4312: 'type cast': conversion from 'DWORD' to 'LPVOID' of greater size [D:\GAMEDEVNEW\Sources\Core\Core.vcxproj]
  (compiling source file '/Src/KPlayer.cpp')
  
D:\GAMEDEVNEW\Sources\Core\Src\KPlayer.cpp(2370,10): warning C4101: 'j': unreferenced local variable [D:\GAMEDEVNEW\Sources\Core\Core.vcxproj]
  (compiling source file '/Src/KPlayer.cpp')
  
D:\GAMEDEVNEW\Sources\Core\Src\KPlayer.cpp(2370,46): warning C4101: 'nRegion': unreferenced local variable [D:\GAMEDEVNEW\Sources\Core\Core.vcxproj]
  (compiling source file '/Src/KPlayer.cpp')
  
D:\GAMEDEVNEW\Sources\Core\Src\KPlayer.cpp(2687,45): warning C4244: '=': conversion from 'DWORD' to 'BYTE', possible loss of data [D:\GAMEDEVNEW\Sources\Core\Core.vcxproj]
  (compiling source file '/Src/KPlayer.cpp')
  
D:\GAMEDEVNEW\Sources\Core\Src\KPlayer.cpp(2688,23): warning C4244: '=': conversion from 'double' to 'int', possible loss of data [D:\GAMEDEVNEW\Sources\Core\Core.vcxproj]
  (compiling source file '/Src/KPlayer.cpp')
  
D:\GAMEDEVNEW\Sources\Core\Src\KPlayer.cpp(2701,42): warning C4244: '=': conversion from 'DWORD' to 'BYTE', possible loss of data [D:\GAMEDEVNEW\Sources\Core\Core.vcxproj]
  (compiling source file '/Src/KPlayer.cpp')
  
D:\GAMEDEVNEW\Sources\Core\Src\KPlayer.cpp(2855,50): warning C4244: '=': conversion from 'int' to 'float', possible loss of data [D:\GAMEDEVNEW\Sources\Core\Core.vcxproj]
  (compiling source file '/Src/KPlayer.cpp')
  
D:\GAMEDEVNEW\Sources\Core\Src\KPlayer.cpp(2862,51): warning C4244: '=': conversion from 'int' to 'float', possible loss of data [D:\GAMEDEVNEW\Sources\Core\Core.vcxproj]
  (compiling source file '/Src/KPlayer.cpp')
  
D:\GAMEDEVNEW\Sources\Core\Src\KPlayer.cpp(4538,103): warning C4267: 'argument': conversion from 'size_t' to 'int', possible loss of data [D:\GAMEDEVNEW\Sources\Core\Core.vcxproj]
  (compiling source file '/Src/KPlayer.cpp')
  
D:\GAMEDEVNEW\Sources\Core\Src\KPlayer.cpp(4569,27): warning C4018: '<=': signed/unsigned mismatch [D:\GAMEDEVNEW\Sources\Core\Core.vcxproj]
  (compiling source file '/Src/KPlayer.cpp')
  
D:\GAMEDEVNEW\Sources\Core\Src\KPlayer.cpp(4578,27): warning C4018: '>=': signed/unsigned mismatch [D:\GAMEDEVNEW\Sources\Core\Core.vcxproj]
  (compiling source file '/Src/KPlayer.cpp')
  
D:\GAMEDEVNEW\Sources\Core\Src\KPlayer.cpp(4585,107): warning C4267: 'argument': conversion from 'size_t' to 'int', possible loss of data [D:\GAMEDEVNEW\Sources\Core\Core.vcxproj]
  (compiling source file '/Src/KPlayer.cpp')
  
D:\GAMEDEVNEW\Sources\Core\Src\KPlayer.cpp(4591,107): warning C4267: 'argument': conversion from 'size_t' to 'int', possible loss of data [D:\GAMEDEVNEW\Sources\Core\Core.vcxproj]
  (compiling source file '/Src/KPlayer.cpp')
  
D:\GAMEDEVNEW\Sources\Core\Src\KPlayer.cpp(4537,5): warning C4996: 'sprintf': This function or variable may be unsafe. Consider using sprintf_s instead. To disable deprecation, use _CRT_SECURE_NO_WARNINGS. See online help for details. [D:\GAMEDEVNEW\Sources\Core\Core.vcxproj]
  (compiling source file '/Src/KPlayer.cpp')
  
D:\GAMEDEVNEW\Sources\Core\Src\KPlayer.cpp(4582,10): warning C4996: 'sprintf': This function or variable may be unsafe. Consider using sprintf_s instead. To disable deprecation, use _CRT_SECURE_NO_WARNINGS. See online help for details. [D:\GAMEDEVNEW\Sources\Core\Core.vcxproj]
  (compiling source file '/Src/KPlayer.cpp')
  
D:\GAMEDEVNEW\Sources\Core\Src\KPlayer.cpp(4584,10): warning C4996: 'sprintf': This function or variable may be unsafe. Consider using sprintf_s instead. To disable deprecation, use _CRT_SECURE_NO_WARNINGS. See online help for details. [D:\GAMEDEVNEW\Sources\Core\Core.vcxproj]
  (compiling source file '/Src/KPlayer.cpp')
  
D:\GAMEDEVNEW\Sources\Core\Src\KPlayer.cpp(4590,9): warning C4996: 'sprintf': This function or variable may be unsafe. Consider using sprintf_s instead. To disable deprecation, use _CRT_SECURE_NO_WARNINGS. See online help for details. [D:\GAMEDEVNEW\Sources\Core\Core.vcxproj]
  (compiling source file '/Src/KPlayer.cpp')
  
D:\GAMEDEVNEW\Sources\Core\Src\KPlayer.cpp(4662,26): warning C4018: '<=': signed/unsigned mismatch [D:\GAMEDEVNEW\Sources\Core\Core.vcxproj]
  (compiling source file '/Src/KPlayer.cpp')
  
D:\GAMEDEVNEW\Sources\Core\Src\KPlayer.cpp(4671,27): warning C4018: '>=': signed/unsigned mismatch [D:\GAMEDEVNEW\Sources\Core\Core.vcxproj]
  (compiling source file '/Src/KPlayer.cpp')
  
D:\GAMEDEVNEW\Sources\Core\Src\KPlayer.cpp(4678,107): warning C4267: 'argument': conversion from 'size_t' to 'int', possible loss of data [D:\GAMEDEVNEW\Sources\Core\Core.vcxproj]
  (compiling source file '/Src/KPlayer.cpp')
  
D:\GAMEDEVNEW\Sources\Core\Src\KPlayer.cpp(4684,107): warning C4267: 'argument': conversion from 'size_t' to 'int', possible loss of data [D:\GAMEDEVNEW\Sources\Core\Core.vcxproj]
  (compiling source file '/Src/KPlayer.cpp')
  
D:\GAMEDEVNEW\Sources\Core\Src\KPlayer.cpp(4675,10): warning C4996: 'sprintf': This function or variable may be unsafe. Consider using sprintf_s instead. To disable deprecation, use _CRT_SECURE_NO_WARNINGS. See online help for details. [D:\GAMEDEVNEW\Sources\Core\Core.vcxproj]
  (compiling source file '/Src/KPlayer.cpp')
  
D:\GAMEDEVNEW\Sources\Core\Src\KPlayer.cpp(4677,10): warning C4996: 'sprintf': This function or variable may be unsafe. Consider using sprintf_s instead. To disable deprecation, use _CRT_SECURE_NO_WARNINGS. See online help for details. [D:\GAMEDEVNEW\Sources\Core\Core.vcxproj]
  (compiling source file '/Src/KPlayer.cpp')
  
D:\GAMEDEVNEW\Sources\Core\Src\KPlayer.cpp(4683,9): warning C4996: 'sprintf': This function or variable may be unsafe. Consider using sprintf_s instead. To disable deprecation, use _CRT_SECURE_NO_WARNINGS. See online help for details. [D:\GAMEDEVNEW\Sources\Core\Core.vcxproj]
  (compiling source file '/Src/KPlayer.cpp')
  
D:\GAMEDEVNEW\Sources\Core\Src\KPlayer.cpp(4949,19): warning C4312: 'type cast': conversion from 'DWORD' to 'LPVOID' of greater size [D:\GAMEDEVNEW\Sources\Core\Core.vcxproj]
  (compiling source file '/Src/KPlayer.cpp')
  
D:\GAMEDEVNEW\Sources\Core\Src\KPlayer.cpp(5086,6): warning C4996: 'strcpy': This function or variable may be unsafe. Consider using strcpy_s instead. To disable deprecation, use _CRT_SECURE_NO_WARNINGS. See online help for details. [D:\GAMEDEVNEW\Sources\Core\Core.vcxproj]
  (compiling source file '/Src/KPlayer.cpp')
  
D:\GAMEDEVNEW\Sources\Core\Src\KPlayer.cpp(5089,6): warning C4996: 'strcpy': This function or variable may be unsafe. Consider using strcpy_s instead. To disable deprecation, use _CRT_SECURE_NO_WARNINGS. See online help for details. [D:\GAMEDEVNEW\Sources\Core\Core.vcxproj]
  (compiling source file '/Src/KPlayer.cpp')
  
D:\GAMEDEVNEW\Sources\Core\Src\KPlayer.cpp(5085,6): warning C4996: 'sprintf': This function or variable may be unsafe. Consider using sprintf_s instead. To disable deprecation, use _CRT_SECURE_NO_WARNINGS. See online help for details. [D:\GAMEDEVNEW\Sources\Core\Core.vcxproj]
  (compiling source file '/Src/KPlayer.cpp')
  
D:\GAMEDEVNEW\Sources\Core\Src\KPlayer.cpp(5171,6): warning C4996: 'strcpy': This function or variable may be unsafe. Consider using strcpy_s instead. To disable deprecation, use _CRT_SECURE_NO_WARNINGS. See online help for details. [D:\GAMEDEVNEW\Sources\Core\Core.vcxproj]
  (compiling source file '/Src/KPlayer.cpp')
  
D:\GAMEDEVNEW\Sources\Core\Src\KPlayer.cpp(5174,6): warning C4996: 'strcpy': This function or variable may be unsafe. Consider using strcpy_s instead. To disable deprecation, use _CRT_SECURE_NO_WARNINGS. See online help for details. [D:\GAMEDEVNEW\Sources\Core\Core.vcxproj]
  (compiling source file '/Src/KPlayer.cpp')
  
D:\GAMEDEVNEW\Sources\Core\Src\KPlayer.cpp(5170,6): warning C4996: 'sprintf': This function or variable may be unsafe. Consider using sprintf_s instead. To disable deprecation, use _CRT_SECURE_NO_WARNINGS. See online help for details. [D:\GAMEDEVNEW\Sources\Core\Core.vcxproj]
  (compiling source file '/Src/KPlayer.cpp')
  
D:\GAMEDEVNEW\Sources\Core\Src\KPlayer.cpp(5253,4): warning C4996: 'strcpy': This function or variable may be unsafe. Consider using strcpy_s instead. To disable deprecation, use _CRT_SECURE_NO_WARNINGS. See online help for details. [D:\GAMEDEVNEW\Sources\Core\Core.vcxproj]
  (compiling source file '/Src/KPlayer.cpp')
  
D:\GAMEDEVNEW\Sources\Core\Src\KPlayer.cpp(5256,4): warning C4996: 'strcpy': This function or variable may be unsafe. Consider using strcpy_s instead. To disable deprecation, use _CRT_SECURE_NO_WARNINGS. See online help for details. [D:\GAMEDEVNEW\Sources\Core\Core.vcxproj]
  (compiling source file '/Src/KPlayer.cpp')
  
D:\GAMEDEVNEW\Sources\Core\Src\KPlayer.cpp(5252,4): warning C4996: 'sprintf': This function or variable may be unsafe. Consider using sprintf_s instead. To disable deprecation, use _CRT_SECURE_NO_WARNINGS. See online help for details. [D:\GAMEDEVNEW\Sources\Core\Core.vcxproj]
  (compiling source file '/Src/KPlayer.cpp')
  
D:\GAMEDEVNEW\Sources\Core\Src\KPlayer.cpp(5306,2): warning C4996: 'strcpy': This function or variable may be unsafe. Consider using strcpy_s instead. To disable deprecation, use _CRT_SECURE_NO_WARNINGS. See online help for details. [D:\GAMEDEVNEW\Sources\Core\Core.vcxproj]
  (compiling source file '/Src/KPlayer.cpp')
  
D:\GAMEDEVNEW\Sources\Core\Src\KPlayer.cpp(5368,87): warning C4267: '=': conversion from 'size_t' to 'WORD', possible loss of data [D:\GAMEDEVNEW\Sources\Core\Core.vcxproj]
  (compiling source file '/Src/KPlayer.cpp')
  
D:\GAMEDEVNEW\Sources\Core\Src\KPlayer.cpp(5523,132): warning C4267: 'argument': conversion from 'size_t' to 'int', possible loss of data [D:\GAMEDEVNEW\Sources\Core\Core.vcxproj]
  (compiling source file '/Src/KPlayer.cpp')
  
D:\GAMEDEVNEW\Sources\Core\Src\KPlayer.cpp(5528,138): warning C4267: 'argument': conversion from 'size_t' to 'int', possible loss of data [D:\GAMEDEVNEW\Sources\Core\Core.vcxproj]
  (compiling source file '/Src/KPlayer.cpp')
  
D:\GAMEDEVNEW\Sources\Core\Src\KPlayer.cpp(5571,139): warning C4267: 'argument': conversion from 'size_t' to 'int', possible loss of data [D:\GAMEDEVNEW\Sources\Core\Core.vcxproj]
  (compiling source file '/Src/KPlayer.cpp')
  
D:\GAMEDEVNEW\Sources\Core\Src\KPlayer.cpp(5577,132): warning C4267: 'argument': conversion from 'size_t' to 'int', possible loss of data [D:\GAMEDEVNEW\Sources\Core\Core.vcxproj]
  (compiling source file '/Src/KPlayer.cpp')
  
D:\GAMEDEVNEW\Sources\Core\Src\KPlayer.cpp(5920,5): warning C4996: 'strcpy': This function or variable may be unsafe. Consider using strcpy_s instead. To disable deprecation, use _CRT_SECURE_NO_WARNINGS. See online help for details. [D:\GAMEDEVNEW\Sources\Core\Core.vcxproj]
  (compiling source file '/Src/KPlayer.cpp')
  
D:\GAMEDEVNEW\Sources\Core\Src\KPlayer.cpp(5923,5): warning C4996: 'strcpy': This function or variable may be unsafe. Consider using strcpy_s instead. To disable deprecation, use _CRT_SECURE_NO_WARNINGS. See online help for details. [D:\GAMEDEVNEW\Sources\Core\Core.vcxproj]
  (compiling source file '/Src/KPlayer.cpp')
  
D:\GAMEDEVNEW\Sources\Core\Src\KPlayer.cpp(5919,5): warning C4996: 'sprintf': This function or variable may be unsafe. Consider using sprintf_s instead. To disable deprecation, use _CRT_SECURE_NO_WARNINGS. See online help for details. [D:\GAMEDEVNEW\Sources\Core\Core.vcxproj]
  (compiling source file '/Src/KPlayer.cpp')
  
D:\GAMEDEVNEW\Sources\Core\Src\KPlayer.cpp(6105,22): warning C4101: 'nDestCanGet': unreferenced local variable [D:\GAMEDEVNEW\Sources\Core\Core.vcxproj]
  (compiling source file '/Src/KPlayer.cpp')
  
D:\GAMEDEVNEW\Sources\Core\Src\KPlayer.cpp(6105,9): warning C4101: 'nSelfCanGet': unreferenced local variable [D:\GAMEDEVNEW\Sources\Core\Core.vcxproj]
  (compiling source file '/Src/KPlayer.cpp')
  
D:\GAMEDEVNEW\Sources\Core\Src\KPlayer.cpp(6301,18): warning C4312: 'type cast': conversion from 'DWORD' to 'LPVOID' of greater size [D:\GAMEDEVNEW\Sources\Core\Core.vcxproj]
  (compiling source file '/Src/KPlayer.cpp')
  
D:\GAMEDEVNEW\Sources\Core\Src\KPlayer.cpp(6319,87): warning C4267: 'argument': conversion from 'size_t' to 'int', possible loss of data [D:\GAMEDEVNEW\Sources\Core\Core.vcxproj]
  (compiling source file '/Src/KPlayer.cpp')
  
D:\GAMEDEVNEW\Sources\Core\Src\KPlayer.cpp(6318,3): warning C4996: 'sprintf': This function or variable may be unsafe. Consider using sprintf_s instead. To disable deprecation, use _CRT_SECURE_NO_WARNINGS. See online help for details. [D:\GAMEDEVNEW\Sources\Core\Core.vcxproj]
  (compiling source file '/Src/KPlayer.cpp')
  
D:\GAMEDEVNEW\Sources\Core\Src\KPlayer.cpp(6394,18): warning C4312: 'type cast': conversion from 'DWORD' to 'LPVOID' of greater size [D:\GAMEDEVNEW\Sources\Core\Core.vcxproj]
  (compiling source file '/Src/KPlayer.cpp')
  
D:\GAMEDEVNEW\Sources\Core\Src\KPlayer.cpp(6412,85): warning C4267: 'argument': conversion from 'size_t' to 'int', possible loss of data [D:\GAMEDEVNEW\Sources\Core\Core.vcxproj]
  (compiling source file '/Src/KPlayer.cpp')
  
D:\GAMEDEVNEW\Sources\Core\Src\KPlayer.cpp(6411,3): warning C4996: 'sprintf': This function or variable may be unsafe. Consider using sprintf_s instead. To disable deprecation, use _CRT_SECURE_NO_WARNINGS. See online help for details. [D:\GAMEDEVNEW\Sources\Core\Core.vcxproj]
  (compiling source file '/Src/KPlayer.cpp')
  
D:\GAMEDEVNEW\Sources\Core\Src\KPlayer.cpp(6546,3): warning C4996: 'strncpy': This function or variable may be unsafe. Consider using strncpy_s instead. To disable deprecation, use _CRT_SECURE_NO_WARNINGS. See online help for details. [D:\GAMEDEVNEW\Sources\Core\Core.vcxproj]
  (compiling source file '/Src/KPlayer.cpp')
  
D:\GAMEDEVNEW\Sources\Core\Src\KPlayer.cpp(6591,5): warning C4996: 'strcpy': This function or variable may be unsafe. Consider using strcpy_s instead. To disable deprecation, use _CRT_SECURE_NO_WARNINGS. See online help for details. [D:\GAMEDEVNEW\Sources\Core\Core.vcxproj]
  (compiling source file '/Src/KPlayer.cpp')
  
D:\GAMEDEVNEW\Sources\Core\Src\KPlayer.cpp(6594,5): warning C4996: 'strcpy': This function or variable may be unsafe. Consider using strcpy_s instead. To disable deprecation, use _CRT_SECURE_NO_WARNINGS. See online help for details. [D:\GAMEDEVNEW\Sources\Core\Core.vcxproj]
  (compiling source file '/Src/KPlayer.cpp')
  
D:\GAMEDEVNEW\Sources\Core\Src\KPlayer.cpp(6590,5): warning C4996: 'sprintf': This function or variable may be unsafe. Consider using sprintf_s instead. To disable deprecation, use _CRT_SECURE_NO_WARNINGS. See online help for details. [D:\GAMEDEVNEW\Sources\Core\Core.vcxproj]
  (compiling source file '/Src/KPlayer.cpp')
  
D:\GAMEDEVNEW\Sources\Core\Src\KPlayer.cpp(6782,2): warning C4996: 'sprintf': This function or variable may be unsafe. Consider using sprintf_s instead. To disable deprecation, use _CRT_SECURE_NO_WARNINGS. See online help for details. [D:\GAMEDEVNEW\Sources\Core\Core.vcxproj]
  (compiling source file '/Src/KPlayer.cpp')
  
D:\GAMEDEVNEW\Sources\Core\Src\KPlayer.cpp(6783,2): warning C4996: 'sprintf': This function or variable may be unsafe. Consider using sprintf_s instead. To disable deprecation, use _CRT_SECURE_NO_WARNINGS. See online help for details. [D:\GAMEDEVNEW\Sources\Core\Core.vcxproj]
  (compiling source file '/Src/KPlayer.cpp')
  
D:\GAMEDEVNEW\Sources\Core\Src\KPlayer.cpp(7415,53): warning C4267: 'argument': conversion from 'size_t' to 'DWORD', possible loss of data [D:\GAMEDEVNEW\Sources\Core\Core.vcxproj]
  (compiling source file '/Src/KPlayer.cpp')
  
D:\GAMEDEVNEW\Sources\Core\Src\KPlayer.cpp(7433,116): warning C4244: '=': conversion from 'unsigned __int64' to 'WORD', possible loss of data [D:\GAMEDEVNEW\Sources\Core\Core.vcxproj]
  (compiling source file '/Src/KPlayer.cpp')
  
D:\GAMEDEVNEW\Sources\Core\Src\KPlayer.cpp(7635,50): warning C4267: '=': conversion from 'size_t' to 'int', possible loss of data [D:\GAMEDEVNEW\Sources\Core\Core.vcxproj]
  (compiling source file '/Src/KPlayer.cpp')
  
D:\GAMEDEVNEW\Sources\Core\Src\KPlayer.cpp(7636,3): warning C4996: 'strcpy': This function or variable may be unsafe. Consider using strcpy_s instead. To disable deprecation, use _CRT_SECURE_NO_WARNINGS. See online help for details. [D:\GAMEDEVNEW\Sources\Core\Core.vcxproj]
  (compiling source file '/Src/KPlayer.cpp')
  
D:\GAMEDEVNEW\Sources\Core\Src\KPlayer.cpp(7640,54): warning C4267: '=': conversion from 'size_t' to 'int', possible loss of data [D:\GAMEDEVNEW\Sources\Core\Core.vcxproj]
  (compiling source file '/Src/KPlayer.cpp')
  
D:\GAMEDEVNEW\Sources\Core\Src\KPlayer.cpp(7643,100): warning C4244: '=': conversion from 'unsigned __int64' to 'WORD', possible loss of data [D:\GAMEDEVNEW\Sources\Core\Core.vcxproj]
  (compiling source file '/Src/KPlayer.cpp')
  
D:\GAMEDEVNEW\Sources\Core\Src\KPlayer.cpp(7641,3): warning C4996: 'sprintf': This function or variable may be unsafe. Consider using sprintf_s instead. To disable deprecation, use _CRT_SECURE_NO_WARNINGS. See online help for details. [D:\GAMEDEVNEW\Sources\Core\Core.vcxproj]
  (compiling source file '/Src/KPlayer.cpp')
  
D:\GAMEDEVNEW\Sources\Core\Src\KPlayer.cpp(8311,7): warning C4996: 'sprintf': This function or variable may be unsafe. Consider using sprintf_s instead. To disable deprecation, use _CRT_SECURE_NO_WARNINGS. See online help for details. [D:\GAMEDEVNEW\Sources\Core\Core.vcxproj]
  (compiling source file '/Src/KPlayer.cpp')
  
D:\GAMEDEVNEW\Sources\Core\Src\KPlayer.cpp(8312,21): warning C4996: 'fopen': This function or variable may be unsafe. Consider using fopen_s instead. To disable deprecation, use _CRT_SECURE_NO_WARNINGS. See online help for details. [D:\GAMEDEVNEW\Sources\Core\Core.vcxproj]
  (compiling source file '/Src/KPlayer.cpp')
  
D:\GAMEDEVNEW\Sources\Core\Src\KPlayer.cpp(8713,3): warning C4996: 'sprintf': This function or variable may be unsafe. Consider using sprintf_s instead. To disable deprecation, use _CRT_SECURE_NO_WARNINGS. See online help for details. [D:\GAMEDEVNEW\Sources\Core\Core.vcxproj]
  (compiling source file '/Src/KPlayer.cpp')
  
D:\GAMEDEVNEW\Sources\Core\Src\KPlayer.cpp(10126,5): warning C4996: 'strcpy': This function or variable may be unsafe. Consider using strcpy_s instead. To disable deprecation, use _CRT_SECURE_NO_WARNINGS. See online help for details. [D:\GAMEDEVNEW\Sources\Core\Core.vcxproj]
  (compiling source file '/Src/KPlayer.cpp')
  
D:\GAMEDEVNEW\Sources\Core\Src\KPlayer.cpp(10129,5): warning C4996: 'strcpy': This function or variable may be unsafe. Consider using strcpy_s instead. To disable deprecation, use _CRT_SECURE_NO_WARNINGS. See online help for details. [D:\GAMEDEVNEW\Sources\Core\Core.vcxproj]
  (compiling source file '/Src/KPlayer.cpp')
  
D:\GAMEDEVNEW\Sources\Core\Src\KPlayer.cpp(10125,5): warning C4996: 'sprintf': This function or variable may be unsafe. Consider using sprintf_s instead. To disable deprecation, use _CRT_SECURE_NO_WARNINGS. See online help for details. [D:\GAMEDEVNEW\Sources\Core\Core.vcxproj]
  (compiling source file '/Src/KPlayer.cpp')
  
D:\GAMEDEVNEW\Sources\Core\Src\KPlayer.cpp(10285,86): warning C4267: 'argument': conversion from 'size_t' to 'int', possible loss of data [D:\GAMEDEVNEW\Sources\Core\Core.vcxproj]
  (compiling source file '/Src/KPlayer.cpp')
  
D:\GAMEDEVNEW\Sources\Core\Src\KPlayer.cpp(10293,86): warning C4267: 'argument': conversion from 'size_t' to 'int', possible loss of data [D:\GAMEDEVNEW\Sources\Core\Core.vcxproj]
  (compiling source file '/Src/KPlayer.cpp')
  
D:\GAMEDEVNEW\Sources\Core\Src\KPlayer.cpp(10284,3): warning C4996: 'sprintf': This function or variable may be unsafe. Consider using sprintf_s instead. To disable deprecation, use _CRT_SECURE_NO_WARNINGS. See online help for details. [D:\GAMEDEVNEW\Sources\Core\Core.vcxproj]
  (compiling source file '/Src/KPlayer.cpp')
  
D:\GAMEDEVNEW\Sources\Core\Src\KPlayer.cpp(10292,3): warning C4996: 'sprintf': This function or variable may be unsafe. Consider using sprintf_s instead. To disable deprecation, use _CRT_SECURE_NO_WARNINGS. See online help for details. [D:\GAMEDEVNEW\Sources\Core\Core.vcxproj]
  (compiling source file '/Src/KPlayer.cpp')
  
D:\GAMEDEVNEW\Sources\Core\Src\KPlayer.cpp(10328,86): warning C4267: 'argument': conversion from 'size_t' to 'int', possible loss of data [D:\GAMEDEVNEW\Sources\Core\Core.vcxproj]
  (compiling source file '/Src/KPlayer.cpp')
  
D:\GAMEDEVNEW\Sources\Core\Src\KPlayer.cpp(10327,3): warning C4996: 'sprintf': This function or variable may be unsafe. Consider using sprintf_s instead. To disable deprecation, use _CRT_SECURE_NO_WARNINGS. See online help for details. [D:\GAMEDEVNEW\Sources\Core\Core.vcxproj]
  (compiling source file '/Src/KPlayer.cpp')
  
D:\GAMEDEVNEW\Sources\Core\Src\KPlayer.cpp(10340,86): warning C4267: 'argument': conversion from 'size_t' to 'int', possible loss of data [D:\GAMEDEVNEW\Sources\Core\Core.vcxproj]
  (compiling source file '/Src/KPlayer.cpp')
  
D:\GAMEDEVNEW\Sources\Core\Src\KPlayer.cpp(10339,2): warning C4996: 'sprintf': This function or variable may be unsafe. Consider using sprintf_s instead. To disable deprecation, use _CRT_SECURE_NO_WARNINGS. See online help for details. [D:\GAMEDEVNEW\Sources\Core\Core.vcxproj]
  (compiling source file '/Src/KPlayer.cpp')
  
D:\GAMEDEVNEW\Sources\Core\Src\KPlayer.cpp(10351,86): warning C4267: 'argument': conversion from 'size_t' to 'int', possible loss of data [D:\GAMEDEVNEW\Sources\Core\Core.vcxproj]
  (compiling source file '/Src/KPlayer.cpp')
  
D:\GAMEDEVNEW\Sources\Core\Src\KPlayer.cpp(10350,2): warning C4996: 'sprintf': This function or variable may be unsafe. Consider using sprintf_s instead. To disable deprecation, use _CRT_SECURE_NO_WARNINGS. See online help for details. [D:\GAMEDEVNEW\Sources\Core\Core.vcxproj]
  (compiling source file '/Src/KPlayer.cpp')
  
D:\GAMEDEVNEW\Sources\Core\Src\KPlayer.cpp(10496,18): warning C4101: 'j': unreferenced local variable [D:\GAMEDEVNEW\Sources\Core\Core.vcxproj]
  (compiling source file '/Src/KPlayer.cpp')
  
D:\GAMEDEVNEW\Sources\Core\Src\KPlayer.cpp(10645,3): warning C4996: 'sprintf': This function or variable may be unsafe. Consider using sprintf_s instead. To disable deprecation, use _CRT_SECURE_NO_WARNINGS. See online help for details. [D:\GAMEDEVNEW\Sources\Core\Core.vcxproj]
  (compiling source file '/Src/KPlayer.cpp')
  
D:\GAMEDEVNEW\Sources\Core\Src\KPlayer.cpp(10651,3): warning C4996: 'sprintf': This function or variable may be unsafe. Consider using sprintf_s instead. To disable deprecation, use _CRT_SECURE_NO_WARNINGS. See online help for details. [D:\GAMEDEVNEW\Sources\Core\Core.vcxproj]
  (compiling source file '/Src/KPlayer.cpp')
  
D:\GAMEDEVNEW\Sources\Core\Src\KPlayer.cpp(10658,3): warning C4996: 'sprintf': This function or variable may be unsafe. Consider using sprintf_s instead. To disable deprecation, use _CRT_SECURE_NO_WARNINGS. See online help for details. [D:\GAMEDEVNEW\Sources\Core\Core.vcxproj]
  (compiling source file '/Src/KPlayer.cpp')
  
  KPlayerAuto.cpp
  KPlayerBot.cpp
D:\GAMEDEVNEW\Sources\Core\Src\KPlayer.h(95,1): warning C5208: unnamed class used in typedef name cannot declare members other than non-static data members, member enumerations, or member classes [D:\GAMEDEVNEW\Sources\Core\Core.vcxproj]
  (compiling source file '/Src/KPlayerBot.cpp')
  
D:\GAMEDEVNEW\Sources\Core\Src\KPlayerBot.cpp(362,2): warning C4996: '_vsnprintf': This function or variable may be unsafe. Consider using _vsnprintf_s instead. To disable deprecation, use _CRT_SECURE_NO_WARNINGS. See online help for details. [D:\GAMEDEVNEW\Sources\Core\Core.vcxproj]
  (compiling source file '/Src/KPlayerBot.cpp')
  
D:\GAMEDEVNEW\Sources\Core\Src\KPlayerBot.cpp(405,16): warning C4996: 'fopen': This function or variable may be unsafe. Consider using fopen_s instead. To disable deprecation, use _CRT_SECURE_NO_WARNINGS. See online help for details. [D:\GAMEDEVNEW\Sources\Core\Core.vcxproj]
  (compiling source file '/Src/KPlayerBot.cpp')
  
D:\GAMEDEVNEW\Sources\Core\Src\KPlayerBot.cpp(420,12): warning C4996: 'fopen': This function or variable may be unsafe. Consider using fopen_s instead. To disable deprecation, use _CRT_SECURE_NO_WARNINGS. See online help for details. [D:\GAMEDEVNEW\Sources\Core\Core.vcxproj]
  (compiling source file '/Src/KPlayerBot.cpp')
  
D:\GAMEDEVNEW\Sources\Core\Src\KPlayerBot.cpp(424,18): warning C4996: 'localtime': This function or variable may be unsafe. Consider using localtime_s instead. To disable deprecation, use _CRT_SECURE_NO_WARNINGS. See online help for details. [D:\GAMEDEVNEW\Sources\Core\Core.vcxproj]
  (compiling source file '/Src/KPlayerBot.cpp')
  
D:\GAMEDEVNEW\Sources\Core\Src\KPlayerBot.cpp(490,2): warning C4996: '_vsnprintf': This function or variable may be unsafe. Consider using _vsnprintf_s instead. To disable deprecation, use _CRT_SECURE_NO_WARNINGS. See online help for details. [D:\GAMEDEVNEW\Sources\Core\Core.vcxproj]
  (compiling source file '/Src/KPlayerBot.cpp')
  
D:\GAMEDEVNEW\Sources\Core\Src\KPlayerBot.cpp(664,2): warning C4996: 'strncpy': This function or variable may be unsafe. Consider using strncpy_s instead. To disable deprecation, use _CRT_SECURE_NO_WARNINGS. See online help for details. [D:\GAMEDEVNEW\Sources\Core\Core.vcxproj]
  (compiling source file '/Src/KPlayerBot.cpp')
  
D:\GAMEDEVNEW\Sources\Core\Src\KPlayerBot.cpp(676,3): warning C4996: 'sprintf': This function or variable may be unsafe. Consider using sprintf_s instead. To disable deprecation, use _CRT_SECURE_NO_WARNINGS. See online help for details. [D:\GAMEDEVNEW\Sources\Core\Core.vcxproj]
  (compiling source file '/Src/KPlayerBot.cpp')
  
D:\GAMEDEVNEW\Sources\Core\Src\KPlayerBot.cpp(696,2): warning C4996: 'strncpy': This function or variable may be unsafe. Consider using strncpy_s instead. To disable deprecation, use _CRT_SECURE_NO_WARNINGS. See online help for details. [D:\GAMEDEVNEW\Sources\Core\Core.vcxproj]
  (compiling source file '/Src/KPlayerBot.cpp')
  
D:\GAMEDEVNEW\Sources\Core\Src\KPlayerBot.cpp(743,2): warning C4996: 'strncpy': This function or variable may be unsafe. Consider using strncpy_s instead. To disable deprecation, use _CRT_SECURE_NO_WARNINGS. See online help for details. [D:\GAMEDEVNEW\Sources\Core\Core.vcxproj]
  (compiling source file '/Src/KPlayerBot.cpp')
  
D:\GAMEDEVNEW\Sources\Core\Src\KPlayerBot.cpp(780,7): warning C4996: 'strcmpi': The POSIX name for this item is deprecated. Instead, use the ISO C and C++ conformant name: _strcmpi. See online help for details. [D:\GAMEDEVNEW\Sources\Core\Core.vcxproj]
  (compiling source file '/Src/KPlayerBot.cpp')
  
D:\GAMEDEVNEW\Sources\Core\Src\KPlayerBot.cpp(828,2): warning C4996: 'strncpy': This function or variable may be unsafe. Consider using strncpy_s instead. To disable deprecation, use _CRT_SECURE_NO_WARNINGS. See online help for details. [D:\GAMEDEVNEW\Sources\Core\Core.vcxproj]
  (compiling source file '/Src/KPlayerBot.cpp')
  
D:\GAMEDEVNEW\Sources\Core\Src\KPlayerBot.cpp(830,2): warning C4996: 'strncpy': This function or variable may be unsafe. Consider using strncpy_s instead. To disable deprecation, use _CRT_SECURE_NO_WARNINGS. See online help for details. [D:\GAMEDEVNEW\Sources\Core\Core.vcxproj]
  (compiling source file '/Src/KPlayerBot.cpp')
  
D:\GAMEDEVNEW\Sources\Core\Src\KPlayerBot.cpp(1030,3): warning C4996: 'strncpy': This function or variable may be unsafe. Consider using strncpy_s instead. To disable deprecation, use _CRT_SECURE_NO_WARNINGS. See online help for details. [D:\GAMEDEVNEW\Sources\Core\Core.vcxproj]
  (compiling source file '/Src/KPlayerBot.cpp')
  
D:\GAMEDEVNEW\Sources\Core\Src\KPlayerBot.cpp(3651,3): warning C4996: 'strcpy': This function or variable may be unsafe. Consider using strcpy_s instead. To disable deprecation, use _CRT_SECURE_NO_WARNINGS. See online help for details. [D:\GAMEDEVNEW\Sources\Core\Core.vcxproj]
  (compiling source file '/Src/KPlayerBot.cpp')
  
D:\GAMEDEVNEW\Sources\Core\Src\KPlayerBot.cpp(3640,12): warning C4996: 'fopen': This function or variable may be unsafe. Consider using fopen_s instead. To disable deprecation, use _CRT_SECURE_NO_WARNINGS. See online help for details. [D:\GAMEDEVNEW\Sources\Core\Core.vcxproj]
  (compiling source file '/Src/KPlayerBot.cpp')
  
D:\GAMEDEVNEW\Sources\Core\Src\KPlayerBot.cpp(3872,5): warning C4996: 'strncpy': This function or variable may be unsafe. Consider using strncpy_s instead. To disable deprecation, use _CRT_SECURE_NO_WARNINGS. See online help for details. [D:\GAMEDEVNEW\Sources\Core\Core.vcxproj]
  (compiling source file '/Src/KPlayerBot.cpp')
  
D:\GAMEDEVNEW\Sources\Core\Src\KPlayerBot.cpp(3874,5): warning C4996: 'strncpy': This function or variable may be unsafe. Consider using strncpy_s instead. To disable deprecation, use _CRT_SECURE_NO_WARNINGS. See online help for details. [D:\GAMEDEVNEW\Sources\Core\Core.vcxproj]
  (compiling source file '/Src/KPlayerBot.cpp')
  
D:\GAMEDEVNEW\Sources\Core\Src\KPlayerBot.cpp(4556,35): warning C4996: '_snprintf': This function or variable may be unsafe. Consider using _snprintf_s instead. To disable deprecation, use _CRT_SECURE_NO_WARNINGS. See online help for details. [D:\GAMEDEVNEW\Sources\Core\Core.vcxproj]
  (compiling source file '/Src/KPlayerBot.cpp')
  
D:\GAMEDEVNEW\Sources\Core\Src\KPlayerBot.cpp(4563,6): warning C4996: '_snprintf': This function or variable may be unsafe. Consider using _snprintf_s instead. To disable deprecation, use _CRT_SECURE_NO_WARNINGS. See online help for details. [D:\GAMEDEVNEW\Sources\Core\Core.vcxproj]
  (compiling source file '/Src/KPlayerBot.cpp')
  
D:\GAMEDEVNEW\Sources\Core\Src\KPlayerBot.cpp(4567,36): warning C4996: '_snprintf': This function or variable may be unsafe. Consider using _snprintf_s instead. To disable deprecation, use _CRT_SECURE_NO_WARNINGS. See online help for details. [D:\GAMEDEVNEW\Sources\Core\Core.vcxproj]
  (compiling source file '/Src/KPlayerBot.cpp')
  
D:\GAMEDEVNEW\Sources\Core\Src\KPlayerBot.cpp(4568,35): warning C4996: '_snprintf': This function or variable may be unsafe. Consider using _snprintf_s instead. To disable deprecation, use _CRT_SECURE_NO_WARNINGS. See online help for details. [D:\GAMEDEVNEW\Sources\Core\Core.vcxproj]
  (compiling source file '/Src/KPlayerBot.cpp')
  
D:\GAMEDEVNEW\Sources\Core\Src\KPlayerBot.cpp(4569,35): warning C4996: '_snprintf': This function or variable may be unsafe. Consider using _snprintf_s instead. To disable deprecation, use _CRT_SECURE_NO_WARNINGS. See online help for details. [D:\GAMEDEVNEW\Sources\Core\Core.vcxproj]
  (compiling source file '/Src/KPlayerBot.cpp')
  
D:\GAMEDEVNEW\Sources\Core\Src\KPlayerBot.cpp(4570,35): warning C4996: '_snprintf': This function or variable may be unsafe. Consider using _snprintf_s instead. To disable deprecation, use _CRT_SECURE_NO_WARNINGS. See online help for details. [D:\GAMEDEVNEW\Sources\Core\Core.vcxproj]
  (compiling source file '/Src/KPlayerBot.cpp')
  
D:\GAMEDEVNEW\Sources\Core\Src\KPlayerBot.cpp(4581,6): warning C4996: '_snprintf': This function or variable may be unsafe. Consider using _snprintf_s instead. To disable deprecation, use _CRT_SECURE_NO_WARNINGS. See online help for details. [D:\GAMEDEVNEW\Sources\Core\Core.vcxproj]
  (compiling source file '/Src/KPlayerBot.cpp')
  
D:\GAMEDEVNEW\Sources\Core\Src\KPlayerBot.cpp(4588,28): warning C4996: '_snprintf': This function or variable may be unsafe. Consider using _snprintf_s instead. To disable deprecation, use _CRT_SECURE_NO_WARNINGS. See online help for details. [D:\GAMEDEVNEW\Sources\Core\Core.vcxproj]
  (compiling source file '/Src/KPlayerBot.cpp')
  
D:\GAMEDEVNEW\Sources\Core\Src\KPlayerBot.cpp(4605,5): warning C4996: '_snprintf': This function or variable may be unsafe. Consider using _snprintf_s instead. To disable deprecation, use _CRT_SECURE_NO_WARNINGS. See online help for details. [D:\GAMEDEVNEW\Sources\Core\Core.vcxproj]
  (compiling source file '/Src/KPlayerBot.cpp')
  
D:\GAMEDEVNEW\Sources\Core\Src\KPlayerBot.cpp(4611,3): warning C4996: '_snprintf': This function or variable may be unsafe. Consider using _snprintf_s instead. To disable deprecation, use _CRT_SECURE_NO_WARNINGS. See online help for details. [D:\GAMEDEVNEW\Sources\Core\Core.vcxproj]
  (compiling source file '/Src/KPlayerBot.cpp')
  
D:\GAMEDEVNEW\Sources\Core\Src\KPlayerBot.cpp(6294,3): warning C4996: 'strncpy': This function or variable may be unsafe. Consider using strncpy_s instead. To disable deprecation, use _CRT_SECURE_NO_WARNINGS. See online help for details. [D:\GAMEDEVNEW\Sources\Core\Core.vcxproj]
  (compiling source file '/Src/KPlayerBot.cpp')
  
D:\GAMEDEVNEW\Sources\Core\Src\KPlayerBot.cpp(6365,12): warning C4996: 'fopen': This function or variable may be unsafe. Consider using fopen_s instead. To disable deprecation, use _CRT_SECURE_NO_WARNINGS. See online help for details. [D:\GAMEDEVNEW\Sources\Core\Core.vcxproj]
  (compiling source file '/Src/KPlayerBot.cpp')
  
D:\GAMEDEVNEW\Sources\Core\Src\KPlayerBot.cpp(6380,4): warning C4996: 'strncpy': This function or variable may be unsafe. Consider using strncpy_s instead. To disable deprecation, use _CRT_SECURE_NO_WARNINGS. See online help for details. [D:\GAMEDEVNEW\Sources\Core\Core.vcxproj]
  (compiling source file '/Src/KPlayerBot.cpp')
  
D:\GAMEDEVNEW\Sources\Core\Src\KPlayerBot.cpp(6404,3): warning C4996: 'strncpy': This function or variable may be unsafe. Consider using strncpy_s instead. To disable deprecation, use _CRT_SECURE_NO_WARNINGS. See online help for details. [D:\GAMEDEVNEW\Sources\Core\Core.vcxproj]
  (compiling source file '/Src/KPlayerBot.cpp')
  
D:\GAMEDEVNEW\Sources\Core\Src\KPlayerBot.cpp(6467,14): warning C4996: '_snprintf': This function or variable may be unsafe. Consider using _snprintf_s instead. To disable deprecation, use _CRT_SECURE_NO_WARNINGS. See online help for details. [D:\GAMEDEVNEW\Sources\Core\Core.vcxproj]
  (compiling source file '/Src/KPlayerBot.cpp')
  
D:\GAMEDEVNEW\Sources\Core\Src\KPlayerBot.cpp(6476,12): warning C4996: '_snprintf': This function or variable may be unsafe. Consider using _snprintf_s instead. To disable deprecation, use _CRT_SECURE_NO_WARNINGS. See online help for details. [D:\GAMEDEVNEW\Sources\Core\Core.vcxproj]
  (compiling source file '/Src/KPlayerBot.cpp')
  
D:\GAMEDEVNEW\Sources\Core\Src\KPlayerBot.cpp(6507,3): warning C4996: 'strncpy': This function or variable may be unsafe. Consider using strncpy_s instead. To disable deprecation, use _CRT_SECURE_NO_WARNINGS. See online help for details. [D:\GAMEDEVNEW\Sources\Core\Core.vcxproj]
  (compiling source file '/Src/KPlayerBot.cpp')
  
D:\GAMEDEVNEW\Sources\Core\Src\KPlayerBot.cpp(6578,3): warning C4996: '_snprintf': This function or variable may be unsafe. Consider using _snprintf_s instead. To disable deprecation, use _CRT_SECURE_NO_WARNINGS. See online help for details. [D:\GAMEDEVNEW\Sources\Core\Core.vcxproj]
  (compiling source file '/Src/KPlayerBot.cpp')
  
D:\GAMEDEVNEW\Sources\Core\Src\KPlayerBot.cpp(6584,3): warning C4996: 'strncpy': This function or variable may be unsafe. Consider using strncpy_s instead. To disable deprecation, use _CRT_SECURE_NO_WARNINGS. See online help for details. [D:\GAMEDEVNEW\Sources\Core\Core.vcxproj]
  (compiling source file '/Src/KPlayerBot.cpp')
  
D:\GAMEDEVNEW\Sources\Core\Src\KPlayerBot.cpp(6684,2): warning C4996: 'strncpy': This function or variable may be unsafe. Consider using strncpy_s instead. To disable deprecation, use _CRT_SECURE_NO_WARNINGS. See online help for details. [D:\GAMEDEVNEW\Sources\Core\Core.vcxproj]
  (compiling source file '/Src/KPlayerBot.cpp')
  
D:\GAMEDEVNEW\Sources\Core\Src\KPlayerBot.cpp(6723,2): warning C4996: 'strncpy': This function or variable may be unsafe. Consider using strncpy_s instead. To disable deprecation, use _CRT_SECURE_NO_WARNINGS. See online help for details. [D:\GAMEDEVNEW\Sources\Core\Core.vcxproj]
  (compiling source file '/Src/KPlayerBot.cpp')
  
D:\GAMEDEVNEW\Sources\Core\Src\KPlayerBot.cpp(6777,3): warning C4996: 'sprintf': This function or variable may be unsafe. Consider using sprintf_s instead. To disable deprecation, use _CRT_SECURE_NO_WARNINGS. See online help for details. [D:\GAMEDEVNEW\Sources\Core\Core.vcxproj]
  (compiling source file '/Src/KPlayerBot.cpp')
  
D:\GAMEDEVNEW\Sources\Core\Src\KPlayerBot.cpp(6779,3): warning C4996: 'sprintf': This function or variable may be unsafe. Consider using sprintf_s instead. To disable deprecation, use _CRT_SECURE_NO_WARNINGS. See online help for details. [D:\GAMEDEVNEW\Sources\Core\Core.vcxproj]
  (compiling source file '/Src/KPlayerBot.cpp')
  
D:\GAMEDEVNEW\Sources\Core\Src\KPlayerBot.cpp(6782,3): warning C4996: 'sprintf': This function or variable may be unsafe. Consider using sprintf_s instead. To disable deprecation, use _CRT_SECURE_NO_WARNINGS. See online help for details. [D:\GAMEDEVNEW\Sources\Core\Core.vcxproj]
  (compiling source file '/Src/KPlayerBot.cpp')
  
D:\GAMEDEVNEW\Sources\Core\Src\KPlayerBot.cpp(6785,3): warning C4996: 'sprintf': This function or variable may be unsafe. Consider using sprintf_s instead. To disable deprecation, use _CRT_SECURE_NO_WARNINGS. See online help for details. [D:\GAMEDEVNEW\Sources\Core\Core.vcxproj]
  (compiling source file '/Src/KPlayerBot.cpp')
  
D:\GAMEDEVNEW\Sources\Core\Src\KPlayerBot.cpp(6792,3): warning C4996: 'sprintf': This function or variable may be unsafe. Consider using sprintf_s instead. To disable deprecation, use _CRT_SECURE_NO_WARNINGS. See online help for details. [D:\GAMEDEVNEW\Sources\Core\Core.vcxproj]
  (compiling source file '/Src/KPlayerBot.cpp')
  
D:\GAMEDEVNEW\Sources\Core\Src\KPlayerBot.cpp(6797,3): warning C4996: 'sprintf': This function or variable may be unsafe. Consider using sprintf_s instead. To disable deprecation, use _CRT_SECURE_NO_WARNINGS. See online help for details. [D:\GAMEDEVNEW\Sources\Core\Core.vcxproj]
  (compiling source file '/Src/KPlayerBot.cpp')
  
D:\GAMEDEVNEW\Sources\Core\Src\KPlayerBot.cpp(6804,4): warning C4996: 'sprintf': This function or variable may be unsafe. Consider using sprintf_s instead. To disable deprecation, use _CRT_SECURE_NO_WARNINGS. See online help for details. [D:\GAMEDEVNEW\Sources\Core\Core.vcxproj]
  (compiling source file '/Src/KPlayerBot.cpp')
  
D:\GAMEDEVNEW\Sources\Core\Src\KPlayerBot.cpp(6806,4): warning C4996: 'sprintf': This function or variable may be unsafe. Consider using sprintf_s instead. To disable deprecation, use _CRT_SECURE_NO_WARNINGS. See online help for details. [D:\GAMEDEVNEW\Sources\Core\Core.vcxproj]
  (compiling source file '/Src/KPlayerBot.cpp')
  
D:\GAMEDEVNEW\Sources\Core\Src\KPlayerBot.cpp(6809,3): warning C4996: 'sprintf': This function or variable may be unsafe. Consider using sprintf_s instead. To disable deprecation, use _CRT_SECURE_NO_WARNINGS. See online help for details. [D:\GAMEDEVNEW\Sources\Core\Core.vcxproj]
  (compiling source file '/Src/KPlayerBot.cpp')
  
D:\GAMEDEVNEW\Sources\Core\Src\KPlayerBot.cpp(6811,3): warning C4996: 'sprintf': This function or variable may be unsafe. Consider using sprintf_s instead. To disable deprecation, use _CRT_SECURE_NO_WARNINGS. See online help for details. [D:\GAMEDEVNEW\Sources\Core\Core.vcxproj]
  (compiling source file '/Src/KPlayerBot.cpp')
  
D:\GAMEDEVNEW\Sources\Core\Src\KPlayerBot.cpp(6829,3): warning C4996: 'strncpy': This function or variable may be unsafe. Consider using strncpy_s instead. To disable deprecation, use _CRT_SECURE_NO_WARNINGS. See online help for details. [D:\GAMEDEVNEW\Sources\Core\Core.vcxproj]
  (compiling source file '/Src/KPlayerBot.cpp')
  
D:\GAMEDEVNEW\Sources\Core\Src\KPlayerBot.cpp(6866,4): warning C4996: 'strncpy': This function or variable may be unsafe. Consider using strncpy_s instead. To disable deprecation, use _CRT_SECURE_NO_WARNINGS. See online help for details. [D:\GAMEDEVNEW\Sources\Core\Core.vcxproj]
  (compiling source file '/Src/KPlayerBot.cpp')
  
D:\GAMEDEVNEW\Sources\Core\Src\KPlayerBot.cpp(6871,3): warning C4996: 'strncpy': This function or variable may be unsafe. Consider using strncpy_s instead. To disable deprecation, use _CRT_SECURE_NO_WARNINGS. See online help for details. [D:\GAMEDEVNEW\Sources\Core\Core.vcxproj]
  (compiling source file '/Src/KPlayerBot.cpp')
  
  KPlayerChat.cpp
D:\GAMEDEVNEW\Sources\Core\Src\KPlayer.h(95,1): warning C5208: unnamed class used in typedef name cannot declare members other than non-static data members, member enumerations, or member classes [D:\GAMEDEVNEW\Sources\Core\Core.vcxproj]
  (compiling source file '/Src/KPlayerChat.cpp')
  
D:\GAMEDEVNEW\Sources\MultiServer\Common\OpaqueUserData.h(57,10): warning C4311: 'reinterpret_cast': pointer truncation from 'void *' to 'unsigned long' [D:\GAMEDEVNEW\Sources\Core\Core.vcxproj]
  (compiling source file '/Src/KPlayerChat.cpp')
  
D:\GAMEDEVNEW\Sources\MultiServer\Common\OpaqueUserData.h(57,10): warning C4302: 'reinterpret_cast': truncation from 'void *' to 'unsigned long' [D:\GAMEDEVNEW\Sources\Core\Core.vcxproj]
  (compiling source file '/Src/KPlayerChat.cpp')
  
D:\GAMEDEVNEW\Sources\MultiServer\Common\OpaqueUserData.h(62,15): warning C4312: 'reinterpret_cast': conversion from 'unsigned long' to 'void *' of greater size [D:\GAMEDEVNEW\Sources\Core\Core.vcxproj]
  (compiling source file '/Src/KPlayerChat.cpp')
  
D:\GAMEDEVNEW\Sources\Core\Src\KPlayerChat.cpp(101,2): warning C4996: 'strcpy': This function or variable may be unsafe. Consider using strcpy_s instead. To disable deprecation, use _CRT_SECURE_NO_WARNINGS. See online help for details. [D:\GAMEDEVNEW\Sources\Core\Core.vcxproj]
  (compiling source file '/Src/KPlayerChat.cpp')
  
D:\GAMEDEVNEW\Sources\Core\Src\KPlayerChat.cpp(432,31): warning C4267: '=': conversion from 'size_t' to 'BYTE', possible loss of data [D:\GAMEDEVNEW\Sources\Core\Core.vcxproj]
  (compiling source file '/Src/KPlayerChat.cpp')
  
D:\GAMEDEVNEW\Sources\Core\Src\KPlayerChat.cpp(458,31): warning C4267: '=': conversion from 'size_t' to 'BYTE', possible loss of data [D:\GAMEDEVNEW\Sources\Core\Core.vcxproj]
  (compiling source file '/Src/KPlayerChat.cpp')
  
D:\GAMEDEVNEW\Sources\Core\Src\KPlayerChat.cpp(533,31): warning C4267: '=': conversion from 'size_t' to 'BYTE', possible loss of data [D:\GAMEDEVNEW\Sources\Core\Core.vcxproj]
  (compiling source file '/Src/KPlayerChat.cpp')
  
D:\GAMEDEVNEW\Sources\Core\Src\KPlayerChat.cpp(569,31): warning C4267: '=': conversion from 'size_t' to 'BYTE', possible loss of data [D:\GAMEDEVNEW\Sources\Core\Core.vcxproj]
  (compiling source file '/Src/KPlayerChat.cpp')
  
D:\GAMEDEVNEW\Sources\Core\Src\KPlayerChat.cpp(612,31): warning C4267: '=': conversion from 'size_t' to 'WORD', possible loss of data [D:\GAMEDEVNEW\Sources\Core\Core.vcxproj]
  (compiling source file '/Src/KPlayerChat.cpp')
  
D:\GAMEDEVNEW\Sources\Core\Src\KPlayerChat.cpp(619,31): warning C4267: '=': conversion from 'size_t' to 'BYTE', possible loss of data [D:\GAMEDEVNEW\Sources\Core\Core.vcxproj]
  (compiling source file '/Src/KPlayerChat.cpp')
  
D:\GAMEDEVNEW\Sources\Core\Src\KPlayerChat.cpp(1330,90): warning C4267: '=': conversion from 'size_t' to 'WORD', possible loss of data [D:\GAMEDEVNEW\Sources\Core\Core.vcxproj]
  (compiling source file '/Src/KPlayerChat.cpp')
  
D:\GAMEDEVNEW\Sources\Core\Src\KPlayerChat.cpp(1794,32): warning C4267: '=': conversion from 'size_t' to 'WORD', possible loss of data [D:\GAMEDEVNEW\Sources\Core\Core.vcxproj]
  (compiling source file '/Src/KPlayerChat.cpp')
  
D:\GAMEDEVNEW\Sources\Core\Src\KPlayerChat.cpp(1798,29): warning C4267: '=': conversion from 'size_t' to 'WORD', possible loss of data [D:\GAMEDEVNEW\Sources\Core\Core.vcxproj]
  (compiling source file '/Src/KPlayerChat.cpp')
  
D:\GAMEDEVNEW\Sources\Core\Src\KPlayerChat.cpp(1800,2): warning C4996: 'strncpy': This function or variable may be unsafe. Consider using strncpy_s instead. To disable deprecation, use _CRT_SECURE_NO_WARNINGS. See online help for details. [D:\GAMEDEVNEW\Sources\Core\Core.vcxproj]
  (compiling source file '/Src/KPlayerChat.cpp')
  
D:\GAMEDEVNEW\Sources\Core\Src\KPlayerChat.cpp(1926,32): warning C4267: '=': conversion from 'size_t' to 'WORD', possible loss of data [D:\GAMEDEVNEW\Sources\Core\Core.vcxproj]
  (compiling source file '/Src/KPlayerChat.cpp')
  
D:\GAMEDEVNEW\Sources\Core\Src\KPlayerChat.cpp(1930,29): warning C4267: '=': conversion from 'size_t' to 'WORD', possible loss of data [D:\GAMEDEVNEW\Sources\Core\Core.vcxproj]
  (compiling source file '/Src/KPlayerChat.cpp')
  
D:\GAMEDEVNEW\Sources\Core\Src\KPlayerChat.cpp(1932,2): warning C4996: 'strncpy': This function or variable may be unsafe. Consider using strncpy_s instead. To disable deprecation, use _CRT_SECURE_NO_WARNINGS. See online help for details. [D:\GAMEDEVNEW\Sources\Core\Core.vcxproj]
  (compiling source file '/Src/KPlayerChat.cpp')
  
D:\GAMEDEVNEW\Sources\Core\Src\KPlayerChat.cpp(1972,31): warning C4267: '=': conversion from 'size_t' to 'WORD', possible loss of data [D:\GAMEDEVNEW\Sources\Core\Core.vcxproj]
  (compiling source file '/Src/KPlayerChat.cpp')
  
D:\GAMEDEVNEW\Sources\Core\Src\KPlayerChat.cpp(1977,2): warning C4996: 'strcpy': This function or variable may be unsafe. Consider using strcpy_s instead. To disable deprecation, use _CRT_SECURE_NO_WARNINGS. See online help for details. [D:\GAMEDEVNEW\Sources\Core\Core.vcxproj]
  (compiling source file '/Src/KPlayerChat.cpp')
  
D:\GAMEDEVNEW\Sources\Core\Src\KPlayerChat.cpp(1978,2): warning C4996: 'strcpy': This function or variable may be unsafe. Consider using strcpy_s instead. To disable deprecation, use _CRT_SECURE_NO_WARNINGS. See online help for details. [D:\GAMEDEVNEW\Sources\Core\Core.vcxproj]
  (compiling source file '/Src/KPlayerChat.cpp')
  
D:\GAMEDEVNEW\Sources\Core\Src\KPlayerChat.cpp(2016,31): warning C4267: '=': conversion from 'size_t' to 'WORD', possible loss of data [D:\GAMEDEVNEW\Sources\Core\Core.vcxproj]
  (compiling source file '/Src/KPlayerChat.cpp')
  
D:\GAMEDEVNEW\Sources\Core\Src\KPlayerChat.cpp(2021,2): warning C4996: 'strcpy': This function or variable may be unsafe. Consider using strcpy_s instead. To disable deprecation, use _CRT_SECURE_NO_WARNINGS. See online help for details. [D:\GAMEDEVNEW\Sources\Core\Core.vcxproj]
  (compiling source file '/Src/KPlayerChat.cpp')
  
D:\GAMEDEVNEW\Sources\Core\Src\KPlayerChat.cpp(2022,2): warning C4996: 'strcpy': This function or variable may be unsafe. Consider using strcpy_s instead. To disable deprecation, use _CRT_SECURE_NO_WARNINGS. See online help for details. [D:\GAMEDEVNEW\Sources\Core\Core.vcxproj]
  (compiling source file '/Src/KPlayerChat.cpp')
  
D:\GAMEDEVNEW\Sources\Core\Src\KPlayerChat.cpp(2040,28): warning C4267: '=': conversion from 'size_t' to 'BYTE', possible loss of data [D:\GAMEDEVNEW\Sources\Core\Core.vcxproj]
  (compiling source file '/Src/KPlayerChat.cpp')
  
D:\GAMEDEVNEW\Sources\Core\Src\KPlayerChat.cpp(2069,9): warning C4267: 'initializing': conversion from 'size_t' to 'int', possible loss of data [D:\GAMEDEVNEW\Sources\Core\Core.vcxproj]
  (compiling source file '/Src/KPlayerChat.cpp')
  
D:\GAMEDEVNEW\Sources\Core\Src\KPlayerChat.cpp(2070,2): warning C4996: 'strcpy': This function or variable may be unsafe. Consider using strcpy_s instead. To disable deprecation, use _CRT_SECURE_NO_WARNINGS. See online help for details. [D:\GAMEDEVNEW\Sources\Core\Core.vcxproj]
  (compiling source file '/Src/KPlayerChat.cpp')
  
D:\GAMEDEVNEW\Sources\Core\Src\KPlayerChat.cpp(2089,3): warning C4996: 'strcpy': This function or variable may be unsafe. Consider using strcpy_s instead. To disable deprecation, use _CRT_SECURE_NO_WARNINGS. See online help for details. [D:\GAMEDEVNEW\Sources\Core\Core.vcxproj]
  (compiling source file '/Src/KPlayerChat.cpp')
  
D:\GAMEDEVNEW\Sources\Core\Src\KPlayerChat.cpp(2110,9): warning C4267: 'initializing': conversion from 'size_t' to 'int', possible loss of data [D:\GAMEDEVNEW\Sources\Core\Core.vcxproj]
  (compiling source file '/Src/KPlayerChat.cpp')
  
D:\GAMEDEVNEW\Sources\Core\Src\KPlayerChat.cpp(2111,9): warning C4267: 'initializing': conversion from 'size_t' to 'int', possible loss of data [D:\GAMEDEVNEW\Sources\Core\Core.vcxproj]
  (compiling source file '/Src/KPlayerChat.cpp')
  
D:\GAMEDEVNEW\Sources\Core\Src\KPlayerChat.cpp(2112,9): warning C4267: 'initializing': conversion from 'size_t' to 'int', possible loss of data [D:\GAMEDEVNEW\Sources\Core\Core.vcxproj]
  (compiling source file '/Src/KPlayerChat.cpp')
  
D:\GAMEDEVNEW\Sources\Core\Src\KPlayerChat.cpp(2124,2): warning C4996: 'strcpy': This function or variable may be unsafe. Consider using strcpy_s instead. To disable deprecation, use _CRT_SECURE_NO_WARNINGS. See online help for details. [D:\GAMEDEVNEW\Sources\Core\Core.vcxproj]
  (compiling source file '/Src/KPlayerChat.cpp')
  
D:\GAMEDEVNEW\Sources\Core\Src\KPlayerChat.cpp(2126,2): warning C4996: 'strcpy': This function or variable may be unsafe. Consider using strcpy_s instead. To disable deprecation, use _CRT_SECURE_NO_WARNINGS. See online help for details. [D:\GAMEDEVNEW\Sources\Core\Core.vcxproj]
  (compiling source file '/Src/KPlayerChat.cpp')
  
D:\GAMEDEVNEW\Sources\Core\Src\KPlayerChat.cpp(2128,2): warning C4996: 'strcpy': This function or variable may be unsafe. Consider using strcpy_s instead. To disable deprecation, use _CRT_SECURE_NO_WARNINGS. See online help for details. [D:\GAMEDEVNEW\Sources\Core\Core.vcxproj]
  (compiling source file '/Src/KPlayerChat.cpp')
  
  KPlayerDBFuns.cpp
D:\GAMEDEVNEW\Sources\Core\Src\KPlayer.h(95,1): warning C5208: unnamed class used in typedef name cannot declare members other than non-static data members, member enumerations, or member classes [D:\GAMEDEVNEW\Sources\Core\Core.vcxproj]
  (compiling source file '/Src/KPlayerDBFuns.cpp')
  
D:\GAMEDEVNEW\Sources\Core\Src\KPlayerDBFuns.cpp(343,2): warning C4996: 'strcpy': This function or variable may be unsafe. Consider using strcpy_s instead. To disable deprecation, use _CRT_SECURE_NO_WARNINGS. See online help for details. [D:\GAMEDEVNEW\Sources\Core\Core.vcxproj]
  (compiling source file '/Src/KPlayerDBFuns.cpp')
  
D:\GAMEDEVNEW\Sources\Core\Src\KPlayerDBFuns.cpp(349,2): warning C4996: 'strcpy': This function or variable may be unsafe. Consider using strcpy_s instead. To disable deprecation, use _CRT_SECURE_NO_WARNINGS. See online help for details. [D:\GAMEDEVNEW\Sources\Core\Core.vcxproj]
  (compiling source file '/Src/KPlayerDBFuns.cpp')
  
D:\GAMEDEVNEW\Sources\Core\Src\KPlayerDBFuns.cpp(456,3): warning C4996: 'strcpy': This function or variable may be unsafe. Consider using strcpy_s instead. To disable deprecation, use _CRT_SECURE_NO_WARNINGS. See online help for details. [D:\GAMEDEVNEW\Sources\Core\Core.vcxproj]
  (compiling source file '/Src/KPlayerDBFuns.cpp')
  
D:\GAMEDEVNEW\Sources\Core\Src\KPlayerDBFuns.cpp(512,14): warning C4018: '>=': signed/unsigned mismatch [D:\GAMEDEVNEW\Sources\Core\Core.vcxproj]
  (compiling source file '/Src/KPlayerDBFuns.cpp')
  
D:\GAMEDEVNEW\Sources\Core\Src\KPlayerDBFuns.cpp(722,13): warning C4018: '>=': signed/unsigned mismatch [D:\GAMEDEVNEW\Sources\Core\Core.vcxproj]
  (compiling source file '/Src/KPlayerDBFuns.cpp')
  
D:\GAMEDEVNEW\Sources\Core\Src\KPlayerDBFuns.cpp(544,13): warning C4996: 'localtime': This function or variable may be unsafe. Consider using localtime_s instead. To disable deprecation, use _CRT_SECURE_NO_WARNINGS. See online help for details. [D:\GAMEDEVNEW\Sources\Core\Core.vcxproj]
  (compiling source file '/Src/KPlayerDBFuns.cpp')
  
D:\GAMEDEVNEW\Sources\Core\Src\KPlayerDBFuns.cpp(522,6): warning C4101: 'nItemRequireInfoCount': unreferenced local variable [D:\GAMEDEVNEW\Sources\Core\Core.vcxproj]
  (compiling source file '/Src/KPlayerDBFuns.cpp')
  
D:\GAMEDEVNEW\Sources\Core\Src\KPlayerDBFuns.cpp(520,6): warning C4101: 'nItemBaseInfoCount': unreferenced local variable [D:\GAMEDEVNEW\Sources\Core\Core.vcxproj]
  (compiling source file '/Src/KPlayerDBFuns.cpp')
  
D:\GAMEDEVNEW\Sources\Core\Src\KPlayerDBFuns.cpp(516,7): warning C4101: 'szSection': unreferenced local variable [D:\GAMEDEVNEW\Sources\Core\Core.vcxproj]
  (compiling source file '/Src/KPlayerDBFuns.cpp')
  
D:\GAMEDEVNEW\Sources\Core\Src\KPlayerDBFuns.cpp(517,7): warning C4101: 'szSubSection': unreferenced local variable [D:\GAMEDEVNEW\Sources\Core\Core.vcxproj]
  (compiling source file '/Src/KPlayerDBFuns.cpp')
  
D:\GAMEDEVNEW\Sources\Core\Src\KPlayerDBFuns.cpp(521,6): warning C4101: 'nItemEfficInfoCount': unreferenced local variable [D:\GAMEDEVNEW\Sources\Core\Core.vcxproj]
  (compiling source file '/Src/KPlayerDBFuns.cpp')
  
D:\GAMEDEVNEW\Sources\Core\Src\KPlayerDBFuns.cpp(518,7): warning C4101: 'szKey': unreferenced local variable [D:\GAMEDEVNEW\Sources\Core\Core.vcxproj]
  (compiling source file '/Src/KPlayerDBFuns.cpp')
  
D:\GAMEDEVNEW\Sources\Core\Src\KPlayerDBFuns.cpp(739,13): warning C4018: '>=': signed/unsigned mismatch [D:\GAMEDEVNEW\Sources\Core\Core.vcxproj]
  (compiling source file '/Src/KPlayerDBFuns.cpp')
  
D:\GAMEDEVNEW\Sources\Core\Src\KPlayerDBFuns.cpp(763,13): warning C4018: '>=': signed/unsigned mismatch [D:\GAMEDEVNEW\Sources\Core\Core.vcxproj]
  (compiling source file '/Src/KPlayerDBFuns.cpp')
  
D:\GAMEDEVNEW\Sources\Core\Src\KPlayerDBFuns.cpp(733,7): warning C4101: 'szSkillLevel': unreferenced local variable [D:\GAMEDEVNEW\Sources\Core\Core.vcxproj]
  (compiling source file '/Src/KPlayerDBFuns.cpp')
  
D:\GAMEDEVNEW\Sources\Core\Src\KPlayerDBFuns.cpp(732,7): warning C4101: 'szSkillId': unreferenced local variable [D:\GAMEDEVNEW\Sources\Core\Core.vcxproj]
  (compiling source file '/Src/KPlayerDBFuns.cpp')
  
D:\GAMEDEVNEW\Sources\Core\Src\KPlayerDBFuns.cpp(776,13): warning C4018: '>=': signed/unsigned mismatch [D:\GAMEDEVNEW\Sources\Core\Core.vcxproj]
  (compiling source file '/Src/KPlayerDBFuns.cpp')
  
D:\GAMEDEVNEW\Sources\Core\Src\KPlayerDBFuns.cpp(794,13): warning C4018: '>=': signed/unsigned mismatch [D:\GAMEDEVNEW\Sources\Core\Core.vcxproj]
  (compiling source file '/Src/KPlayerDBFuns.cpp')
  
D:\GAMEDEVNEW\Sources\Core\Src\KPlayerDBFuns.cpp(835,13): warning C4018: '>=': signed/unsigned mismatch [D:\GAMEDEVNEW\Sources\Core\Core.vcxproj]
  (compiling source file '/Src/KPlayerDBFuns.cpp')
  
D:\GAMEDEVNEW\Sources\Core\Src\KPlayerDBFuns.cpp(857,13): warning C4018: '>=': signed/unsigned mismatch [D:\GAMEDEVNEW\Sources\Core\Core.vcxproj]
  (compiling source file '/Src/KPlayerDBFuns.cpp')
  
D:\GAMEDEVNEW\Sources\Core\Src\KPlayerDBFuns.cpp(828,7): warning C4101: 'szTaskIDKey': unreferenced local variable [D:\GAMEDEVNEW\Sources\Core\Core.vcxproj]
  (compiling source file '/Src/KPlayerDBFuns.cpp')
  
D:\GAMEDEVNEW\Sources\Core\Src\KPlayerDBFuns.cpp(829,7): warning C4101: 'szTaskValueKey': unreferenced local variable [D:\GAMEDEVNEW\Sources\Core\Core.vcxproj]
  (compiling source file '/Src/KPlayerDBFuns.cpp')
  
D:\GAMEDEVNEW\Sources\Core\Src\KPlayerDBFuns.cpp(873,2): warning C4996: 'strcpy': This function or variable may be unsafe. Consider using strcpy_s instead. To disable deprecation, use _CRT_SECURE_NO_WARNINGS. See online help for details. [D:\GAMEDEVNEW\Sources\Core\Core.vcxproj]
  (compiling source file '/Src/KPlayerDBFuns.cpp')
  
D:\GAMEDEVNEW\Sources\Core\Src\KPlayerDBFuns.cpp(875,3): warning C4996: 'strcpy': This function or variable may be unsafe. Consider using strcpy_s instead. To disable deprecation, use _CRT_SECURE_NO_WARNINGS. See online help for details. [D:\GAMEDEVNEW\Sources\Core\Core.vcxproj]
  (compiling source file '/Src/KPlayerDBFuns.cpp')
  
D:\GAMEDEVNEW\Sources\Core\Src\KPlayerDBFuns.cpp(910,2): warning C4996: 'strcpy': This function or variable may be unsafe. Consider using strcpy_s instead. To disable deprecation, use _CRT_SECURE_NO_WARNINGS. See online help for details. [D:\GAMEDEVNEW\Sources\Core\Core.vcxproj]
  (compiling source file '/Src/KPlayerDBFuns.cpp')
  
D:\GAMEDEVNEW\Sources\Core\Src\KPlayerDBFuns.cpp(972,58): warning C4244: '=': conversion from '__int64' to 'int', possible loss of data [D:\GAMEDEVNEW\Sources\Core\Core.vcxproj]
  (compiling source file '/Src/KPlayerDBFuns.cpp')
  
D:\GAMEDEVNEW\Sources\Core\Src\KPlayerDBFuns.cpp(1044,42): warning C4244: '=': conversion from '__int64' to 'int', possible loss of data [D:\GAMEDEVNEW\Sources\Core\Core.vcxproj]
  (compiling source file '/Src/KPlayerDBFuns.cpp')
  
D:\GAMEDEVNEW\Sources\Core\Src\KPlayerDBFuns.cpp(997,3): warning C4996: 'sprintf': This function or variable may be unsafe. Consider using sprintf_s instead. To disable deprecation, use _CRT_SECURE_NO_WARNINGS. See online help for details. [D:\GAMEDEVNEW\Sources\Core\Core.vcxproj]
  (compiling source file '/Src/KPlayerDBFuns.cpp')
  
D:\GAMEDEVNEW\Sources\Core\Src\KPlayerDBFuns.cpp(987,7): warning C4101: 'szKey': unreferenced local variable [D:\GAMEDEVNEW\Sources\Core\Core.vcxproj]
  (compiling source file '/Src/KPlayerDBFuns.cpp')
  
D:\GAMEDEVNEW\Sources\Core\Src\KPlayerDBFuns.cpp(1059,61): warning C4267: '=': conversion from 'size_t' to 'int', possible loss of data [D:\GAMEDEVNEW\Sources\Core\Core.vcxproj]
  (compiling source file '/Src/KPlayerDBFuns.cpp')
  
D:\GAMEDEVNEW\Sources\Core\Src\KPlayerDBFuns.cpp(1064,47): warning C4244: '=': conversion from '__int64' to 'int', possible loss of data [D:\GAMEDEVNEW\Sources\Core\Core.vcxproj]
  (compiling source file '/Src/KPlayerDBFuns.cpp')
  
D:\GAMEDEVNEW\Sources\Core\Src\KPlayerDBFuns.cpp(1080,63): warning C4267: '=': conversion from 'size_t' to 'int', possible loss of data [D:\GAMEDEVNEW\Sources\Core\Core.vcxproj]
  (compiling source file '/Src/KPlayerDBFuns.cpp')
  
D:\GAMEDEVNEW\Sources\Core\Src\KPlayerDBFuns.cpp(1085,49): warning C4244: '=': conversion from '__int64' to 'int', possible loss of data [D:\GAMEDEVNEW\Sources\Core\Core.vcxproj]
  (compiling source file '/Src/KPlayerDBFuns.cpp')
  
D:\GAMEDEVNEW\Sources\Core\Src\KPlayerDBFuns.cpp(1142,46): warning C4244: '=': conversion from '__int64' to 'int', possible loss of data [D:\GAMEDEVNEW\Sources\Core\Core.vcxproj]
  (compiling source file '/Src/KPlayerDBFuns.cpp')
  
D:\GAMEDEVNEW\Sources\Core\Src\KPlayerDBFuns.cpp(1097,7): warning C4101: 'szTaskIDKey': unreferenced local variable [D:\GAMEDEVNEW\Sources\Core\Core.vcxproj]
  (compiling source file '/Src/KPlayerDBFuns.cpp')
  
D:\GAMEDEVNEW\Sources\Core\Src\KPlayerDBFuns.cpp(1098,7): warning C4101: 'szTaskValueKey': unreferenced local variable [D:\GAMEDEVNEW\Sources\Core\Core.vcxproj]
  (compiling source file '/Src/KPlayerDBFuns.cpp')
  
  KPlayerFaction.cpp
D:\GAMEDEVNEW\Sources\Core\Src\KPlayerFaction.cpp(184,4): warning C4996: 'strcpy': This function or variable may be unsafe. Consider using strcpy_s instead. To disable deprecation, use _CRT_SECURE_NO_WARNINGS. See online help for details. [D:\GAMEDEVNEW\Sources\Core\Core.vcxproj]
  (compiling source file '/Src/KPlayerFaction.cpp')
  
D:\GAMEDEVNEW\Sources\Core\Src\KPlayerFaction.cpp(189,3): warning C4996: 'strcpy': This function or variable may be unsafe. Consider using strcpy_s instead. To disable deprecation, use _CRT_SECURE_NO_WARNINGS. See online help for details. [D:\GAMEDEVNEW\Sources\Core\Core.vcxproj]
  (compiling source file '/Src/KPlayerFaction.cpp')
  
D:\GAMEDEVNEW\Sources\Core\Src\KPlayerFaction.cpp(208,4): warning C4996: 'strcpy': This function or variable may be unsafe. Consider using strcpy_s instead. To disable deprecation, use _CRT_SECURE_NO_WARNINGS. See online help for details. [D:\GAMEDEVNEW\Sources\Core\Core.vcxproj]
  (compiling source file '/Src/KPlayerFaction.cpp')
  
D:\GAMEDEVNEW\Sources\Core\Src\KPlayerFaction.cpp(213,3): warning C4996: 'strcpy': This function or variable may be unsafe. Consider using strcpy_s instead. To disable deprecation, use _CRT_SECURE_NO_WARNINGS. See online help for details. [D:\GAMEDEVNEW\Sources\Core\Core.vcxproj]
  (compiling source file '/Src/KPlayerFaction.cpp')
  
  KPlayerFuYuan.cpp
D:\GAMEDEVNEW\Sources\Core\Src\KPlayer.h(95,1): warning C5208: unnamed class used in typedef name cannot declare members other than non-static data members, member enumerations, or member classes [D:\GAMEDEVNEW\Sources\Core\Core.vcxproj]
  (compiling source file '/Src/KPlayerFuYuan.cpp')
  
  KPlayerMenuState.cpp
D:\GAMEDEVNEW\Sources\Core\Src\KPlayer.h(95,1): warning C5208: unnamed class used in typedef name cannot declare members other than non-static data members, member enumerations, or member classes [D:\GAMEDEVNEW\Sources\Core\Core.vcxproj]
  (compiling source file '/Src/KPlayerMenuState.cpp')
  
D:\GAMEDEVNEW\Sources\Core\Src\KPlayerMenuState.cpp(123,87): warning C4244: '=': conversion from 'unsigned __int64' to 'WORD', possible loss of data [D:\GAMEDEVNEW\Sources\Core\Core.vcxproj]
  (compiling source file '/Src/KPlayerMenuState.cpp')
  
D:\GAMEDEVNEW\Sources\Core\Src\KPlayerMenuState.cpp(185,76): warning C4267: 'argument': conversion from 'size_t' to 'int', possible loss of data [D:\GAMEDEVNEW\Sources\Core\Core.vcxproj]
  (compiling source file '/Src/KPlayerMenuState.cpp')
  
D:\GAMEDEVNEW\Sources\Core\Src\KPlayerMenuState.cpp(194,72): warning C4267: 'argument': conversion from 'size_t' to 'int', possible loss of data [D:\GAMEDEVNEW\Sources\Core\Core.vcxproj]
  (compiling source file '/Src/KPlayerMenuState.cpp')
  
  KPlayerPK.cpp
D:\GAMEDEVNEW\Sources\Core\Src\KPlayer.h(95,1): warning C5208: unnamed class used in typedef name cannot declare members other than non-static data members, member enumerations, or member classes [D:\GAMEDEVNEW\Sources\Core\Core.vcxproj]
  (compiling source file '/Src/KPlayerPK.cpp')
  
D:\GAMEDEVNEW\Sources\Core\Src\KPlayerPK.cpp(201,2): warning C4996: 'strcpy': This function or variable may be unsafe. Consider using strcpy_s instead. To disable deprecation, use _CRT_SECURE_NO_WARNINGS. See online help for details. [D:\GAMEDEVNEW\Sources\Core\Core.vcxproj]
  (compiling source file '/Src/KPlayerPK.cpp')
  
D:\GAMEDEVNEW\Sources\Core\Src\KPlayerPK.cpp(202,80): warning C4267: '=': conversion from 'size_t' to 'WORD', possible loss of data [D:\GAMEDEVNEW\Sources\Core\Core.vcxproj]
  (compiling source file '/Src/KPlayerPK.cpp')
  
D:\GAMEDEVNEW\Sources\Core\Src\KPlayerPK.cpp(206,2): warning C4996: 'strcpy': This function or variable may be unsafe. Consider using strcpy_s instead. To disable deprecation, use _CRT_SECURE_NO_WARNINGS. See online help for details. [D:\GAMEDEVNEW\Sources\Core\Core.vcxproj]
  (compiling source file '/Src/KPlayerPK.cpp')
  
D:\GAMEDEVNEW\Sources\Core\Src\KPlayerPK.cpp(207,80): warning C4267: '=': conversion from 'size_t' to 'WORD', possible loss of data [D:\GAMEDEVNEW\Sources\Core\Core.vcxproj]
  (compiling source file '/Src/KPlayerPK.cpp')
  
D:\GAMEDEVNEW\Sources\Core\Src\KPlayerPK.cpp(285,2): warning C4996: 'strcpy': This function or variable may be unsafe. Consider using strcpy_s instead. To disable deprecation, use _CRT_SECURE_NO_WARNINGS. See online help for details. [D:\GAMEDEVNEW\Sources\Core\Core.vcxproj]
  (compiling source file '/Src/KPlayerPK.cpp')
  
D:\GAMEDEVNEW\Sources\Core\Src\KPlayerPK.cpp(286,82): warning C4267: '=': conversion from 'size_t' to 'WORD', possible loss of data [D:\GAMEDEVNEW\Sources\Core\Core.vcxproj]
  (compiling source file '/Src/KPlayerPK.cpp')
  
D:\GAMEDEVNEW\Sources\Core\Src\KPlayerPK.cpp(290,2): warning C4996: 'strcpy': This function or variable may be unsafe. Consider using strcpy_s instead. To disable deprecation, use _CRT_SECURE_NO_WARNINGS. See online help for details. [D:\GAMEDEVNEW\Sources\Core\Core.vcxproj]
  (compiling source file '/Src/KPlayerPK.cpp')
  
D:\GAMEDEVNEW\Sources\Core\Src\KPlayerPK.cpp(291,82): warning C4267: '=': conversion from 'size_t' to 'WORD', possible loss of data [D:\GAMEDEVNEW\Sources\Core\Core.vcxproj]
  (compiling source file '/Src/KPlayerPK.cpp')
  
D:\GAMEDEVNEW\Sources\Core\Src\KPlayerPK.cpp(373,3): warning C4996: 'strcpy': This function or variable may be unsafe. Consider using strcpy_s instead. To disable deprecation, use _CRT_SECURE_NO_WARNINGS. See online help for details. [D:\GAMEDEVNEW\Sources\Core\Core.vcxproj]
  (compiling source file '/Src/KPlayerPK.cpp')
  
D:\GAMEDEVNEW\Sources\Core\Src\KPlayerPK.cpp(374,81): warning C4267: '=': conversion from 'size_t' to 'WORD', possible loss of data [D:\GAMEDEVNEW\Sources\Core\Core.vcxproj]
  (compiling source file '/Src/KPlayerPK.cpp')
  
  KPlayerPartner.cpp
  KPlayerReBorn.cpp
D:\GAMEDEVNEW\Sources\Core\Src\KPlayer.h(95,1): warning C5208: unnamed class used in typedef name cannot declare members other than non-static data members, member enumerations, or member classes [D:\GAMEDEVNEW\Sources\Core\Core.vcxproj]
  (compiling source file '/Src/KPlayerReBorn.cpp')
  
  KPlayerRepute.cpp
D:\GAMEDEVNEW\Sources\Core\Src\KPlayer.h(95,1): warning C5208: unnamed class used in typedef name cannot declare members other than non-static data members, member enumerations, or member classes [D:\GAMEDEVNEW\Sources\Core\Core.vcxproj]
  (compiling source file '/Src/KPlayerRepute.cpp')
  
  KPlayerSet.cpp
D:\GAMEDEVNEW\Sources\Core\Src\KPlayer.h(95,1): warning C5208: unnamed class used in typedef name cannot declare members other than non-static data members, member enumerations, or member classes [D:\GAMEDEVNEW\Sources\Core\Core.vcxproj]
  (compiling source file '/Src/KPlayerSet.cpp')
  
D:\GAMEDEVNEW\Sources\Core\Src\KPlayerSet.cpp(260,40): warning C4267: 'argument': conversion from 'size_t' to 'int', possible loss of data [D:\GAMEDEVNEW\Sources\Core\Core.vcxproj]
  (compiling source file '/Src/KPlayerSet.cpp')
  
D:\GAMEDEVNEW\Sources\Core\Src\KPlayerSet.cpp(257,2): warning C4996: 'sprintf': This function or variable may be unsafe. Consider using sprintf_s instead. To disable deprecation, use _CRT_SECURE_NO_WARNINGS. See online help for details. [D:\GAMEDEVNEW\Sources\Core\Core.vcxproj]
  (compiling source file '/Src/KPlayerSet.cpp')
  
D:\GAMEDEVNEW\Sources\Core\Src\KPlayerSet.cpp(311,22): warning C4244: '-=': conversion from '__int64' to 'int', possible loss of data [D:\GAMEDEVNEW\Sources\Core\Core.vcxproj]
  (compiling source file '/Src/KPlayerSet.cpp')
  
D:\GAMEDEVNEW\Sources\Core\Src\KPlayerSet.cpp(314,16): warning C4267: 'initializing': conversion from 'size_t' to 'int', possible loss of data [D:\GAMEDEVNEW\Sources\Core\Core.vcxproj]
  (compiling source file '/Src/KPlayerSet.cpp')
  
D:\GAMEDEVNEW\Sources\Core\Src\KPlayerSet.cpp(331,23): warning C4244: '=': conversion from '__int64' to 'int', possible loss of data [D:\GAMEDEVNEW\Sources\Core\Core.vcxproj]
  (compiling source file '/Src/KPlayerSet.cpp')
  
D:\GAMEDEVNEW\Sources\Core\Src\KPlayerSet.cpp(292,8): warning C4101: 'Head': unreferenced local variable [D:\GAMEDEVNEW\Sources\Core\Core.vcxproj]
  (compiling source file '/Src/KPlayerSet.cpp')
  
D:\GAMEDEVNEW\Sources\Core\Src\KPlayerSet.cpp(809,2): warning C4996: 'itoa': The POSIX name for this item is deprecated. Instead, use the ISO C and C++ conformant name: _itoa. See online help for details. [D:\GAMEDEVNEW\Sources\Core\Core.vcxproj]
  (compiling source file '/Src/KPlayerSet.cpp')
  
D:\GAMEDEVNEW\Sources\Core\Src\KPlayerSet.cpp(810,2): warning C4996: 'sprintf': This function or variable may be unsafe. Consider using sprintf_s instead. To disable deprecation, use _CRT_SECURE_NO_WARNINGS. See online help for details. [D:\GAMEDEVNEW\Sources\Core\Core.vcxproj]
  (compiling source file '/Src/KPlayerSet.cpp')
  
D:\GAMEDEVNEW\Sources\Core\Src\KPlayerSet.cpp(980,2): warning C4996: 'strcpy': This function or variable may be unsafe. Consider using strcpy_s instead. To disable deprecation, use _CRT_SECURE_NO_WARNINGS. See online help for details. [D:\GAMEDEVNEW\Sources\Core\Core.vcxproj]
  (compiling source file '/Src/KPlayerSet.cpp')
  
D:\GAMEDEVNEW\Sources\Core\Src\KPlayerSet.cpp(998,2): warning C4996: 'strcpy': This function or variable may be unsafe. Consider using strcpy_s instead. To disable deprecation, use _CRT_SECURE_NO_WARNINGS. See online help for details. [D:\GAMEDEVNEW\Sources\Core\Core.vcxproj]
  (compiling source file '/Src/KPlayerSet.cpp')
  
D:\GAMEDEVNEW\Sources\Core\Src\KPlayerSet.cpp(1013,2): warning C4996: 'strcpy': This function or variable may be unsafe. Consider using strcpy_s instead. To disable deprecation, use _CRT_SECURE_NO_WARNINGS. See online help for details. [D:\GAMEDEVNEW\Sources\Core\Core.vcxproj]
  (compiling source file '/Src/KPlayerSet.cpp')
  
D:\GAMEDEVNEW\Sources\Core\Src\KPlayerSet.cpp(1035,5): warning C4996: 'strncpy': This function or variable may be unsafe. Consider using strncpy_s instead. To disable deprecation, use _CRT_SECURE_NO_WARNINGS. See online help for details. [D:\GAMEDEVNEW\Sources\Core\Core.vcxproj]
  (compiling source file '/Src/KPlayerSet.cpp')
  
D:\GAMEDEVNEW\Sources\Core\Src\KPlayerSet.cpp(1056,7): warning C4996: 'strcmpi': The POSIX name for this item is deprecated. Instead, use the ISO C and C++ conformant name: _strcmpi. See online help for details. [D:\GAMEDEVNEW\Sources\Core\Core.vcxproj]
  (compiling source file '/Src/KPlayerSet.cpp')
  
D:\GAMEDEVNEW\Sources\Core\Src\KMissionArray.h(95,21): warning C4018: '<': signed/unsigned mismatch [D:\GAMEDEVNEW\Sources\Core\Core.vcxproj]
  (compiling source file '/Src/KPlayerSet.cpp')
      D:\GAMEDEVNEW\Sources\Core\Src\KMissionArray.h(95,21):
      the template instantiation context (the oldest one first) is
          D:\GAMEDEVNEW\Sources\Core\Src\KSubWorld.h(75,24):
          see reference to class template instantiation 'KMissionArray<KMission,10>' being compiled
          D:\GAMEDEVNEW\Sources\Core\Src\KMissionArray.h(88,7):
          while compiling class template member function 'BOOL KMissionArray<KMission,10>::RemovePlayer(unsigned long,unsigned long)'
              D:\GAMEDEVNEW\Sources\Core\Src\KPlayerSet.cpp(375,50):
              see the first reference to 'KMissionArray<KMission,10>::RemovePlayer' in 'KPlayerSet::PrepareRemove'
  
D:\GAMEDEVNEW\Sources\Core\Src\KLinkArrayTemplate.h(139,24): warning C4267: 'return': conversion from 'size_t' to 'unsigned long', possible loss of data [D:\GAMEDEVNEW\Sources\Core\Core.vcxproj]
  (compiling source file '/Src/KPlayerSet.cpp')
      D:\GAMEDEVNEW\Sources\Core\Src\KLinkArrayTemplate.h(139,24):
      the template instantiation context (the oldest one first) is
          D:\GAMEDEVNEW\Sources\Core\Src\KMissionArray.h(11,30):
          see reference to class template instantiation 'KLinkArrayTemplate<T,10>' being compiled
          with
          [
              T=KMission
          ]
          D:\GAMEDEVNEW\Sources\Core\Src\KLinkArrayTemplate.h(136,16):
          while compiling class template member function 'unsigned long KLinkArrayTemplate<T,10>::GetUsedCount(void) const'
          with
          [
              T=KMission
          ]
              D:\GAMEDEVNEW\Sources\Core\Src\KMissionArray.h(90,31):
              see the first reference to 'KLinkArrayTemplate<T,10>::GetUsedCount' in 'KMissionArray<KMission,10>::RemovePlayer'
          with
          [
              T=KMission
          ]
              D:\GAMEDEVNEW\Sources\Core\Src\KPlayerSet.cpp(375,50):
              see the first reference to 'KMissionArray<KMission,10>::RemovePlayer' in 'KPlayerSet::PrepareRemove'
  
  Generating Code...
D:\GAMEDEVNEW\Sources\Core\Src\KItem.h(173,1): warning C4715: 'KItem::GetLine': not all control paths return a value [D:\GAMEDEVNEW\Sources\Core\Core.vcxproj]
  Compiling...
  KPlayerTask.cpp
D:\GAMEDEVNEW\Sources\Core\Src\KPlayer.h(95,1): warning C5208: unnamed class used in typedef name cannot declare members other than non-static data members, member enumerations, or member classes [D:\GAMEDEVNEW\Sources\Core\Core.vcxproj]
  (compiling source file '/Src/KPlayerTask.cpp')
  
  KPlayerTeam.cpp
D:\GAMEDEVNEW\Sources\Core\Src\KPlayer.h(95,1): warning C5208: unnamed class used in typedef name cannot declare members other than non-static data members, member enumerations, or member classes [D:\GAMEDEVNEW\Sources\Core\Core.vcxproj]
  (compiling source file '/Src/KPlayerTeam.cpp')
  
D:\GAMEDEVNEW\Sources\Core\Src\KPlayerTeam.cpp(407,2): warning C4996: 'strcpy': This function or variable may be unsafe. Consider using strcpy_s instead. To disable deprecation, use _CRT_SECURE_NO_WARNINGS. See online help for details. [D:\GAMEDEVNEW\Sources\Core\Core.vcxproj]
  (compiling source file '/Src/KPlayerTeam.cpp')
  
D:\GAMEDEVNEW\Sources\Core\Src\KPlayerTeam.cpp(408,76): warning C4267: '=': conversion from 'size_t' to 'WORD', possible loss of data [D:\GAMEDEVNEW\Sources\Core\Core.vcxproj]
  (compiling source file '/Src/KPlayerTeam.cpp')
  
D:\GAMEDEVNEW\Sources\Core\Src\KPlayerTeam.cpp(472,61): warning C4244: '=': conversion from 'DWORD' to 'BYTE', possible loss of data [D:\GAMEDEVNEW\Sources\Core\Core.vcxproj]
  (compiling source file '/Src/KPlayerTeam.cpp')
  
D:\GAMEDEVNEW\Sources\Core\Src\KPlayerTeam.cpp(473,2): warning C4996: 'strcpy': This function or variable may be unsafe. Consider using strcpy_s instead. To disable deprecation, use _CRT_SECURE_NO_WARNINGS. See online help for details. [D:\GAMEDEVNEW\Sources\Core\Core.vcxproj]
  (compiling source file '/Src/KPlayerTeam.cpp')
  
D:\GAMEDEVNEW\Sources\Core\Src\KPlayerTeam.cpp(494,48): warning C4244: '=': conversion from 'DWORD' to 'BYTE', possible loss of data [D:\GAMEDEVNEW\Sources\Core\Core.vcxproj]
  (compiling source file '/Src/KPlayerTeam.cpp')
  
D:\GAMEDEVNEW\Sources\Core\Src\KPlayerTeam.cpp(495,2): warning C4996: 'strcpy': This function or variable may be unsafe. Consider using strcpy_s instead. To disable deprecation, use _CRT_SECURE_NO_WARNINGS. See online help for details. [D:\GAMEDEVNEW\Sources\Core\Core.vcxproj]
  (compiling source file '/Src/KPlayerTeam.cpp')
  
D:\GAMEDEVNEW\Sources\Core\Src\KPlayerTeam.cpp(503,54): warning C4244: '=': conversion from 'DWORD' to 'BYTE', possible loss of data [D:\GAMEDEVNEW\Sources\Core\Core.vcxproj]
  (compiling source file '/Src/KPlayerTeam.cpp')
  
D:\GAMEDEVNEW\Sources\Core\Src\KPlayerTeam.cpp(504,4): warning C4996: 'strcpy': This function or variable may be unsafe. Consider using strcpy_s instead. To disable deprecation, use _CRT_SECURE_NO_WARNINGS. See online help for details. [D:\GAMEDEVNEW\Sources\Core\Core.vcxproj]
  (compiling source file '/Src/KPlayerTeam.cpp')
  
D:\GAMEDEVNEW\Sources\Core\Src\KPlayerTeam.cpp(974,44): warning C4390: ';': empty controlled statement found; is this the intent? [D:\GAMEDEVNEW\Sources\Core\Core.vcxproj]
  (compiling source file '/Src/KPlayerTeam.cpp')
  
  KPlayerTong.cpp
D:\GAMEDEVNEW\Sources\Core\Src\KPlayer.h(95,1): warning C5208: unnamed class used in typedef name cannot declare members other than non-static data members, member enumerations, or member classes [D:\GAMEDEVNEW\Sources\Core\Core.vcxproj]
  (compiling source file '/Src/KPlayerTong.cpp')
  
D:\GAMEDEVNEW\Sources\Core\Src\KPlayerTong.cpp(278,2): warning C4996: 'strcpy': This function or variable may be unsafe. Consider using strcpy_s instead. To disable deprecation, use _CRT_SECURE_NO_WARNINGS. See online help for details. [D:\GAMEDEVNEW\Sources\Core\Core.vcxproj]
  (compiling source file '/Src/KPlayerTong.cpp')
  
D:\GAMEDEVNEW\Sources\Core\Src\KPlayerTong.cpp(279,2): warning C4996: 'strcpy': This function or variable may be unsafe. Consider using strcpy_s instead. To disable deprecation, use _CRT_SECURE_NO_WARNINGS. See online help for details. [D:\GAMEDEVNEW\Sources\Core\Core.vcxproj]
  (compiling source file '/Src/KPlayerTong.cpp')
  
D:\GAMEDEVNEW\Sources\Core\Src\KPlayerTong.cpp(293,3): warning C4996: 'strcpy': This function or variable may be unsafe. Consider using strcpy_s instead. To disable deprecation, use _CRT_SECURE_NO_WARNINGS. See online help for details. [D:\GAMEDEVNEW\Sources\Core\Core.vcxproj]
  (compiling source file '/Src/KPlayerTong.cpp')
  
D:\GAMEDEVNEW\Sources\Core\Src\KPlayerTong.cpp(382,2): warning C4996: 'strcpy': This function or variable may be unsafe. Consider using strcpy_s instead. To disable deprecation, use _CRT_SECURE_NO_WARNINGS. See online help for details. [D:\GAMEDEVNEW\Sources\Core\Core.vcxproj]
  (compiling source file '/Src/KPlayerTong.cpp')
  
D:\GAMEDEVNEW\Sources\Core\Src\KPlayerTong.cpp(383,75): warning C4267: '=': conversion from 'size_t' to 'WORD', possible loss of data [D:\GAMEDEVNEW\Sources\Core\Core.vcxproj]
  (compiling source file '/Src/KPlayerTong.cpp')
  
D:\GAMEDEVNEW\Sources\Core\Src\KPlayerTong.cpp(416,15): warning C4267: 'initializing': conversion from 'size_t' to 'int', possible loss of data [D:\GAMEDEVNEW\Sources\Core\Core.vcxproj]
  (compiling source file '/Src/KPlayerTong.cpp')
  
D:\GAMEDEVNEW\Sources\Core\Src\KPlayerTong.cpp(420,63): warning C4244: '=': conversion from 'unsigned __int64' to 'WORD', possible loss of data [D:\GAMEDEVNEW\Sources\Core\Core.vcxproj]
  (compiling source file '/Src/KPlayerTong.cpp')
  
D:\GAMEDEVNEW\Sources\Core\Src\KPlayerTong.cpp(475,14): warning C4267: 'initializing': conversion from 'size_t' to 'int', possible loss of data [D:\GAMEDEVNEW\Sources\Core\Core.vcxproj]
  (compiling source file '/Src/KPlayerTong.cpp')
  
D:\GAMEDEVNEW\Sources\Core\Src\KPlayerTong.cpp(479,62): warning C4244: '=': conversion from 'unsigned __int64' to 'WORD', possible loss of data [D:\GAMEDEVNEW\Sources\Core\Core.vcxproj]
  (compiling source file '/Src/KPlayerTong.cpp')
  
D:\GAMEDEVNEW\Sources\Core\Src\KPlayerTong.cpp(500,2): warning C4996: 'strcpy': This function or variable may be unsafe. Consider using strcpy_s instead. To disable deprecation, use _CRT_SECURE_NO_WARNINGS. See online help for details. [D:\GAMEDEVNEW\Sources\Core\Core.vcxproj]
  (compiling source file '/Src/KPlayerTong.cpp')
  
D:\GAMEDEVNEW\Sources\Core\Src\KPlayerTong.cpp(513,2): warning C4996: 'strcpy': This function or variable may be unsafe. Consider using strcpy_s instead. To disable deprecation, use _CRT_SECURE_NO_WARNINGS. See online help for details. [D:\GAMEDEVNEW\Sources\Core\Core.vcxproj]
  (compiling source file '/Src/KPlayerTong.cpp')
  
D:\GAMEDEVNEW\Sources\Core\Src\KPlayerTong.cpp(566,2): warning C4996: 'strcpy': This function or variable may be unsafe. Consider using strcpy_s instead. To disable deprecation, use _CRT_SECURE_NO_WARNINGS. See online help for details. [D:\GAMEDEVNEW\Sources\Core\Core.vcxproj]
  (compiling source file '/Src/KPlayerTong.cpp')
  
D:\GAMEDEVNEW\Sources\Core\Src\KPlayerTong.cpp(567,2): warning C4996: 'strcpy': This function or variable may be unsafe. Consider using strcpy_s instead. To disable deprecation, use _CRT_SECURE_NO_WARNINGS. See online help for details. [D:\GAMEDEVNEW\Sources\Core\Core.vcxproj]
  (compiling source file '/Src/KPlayerTong.cpp')
  
D:\GAMEDEVNEW\Sources\Core\Src\KPlayerTong.cpp(568,2): warning C4996: 'strcpy': This function or variable may be unsafe. Consider using strcpy_s instead. To disable deprecation, use _CRT_SECURE_NO_WARNINGS. See online help for details. [D:\GAMEDEVNEW\Sources\Core\Core.vcxproj]
  (compiling source file '/Src/KPlayerTong.cpp')
  
D:\GAMEDEVNEW\Sources\Core\Src\KPlayerTong.cpp(580,2): warning C4996: 'strcpy': This function or variable may be unsafe. Consider using strcpy_s instead. To disable deprecation, use _CRT_SECURE_NO_WARNINGS. See online help for details. [D:\GAMEDEVNEW\Sources\Core\Core.vcxproj]
  (compiling source file '/Src/KPlayerTong.cpp')
  
D:\GAMEDEVNEW\Sources\Core\Src\KPlayerTong.cpp(581,2): warning C4996: 'strcpy': This function or variable may be unsafe. Consider using strcpy_s instead. To disable deprecation, use _CRT_SECURE_NO_WARNINGS. See online help for details. [D:\GAMEDEVNEW\Sources\Core\Core.vcxproj]
  (compiling source file '/Src/KPlayerTong.cpp')
  
D:\GAMEDEVNEW\Sources\Core\Src\KPlayerTong.cpp(582,2): warning C4996: 'strcpy': This function or variable may be unsafe. Consider using strcpy_s instead. To disable deprecation, use _CRT_SECURE_NO_WARNINGS. See online help for details. [D:\GAMEDEVNEW\Sources\Core\Core.vcxproj]
  (compiling source file '/Src/KPlayerTong.cpp')
  
D:\GAMEDEVNEW\Sources\Core\Src\KPlayerTong.cpp(903,2): warning C4996: 'strcpy': This function or variable may be unsafe. Consider using strcpy_s instead. To disable deprecation, use _CRT_SECURE_NO_WARNINGS. See online help for details. [D:\GAMEDEVNEW\Sources\Core\Core.vcxproj]
  (compiling source file '/Src/KPlayerTong.cpp')
  
D:\GAMEDEVNEW\Sources\Core\Src\KPlayerTong.cpp(949,2): warning C4996: 'strcpy': This function or variable may be unsafe. Consider using strcpy_s instead. To disable deprecation, use _CRT_SECURE_NO_WARNINGS. See online help for details. [D:\GAMEDEVNEW\Sources\Core\Core.vcxproj]
  (compiling source file '/Src/KPlayerTong.cpp')
  
D:\GAMEDEVNEW\Sources\Core\Src\KPlayerTong.cpp(950,2): warning C4996: 'strcpy': This function or variable may be unsafe. Consider using strcpy_s instead. To disable deprecation, use _CRT_SECURE_NO_WARNINGS. See online help for details. [D:\GAMEDEVNEW\Sources\Core\Core.vcxproj]
  (compiling source file '/Src/KPlayerTong.cpp')
  
D:\GAMEDEVNEW\Sources\Core\Src\KPlayerTong.cpp(951,2): warning C4996: 'strcpy': This function or variable may be unsafe. Consider using strcpy_s instead. To disable deprecation, use _CRT_SECURE_NO_WARNINGS. See online help for details. [D:\GAMEDEVNEW\Sources\Core\Core.vcxproj]
  (compiling source file '/Src/KPlayerTong.cpp')
  
D:\GAMEDEVNEW\Sources\Core\Src\KPlayerTong.cpp(1139,2): warning C4996: 'strcpy': This function or variable may be unsafe. Consider using strcpy_s instead. To disable deprecation, use _CRT_SECURE_NO_WARNINGS. See online help for details. [D:\GAMEDEVNEW\Sources\Core\Core.vcxproj]
  (compiling source file '/Src/KPlayerTong.cpp')
  
D:\GAMEDEVNEW\Sources\Core\Src\KPlayerTong.cpp(1288,2): warning C4996: 'strcpy': This function or variable may be unsafe. Consider using strcpy_s instead. To disable deprecation, use _CRT_SECURE_NO_WARNINGS. See online help for details. [D:\GAMEDEVNEW\Sources\Core\Core.vcxproj]
  (compiling source file '/Src/KPlayerTong.cpp')
  
D:\GAMEDEVNEW\Sources\Core\Src\KPlayerTong.cpp(1289,2): warning C4996: 'strcpy': This function or variable may be unsafe. Consider using strcpy_s instead. To disable deprecation, use _CRT_SECURE_NO_WARNINGS. See online help for details. [D:\GAMEDEVNEW\Sources\Core\Core.vcxproj]
  (compiling source file '/Src/KPlayerTong.cpp')
  
D:\GAMEDEVNEW\Sources\Core\Src\KPlayerTong.cpp(1317,2): warning C4996: 'strcpy': This function or variable may be unsafe. Consider using strcpy_s instead. To disable deprecation, use _CRT_SECURE_NO_WARNINGS. See online help for details. [D:\GAMEDEVNEW\Sources\Core\Core.vcxproj]
  (compiling source file '/Src/KPlayerTong.cpp')
  
D:\GAMEDEVNEW\Sources\Core\Src\KPlayerTong.cpp(1355,2): warning C4996: 'strcpy': This function or variable may be unsafe. Consider using strcpy_s instead. To disable deprecation, use _CRT_SECURE_NO_WARNINGS. See online help for details. [D:\GAMEDEVNEW\Sources\Core\Core.vcxproj]
  (compiling source file '/Src/KPlayerTong.cpp')
  
D:\GAMEDEVNEW\Sources\Core\Src\KPlayerTong.cpp(1356,2): warning C4996: 'strcpy': This function or variable may be unsafe. Consider using strcpy_s instead. To disable deprecation, use _CRT_SECURE_NO_WARNINGS. See online help for details. [D:\GAMEDEVNEW\Sources\Core\Core.vcxproj]
  (compiling source file '/Src/KPlayerTong.cpp')
  
D:\GAMEDEVNEW\Sources\Core\Src\KPlayerTong.cpp(1357,2): warning C4996: 'strcpy': This function or variable may be unsafe. Consider using strcpy_s instead. To disable deprecation, use _CRT_SECURE_NO_WARNINGS. See online help for details. [D:\GAMEDEVNEW\Sources\Core\Core.vcxproj]
  (compiling source file '/Src/KPlayerTong.cpp')
  
D:\GAMEDEVNEW\Sources\Core\Src\KPlayerTong.cpp(1524,2): warning C4996: 'strcpy': This function or variable may be unsafe. Consider using strcpy_s instead. To disable deprecation, use _CRT_SECURE_NO_WARNINGS. See online help for details. [D:\GAMEDEVNEW\Sources\Core\Core.vcxproj]
  (compiling source file '/Src/KPlayerTong.cpp')
  
D:\GAMEDEVNEW\Sources\Core\Src\KPlayerTong.cpp(1968,16): warning C4018: '<': signed/unsigned mismatch [D:\GAMEDEVNEW\Sources\Core\Core.vcxproj]
  (compiling source file '/Src/KPlayerTong.cpp')
  
  KPlayerTrade.cpp
D:\GAMEDEVNEW\Sources\Core\Src\KPlayer.h(95,1): warning C5208: unnamed class used in typedef name cannot declare members other than non-static data members, member enumerations, or member classes [D:\GAMEDEVNEW\Sources\Core\Core.vcxproj]
  (compiling source file '/Src/KPlayerTrade.cpp')
  
  KProtocol.cpp
D:\GAMEDEVNEW\Sources\Core\Src\KPlayer.h(95,1): warning C5208: unnamed class used in typedef name cannot declare members other than non-static data members, member enumerations, or member classes [D:\GAMEDEVNEW\Sources\Core\Core.vcxproj]
  (compiling source file '/Src/KProtocol.cpp')
  
  KProtocolProcess.cpp
D:\GAMEDEVNEW\Sources\Core\Src\KPlayer.h(95,1): warning C5208: unnamed class used in typedef name cannot declare members other than non-static data members, member enumerations, or member classes [D:\GAMEDEVNEW\Sources\Core\Core.vcxproj]
  (compiling source file '/Src/KProtocolProcess.cpp')
  
D:\GAMEDEVNEW\Sources\Core\Src\KProtocolProcess.cpp(5946,4): warning C4996: 'strncpy': This function or variable may be unsafe. Consider using strncpy_s instead. To disable deprecation, use _CRT_SECURE_NO_WARNINGS. See online help for details. [D:\GAMEDEVNEW\Sources\Core\Core.vcxproj]
  (compiling source file '/Src/KProtocolProcess.cpp')
  
D:\GAMEDEVNEW\Sources\Core\Src\KProtocolProcess.cpp(6170,4): warning C4996: 'strcpy': This function or variable may be unsafe. Consider using strcpy_s instead. To disable deprecation, use _CRT_SECURE_NO_WARNINGS. See online help for details. [D:\GAMEDEVNEW\Sources\Core\Core.vcxproj]
  (compiling source file '/Src/KProtocolProcess.cpp')
  
D:\GAMEDEVNEW\Sources\Core\Src\KProtocolProcess.cpp(6176,5): warning C4996: 'sprintf': This function or variable may be unsafe. Consider using sprintf_s instead. To disable deprecation, use _CRT_SECURE_NO_WARNINGS. See online help for details. [D:\GAMEDEVNEW\Sources\Core\Core.vcxproj]
  (compiling source file '/Src/KProtocolProcess.cpp')
  
D:\GAMEDEVNEW\Sources\Core\Src\KProtocolProcess.cpp(6261,14): warning C4996: 'sprintf': This function or variable may be unsafe. Consider using sprintf_s instead. To disable deprecation, use _CRT_SECURE_NO_WARNINGS. See online help for details. [D:\GAMEDEVNEW\Sources\Core\Core.vcxproj]
  (compiling source file '/Src/KProtocolProcess.cpp')
  
D:\GAMEDEVNEW\Sources\Core\Src\KProtocolProcess.cpp(6287,12): warning C4996: 'sprintf': This function or variable may be unsafe. Consider using sprintf_s instead. To disable deprecation, use _CRT_SECURE_NO_WARNINGS. See online help for details. [D:\GAMEDEVNEW\Sources\Core\Core.vcxproj]
  (compiling source file '/Src/KProtocolProcess.cpp')
  
D:\GAMEDEVNEW\Sources\Core\Src\KProtocolProcess.cpp(6380,3): warning C4996: 'strcpy': This function or variable may be unsafe. Consider using strcpy_s instead. To disable deprecation, use _CRT_SECURE_NO_WARNINGS. See online help for details. [D:\GAMEDEVNEW\Sources\Core\Core.vcxproj]
  (compiling source file '/Src/KProtocolProcess.cpp')
  
D:\GAMEDEVNEW\Sources\Core\Src\KProtocolProcess.cpp(6483,7): warning C4101: 'm_nNumber': unreferenced local variable [D:\GAMEDEVNEW\Sources\Core\Core.vcxproj]
  (compiling source file '/Src/KProtocolProcess.cpp')
  
D:\GAMEDEVNEW\Sources\Core\Src\KProtocolProcess.cpp(6631,2): warning C4996: 'strncpy': This function or variable may be unsafe. Consider using strncpy_s instead. To disable deprecation, use _CRT_SECURE_NO_WARNINGS. See online help for details. [D:\GAMEDEVNEW\Sources\Core\Core.vcxproj]
  (compiling source file '/Src/KProtocolProcess.cpp')
  
D:\GAMEDEVNEW\Sources\Core\Src\KProtocolProcess.cpp(6634,2): warning C4996: 'strncpy': This function or variable may be unsafe. Consider using strncpy_s instead. To disable deprecation, use _CRT_SECURE_NO_WARNINGS. See online help for details. [D:\GAMEDEVNEW\Sources\Core\Core.vcxproj]
  (compiling source file '/Src/KProtocolProcess.cpp')
  
D:\GAMEDEVNEW\Sources\Core\Src\KProtocolProcess.cpp(6697,53): warning C4018: '>': signed/unsigned mismatch [D:\GAMEDEVNEW\Sources\Core\Core.vcxproj]
  (compiling source file '/Src/KProtocolProcess.cpp')
  
D:\GAMEDEVNEW\Sources\Core\Src\KProtocolProcess.cpp(6679,4): warning C4996: 'sprintf': This function or variable may be unsafe. Consider using sprintf_s instead. To disable deprecation, use _CRT_SECURE_NO_WARNINGS. See online help for details. [D:\GAMEDEVNEW\Sources\Core\Core.vcxproj]
  (compiling source file '/Src/KProtocolProcess.cpp')
  
  KRegion.cpp
D:\GAMEDEVNEW\Sources\Core\Src\KPlayer.h(95,1): warning C5208: unnamed class used in typedef name cannot declare members other than non-static data members, member enumerations, or member classes [D:\GAMEDEVNEW\Sources\Core\Core.vcxproj]
  (compiling source file '/Src/KRegion.cpp')
  
D:\GAMEDEVNEW\Sources\Core\Src\KRegion.cpp(235,17): warning C4018: '<': signed/unsigned mismatch [D:\GAMEDEVNEW\Sources\Core\Core.vcxproj]
  (compiling source file '/Src/KRegion.cpp')
  
D:\GAMEDEVNEW\Sources\Core\Src\KRegion.cpp(257,17): warning C4018: '<': signed/unsigned mismatch [D:\GAMEDEVNEW\Sources\Core\Core.vcxproj]
  (compiling source file '/Src/KRegion.cpp')
  
D:\GAMEDEVNEW\Sources\Core\Src\KRegion.cpp(155,2): warning C4996: 'sprintf': This function or variable may be unsafe. Consider using sprintf_s instead. To disable deprecation, use _CRT_SECURE_NO_WARNINGS. See online help for details. [D:\GAMEDEVNEW\Sources\Core\Core.vcxproj]
  (compiling source file '/Src/KRegion.cpp')
  
D:\GAMEDEVNEW\Sources\Core\Src\KRegion.cpp(157,2): warning C4996: 'sprintf': This function or variable may be unsafe. Consider using sprintf_s instead. To disable deprecation, use _CRT_SECURE_NO_WARNINGS. See online help for details. [D:\GAMEDEVNEW\Sources\Core\Core.vcxproj]
  (compiling source file '/Src/KRegion.cpp')
  
D:\GAMEDEVNEW\Sources\Core\Src\KRegion.cpp(204,3): warning C4996: 'sprintf': This function or variable may be unsafe. Consider using sprintf_s instead. To disable deprecation, use _CRT_SECURE_NO_WARNINGS. See online help for details. [D:\GAMEDEVNEW\Sources\Core\Core.vcxproj]
  (compiling source file '/Src/KRegion.cpp')
  
D:\GAMEDEVNEW\Sources\Core\Src\KRegion.cpp(223,3): warning C4996: 'sprintf': This function or variable may be unsafe. Consider using sprintf_s instead. To disable deprecation, use _CRT_SECURE_NO_WARNINGS. See online help for details. [D:\GAMEDEVNEW\Sources\Core\Core.vcxproj]
  (compiling source file '/Src/KRegion.cpp')
  
D:\GAMEDEVNEW\Sources\Core\Src\KRegion.cpp(251,3): warning C4996: 'sprintf': This function or variable may be unsafe. Consider using sprintf_s instead. To disable deprecation, use _CRT_SECURE_NO_WARNINGS. See online help for details. [D:\GAMEDEVNEW\Sources\Core\Core.vcxproj]
  (compiling source file '/Src/KRegion.cpp')
  
D:\GAMEDEVNEW\Sources\Core\Src\KRegion.cpp(440,16): warning C4018: '<': signed/unsigned mismatch [D:\GAMEDEVNEW\Sources\Core\Core.vcxproj]
  (compiling source file '/Src/KRegion.cpp')
  
D:\GAMEDEVNEW\Sources\Core\Src\KRegion.cpp(466,20): warning C4018: '<': signed/unsigned mismatch [D:\GAMEDEVNEW\Sources\Core\Core.vcxproj]
  (compiling source file '/Src/KRegion.cpp')
  
D:\GAMEDEVNEW\Sources\Core\Src\KRegion.cpp(850,3): warning C4996: 'sprintf': This function or variable may be unsafe. Consider using sprintf_s instead. To disable deprecation, use _CRT_SECURE_NO_WARNINGS. See online help for details. [D:\GAMEDEVNEW\Sources\Core\Core.vcxproj]
  (compiling source file '/Src/KRegion.cpp')
  
D:\GAMEDEVNEW\Sources\Core\Src\KRegion.cpp(977,10): warning C4244: 'return': conversion from 'long' to 'BYTE', possible loss of data [D:\GAMEDEVNEW\Sources\Core\Core.vcxproj]
  (compiling source file '/Src/KRegion.cpp')
  
D:\GAMEDEVNEW\Sources\Core\Src\KRegion.cpp(1049,9): warning C4244: 'return': conversion from 'long' to 'BYTE', possible loss of data [D:\GAMEDEVNEW\Sources\Core\Core.vcxproj]
  (compiling source file '/Src/KRegion.cpp')
  
  KScriptValueSet.cpp
D:\GAMEDEVNEW\Sources\Core\Src\KScriptValueSet.h(17,38): warning C4996: 'strcpy': This function or variable may be unsafe. Consider using strcpy_s instead. To disable deprecation, use _CRT_SECURE_NO_WARNINGS. See online help for details. [D:\GAMEDEVNEW\Sources\Core\Core.vcxproj]
  (compiling source file '/Src/KScriptValueSet.cpp')
  
D:\GAMEDEVNEW\Sources\Core\Src\KScriptValueSet.h(17,69): warning C4996: 'strcpy': This function or variable may be unsafe. Consider using strcpy_s instead. To disable deprecation, use _CRT_SECURE_NO_WARNINGS. See online help for details. [D:\GAMEDEVNEW\Sources\Core\Core.vcxproj]
  (compiling source file '/Src/KScriptValueSet.cpp')
  
D:\GAMEDEVNEW\Sources\Core\Src\KScriptValueSet.h(18,53): warning C4996: 'strcpy': This function or variable may be unsafe. Consider using strcpy_s instead. To disable deprecation, use _CRT_SECURE_NO_WARNINGS. See online help for details. [D:\GAMEDEVNEW\Sources\Core\Core.vcxproj]
  (compiling source file '/Src/KScriptValueSet.cpp')
  
D:\GAMEDEVNEW\Sources\Core\Src\KScriptValueSet.h(18,83): warning C4996: 'strcpy': This function or variable may be unsafe. Consider using strcpy_s instead. To disable deprecation, use _CRT_SECURE_NO_WARNINGS. See online help for details. [D:\GAMEDEVNEW\Sources\Core\Core.vcxproj]
  (compiling source file '/Src/KScriptValueSet.cpp')
  
D:\GAMEDEVNEW\Sources\Core\Src\KScriptValueSet.h(26,34): warning C4996: 'strcpy': This function or variable may be unsafe. Consider using strcpy_s instead. To disable deprecation, use _CRT_SECURE_NO_WARNINGS. See online help for details. [D:\GAMEDEVNEW\Sources\Core\Core.vcxproj]
  (compiling source file '/Src/KScriptValueSet.cpp')
  
D:\GAMEDEVNEW\Sources\Core\Src\KScriptValueSet.h(27,47): warning C4996: 'strcpy': This function or variable may be unsafe. Consider using strcpy_s instead. To disable deprecation, use _CRT_SECURE_NO_WARNINGS. See online help for details. [D:\GAMEDEVNEW\Sources\Core\Core.vcxproj]
  (compiling source file '/Src/KScriptValueSet.cpp')
  
D:\GAMEDEVNEW\Sources\Core\Src\KScriptValueSet.cpp(30,2): warning C4996: 'strcpy': This function or variable may be unsafe. Consider using strcpy_s instead. To disable deprecation, use _CRT_SECURE_NO_WARNINGS. See online help for details. [D:\GAMEDEVNEW\Sources\Core\Core.vcxproj]
  (compiling source file '/Src/KScriptValueSet.cpp')
  
D:\GAMEDEVNEW\Sources\Core\Src\KScriptValueSet.cpp(39,2): warning C4996: 'strcpy': This function or variable may be unsafe. Consider using strcpy_s instead. To disable deprecation, use _CRT_SECURE_NO_WARNINGS. See online help for details. [D:\GAMEDEVNEW\Sources\Core\Core.vcxproj]
  (compiling source file '/Src/KScriptValueSet.cpp')
  
D:\GAMEDEVNEW\Sources\Core\Src\KScriptValueSet.cpp(84,3): warning C4996: 'strcpy': This function or variable may be unsafe. Consider using strcpy_s instead. To disable deprecation, use _CRT_SECURE_NO_WARNINGS. See online help for details. [D:\GAMEDEVNEW\Sources\Core\Core.vcxproj]
  (compiling source file '/Src/KScriptValueSet.cpp')
  
D:\GAMEDEVNEW\Sources\Core\Src\KScriptValueSet.cpp(113,22): warning C4996: 'strcpy': This function or variable may be unsafe. Consider using strcpy_s instead. To disable deprecation, use _CRT_SECURE_NO_WARNINGS. See online help for details. [D:\GAMEDEVNEW\Sources\Core\Core.vcxproj]
  (compiling source file '/Src/KScriptValueSet.cpp')
  
D:\GAMEDEVNEW\Sources\Core\Src\KScriptValueSet.cpp(114,2): warning C4996: 'strcpy': This function or variable may be unsafe. Consider using strcpy_s instead. To disable deprecation, use _CRT_SECURE_NO_WARNINGS. See online help for details. [D:\GAMEDEVNEW\Sources\Core\Core.vcxproj]
  (compiling source file '/Src/KScriptValueSet.cpp')
  
  KSellItem.cpp
  KSimCity.cpp
D:\GAMEDEVNEW\Sources\Core\Src\KSimCity.cpp(460,4): warning C4996: 'strncpy': This function or variable may be unsafe. Consider using strncpy_s instead. To disable deprecation, use _CRT_SECURE_NO_WARNINGS. See online help for details. [D:\GAMEDEVNEW\Sources\Core\Core.vcxproj]
  (compiling source file '/Src/KSimCity.cpp')
  
D:\GAMEDEVNEW\Sources\Core\Src\KSimCity.cpp(512,2): warning C4996: 'strncpy': This function or variable may be unsafe. Consider using strncpy_s instead. To disable deprecation, use _CRT_SECURE_NO_WARNINGS. See online help for details. [D:\GAMEDEVNEW\Sources\Core\Core.vcxproj]
  (compiling source file '/Src/KSimCity.cpp')
  
D:\GAMEDEVNEW\Sources\Core\Src\KSimCity.cpp(516,3): warning C4996: 'sprintf': This function or variable may be unsafe. Consider using sprintf_s instead. To disable deprecation, use _CRT_SECURE_NO_WARNINGS. See online help for details. [D:\GAMEDEVNEW\Sources\Core\Core.vcxproj]
  (compiling source file '/Src/KSimCity.cpp')
  
D:\GAMEDEVNEW\Sources\Core\Src\KSimCity.cpp(518,4): warning C4996: 'sprintf': This function or variable may be unsafe. Consider using sprintf_s instead. To disable deprecation, use _CRT_SECURE_NO_WARNINGS. See online help for details. [D:\GAMEDEVNEW\Sources\Core\Core.vcxproj]
  (compiling source file '/Src/KSimCity.cpp')
  
D:\GAMEDEVNEW\Sources\Core\Src\KSimCity.cpp(688,2): warning C4996: 'strncpy': This function or variable may be unsafe. Consider using strncpy_s instead. To disable deprecation, use _CRT_SECURE_NO_WARNINGS. See online help for details. [D:\GAMEDEVNEW\Sources\Core\Core.vcxproj]
  (compiling source file '/Src/KSimCity.cpp')
  
D:\GAMEDEVNEW\Sources\Core\Src\KSimCity.cpp(689,2): warning C4996: 'strncpy': This function or variable may be unsafe. Consider using strncpy_s instead. To disable deprecation, use _CRT_SECURE_NO_WARNINGS. See online help for details. [D:\GAMEDEVNEW\Sources\Core\Core.vcxproj]
  (compiling source file '/Src/KSimCity.cpp')
  
D:\GAMEDEVNEW\Sources\Core\Src\KSimCity.cpp(700,7): warning C4996: 'sscanf': This function or variable may be unsafe. Consider using sscanf_s instead. To disable deprecation, use _CRT_SECURE_NO_WARNINGS. See online help for details. [D:\GAMEDEVNEW\Sources\Core\Core.vcxproj]
  (compiling source file '/Src/KSimCity.cpp')
  
D:\GAMEDEVNEW\Sources\Core\Src\KSimCity.cpp(1173,3): warning C4996: 'strncpy': This function or variable may be unsafe. Consider using strncpy_s instead. To disable deprecation, use _CRT_SECURE_NO_WARNINGS. See online help for details. [D:\GAMEDEVNEW\Sources\Core\Core.vcxproj]
  (compiling source file '/Src/KSimCity.cpp')
  
D:\GAMEDEVNEW\Sources\Core\Src\KSimCity.cpp(1180,4): warning C4996: 'strncpy': This function or variable may be unsafe. Consider using strncpy_s instead. To disable deprecation, use _CRT_SECURE_NO_WARNINGS. See online help for details. [D:\GAMEDEVNEW\Sources\Core\Core.vcxproj]
  (compiling source file '/Src/KSimCity.cpp')
  
D:\GAMEDEVNEW\Sources\Core\Src\KSimCity.cpp(1200,3): warning C4996: 'strncpy': This function or variable may be unsafe. Consider using strncpy_s instead. To disable deprecation, use _CRT_SECURE_NO_WARNINGS. See online help for details. [D:\GAMEDEVNEW\Sources\Core\Core.vcxproj]
  (compiling source file '/Src/KSimCity.cpp')
  
D:\GAMEDEVNEW\Sources\Core\Src\KSimCity.cpp(1260,2): warning C4996: 'strncpy': This function or variable may be unsafe. Consider using strncpy_s instead. To disable deprecation, use _CRT_SECURE_NO_WARNINGS. See online help for details. [D:\GAMEDEVNEW\Sources\Core\Core.vcxproj]
  (compiling source file '/Src/KSimCity.cpp')
  
D:\GAMEDEVNEW\Sources\Core\Src\KSimCity.cpp(1261,2): warning C4996: 'strncpy': This function or variable may be unsafe. Consider using strncpy_s instead. To disable deprecation, use _CRT_SECURE_NO_WARNINGS. See online help for details. [D:\GAMEDEVNEW\Sources\Core\Core.vcxproj]
  (compiling source file '/Src/KSimCity.cpp')
  
D:\GAMEDEVNEW\Sources\Core\Src\KSimCity.cpp(1354,3): warning C4996: 'strcpy': This function or variable may be unsafe. Consider using strcpy_s instead. To disable deprecation, use _CRT_SECURE_NO_WARNINGS. See online help for details. [D:\GAMEDEVNEW\Sources\Core\Core.vcxproj]
  (compiling source file '/Src/KSimCity.cpp')
  
D:\GAMEDEVNEW\Sources\Core\Src\KSimCity.cpp(1345,12): warning C4996: 'fopen': This function or variable may be unsafe. Consider using fopen_s instead. To disable deprecation, use _CRT_SECURE_NO_WARNINGS. See online help for details. [D:\GAMEDEVNEW\Sources\Core\Core.vcxproj]
  (compiling source file '/Src/KSimCity.cpp')
  
D:\GAMEDEVNEW\Sources\Core\Src\KSimCity.cpp(1378,3): warning C4996: 'strcpy': This function or variable may be unsafe. Consider using strcpy_s instead. To disable deprecation, use _CRT_SECURE_NO_WARNINGS. See online help for details. [D:\GAMEDEVNEW\Sources\Core\Core.vcxproj]
  (compiling source file '/Src/KSimCity.cpp')
  
D:\GAMEDEVNEW\Sources\Core\Src\KSimCity.cpp(1364,12): warning C4996: 'fopen': This function or variable may be unsafe. Consider using fopen_s instead. To disable deprecation, use _CRT_SECURE_NO_WARNINGS. See online help for details. [D:\GAMEDEVNEW\Sources\Core\Core.vcxproj]
  (compiling source file '/Src/KSimCity.cpp')
  
D:\GAMEDEVNEW\Sources\Core\Src\KSimCity.cpp(1388,12): warning C4996: 'fopen': This function or variable may be unsafe. Consider using fopen_s instead. To disable deprecation, use _CRT_SECURE_NO_WARNINGS. See online help for details. [D:\GAMEDEVNEW\Sources\Core\Core.vcxproj]
  (compiling source file '/Src/KSimCity.cpp')
  
D:\GAMEDEVNEW\Sources\Core\Src\KSimCity.cpp(1448,3): warning C4996: 'strncpy': This function or variable may be unsafe. Consider using strncpy_s instead. To disable deprecation, use _CRT_SECURE_NO_WARNINGS. See online help for details. [D:\GAMEDEVNEW\Sources\Core\Core.vcxproj]
  (compiling source file '/Src/KSimCity.cpp')
  
D:\GAMEDEVNEW\Sources\Core\Src\KSimCity.cpp(1497,13): warning C4996: 'fopen': This function or variable may be unsafe. Consider using fopen_s instead. To disable deprecation, use _CRT_SECURE_NO_WARNINGS. See online help for details. [D:\GAMEDEVNEW\Sources\Core\Core.vcxproj]
  (compiling source file '/Src/KSimCity.cpp')
  
D:\GAMEDEVNEW\Sources\Core\Src\KSimCity.cpp(1521,4): warning C4996: '_snprintf': This function or variable may be unsafe. Consider using _snprintf_s instead. To disable deprecation, use _CRT_SECURE_NO_WARNINGS. See online help for details. [D:\GAMEDEVNEW\Sources\Core\Core.vcxproj]
  (compiling source file '/Src/KSimCity.cpp')
  
D:\GAMEDEVNEW\Sources\Core\Src\KSimCity.cpp(1533,12): warning C4996: 'fopen': This function or variable may be unsafe. Consider using fopen_s instead. To disable deprecation, use _CRT_SECURE_NO_WARNINGS. See online help for details. [D:\GAMEDEVNEW\Sources\Core\Core.vcxproj]
  (compiling source file '/Src/KSimCity.cpp')
  
D:\GAMEDEVNEW\Sources\Core\Src\KSimCity.cpp(1550,7): warning C4996: 'sscanf': This function or variable may be unsafe. Consider using sscanf_s instead. To disable deprecation, use _CRT_SECURE_NO_WARNINGS. See online help for details. [D:\GAMEDEVNEW\Sources\Core\Core.vcxproj]
  (compiling source file '/Src/KSimCity.cpp')
  
  KSkillList.cpp
D:\GAMEDEVNEW\Sources\Core\Src\KPlayer.h(95,1): warning C5208: unnamed class used in typedef name cannot declare members other than non-static data members, member enumerations, or member classes [D:\GAMEDEVNEW\Sources\Core\Core.vcxproj]
  (compiling source file '/Src/KSkillList.cpp')
  
  KSkillManager.cpp
D:\GAMEDEVNEW\Sources\Core\Src\KPlayer.h(95,1): warning C5208: unnamed class used in typedef name cannot declare members other than non-static data members, member enumerations, or member classes [D:\GAMEDEVNEW\Sources\Core\Core.vcxproj]
  (compiling source file '/Src/KSkillManager.cpp')
  
  KSkillSpecial.cpp
  KSkills.cpp
D:\GAMEDEVNEW\Sources\Core\Src\KPlayer.h(95,1): warning C5208: unnamed class used in typedef name cannot declare members other than non-static data members, member enumerations, or member classes [D:\GAMEDEVNEW\Sources\Core\Core.vcxproj]
  (compiling source file '/Src/KSkills.cpp')
  
D:\GAMEDEVNEW\Sources\Core\Src\KSkills.cpp(2111,3): warning C4996: 'strlwr': The POSIX name for this item is deprecated. Instead, use the ISO C and C++ conformant name: _strlwr. See online help for details. [D:\GAMEDEVNEW\Sources\Core\Core.vcxproj]
  (compiling source file '/Src/KSkills.cpp')
  
D:\GAMEDEVNEW\Sources\Core\Src\KSkills.cpp(2118,3): warning C4996: 'strlwr': The POSIX name for this item is deprecated. Instead, use the ISO C and C++ conformant name: _strlwr. See online help for details. [D:\GAMEDEVNEW\Sources\Core\Core.vcxproj]
  (compiling source file '/Src/KSkills.cpp')
  
D:\GAMEDEVNEW\Sources\Core\Src\KSkills.cpp(2203,4): warning C4996: 'strcpy': This function or variable may be unsafe. Consider using strcpy_s instead. To disable deprecation, use _CRT_SECURE_NO_WARNINGS. See online help for details. [D:\GAMEDEVNEW\Sources\Core\Core.vcxproj]
  (compiling source file '/Src/KSkills.cpp')
  
D:\GAMEDEVNEW\Sources\Core\Src\KSkills.cpp(2176,3): warning C4996: 'sprintf': This function or variable may be unsafe. Consider using sprintf_s instead. To disable deprecation, use _CRT_SECURE_NO_WARNINGS. See online help for details. [D:\GAMEDEVNEW\Sources\Core\Core.vcxproj]
  (compiling source file '/Src/KSkills.cpp')
  
D:\GAMEDEVNEW\Sources\Core\Src\KSkills.cpp(2177,3): warning C4996: 'sprintf': This function or variable may be unsafe. Consider using sprintf_s instead. To disable deprecation, use _CRT_SECURE_NO_WARNINGS. See online help for details. [D:\GAMEDEVNEW\Sources\Core\Core.vcxproj]
  (compiling source file '/Src/KSkills.cpp')
  
D:\GAMEDEVNEW\Sources\Core\Src\KSkills.cpp(2191,4): warning C4996: 'sprintf': This function or variable may be unsafe. Consider using sprintf_s instead. To disable deprecation, use _CRT_SECURE_NO_WARNINGS. See online help for details. [D:\GAMEDEVNEW\Sources\Core\Core.vcxproj]
  (compiling source file '/Src/KSkills.cpp')
  
D:\GAMEDEVNEW\Sources\Core\Src\KSkills.cpp(2208,4): warning C4996: 'sprintf': This function or variable may be unsafe. Consider using sprintf_s instead. To disable deprecation, use _CRT_SECURE_NO_WARNINGS. See online help for details. [D:\GAMEDEVNEW\Sources\Core\Core.vcxproj]
  (compiling source file '/Src/KSkills.cpp')
  
D:\GAMEDEVNEW\Sources\Core\Src\KSkills.cpp(2133,7): warning C4101: 'szSettingScriptName': unreferenced local variable [D:\GAMEDEVNEW\Sources\Core\Core.vcxproj]
  (compiling source file '/Src/KSkills.cpp')
  
  KSortScript.cpp
D:\GAMEDEVNEW\Sources\Core\Src\KSortScript.cpp(41,2): warning C4996: 'getcwd': The POSIX name for this item is deprecated. Instead, use the ISO C and C++ conformant name: _getcwd. See online help for details. [D:\GAMEDEVNEW\Sources\Core\Core.vcxproj]
  (compiling source file '/Src/KSortScript.cpp')
  
D:\GAMEDEVNEW\Sources\Core\Src\KSortScript.cpp(44,2): warning C4996: 'chdir': The POSIX name for this item is deprecated. Instead, use the ISO C and C++ conformant name: _chdir. See online help for details. [D:\GAMEDEVNEW\Sources\Core\Core.vcxproj]
  (compiling source file '/Src/KSortScript.cpp')
  
D:\GAMEDEVNEW\Sources\Core\Src\KSortScript.cpp(141,9): warning C4267: 'initializing': conversion from 'size_t' to 'int', possible loss of data [D:\GAMEDEVNEW\Sources\Core\Core.vcxproj]
  (compiling source file '/Src/KSortScript.cpp')
  
D:\GAMEDEVNEW\Sources\Core\Src\KSortScript.cpp(198,19): warning C4267: 'initializing': conversion from 'size_t' to 'int', possible loss of data [D:\GAMEDEVNEW\Sources\Core\Core.vcxproj]
  (compiling source file '/Src/KSortScript.cpp')
  
D:\GAMEDEVNEW\Sources\Core\Src\KSortScript.cpp(207,2): warning C4996: 'getcwd': The POSIX name for this item is deprecated. Instead, use the ISO C and C++ conformant name: _getcwd. See online help for details. [D:\GAMEDEVNEW\Sources\Core\Core.vcxproj]
  (compiling source file '/Src/KSortScript.cpp')
  
D:\GAMEDEVNEW\Sources\Core\Src\KSortScript.cpp(212,3): warning C4996: 'sprintf': This function or variable may be unsafe. Consider using sprintf_s instead. To disable deprecation, use _CRT_SECURE_NO_WARNINGS. See online help for details. [D:\GAMEDEVNEW\Sources\Core\Core.vcxproj]
  (compiling source file '/Src/KSortScript.cpp')
  
D:\GAMEDEVNEW\Sources\Core\Src\KSortScript.cpp(214,3): warning C4996: 'sprintf': This function or variable may be unsafe. Consider using sprintf_s instead. To disable deprecation, use _CRT_SECURE_NO_WARNINGS. See online help for details. [D:\GAMEDEVNEW\Sources\Core\Core.vcxproj]
  (compiling source file '/Src/KSortScript.cpp')
  
D:\GAMEDEVNEW\Sources\Core\Src\KSortScript.cpp(269,6): warning C4996: 'strcpy': This function or variable may be unsafe. Consider using strcpy_s instead. To disable deprecation, use _CRT_SECURE_NO_WARNINGS. See online help for details. [D:\GAMEDEVNEW\Sources\Core\Core.vcxproj]
  (compiling source file '/Src/KSortScript.cpp')
  
D:\GAMEDEVNEW\Sources\Core\Src\KSortScript.cpp(227,2): warning C4996: 'sprintf': This function or variable may be unsafe. Consider using sprintf_s instead. To disable deprecation, use _CRT_SECURE_NO_WARNINGS. See online help for details. [D:\GAMEDEVNEW\Sources\Core\Core.vcxproj]
  (compiling source file '/Src/KSortScript.cpp')
  
D:\GAMEDEVNEW\Sources\Core\Src\KSortScript.cpp(235,5): warning C4996: 'chdir': The POSIX name for this item is deprecated. Instead, use the ISO C and C++ conformant name: _chdir. See online help for details. [D:\GAMEDEVNEW\Sources\Core\Core.vcxproj]
  (compiling source file '/Src/KSortScript.cpp')
  
D:\GAMEDEVNEW\Sources\Core\Src\KSortScript.cpp(270,6): warning C4996: '_strupr': This function or variable may be unsafe. Consider using _strupr_s instead. To disable deprecation, use _CRT_SECURE_NO_WARNINGS. See online help for details. [D:\GAMEDEVNEW\Sources\Core\Core.vcxproj]
  (compiling source file '/Src/KSortScript.cpp')
  
D:\GAMEDEVNEW\Sources\Core\Src\KSortScript.cpp(280,2): warning C4996: 'chdir': The POSIX name for this item is deprecated. Instead, use the ISO C and C++ conformant name: _chdir. See online help for details. [D:\GAMEDEVNEW\Sources\Core\Core.vcxproj]
  (compiling source file '/Src/KSortScript.cpp')
  
D:\GAMEDEVNEW\Sources\Core\Src\KSortScript.cpp(343,2): warning C4996: 'strcpy': This function or variable may be unsafe. Consider using strcpy_s instead. To disable deprecation, use _CRT_SECURE_NO_WARNINGS. See online help for details. [D:\GAMEDEVNEW\Sources\Core\Core.vcxproj]
  (compiling source file '/Src/KSortScript.cpp')
  
  KSprControl.cpp
  KSubWorld.cpp
D:\GAMEDEVNEW\Sources\Core\Src\KPlayer.h(95,1): warning C5208: unnamed class used in typedef name cannot declare members other than non-static data members, member enumerations, or member classes [D:\GAMEDEVNEW\Sources\Core\Core.vcxproj]
  (compiling source file '/Src/KSubWorld.cpp')
  
D:\GAMEDEVNEW\Sources\Core\Src\KSubWorld.cpp(71,20): warning C4018: '<': signed/unsigned mismatch [D:\GAMEDEVNEW\Sources\Core\Core.vcxproj]
  (compiling source file '/Src/KSubWorld.cpp')
  
D:\GAMEDEVNEW\Sources\Core\Src\KSubWorld.cpp(229,4): warning C4996: 'sprintf': This function or variable may be unsafe. Consider using sprintf_s instead. To disable deprecation, use _CRT_SECURE_NO_WARNINGS. See online help for details. [D:\GAMEDEVNEW\Sources\Core\Core.vcxproj]
  (compiling source file '/Src/KSubWorld.cpp')
  
D:\GAMEDEVNEW\Sources\Core\Src\KSubWorld.cpp(258,4): warning C4996: 'sprintf': This function or variable may be unsafe. Consider using sprintf_s instead. To disable deprecation, use _CRT_SECURE_NO_WARNINGS. See online help for details. [D:\GAMEDEVNEW\Sources\Core\Core.vcxproj]
  (compiling source file '/Src/KSubWorld.cpp')
  
D:\GAMEDEVNEW\Sources\Core\Src\KSubWorld.cpp(316,5): warning C4996: 'sprintf': This function or variable may be unsafe. Consider using sprintf_s instead. To disable deprecation, use _CRT_SECURE_NO_WARNINGS. See online help for details. [D:\GAMEDEVNEW\Sources\Core\Core.vcxproj]
  (compiling source file '/Src/KSubWorld.cpp')
  
D:\GAMEDEVNEW\Sources\Core\Src\KSubWorld.cpp(342,6): warning C4996: 'sprintf': This function or variable may be unsafe. Consider using sprintf_s instead. To disable deprecation, use _CRT_SECURE_NO_WARNINGS. See online help for details. [D:\GAMEDEVNEW\Sources\Core\Core.vcxproj]
  (compiling source file '/Src/KSubWorld.cpp')
  
D:\GAMEDEVNEW\Sources\Core\Src\KSubWorld.cpp(1743,2): warning C4996: 'sprintf': This function or variable may be unsafe. Consider using sprintf_s instead. To disable deprecation, use _CRT_SECURE_NO_WARNINGS. See online help for details. [D:\GAMEDEVNEW\Sources\Core\Core.vcxproj]
  (compiling source file '/Src/KSubWorld.cpp')
  
D:\GAMEDEVNEW\Sources\Core\Src\KSubWorld.cpp(1745,2): warning C4996: 'sprintf': This function or variable may be unsafe. Consider using sprintf_s instead. To disable deprecation, use _CRT_SECURE_NO_WARNINGS. See online help for details. [D:\GAMEDEVNEW\Sources\Core\Core.vcxproj]
  (compiling source file '/Src/KSubWorld.cpp')
  
D:\GAMEDEVNEW\Sources\Core\Src\KSubWorld.cpp(1747,2): warning C4996: 'sprintf': This function or variable may be unsafe. Consider using sprintf_s instead. To disable deprecation, use _CRT_SECURE_NO_WARNINGS. See online help for details. [D:\GAMEDEVNEW\Sources\Core\Core.vcxproj]
  (compiling source file '/Src/KSubWorld.cpp')
  
D:\GAMEDEVNEW\Sources\Core\Src\KSubWorld.cpp(1749,2): warning C4996: 'sprintf': This function or variable may be unsafe. Consider using sprintf_s instead. To disable deprecation, use _CRT_SECURE_NO_WARNINGS. See online help for details. [D:\GAMEDEVNEW\Sources\Core\Core.vcxproj]
  (compiling source file '/Src/KSubWorld.cpp')
  
D:\GAMEDEVNEW\Sources\Core\Src\KSubWorld.cpp(1751,2): warning C4996: 'sprintf': This function or variable may be unsafe. Consider using sprintf_s instead. To disable deprecation, use _CRT_SECURE_NO_WARNINGS. See online help for details. [D:\GAMEDEVNEW\Sources\Core\Core.vcxproj]
  (compiling source file '/Src/KSubWorld.cpp')
  
D:\GAMEDEVNEW\Sources\Core\Src\KSubWorld.cpp(1753,2): warning C4996: 'sprintf': This function or variable may be unsafe. Consider using sprintf_s instead. To disable deprecation, use _CRT_SECURE_NO_WARNINGS. See online help for details. [D:\GAMEDEVNEW\Sources\Core\Core.vcxproj]
  (compiling source file '/Src/KSubWorld.cpp')
  
D:\GAMEDEVNEW\Sources\Core\Src\KSubWorld.cpp(1755,2): warning C4996: 'sprintf': This function or variable may be unsafe. Consider using sprintf_s instead. To disable deprecation, use _CRT_SECURE_NO_WARNINGS. See online help for details. [D:\GAMEDEVNEW\Sources\Core\Core.vcxproj]
  (compiling source file '/Src/KSubWorld.cpp')
  
D:\GAMEDEVNEW\Sources\Core\Src\KSubWorld.cpp(1758,2): warning C4996: 'sprintf': This function or variable may be unsafe. Consider using sprintf_s instead. To disable deprecation, use _CRT_SECURE_NO_WARNINGS. See online help for details. [D:\GAMEDEVNEW\Sources\Core\Core.vcxproj]
  (compiling source file '/Src/KSubWorld.cpp')
  
D:\GAMEDEVNEW\Sources\Core\Src\KSubWorld.cpp(1760,2): warning C4996: 'sprintf': This function or variable may be unsafe. Consider using sprintf_s instead. To disable deprecation, use _CRT_SECURE_NO_WARNINGS. See online help for details. [D:\GAMEDEVNEW\Sources\Core\Core.vcxproj]
  (compiling source file '/Src/KSubWorld.cpp')
  
D:\GAMEDEVNEW\Sources\Core\Src\KSubWorld.cpp(1762,2): warning C4996: 'sprintf': This function or variable may be unsafe. Consider using sprintf_s instead. To disable deprecation, use _CRT_SECURE_NO_WARNINGS. See online help for details. [D:\GAMEDEVNEW\Sources\Core\Core.vcxproj]
  (compiling source file '/Src/KSubWorld.cpp')
  
D:\GAMEDEVNEW\Sources\Core\Src\KSubWorld.cpp(1764,2): warning C4996: 'sprintf': This function or variable may be unsafe. Consider using sprintf_s instead. To disable deprecation, use _CRT_SECURE_NO_WARNINGS. See online help for details. [D:\GAMEDEVNEW\Sources\Core\Core.vcxproj]
  (compiling source file '/Src/KSubWorld.cpp')
  
D:\GAMEDEVNEW\Sources\Core\Src\KSubWorld.cpp(1766,2): warning C4996: 'sprintf': This function or variable may be unsafe. Consider using sprintf_s instead. To disable deprecation, use _CRT_SECURE_NO_WARNINGS. See online help for details. [D:\GAMEDEVNEW\Sources\Core\Core.vcxproj]
  (compiling source file '/Src/KSubWorld.cpp')
  
D:\GAMEDEVNEW\Sources\Core\Src\KSubWorld.cpp(1768,2): warning C4996: 'sprintf': This function or variable may be unsafe. Consider using sprintf_s instead. To disable deprecation, use _CRT_SECURE_NO_WARNINGS. See online help for details. [D:\GAMEDEVNEW\Sources\Core\Core.vcxproj]
  (compiling source file '/Src/KSubWorld.cpp')
  
D:\GAMEDEVNEW\Sources\Core\Src\KSubWorld.cpp(1774,2): warning C4996: 'sprintf': This function or variable may be unsafe. Consider using sprintf_s instead. To disable deprecation, use _CRT_SECURE_NO_WARNINGS. See online help for details. [D:\GAMEDEVNEW\Sources\Core\Core.vcxproj]
  (compiling source file '/Src/KSubWorld.cpp')
  
D:\GAMEDEVNEW\Sources\Core\Src\KSubWorld.cpp(1776,2): warning C4996: 'sprintf': This function or variable may be unsafe. Consider using sprintf_s instead. To disable deprecation, use _CRT_SECURE_NO_WARNINGS. See online help for details. [D:\GAMEDEVNEW\Sources\Core\Core.vcxproj]
  (compiling source file '/Src/KSubWorld.cpp')
  
D:\GAMEDEVNEW\Sources\Core\Src\KSubWorld.cpp(1782,2): warning C4996: 'sprintf': This function or variable may be unsafe. Consider using sprintf_s instead. To disable deprecation, use _CRT_SECURE_NO_WARNINGS. See online help for details. [D:\GAMEDEVNEW\Sources\Core\Core.vcxproj]
  (compiling source file '/Src/KSubWorld.cpp')
  
D:\GAMEDEVNEW\Sources\Core\Src\KSubWorld.cpp(1799,2): warning C4996: 'sprintf': This function or variable may be unsafe. Consider using sprintf_s instead. To disable deprecation, use _CRT_SECURE_NO_WARNINGS. See online help for details. [D:\GAMEDEVNEW\Sources\Core\Core.vcxproj]
  (compiling source file '/Src/KSubWorld.cpp')
  
D:\GAMEDEVNEW\Sources\Core\Src\KSubWorld.cpp(1836,2): warning C4996: 'sprintf': This function or variable may be unsafe. Consider using sprintf_s instead. To disable deprecation, use _CRT_SECURE_NO_WARNINGS. See online help for details. [D:\GAMEDEVNEW\Sources\Core\Core.vcxproj]
  (compiling source file '/Src/KSubWorld.cpp')
  
D:\GAMEDEVNEW\Sources\Core\Src\KSubWorld.cpp(1867,2): warning C4996: 'sprintf': This function or variable may be unsafe. Consider using sprintf_s instead. To disable deprecation, use _CRT_SECURE_NO_WARNINGS. See online help for details. [D:\GAMEDEVNEW\Sources\Core\Core.vcxproj]
  (compiling source file '/Src/KSubWorld.cpp')
  
D:\GAMEDEVNEW\Sources\Core\Src\KSubWorld.cpp(1843,9): warning C4101: 'szRegionPath': unreferenced local variable [D:\GAMEDEVNEW\Sources\Core\Core.vcxproj]
  (compiling source file '/Src/KSubWorld.cpp')
  
D:\GAMEDEVNEW\Sources\Core\Src\KSubWorld.cpp(2635,14): warning C4267: 'initializing': conversion from 'size_t' to 'int', possible loss of data [D:\GAMEDEVNEW\Sources\Core\Core.vcxproj]
  (compiling source file '/Src/KSubWorld.cpp')
  
D:\GAMEDEVNEW\Sources\Core\Src\KSubWorld.cpp(2637,2): warning C4996: 'strcat': This function or variable may be unsafe. Consider using strcat_s instead. To disable deprecation, use _CRT_SECURE_NO_WARNINGS. See online help for details. [D:\GAMEDEVNEW\Sources\Core\Core.vcxproj]
  (compiling source file '/Src/KSubWorld.cpp')
  
D:\GAMEDEVNEW\Sources\Core\Src\KSubWorld.cpp(2638,2): warning C4996: 'strcat': This function or variable may be unsafe. Consider using strcat_s instead. To disable deprecation, use _CRT_SECURE_NO_WARNINGS. See online help for details. [D:\GAMEDEVNEW\Sources\Core\Core.vcxproj]
  (compiling source file '/Src/KSubWorld.cpp')
  
D:\GAMEDEVNEW\Sources\Core\Src\KSubWorld.cpp(2657,3): warning C4996: 'strcat': This function or variable may be unsafe. Consider using strcat_s instead. To disable deprecation, use _CRT_SECURE_NO_WARNINGS. See online help for details. [D:\GAMEDEVNEW\Sources\Core\Core.vcxproj]
  (compiling source file '/Src/KSubWorld.cpp')
  
D:\GAMEDEVNEW\Sources\Core\Src\KSubWorld.cpp(2649,3): warning C4996: 'sprintf': This function or variable may be unsafe. Consider using sprintf_s instead. To disable deprecation, use _CRT_SECURE_NO_WARNINGS. See online help for details. [D:\GAMEDEVNEW\Sources\Core\Core.vcxproj]
  (compiling source file '/Src/KSubWorld.cpp')
  
D:\GAMEDEVNEW\Sources\Core\Src\KSubWorld.cpp(3057,9): warning C4267: 'return': conversion from 'size_t' to 'int', possible loss of data [D:\GAMEDEVNEW\Sources\Core\Core.vcxproj]
  (compiling source file '/Src/KSubWorld.cpp')
  
D:\GAMEDEVNEW\Sources\Core\Src\KSubWorld.cpp(3320,2): warning C4996: 'strncpy': This function or variable may be unsafe. Consider using strncpy_s instead. To disable deprecation, use _CRT_SECURE_NO_WARNINGS. See online help for details. [D:\GAMEDEVNEW\Sources\Core\Core.vcxproj]
  (compiling source file '/Src/KSubWorld.cpp')
  
D:\GAMEDEVNEW\Sources\Core\Src\KSubWorld.cpp(3334,2): warning C4996: 'sprintf': This function or variable may be unsafe. Consider using sprintf_s instead. To disable deprecation, use _CRT_SECURE_NO_WARNINGS. See online help for details. [D:\GAMEDEVNEW\Sources\Core\Core.vcxproj]
  (compiling source file '/Src/KSubWorld.cpp')
  
D:\GAMEDEVNEW\Sources\Core\Src\KSubWorld.cpp(3438,4): warning C4996: 'sprintf': This function or variable may be unsafe. Consider using sprintf_s instead. To disable deprecation, use _CRT_SECURE_NO_WARNINGS. See online help for details. [D:\GAMEDEVNEW\Sources\Core\Core.vcxproj]
  (compiling source file '/Src/KSubWorld.cpp')
  
D:\GAMEDEVNEW\Sources\Core\Src\KLinkArrayTemplate.h(143,10): warning C4267: 'return': conversion from 'size_t' to 'unsigned long', possible loss of data [D:\GAMEDEVNEW\Sources\Core\Core.vcxproj]
  (compiling source file '/Src/KSubWorld.cpp')
      D:\GAMEDEVNEW\Sources\Core\Src\KLinkArrayTemplate.h(143,10):
      the template instantiation context (the oldest one first) is
          D:\GAMEDEVNEW\Sources\Core\Src\KSubWorld.h(75,24):
          see reference to class template instantiation 'KMissionArray<KMission,10>' being compiled
          D:\GAMEDEVNEW\Sources\Core\Src\KMissionArray.h(11,30):
          see reference to class template instantiation 'KLinkArrayTemplate<T,10>' being compiled
          with
          [
              T=KMission
          ]
          D:\GAMEDEVNEW\Sources\Core\Src\KLinkArrayTemplate.h(141,16):
          while compiling class template member function 'unsigned long KLinkArrayTemplate<T,10>::GetTotalCount(void) const'
          with
          [
              T=KMission
          ]
              D:\GAMEDEVNEW\Sources\Core\Src\KSubWorld.cpp(71,2):
              see the first reference to 'KLinkArrayTemplate<T,10>::GetTotalCount' in 'KSubWorld::KSubWorld'
          with
          [
              T=KMission
          ]
  
D:\GAMEDEVNEW\Sources\Core\Src\KMissionArray.h(23,21): warning C4018: '<': signed/unsigned mismatch [D:\GAMEDEVNEW\Sources\Core\Core.vcxproj]
  (compiling source file '/Src/KSubWorld.cpp')
      D:\GAMEDEVNEW\Sources\Core\Src\KMissionArray.h(23,21):
      the template instantiation context (the oldest one first) is
          D:\GAMEDEVNEW\Sources\Core\Src\KMissionArray.h(16,7):
          while compiling class template member function 'BOOL KMissionArray<KMission,10>::Activate(void)'
              D:\GAMEDEVNEW\Sources\Core\Src\KSubWorld.cpp(1120,26):
              see the first reference to 'KMissionArray<KMission,10>::Activate' in 'KSubWorld::Activate'
  
D:\GAMEDEVNEW\Sources\Core\Src\KLinkArrayTemplate.h(139,24): warning C4267: 'return': conversion from 'size_t' to 'unsigned long', possible loss of data [D:\GAMEDEVNEW\Sources\Core\Core.vcxproj]
  (compiling source file '/Src/KSubWorld.cpp')
      D:\GAMEDEVNEW\Sources\Core\Src\KLinkArrayTemplate.h(139,24):
      the template instantiation context (the oldest one first) is
          D:\GAMEDEVNEW\Sources\Core\Src\KLinkArrayTemplate.h(136,16):
          while compiling class template member function 'unsigned long KLinkArrayTemplate<T,10>::GetUsedCount(void) const'
          with
          [
              T=KMission
          ]
              D:\GAMEDEVNEW\Sources\Core\Src\KMissionArray.h(18,31):
              see the first reference to 'KLinkArrayTemplate<T,10>::GetUsedCount' in 'KMissionArray<KMission,10>::Activate'
          with
          [
              T=KMission
          ]
              D:\GAMEDEVNEW\Sources\Core\Src\KSubWorld.cpp(1120,26):
              see the first reference to 'KMissionArray<KMission,10>::Activate' in 'KSubWorld::Activate'
  
  KSubWorldSet.cpp
D:\GAMEDEVNEW\Sources\Core\Src\KPlayer.h(95,1): warning C5208: unnamed class used in typedef name cannot declare members other than non-static data members, member enumerations, or member classes [D:\GAMEDEVNEW\Sources\Core\Core.vcxproj]
  (compiling source file '/Src/KSubWorldSet.cpp')
  
D:\GAMEDEVNEW\Sources\Core\Src\KSubWorldSet.cpp(60,3): warning C4996: 'sprintf': This function or variable may be unsafe. Consider using sprintf_s instead. To disable deprecation, use _CRT_SECURE_NO_WARNINGS. See online help for details. [D:\GAMEDEVNEW\Sources\Core\Core.vcxproj]
  (compiling source file '/Src/KSubWorldSet.cpp')
  
D:\GAMEDEVNEW\Sources\Core\Src\KSubWorldSet.cpp(201,2): warning C4996: 'sprintf': This function or variable may be unsafe. Consider using sprintf_s instead. To disable deprecation, use _CRT_SECURE_NO_WARNINGS. See online help for details. [D:\GAMEDEVNEW\Sources\Core\Core.vcxproj]
  (compiling source file '/Src/KSubWorldSet.cpp')
  
D:\GAMEDEVNEW\Sources\Core\Src\KSubWorldSet.cpp(202,2): warning C4996: 'sprintf': This function or variable may be unsafe. Consider using sprintf_s instead. To disable deprecation, use _CRT_SECURE_NO_WARNINGS. See online help for details. [D:\GAMEDEVNEW\Sources\Core\Core.vcxproj]
  (compiling source file '/Src/KSubWorldSet.cpp')
  
  KTaskFuns.cpp
D:\GAMEDEVNEW\Sources\Core\Src\KPlayer.h(95,1): warning C5208: unnamed class used in typedef name cannot declare members other than non-static data members, member enumerations, or member classes [D:\GAMEDEVNEW\Sources\Core\Core.vcxproj]
  (compiling source file '/Src/KTaskFuns.cpp')
  
D:\GAMEDEVNEW\Sources\Core\Src\KTaskFuns.cpp(119,43): warning C4018: '<=': signed/unsigned mismatch [D:\GAMEDEVNEW\Sources\Core\Core.vcxproj]
  (compiling source file '/Src/KTaskFuns.cpp')
  
D:\GAMEDEVNEW\Sources\Core\Src\KTaskFuns.cpp(127,50): warning C4244: 'argument': conversion from 'DWORD' to 'unsigned short', possible loss of data [D:\GAMEDEVNEW\Sources\Core\Core.vcxproj]
  (compiling source file '/Src/KTaskFuns.cpp')
  
D:\GAMEDEVNEW\Sources\Core\Src\KTaskFuns.cpp(185,69): warning C4267: 'argument': conversion from 'size_t' to 'DWORD', possible loss of data [D:\GAMEDEVNEW\Sources\Core\Core.vcxproj]
  (compiling source file '/Src/KTaskFuns.cpp')
  
D:\GAMEDEVNEW\Sources\Core\Src\KTaskFuns.cpp(184,2): warning C4996: 'sprintf': This function or variable may be unsafe. Consider using sprintf_s instead. To disable deprecation, use _CRT_SECURE_NO_WARNINGS. See online help for details. [D:\GAMEDEVNEW\Sources\Core\Core.vcxproj]
  (compiling source file '/Src/KTaskFuns.cpp')
  
  KThiefSkill.cpp
D:\GAMEDEVNEW\Sources\Core\Src\KPlayer.h(95,1): warning C5208: unnamed class used in typedef name cannot declare members other than non-static data members, member enumerations, or member classes [D:\GAMEDEVNEW\Sources\Core\Core.vcxproj]
  (compiling source file '/Src/KThiefSkill.cpp')
  
D:\GAMEDEVNEW\Sources\Core\Src\KThiefSkill.cpp(124,115): warning C4267: 'argument': conversion from 'size_t' to 'int', possible loss of data [D:\GAMEDEVNEW\Sources\Core\Core.vcxproj]
  (compiling source file '/Src/KThiefSkill.cpp')
  
D:\GAMEDEVNEW\Sources\Core\Src\KThiefSkill.cpp(127,116): warning C4267: 'argument': conversion from 'size_t' to 'int', possible loss of data [D:\GAMEDEVNEW\Sources\Core\Core.vcxproj]
  (compiling source file '/Src/KThiefSkill.cpp')
  
D:\GAMEDEVNEW\Sources\Core\Src\KThiefSkill.cpp(132,115): warning C4267: 'argument': conversion from 'size_t' to 'int', possible loss of data [D:\GAMEDEVNEW\Sources\Core\Core.vcxproj]
  (compiling source file '/Src/KThiefSkill.cpp')
  
D:\GAMEDEVNEW\Sources\Core\Src\KThiefSkill.cpp(135,116): warning C4267: 'argument': conversion from 'size_t' to 'int', possible loss of data [D:\GAMEDEVNEW\Sources\Core\Core.vcxproj]
  (compiling source file '/Src/KThiefSkill.cpp')
  
D:\GAMEDEVNEW\Sources\Core\Src\KThiefSkill.cpp(123,3): warning C4996: 'sprintf': This function or variable may be unsafe. Consider using sprintf_s instead. To disable deprecation, use _CRT_SECURE_NO_WARNINGS. See online help for details. [D:\GAMEDEVNEW\Sources\Core\Core.vcxproj]
  (compiling source file '/Src/KThiefSkill.cpp')
  
D:\GAMEDEVNEW\Sources\Core\Src\KThiefSkill.cpp(126,3): warning C4996: 'sprintf': This function or variable may be unsafe. Consider using sprintf_s instead. To disable deprecation, use _CRT_SECURE_NO_WARNINGS. See online help for details. [D:\GAMEDEVNEW\Sources\Core\Core.vcxproj]
  (compiling source file '/Src/KThiefSkill.cpp')
  
D:\GAMEDEVNEW\Sources\Core\Src\KThiefSkill.cpp(131,2): warning C4996: 'sprintf': This function or variable may be unsafe. Consider using sprintf_s instead. To disable deprecation, use _CRT_SECURE_NO_WARNINGS. See online help for details. [D:\GAMEDEVNEW\Sources\Core\Core.vcxproj]
  (compiling source file '/Src/KThiefSkill.cpp')
  
D:\GAMEDEVNEW\Sources\Core\Src\KThiefSkill.cpp(134,2): warning C4996: 'sprintf': This function or variable may be unsafe. Consider using sprintf_s instead. To disable deprecation, use _CRT_SECURE_NO_WARNINGS. See online help for details. [D:\GAMEDEVNEW\Sources\Core\Core.vcxproj]
  (compiling source file '/Src/KThiefSkill.cpp')
  
D:\GAMEDEVNEW\Sources\Core\Src\KThiefSkill.cpp(144,119): warning C4267: 'argument': conversion from 'size_t' to 'int', possible loss of data [D:\GAMEDEVNEW\Sources\Core\Core.vcxproj]
  (compiling source file '/Src/KThiefSkill.cpp')
  
D:\GAMEDEVNEW\Sources\Core\Src\KThiefSkill.cpp(143,2): warning C4996: 'sprintf': This function or variable may be unsafe. Consider using sprintf_s instead. To disable deprecation, use _CRT_SECURE_NO_WARNINGS. See online help for details. [D:\GAMEDEVNEW\Sources\Core\Core.vcxproj]
  (compiling source file '/Src/KThiefSkill.cpp')
  
D:\GAMEDEVNEW\Sources\Core\Src\KThiefSkill.cpp(153,119): warning C4267: 'argument': conversion from 'size_t' to 'int', possible loss of data [D:\GAMEDEVNEW\Sources\Core\Core.vcxproj]
  (compiling source file '/Src/KThiefSkill.cpp')
  
D:\GAMEDEVNEW\Sources\Core\Src\KThiefSkill.cpp(152,2): warning C4996: 'sprintf': This function or variable may be unsafe. Consider using sprintf_s instead. To disable deprecation, use _CRT_SECURE_NO_WARNINGS. See online help for details. [D:\GAMEDEVNEW\Sources\Core\Core.vcxproj]
  (compiling source file '/Src/KThiefSkill.cpp')
  
D:\GAMEDEVNEW\Sources\Core\Src\KThiefSkill.cpp(162,119): warning C4267: 'argument': conversion from 'size_t' to 'int', possible loss of data [D:\GAMEDEVNEW\Sources\Core\Core.vcxproj]
  (compiling source file '/Src/KThiefSkill.cpp')
  
D:\GAMEDEVNEW\Sources\Core\Src\KThiefSkill.cpp(161,2): warning C4996: 'sprintf': This function or variable may be unsafe. Consider using sprintf_s instead. To disable deprecation, use _CRT_SECURE_NO_WARNINGS. See online help for details. [D:\GAMEDEVNEW\Sources\Core\Core.vcxproj]
  (compiling source file '/Src/KThiefSkill.cpp')
  
D:\GAMEDEVNEW\Sources\Core\Src\KThiefSkill.cpp(324,3): warning C4996: 'strlwr': The POSIX name for this item is deprecated. Instead, use the ISO C and C++ conformant name: _strlwr. See online help for details. [D:\GAMEDEVNEW\Sources\Core\Core.vcxproj]
  (compiling source file '/Src/KThiefSkill.cpp')
  
  Generating Code...
  Compiling...
  KTongJX2.cpp
D:\GAMEDEVNEW\Sources\Core\Src\KPlayer.h(95,1): warning C5208: unnamed class used in typedef name cannot declare members other than non-static data members, member enumerations, or member classes [D:\GAMEDEVNEW\Sources\Core\Core.vcxproj]
  (compiling source file '/Src/KTongJX2.cpp')
  
D:\GAMEDEVNEW\Sources\MultiServer\Common\OpaqueUserData.h(57,10): warning C4311: 'reinterpret_cast': pointer truncation from 'void *' to 'unsigned long' [D:\GAMEDEVNEW\Sources\Core\Core.vcxproj]
  (compiling source file '/Src/KTongJX2.cpp')
  
D:\GAMEDEVNEW\Sources\MultiServer\Common\OpaqueUserData.h(57,10): warning C4302: 'reinterpret_cast': truncation from 'void *' to 'unsigned long' [D:\GAMEDEVNEW\Sources\Core\Core.vcxproj]
  (compiling source file '/Src/KTongJX2.cpp')
  
D:\GAMEDEVNEW\Sources\MultiServer\Common\OpaqueUserData.h(62,15): warning C4312: 'reinterpret_cast': conversion from 'unsigned long' to 'void *' of greater size [D:\GAMEDEVNEW\Sources\Core\Core.vcxproj]
  (compiling source file '/Src/KTongJX2.cpp')
  
D:\GAMEDEVNEW\Sources\Core\Src\KTongJX2.cpp(349,5): warning C4996: 'strncpy': This function or variable may be unsafe. Consider using strncpy_s instead. To disable deprecation, use _CRT_SECURE_NO_WARNINGS. See online help for details. [D:\GAMEDEVNEW\Sources\Core\Core.vcxproj]
  (compiling source file '/Src/KTongJX2.cpp')
  
D:\GAMEDEVNEW\Sources\Core\Src\KTongJX2.cpp(355,5): warning C4996: 'strncpy': This function or variable may be unsafe. Consider using strncpy_s instead. To disable deprecation, use _CRT_SECURE_NO_WARNINGS. See online help for details. [D:\GAMEDEVNEW\Sources\Core\Core.vcxproj]
  (compiling source file '/Src/KTongJX2.cpp')
  
D:\GAMEDEVNEW\Sources\Core\Src\KTongJX2.cpp(455,3): warning C4996: 'strncpy': This function or variable may be unsafe. Consider using strncpy_s instead. To disable deprecation, use _CRT_SECURE_NO_WARNINGS. See online help for details. [D:\GAMEDEVNEW\Sources\Core\Core.vcxproj]
  (compiling source file '/Src/KTongJX2.cpp')
  
D:\GAMEDEVNEW\Sources\Core\Src\KTongJX2.cpp(612,2): warning C4996: 'strncpy': This function or variable may be unsafe. Consider using strncpy_s instead. To disable deprecation, use _CRT_SECURE_NO_WARNINGS. See online help for details. [D:\GAMEDEVNEW\Sources\Core\Core.vcxproj]
  (compiling source file '/Src/KTongJX2.cpp')
  
D:\GAMEDEVNEW\Sources\Core\Src\KTongJX2.cpp(629,3): warning C4996: 'sprintf': This function or variable may be unsafe. Consider using sprintf_s instead. To disable deprecation, use _CRT_SECURE_NO_WARNINGS. See online help for details. [D:\GAMEDEVNEW\Sources\Core\Core.vcxproj]
  (compiling source file '/Src/KTongJX2.cpp')
  
D:\GAMEDEVNEW\Sources\Core\Src\KTongJX2.cpp(1367,3): warning C4996: 'strncpy': This function or variable may be unsafe. Consider using strncpy_s instead. To disable deprecation, use _CRT_SECURE_NO_WARNINGS. See online help for details. [D:\GAMEDEVNEW\Sources\Core\Core.vcxproj]
  (compiling source file '/Src/KTongJX2.cpp')
  
D:\GAMEDEVNEW\Sources\Core\Src\KTongJX2.cpp(1386,3): warning C4996: 'strncpy': This function or variable may be unsafe. Consider using strncpy_s instead. To disable deprecation, use _CRT_SECURE_NO_WARNINGS. See online help for details. [D:\GAMEDEVNEW\Sources\Core\Core.vcxproj]
  (compiling source file '/Src/KTongJX2.cpp')
  
D:\GAMEDEVNEW\Sources\Core\Src\KTongJX2.cpp(1587,16): warning C4996: 'fopen': This function or variable may be unsafe. Consider using fopen_s instead. To disable deprecation, use _CRT_SECURE_NO_WARNINGS. See online help for details. [D:\GAMEDEVNEW\Sources\Core\Core.vcxproj]
  (compiling source file '/Src/KTongJX2.cpp')
  
D:\GAMEDEVNEW\Sources\Core\Src\KTongJX2.cpp(1589,11): warning C4996: 'fopen': This function or variable may be unsafe. Consider using fopen_s instead. To disable deprecation, use _CRT_SECURE_NO_WARNINGS. See online help for details. [D:\GAMEDEVNEW\Sources\Core\Core.vcxproj]
  (compiling source file '/Src/KTongJX2.cpp')
  
D:\GAMEDEVNEW\Sources\Core\Src\KTongJX2.cpp(1593,20): warning C4996: 'localtime': This function or variable may be unsafe. Consider using localtime_s instead. To disable deprecation, use _CRT_SECURE_NO_WARNINGS. See online help for details. [D:\GAMEDEVNEW\Sources\Core\Core.vcxproj]
  (compiling source file '/Src/KTongJX2.cpp')
  
D:\GAMEDEVNEW\Sources\Core\Src\KTongJX2.cpp(2340,4): warning C4996: 'strncpy': This function or variable may be unsafe. Consider using strncpy_s instead. To disable deprecation, use _CRT_SECURE_NO_WARNINGS. See online help for details. [D:\GAMEDEVNEW\Sources\Core\Core.vcxproj]
  (compiling source file '/Src/KTongJX2.cpp')
  
D:\GAMEDEVNEW\Sources\Core\Src\KTongJX2.cpp(2362,4): warning C4996: 'strncpy': This function or variable may be unsafe. Consider using strncpy_s instead. To disable deprecation, use _CRT_SECURE_NO_WARNINGS. See online help for details. [D:\GAMEDEVNEW\Sources\Core\Core.vcxproj]
  (compiling source file '/Src/KTongJX2.cpp')
  
D:\GAMEDEVNEW\Sources\Core\Src\KTongJX2.cpp(2367,4): warning C4996: 'strncpy': This function or variable may be unsafe. Consider using strncpy_s instead. To disable deprecation, use _CRT_SECURE_NO_WARNINGS. See online help for details. [D:\GAMEDEVNEW\Sources\Core\Core.vcxproj]
  (compiling source file '/Src/KTongJX2.cpp')
  
D:\GAMEDEVNEW\Sources\Core\Src\KTongJX2.cpp(2377,6): warning C4996: 'strncpy': This function or variable may be unsafe. Consider using strncpy_s instead. To disable deprecation, use _CRT_SECURE_NO_WARNINGS. See online help for details. [D:\GAMEDEVNEW\Sources\Core\Core.vcxproj]
  (compiling source file '/Src/KTongJX2.cpp')
  
D:\GAMEDEVNEW\Sources\Core\Src\KTongJX2.cpp(2413,6): warning C4996: 'strncpy': This function or variable may be unsafe. Consider using strncpy_s instead. To disable deprecation, use _CRT_SECURE_NO_WARNINGS. See online help for details. [D:\GAMEDEVNEW\Sources\Core\Core.vcxproj]
  (compiling source file '/Src/KTongJX2.cpp')
  
D:\GAMEDEVNEW\Sources\Core\Src\KTongJX2.cpp(2513,6): warning C4996: 'strncpy': This function or variable may be unsafe. Consider using strncpy_s instead. To disable deprecation, use _CRT_SECURE_NO_WARNINGS. See online help for details. [D:\GAMEDEVNEW\Sources\Core\Core.vcxproj]
  (compiling source file '/Src/KTongJX2.cpp')
  
D:\GAMEDEVNEW\Sources\Core\Src\KTongJX2.cpp(2710,26): warning C4267: 'argument': conversion from 'size_t' to 'int', possible loss of data [D:\GAMEDEVNEW\Sources\Core\Core.vcxproj]
  (compiling source file '/Src/KTongJX2.cpp')
  
D:\GAMEDEVNEW\Sources\Core\Src\KTongJX2.cpp(3095,26): warning C4267: 'argument': conversion from 'size_t' to 'int', possible loss of data [D:\GAMEDEVNEW\Sources\Core\Core.vcxproj]
  (compiling source file '/Src/KTongJX2.cpp')
  
D:\GAMEDEVNEW\Sources\Core\Src\KTongJX2.cpp(3133,20): warning C4267: 'argument': conversion from 'size_t' to 'int', possible loss of data [D:\GAMEDEVNEW\Sources\Core\Core.vcxproj]
  (compiling source file '/Src/KTongJX2.cpp')
  
D:\GAMEDEVNEW\Sources\Core\Src\KTongJX2.cpp(2921,6): warning C4996: 'sprintf': This function or variable may be unsafe. Consider using sprintf_s instead. To disable deprecation, use _CRT_SECURE_NO_WARNINGS. See online help for details. [D:\GAMEDEVNEW\Sources\Core\Core.vcxproj]
  (compiling source file '/Src/KTongJX2.cpp')
  
D:\GAMEDEVNEW\Sources\Core\Src\KTongJX2.cpp(2934,5): warning C4996: 'sprintf': This function or variable may be unsafe. Consider using sprintf_s instead. To disable deprecation, use _CRT_SECURE_NO_WARNINGS. See online help for details. [D:\GAMEDEVNEW\Sources\Core\Core.vcxproj]
  (compiling source file '/Src/KTongJX2.cpp')
  
D:\GAMEDEVNEW\Sources\Core\Src\KTongJX2.cpp(3107,4): warning C4996: 'sprintf': This function or variable may be unsafe. Consider using sprintf_s instead. To disable deprecation, use _CRT_SECURE_NO_WARNINGS. See online help for details. [D:\GAMEDEVNEW\Sources\Core\Core.vcxproj]
  (compiling source file '/Src/KTongJX2.cpp')
  
D:\GAMEDEVNEW\Sources\Core\Src\KTongJX2.cpp(3130,6): warning C4996: 'sprintf': This function or variable may be unsafe. Consider using sprintf_s instead. To disable deprecation, use _CRT_SECURE_NO_WARNINGS. See online help for details. [D:\GAMEDEVNEW\Sources\Core\Core.vcxproj]
  (compiling source file '/Src/KTongJX2.cpp')
  
D:\GAMEDEVNEW\Sources\Core\Src\KTongJX2.cpp(3160,4): warning C4996: 'sprintf': This function or variable may be unsafe. Consider using sprintf_s instead. To disable deprecation, use _CRT_SECURE_NO_WARNINGS. See online help for details. [D:\GAMEDEVNEW\Sources\Core\Core.vcxproj]
  (compiling source file '/Src/KTongJX2.cpp')
  
D:\GAMEDEVNEW\Sources\Core\Src\KTongJX2.cpp(3201,5): warning C4996: 'sprintf': This function or variable may be unsafe. Consider using sprintf_s instead. To disable deprecation, use _CRT_SECURE_NO_WARNINGS. See online help for details. [D:\GAMEDEVNEW\Sources\Core\Core.vcxproj]
  (compiling source file '/Src/KTongJX2.cpp')
  
D:\GAMEDEVNEW\Sources\Core\Src\KTongJX2.cpp(3258,6): warning C4996: 'sprintf': This function or variable may be unsafe. Consider using sprintf_s instead. To disable deprecation, use _CRT_SECURE_NO_WARNINGS. See online help for details. [D:\GAMEDEVNEW\Sources\Core\Core.vcxproj]
  (compiling source file '/Src/KTongJX2.cpp')
  
D:\GAMEDEVNEW\Sources\Core\Src\KTongJX2.cpp(3261,6): warning C4996: 'sprintf': This function or variable may be unsafe. Consider using sprintf_s instead. To disable deprecation, use _CRT_SECURE_NO_WARNINGS. See online help for details. [D:\GAMEDEVNEW\Sources\Core\Core.vcxproj]
  (compiling source file '/Src/KTongJX2.cpp')
  
D:\GAMEDEVNEW\Sources\Core\Src\KTongJX2.cpp(3292,5): warning C4996: 'sprintf': This function or variable may be unsafe. Consider using sprintf_s instead. To disable deprecation, use _CRT_SECURE_NO_WARNINGS. See online help for details. [D:\GAMEDEVNEW\Sources\Core\Core.vcxproj]
  (compiling source file '/Src/KTongJX2.cpp')
  
D:\GAMEDEVNEW\Sources\Core\Src\KTongJX2.cpp(3340,6): warning C4996: 'sprintf': This function or variable may be unsafe. Consider using sprintf_s instead. To disable deprecation, use _CRT_SECURE_NO_WARNINGS. See online help for details. [D:\GAMEDEVNEW\Sources\Core\Core.vcxproj]
  (compiling source file '/Src/KTongJX2.cpp')
  
D:\GAMEDEVNEW\Sources\Core\Src\KTongJX2.cpp(3361,5): warning C4996: 'sprintf': This function or variable may be unsafe. Consider using sprintf_s instead. To disable deprecation, use _CRT_SECURE_NO_WARNINGS. See online help for details. [D:\GAMEDEVNEW\Sources\Core\Core.vcxproj]
  (compiling source file '/Src/KTongJX2.cpp')
  
D:\GAMEDEVNEW\Sources\Core\Src\KTongJX2.cpp(3372,5): warning C4996: 'sprintf': This function or variable may be unsafe. Consider using sprintf_s instead. To disable deprecation, use _CRT_SECURE_NO_WARNINGS. See online help for details. [D:\GAMEDEVNEW\Sources\Core\Core.vcxproj]
  (compiling source file '/Src/KTongJX2.cpp')
  
D:\GAMEDEVNEW\Sources\Core\Src\KTongJX2.cpp(3440,6): warning C4996: 'sprintf': This function or variable may be unsafe. Consider using sprintf_s instead. To disable deprecation, use _CRT_SECURE_NO_WARNINGS. See online help for details. [D:\GAMEDEVNEW\Sources\Core\Core.vcxproj]
  (compiling source file '/Src/KTongJX2.cpp')
  
D:\GAMEDEVNEW\Sources\Core\Src\KTongJX2.cpp(3443,6): warning C4996: 'sprintf': This function or variable may be unsafe. Consider using sprintf_s instead. To disable deprecation, use _CRT_SECURE_NO_WARNINGS. See online help for details. [D:\GAMEDEVNEW\Sources\Core\Core.vcxproj]
  (compiling source file '/Src/KTongJX2.cpp')
  
D:\GAMEDEVNEW\Sources\Core\Src\KTongJX2.cpp(3536,5): warning C4996: 'strncpy': This function or variable may be unsafe. Consider using strncpy_s instead. To disable deprecation, use _CRT_SECURE_NO_WARNINGS. See online help for details. [D:\GAMEDEVNEW\Sources\Core\Core.vcxproj]
  (compiling source file '/Src/KTongJX2.cpp')
  
D:\GAMEDEVNEW\Sources\Core\Src\KTongJX2.cpp(3538,5): warning C4996: 'sscanf': This function or variable may be unsafe. Consider using sscanf_s instead. To disable deprecation, use _CRT_SECURE_NO_WARNINGS. See online help for details. [D:\GAMEDEVNEW\Sources\Core\Core.vcxproj]
  (compiling source file '/Src/KTongJX2.cpp')
  
D:\GAMEDEVNEW\Sources\Core\Src\KTongJX2.cpp(3622,6): warning C4996: 'sprintf': This function or variable may be unsafe. Consider using sprintf_s instead. To disable deprecation, use _CRT_SECURE_NO_WARNINGS. See online help for details. [D:\GAMEDEVNEW\Sources\Core\Core.vcxproj]
  (compiling source file '/Src/KTongJX2.cpp')
  
D:\GAMEDEVNEW\Sources\Core\Src\KTongJX2.cpp(3681,5): warning C4996: 'sprintf': This function or variable may be unsafe. Consider using sprintf_s instead. To disable deprecation, use _CRT_SECURE_NO_WARNINGS. See online help for details. [D:\GAMEDEVNEW\Sources\Core\Core.vcxproj]
  (compiling source file '/Src/KTongJX2.cpp')
  
D:\GAMEDEVNEW\Sources\Core\Src\KTongJX2.cpp(3782,4): warning C4390: ';': empty controlled statement found; is this the intent? [D:\GAMEDEVNEW\Sources\Core\Core.vcxproj]
  (compiling source file '/Src/KTongJX2.cpp')
  
D:\GAMEDEVNEW\Sources\Core\Src\KTongJX2.cpp(3932,19): warning C4996: 'localtime': This function or variable may be unsafe. Consider using localtime_s instead. To disable deprecation, use _CRT_SECURE_NO_WARNINGS. See online help for details. [D:\GAMEDEVNEW\Sources\Core\Core.vcxproj]
  (compiling source file '/Src/KTongJX2.cpp')
  
D:\GAMEDEVNEW\Sources\Core\Src\KTongJX2.cpp(3935,3): warning C4996: 'sprintf': This function or variable may be unsafe. Consider using sprintf_s instead. To disable deprecation, use _CRT_SECURE_NO_WARNINGS. See online help for details. [D:\GAMEDEVNEW\Sources\Core\Core.vcxproj]
  (compiling source file '/Src/KTongJX2.cpp')
  
D:\GAMEDEVNEW\Sources\Core\Src\KTongJX2.cpp(3951,19): warning C4996: 'localtime': This function or variable may be unsafe. Consider using localtime_s instead. To disable deprecation, use _CRT_SECURE_NO_WARNINGS. See online help for details. [D:\GAMEDEVNEW\Sources\Core\Core.vcxproj]
  (compiling source file '/Src/KTongJX2.cpp')
  
D:\GAMEDEVNEW\Sources\Core\Src\KTongJX2.cpp(3976,16): warning C4996: 'fopen': This function or variable may be unsafe. Consider using fopen_s instead. To disable deprecation, use _CRT_SECURE_NO_WARNINGS. See online help for details. [D:\GAMEDEVNEW\Sources\Core\Core.vcxproj]
  (compiling source file '/Src/KTongJX2.cpp')
  
D:\GAMEDEVNEW\Sources\Core\Src\KTongJX2.cpp(3980,19): warning C4996: 'localtime': This function or variable may be unsafe. Consider using localtime_s instead. To disable deprecation, use _CRT_SECURE_NO_WARNINGS. See online help for details. [D:\GAMEDEVNEW\Sources\Core\Core.vcxproj]
  (compiling source file '/Src/KTongJX2.cpp')
  
D:\GAMEDEVNEW\Sources\Core\Src\KTongJX2.cpp(4031,16): warning C4996: 'fopen': This function or variable may be unsafe. Consider using fopen_s instead. To disable deprecation, use _CRT_SECURE_NO_WARNINGS. See online help for details. [D:\GAMEDEVNEW\Sources\Core\Core.vcxproj]
  (compiling source file '/Src/KTongJX2.cpp')
  
D:\GAMEDEVNEW\Sources\Core\Src\KTongJX2.cpp(4154,2): warning C4996: 'strncpy': This function or variable may be unsafe. Consider using strncpy_s instead. To disable deprecation, use _CRT_SECURE_NO_WARNINGS. See online help for details. [D:\GAMEDEVNEW\Sources\Core\Core.vcxproj]
  (compiling source file '/Src/KTongJX2.cpp')
  
D:\GAMEDEVNEW\Sources\Core\Src\KTongJX2.cpp(4162,2): warning C4996: 'strncpy': This function or variable may be unsafe. Consider using strncpy_s instead. To disable deprecation, use _CRT_SECURE_NO_WARNINGS. See online help for details. [D:\GAMEDEVNEW\Sources\Core\Core.vcxproj]
  (compiling source file '/Src/KTongJX2.cpp')
  
D:\GAMEDEVNEW\Sources\Core\Src\KTongJX2.cpp(4164,2): warning C4996: 'strncpy': This function or variable may be unsafe. Consider using strncpy_s instead. To disable deprecation, use _CRT_SECURE_NO_WARNINGS. See online help for details. [D:\GAMEDEVNEW\Sources\Core\Core.vcxproj]
  (compiling source file '/Src/KTongJX2.cpp')
  
D:\GAMEDEVNEW\Sources\Core\Src\KTongJX2.cpp(4316,3): warning C4996: 'sprintf': This function or variable may be unsafe. Consider using sprintf_s instead. To disable deprecation, use _CRT_SECURE_NO_WARNINGS. See online help for details. [D:\GAMEDEVNEW\Sources\Core\Core.vcxproj]
  (compiling source file '/Src/KTongJX2.cpp')
  
  KViewItem.cpp
  KWeatherMgr.cpp
D:\GAMEDEVNEW\Sources\Core\Src\KWeatherMgr.cpp(36,3): warning C4996: 'sprintf': This function or variable may be unsafe. Consider using sprintf_s instead. To disable deprecation, use _CRT_SECURE_NO_WARNINGS. See online help for details. [D:\GAMEDEVNEW\Sources\Core\Core.vcxproj]
  (compiling source file '/Src/KWeatherMgr.cpp')
  
D:\GAMEDEVNEW\Sources\Core\Src\KWeatherMgr.cpp(38,3): warning C4996: 'sprintf': This function or variable may be unsafe. Consider using sprintf_s instead. To disable deprecation, use _CRT_SECURE_NO_WARNINGS. See online help for details. [D:\GAMEDEVNEW\Sources\Core\Core.vcxproj]
  (compiling source file '/Src/KWeatherMgr.cpp')
  
D:\GAMEDEVNEW\Sources\Core\Src\KWeatherMgr.cpp(41,3): warning C4996: 'sprintf': This function or variable may be unsafe. Consider using sprintf_s instead. To disable deprecation, use _CRT_SECURE_NO_WARNINGS. See online help for details. [D:\GAMEDEVNEW\Sources\Core\Core.vcxproj]
  (compiling source file '/Src/KWeatherMgr.cpp')
  
  KWorldMsg.cpp
  MapHandler.cpp
  KWeather.cpp
  ScriptFuns.cpp
D:\GAMEDEVNEW\Sources\Core\Src\KScriptValueSet.h(17,38): warning C4996: 'strcpy': This function or variable may be unsafe. Consider using strcpy_s instead. To disable deprecation, use _CRT_SECURE_NO_WARNINGS. See online help for details. [D:\GAMEDEVNEW\Sources\Core\Core.vcxproj]
  (compiling source file '/Src/ScriptFuns.cpp')
  
D:\GAMEDEVNEW\Sources\Core\Src\KScriptValueSet.h(17,69): warning C4996: 'strcpy': This function or variable may be unsafe. Consider using strcpy_s instead. To disable deprecation, use _CRT_SECURE_NO_WARNINGS. See online help for details. [D:\GAMEDEVNEW\Sources\Core\Core.vcxproj]
  (compiling source file '/Src/ScriptFuns.cpp')
  
D:\GAMEDEVNEW\Sources\Core\Src\KScriptValueSet.h(18,53): warning C4996: 'strcpy': This function or variable may be unsafe. Consider using strcpy_s instead. To disable deprecation, use _CRT_SECURE_NO_WARNINGS. See online help for details. [D:\GAMEDEVNEW\Sources\Core\Core.vcxproj]
  (compiling source file '/Src/ScriptFuns.cpp')
  
D:\GAMEDEVNEW\Sources\Core\Src\KScriptValueSet.h(18,83): warning C4996: 'strcpy': This function or variable may be unsafe. Consider using strcpy_s instead. To disable deprecation, use _CRT_SECURE_NO_WARNINGS. See online help for details. [D:\GAMEDEVNEW\Sources\Core\Core.vcxproj]
  (compiling source file '/Src/ScriptFuns.cpp')
  
D:\GAMEDEVNEW\Sources\Core\Src\KScriptValueSet.h(26,34): warning C4996: 'strcpy': This function or variable may be unsafe. Consider using strcpy_s instead. To disable deprecation, use _CRT_SECURE_NO_WARNINGS. See online help for details. [D:\GAMEDEVNEW\Sources\Core\Core.vcxproj]
  (compiling source file '/Src/ScriptFuns.cpp')
  
D:\GAMEDEVNEW\Sources\Core\Src\KScriptValueSet.h(27,47): warning C4996: 'strcpy': This function or variable may be unsafe. Consider using strcpy_s instead. To disable deprecation, use _CRT_SECURE_NO_WARNINGS. See online help for details. [D:\GAMEDEVNEW\Sources\Core\Core.vcxproj]
  (compiling source file '/Src/ScriptFuns.cpp')
  
D:\GAMEDEVNEW\Sources\Core\Src\KPlayer.h(95,1): warning C5208: unnamed class used in typedef name cannot declare members other than non-static data members, member enumerations, or member classes [D:\GAMEDEVNEW\Sources\Core\Core.vcxproj]
  (compiling source file '/Src/ScriptFuns.cpp')
  
D:\GAMEDEVNEW\Sources\MultiServer\Common\OpaqueUserData.h(57,10): warning C4311: 'reinterpret_cast': pointer truncation from 'void *' to 'unsigned long' [D:\GAMEDEVNEW\Sources\Core\Core.vcxproj]
  (compiling source file '/Src/ScriptFuns.cpp')
  
D:\GAMEDEVNEW\Sources\MultiServer\Common\OpaqueUserData.h(57,10): warning C4302: 'reinterpret_cast': truncation from 'void *' to 'unsigned long' [D:\GAMEDEVNEW\Sources\Core\Core.vcxproj]
  (compiling source file '/Src/ScriptFuns.cpp')
  
D:\GAMEDEVNEW\Sources\MultiServer\Common\OpaqueUserData.h(62,15): warning C4312: 'reinterpret_cast': conversion from 'unsigned long' to 'void *' of greater size [D:\GAMEDEVNEW\Sources\Core\Core.vcxproj]
  (compiling source file '/Src/ScriptFuns.cpp')
  
D:\GAMEDEVNEW\Sources\Core\Src\ScriptFuns.cpp(80,73): warning C4996: 'inet_ntoa': Use inet_ntop() or InetNtop() instead or define _WINSOCK_DEPRECATED_NO_WARNINGS to disable deprecated API warnings [D:\GAMEDEVNEW\Sources\Core\Core.vcxproj]
  (compiling source file '/Src/ScriptFuns.cpp')
  
D:\GAMEDEVNEW\Sources\Core\Src\ScriptFuns.cpp(81,45): warning C4996: 'inet_addr': Use inet_pton() or InetPton() instead or define _WINSOCK_DEPRECATED_NO_WARNINGS to disable deprecated API warnings [D:\GAMEDEVNEW\Sources\Core\Core.vcxproj]
  (compiling source file '/Src/ScriptFuns.cpp')
  
D:\GAMEDEVNEW\Sources\Core\Src\ScriptFuns.cpp(245,14): warning C4244: '=': conversion from 'double' to 'int', possible loss of data [D:\GAMEDEVNEW\Sources\Core\Core.vcxproj]
  (compiling source file '/Src/ScriptFuns.cpp')
  
D:\GAMEDEVNEW\Sources\Core\Src\ScriptFuns.cpp(267,14): warning C4244: '=': conversion from 'double' to 'int', possible loss of data [D:\GAMEDEVNEW\Sources\Core\Core.vcxproj]
  (compiling source file '/Src/ScriptFuns.cpp')
  
D:\GAMEDEVNEW\Sources\Core\Src\ScriptFuns.cpp(381,3): warning C4996: 'sprintf': This function or variable may be unsafe. Consider using sprintf_s instead. To disable deprecation, use _CRT_SECURE_NO_WARNINGS. See online help for details. [D:\GAMEDEVNEW\Sources\Core\Core.vcxproj]
  (compiling source file '/Src/ScriptFuns.cpp')
  
D:\GAMEDEVNEW\Sources\Core\Src\ScriptFuns.cpp(386,3): warning C4996: 'sprintf': This function or variable may be unsafe. Consider using sprintf_s instead. To disable deprecation, use _CRT_SECURE_NO_WARNINGS. See online help for details. [D:\GAMEDEVNEW\Sources\Core\Core.vcxproj]
  (compiling source file '/Src/ScriptFuns.cpp')
  
D:\GAMEDEVNEW\Sources\Core\Src\ScriptFuns.cpp(608,3): warning C4996: 'strncat': This function or variable may be unsafe. Consider using strncat_s instead. To disable deprecation, use _CRT_SECURE_NO_WARNINGS. See online help for details. [D:\GAMEDEVNEW\Sources\Core\Core.vcxproj]
  (compiling source file '/Src/ScriptFuns.cpp')
  
D:\GAMEDEVNEW\Sources\Core\Src\ScriptFuns.cpp(726,4): warning C4996: 'strcpy': This function or variable may be unsafe. Consider using strcpy_s instead. To disable deprecation, use _CRT_SECURE_NO_WARNINGS. See online help for details. [D:\GAMEDEVNEW\Sources\Core\Core.vcxproj]
  (compiling source file '/Src/ScriptFuns.cpp')
  
D:\GAMEDEVNEW\Sources\Core\Src\ScriptFuns.cpp(732,31): warning C4267: '=': conversion from 'size_t' to 'int', possible loss of data [D:\GAMEDEVNEW\Sources\Core\Core.vcxproj]
  (compiling source file '/Src/ScriptFuns.cpp')
  
D:\GAMEDEVNEW\Sources\Core\Src\ScriptFuns.cpp(734,42): warning C4267: '=': conversion from 'size_t' to 'int', possible loss of data [D:\GAMEDEVNEW\Sources\Core\Core.vcxproj]
  (compiling source file '/Src/ScriptFuns.cpp')
  
D:\GAMEDEVNEW\Sources\Core\Src\ScriptFuns.cpp(870,4): warning C4996: 'strcpy': This function or variable may be unsafe. Consider using strcpy_s instead. To disable deprecation, use _CRT_SECURE_NO_WARNINGS. See online help for details. [D:\GAMEDEVNEW\Sources\Core\Core.vcxproj]
  (compiling source file '/Src/ScriptFuns.cpp')
  
D:\GAMEDEVNEW\Sources\Core\Src\ScriptFuns.cpp(876,31): warning C4267: '=': conversion from 'size_t' to 'int', possible loss of data [D:\GAMEDEVNEW\Sources\Core\Core.vcxproj]
  (compiling source file '/Src/ScriptFuns.cpp')
  
D:\GAMEDEVNEW\Sources\Core\Src\ScriptFuns.cpp(878,42): warning C4267: '=': conversion from 'size_t' to 'int', possible loss of data [D:\GAMEDEVNEW\Sources\Core\Core.vcxproj]
  (compiling source file '/Src/ScriptFuns.cpp')
  
D:\GAMEDEVNEW\Sources\Core\Src\ScriptFuns.cpp(1065,5): warning C4996: 'strcpy': This function or variable may be unsafe. Consider using strcpy_s instead. To disable deprecation, use _CRT_SECURE_NO_WARNINGS. See online help for details. [D:\GAMEDEVNEW\Sources\Core\Core.vcxproj]
  (compiling source file '/Src/ScriptFuns.cpp')
  
D:\GAMEDEVNEW\Sources\Core\Src\ScriptFuns.cpp(1071,31): warning C4267: '=': conversion from 'size_t' to 'int', possible loss of data [D:\GAMEDEVNEW\Sources\Core\Core.vcxproj]
  (compiling source file '/Src/ScriptFuns.cpp')
  
D:\GAMEDEVNEW\Sources\Core\Src\ScriptFuns.cpp(1073,42): warning C4267: '=': conversion from 'size_t' to 'int', possible loss of data [D:\GAMEDEVNEW\Sources\Core\Core.vcxproj]
  (compiling source file '/Src/ScriptFuns.cpp')
  
D:\GAMEDEVNEW\Sources\Core\Src\ScriptFuns.cpp(1120,31): warning C4267: '=': conversion from 'size_t' to 'int', possible loss of data [D:\GAMEDEVNEW\Sources\Core\Core.vcxproj]
  (compiling source file '/Src/ScriptFuns.cpp')
  
D:\GAMEDEVNEW\Sources\Core\Src\ScriptFuns.cpp(1155,31): warning C4267: '=': conversion from 'size_t' to 'int', possible loss of data [D:\GAMEDEVNEW\Sources\Core\Core.vcxproj]
  (compiling source file '/Src/ScriptFuns.cpp')
  
D:\GAMEDEVNEW\Sources\Core\Src\ScriptFuns.cpp(1168,111): warning C4244: '=': conversion from 'unsigned __int64' to 'WORD', possible loss of data [D:\GAMEDEVNEW\Sources\Core\Core.vcxproj]
  (compiling source file '/Src/ScriptFuns.cpp')
  
D:\GAMEDEVNEW\Sources\Core\Src\ScriptFuns.cpp(1196,31): warning C4267: '=': conversion from 'size_t' to 'int', possible loss of data [D:\GAMEDEVNEW\Sources\Core\Core.vcxproj]
  (compiling source file '/Src/ScriptFuns.cpp')
  
D:\GAMEDEVNEW\Sources\Core\Src\ScriptFuns.cpp(1209,111): warning C4244: '=': conversion from 'unsigned __int64' to 'WORD', possible loss of data [D:\GAMEDEVNEW\Sources\Core\Core.vcxproj]
  (compiling source file '/Src/ScriptFuns.cpp')
  
D:\GAMEDEVNEW\Sources\Core\Src\ScriptFuns.cpp(1243,31): warning C4267: '=': conversion from 'size_t' to 'int', possible loss of data [D:\GAMEDEVNEW\Sources\Core\Core.vcxproj]
  (compiling source file '/Src/ScriptFuns.cpp')
  
D:\GAMEDEVNEW\Sources\Core\Src\ScriptFuns.cpp(1258,111): warning C4244: '=': conversion from 'unsigned __int64' to 'WORD', possible loss of data [D:\GAMEDEVNEW\Sources\Core\Core.vcxproj]
  (compiling source file '/Src/ScriptFuns.cpp')
  
D:\GAMEDEVNEW\Sources\Core\Src\ScriptFuns.cpp(1292,31): warning C4267: '=': conversion from 'size_t' to 'int', possible loss of data [D:\GAMEDEVNEW\Sources\Core\Core.vcxproj]
  (compiling source file '/Src/ScriptFuns.cpp')
  
D:\GAMEDEVNEW\Sources\Core\Src\ScriptFuns.cpp(1307,111): warning C4244: '=': conversion from 'unsigned __int64' to 'WORD', possible loss of data [D:\GAMEDEVNEW\Sources\Core\Core.vcxproj]
  (compiling source file '/Src/ScriptFuns.cpp')
  
D:\GAMEDEVNEW\Sources\Core\Src\ScriptFuns.cpp(1335,60): warning C4267: '=': conversion from 'size_t' to 'int', possible loss of data [D:\GAMEDEVNEW\Sources\Core\Core.vcxproj]
  (compiling source file '/Src/ScriptFuns.cpp')
  
D:\GAMEDEVNEW\Sources\Core\Src\ScriptFuns.cpp(1369,111): warning C4244: '=': conversion from 'unsigned __int64' to 'WORD', possible loss of data [D:\GAMEDEVNEW\Sources\Core\Core.vcxproj]
  (compiling source file '/Src/ScriptFuns.cpp')
  
D:\GAMEDEVNEW\Sources\Core\Src\ScriptFuns.cpp(1397,60): warning C4267: '=': conversion from 'size_t' to 'int', possible loss of data [D:\GAMEDEVNEW\Sources\Core\Core.vcxproj]
  (compiling source file '/Src/ScriptFuns.cpp')
  
D:\GAMEDEVNEW\Sources\Core\Src\ScriptFuns.cpp(1431,111): warning C4244: '=': conversion from 'unsigned __int64' to 'WORD', possible loss of data [D:\GAMEDEVNEW\Sources\Core\Core.vcxproj]
  (compiling source file '/Src/ScriptFuns.cpp')
  
D:\GAMEDEVNEW\Sources\Core\Src\ScriptFuns.cpp(1460,31): warning C4267: '=': conversion from 'size_t' to 'int', possible loss of data [D:\GAMEDEVNEW\Sources\Core\Core.vcxproj]
  (compiling source file '/Src/ScriptFuns.cpp')
  
D:\GAMEDEVNEW\Sources\Core\Src\ScriptFuns.cpp(1473,111): warning C4244: '=': conversion from 'unsigned __int64' to 'WORD', possible loss of data [D:\GAMEDEVNEW\Sources\Core\Core.vcxproj]
  (compiling source file '/Src/ScriptFuns.cpp')
  
D:\GAMEDEVNEW\Sources\Core\Src\ScriptFuns.cpp(1502,31): warning C4267: '=': conversion from 'size_t' to 'int', possible loss of data [D:\GAMEDEVNEW\Sources\Core\Core.vcxproj]
  (compiling source file '/Src/ScriptFuns.cpp')
  
D:\GAMEDEVNEW\Sources\Core\Src\ScriptFuns.cpp(1515,111): warning C4244: '=': conversion from 'unsigned __int64' to 'WORD', possible loss of data [D:\GAMEDEVNEW\Sources\Core\Core.vcxproj]
  (compiling source file '/Src/ScriptFuns.cpp')
  
D:\GAMEDEVNEW\Sources\Core\Src\ScriptFuns.cpp(1550,31): warning C4267: '=': conversion from 'size_t' to 'int', possible loss of data [D:\GAMEDEVNEW\Sources\Core\Core.vcxproj]
  (compiling source file '/Src/ScriptFuns.cpp')
  
D:\GAMEDEVNEW\Sources\Core\Src\ScriptFuns.cpp(1565,111): warning C4244: '=': conversion from 'unsigned __int64' to 'WORD', possible loss of data [D:\GAMEDEVNEW\Sources\Core\Core.vcxproj]
  (compiling source file '/Src/ScriptFuns.cpp')
  
D:\GAMEDEVNEW\Sources\Core\Src\ScriptFuns.cpp(1600,31): warning C4267: '=': conversion from 'size_t' to 'int', possible loss of data [D:\GAMEDEVNEW\Sources\Core\Core.vcxproj]
  (compiling source file '/Src/ScriptFuns.cpp')
  
D:\GAMEDEVNEW\Sources\Core\Src\ScriptFuns.cpp(1615,111): warning C4244: '=': conversion from 'unsigned __int64' to 'WORD', possible loss of data [D:\GAMEDEVNEW\Sources\Core\Core.vcxproj]
  (compiling source file '/Src/ScriptFuns.cpp')
  
D:\GAMEDEVNEW\Sources\Core\Src\ScriptFuns.cpp(1644,60): warning C4267: '=': conversion from 'size_t' to 'int', possible loss of data [D:\GAMEDEVNEW\Sources\Core\Core.vcxproj]
  (compiling source file '/Src/ScriptFuns.cpp')
  
D:\GAMEDEVNEW\Sources\Core\Src\ScriptFuns.cpp(1678,111): warning C4244: '=': conversion from 'unsigned __int64' to 'WORD', possible loss of data [D:\GAMEDEVNEW\Sources\Core\Core.vcxproj]
  (compiling source file '/Src/ScriptFuns.cpp')
  
D:\GAMEDEVNEW\Sources\Core\Src\ScriptFuns.cpp(1707,60): warning C4267: '=': conversion from 'size_t' to 'int', possible loss of data [D:\GAMEDEVNEW\Sources\Core\Core.vcxproj]
  (compiling source file '/Src/ScriptFuns.cpp')
  
D:\GAMEDEVNEW\Sources\Core\Src\ScriptFuns.cpp(1741,111): warning C4244: '=': conversion from 'unsigned __int64' to 'WORD', possible loss of data [D:\GAMEDEVNEW\Sources\Core\Core.vcxproj]
  (compiling source file '/Src/ScriptFuns.cpp')
  
D:\GAMEDEVNEW\Sources\Core\Src\ScriptFuns.cpp(1796,12): warning C4267: 'initializing': conversion from 'size_t' to 'int', possible loss of data [D:\GAMEDEVNEW\Sources\Core\Core.vcxproj]
  (compiling source file '/Src/ScriptFuns.cpp')
  
D:\GAMEDEVNEW\Sources\Core\Src\ScriptFuns.cpp(1881,30): warning C4267: '=': conversion from 'size_t' to 'int', possible loss of data [D:\GAMEDEVNEW\Sources\Core\Core.vcxproj]
  (compiling source file '/Src/ScriptFuns.cpp')
  
D:\GAMEDEVNEW\Sources\Core\Src\ScriptFuns.cpp(1873,4): warning C4996: 'sprintf': This function or variable may be unsafe. Consider using sprintf_s instead. To disable deprecation, use _CRT_SECURE_NO_WARNINGS. See online help for details. [D:\GAMEDEVNEW\Sources\Core\Core.vcxproj]
  (compiling source file '/Src/ScriptFuns.cpp')
  
D:\GAMEDEVNEW\Sources\Core\Src\ScriptFuns.cpp(1878,4): warning C4996: 'sprintf': This function or variable may be unsafe. Consider using sprintf_s instead. To disable deprecation, use _CRT_SECURE_NO_WARNINGS. See online help for details. [D:\GAMEDEVNEW\Sources\Core\Core.vcxproj]
  (compiling source file '/Src/ScriptFuns.cpp')
  
D:\GAMEDEVNEW\Sources\Core\Src\ScriptFuns.cpp(1927,2): warning C4996: 'strcpy': This function or variable may be unsafe. Consider using strcpy_s instead. To disable deprecation, use _CRT_SECURE_NO_WARNINGS. See online help for details. [D:\GAMEDEVNEW\Sources\Core\Core.vcxproj]
  (compiling source file '/Src/ScriptFuns.cpp')
  
D:\GAMEDEVNEW\Sources\Core\Src\ScriptFuns.cpp(1957,3): warning C4996: 'strcat': This function or variable may be unsafe. Consider using strcat_s instead. To disable deprecation, use _CRT_SECURE_NO_WARNINGS. See online help for details. [D:\GAMEDEVNEW\Sources\Core\Core.vcxproj]
  (compiling source file '/Src/ScriptFuns.cpp')
  
D:\GAMEDEVNEW\Sources\Core\Src\ScriptFuns.cpp(1958,3): warning C4996: 'strcat': This function or variable may be unsafe. Consider using strcat_s instead. To disable deprecation, use _CRT_SECURE_NO_WARNINGS. See online help for details. [D:\GAMEDEVNEW\Sources\Core\Core.vcxproj]
  (compiling source file '/Src/ScriptFuns.cpp')
  
D:\GAMEDEVNEW\Sources\Core\Src\ScriptFuns.cpp(1963,4): warning C4996: 'strcpy': This function or variable may be unsafe. Consider using strcpy_s instead. To disable deprecation, use _CRT_SECURE_NO_WARNINGS. See online help for details. [D:\GAMEDEVNEW\Sources\Core\Core.vcxproj]
  (compiling source file '/Src/ScriptFuns.cpp')
  
D:\GAMEDEVNEW\Sources\Core\Src\ScriptFuns.cpp(1940,12): warning C4996: 'fopen': This function or variable may be unsafe. Consider using fopen_s instead. To disable deprecation, use _CRT_SECURE_NO_WARNINGS. See online help for details. [D:\GAMEDEVNEW\Sources\Core\Core.vcxproj]
  (compiling source file '/Src/ScriptFuns.cpp')
  
D:\GAMEDEVNEW\Sources\Core\Src\ScriptFuns.cpp(1959,7): warning C4996: 'fopen': This function or variable may be unsafe. Consider using fopen_s instead. To disable deprecation, use _CRT_SECURE_NO_WARNINGS. See online help for details. [D:\GAMEDEVNEW\Sources\Core\Core.vcxproj]
  (compiling source file '/Src/ScriptFuns.cpp')
  
D:\GAMEDEVNEW\Sources\Core\Src\ScriptFuns.cpp(1980,17): warning C4267: '=': conversion from 'size_t' to 'int', possible loss of data [D:\GAMEDEVNEW\Sources\Core\Core.vcxproj]
  (compiling source file '/Src/ScriptFuns.cpp')
  
D:\GAMEDEVNEW\Sources\Core\Src\ScriptFuns.cpp(1999,17): warning C4267: '=': conversion from 'size_t' to 'int', possible loss of data [D:\GAMEDEVNEW\Sources\Core\Core.vcxproj]
  (compiling source file '/Src/ScriptFuns.cpp')
  
D:\GAMEDEVNEW\Sources\Core\Src\ScriptFuns.cpp(1979,4): warning C4996: 'getcwd': The POSIX name for this item is deprecated. Instead, use the ISO C and C++ conformant name: _getcwd. See online help for details. [D:\GAMEDEVNEW\Sources\Core\Core.vcxproj]
  (compiling source file '/Src/ScriptFuns.cpp')
  
D:\GAMEDEVNEW\Sources\Core\Src\ScriptFuns.cpp(2015,3): warning C4996: 'strlwr': The POSIX name for this item is deprecated. Instead, use the ISO C and C++ conformant name: _strlwr. See online help for details. [D:\GAMEDEVNEW\Sources\Core\Core.vcxproj]
  (compiling source file '/Src/ScriptFuns.cpp')
  
D:\GAMEDEVNEW\Sources\Core\Src\ScriptFuns.cpp(2311,4): warning C4996: 'strcat': This function or variable may be unsafe. Consider using strcat_s instead. To disable deprecation, use _CRT_SECURE_NO_WARNINGS. See online help for details. [D:\GAMEDEVNEW\Sources\Core\Core.vcxproj]
  (compiling source file '/Src/ScriptFuns.cpp')
  
D:\GAMEDEVNEW\Sources\Core\Src\ScriptFuns.cpp(2312,4): warning C4996: 'strcat': This function or variable may be unsafe. Consider using strcat_s instead. To disable deprecation, use _CRT_SECURE_NO_WARNINGS. See online help for details. [D:\GAMEDEVNEW\Sources\Core\Core.vcxproj]
  (compiling source file '/Src/ScriptFuns.cpp')
  
D:\GAMEDEVNEW\Sources\Core\Src\ScriptFuns.cpp(2326,3): warning C4996: 'sprintf': This function or variable may be unsafe. Consider using sprintf_s instead. To disable deprecation, use _CRT_SECURE_NO_WARNINGS. See online help for details. [D:\GAMEDEVNEW\Sources\Core\Core.vcxproj]
  (compiling source file '/Src/ScriptFuns.cpp')
  
D:\GAMEDEVNEW\Sources\Core\Src\ScriptFuns.cpp(2363,10): warning C4996: 'sprintf': This function or variable may be unsafe. Consider using sprintf_s instead. To disable deprecation, use _CRT_SECURE_NO_WARNINGS. See online help for details. [D:\GAMEDEVNEW\Sources\Core\Core.vcxproj]
  (compiling source file '/Src/ScriptFuns.cpp')
  
D:\GAMEDEVNEW\Sources\Core\Src\ScriptFuns.cpp(2369,12): warning C4996: 'sprintf': This function or variable may be unsafe. Consider using sprintf_s instead. To disable deprecation, use _CRT_SECURE_NO_WARNINGS. See online help for details. [D:\GAMEDEVNEW\Sources\Core\Core.vcxproj]
  (compiling source file '/Src/ScriptFuns.cpp')
  
D:\GAMEDEVNEW\Sources\Core\Src\ScriptFuns.cpp(2378,12): warning C4996: 'sprintf': This function or variable may be unsafe. Consider using sprintf_s instead. To disable deprecation, use _CRT_SECURE_NO_WARNINGS. See online help for details. [D:\GAMEDEVNEW\Sources\Core\Core.vcxproj]
  (compiling source file '/Src/ScriptFuns.cpp')
  
D:\GAMEDEVNEW\Sources\Core\Src\ScriptFuns.cpp(2381,12): warning C4996: 'sprintf': This function or variable may be unsafe. Consider using sprintf_s instead. To disable deprecation, use _CRT_SECURE_NO_WARNINGS. See online help for details. [D:\GAMEDEVNEW\Sources\Core\Core.vcxproj]
  (compiling source file '/Src/ScriptFuns.cpp')
  
D:\GAMEDEVNEW\Sources\Core\Src\ScriptFuns.cpp(2419,10): warning C4996: 'sprintf': This function or variable may be unsafe. Consider using sprintf_s instead. To disable deprecation, use _CRT_SECURE_NO_WARNINGS. See online help for details. [D:\GAMEDEVNEW\Sources\Core\Core.vcxproj]
  (compiling source file '/Src/ScriptFuns.cpp')
  
D:\GAMEDEVNEW\Sources\Core\Src\ScriptFuns.cpp(2425,12): warning C4996: 'sprintf': This function or variable may be unsafe. Consider using sprintf_s instead. To disable deprecation, use _CRT_SECURE_NO_WARNINGS. See online help for details. [D:\GAMEDEVNEW\Sources\Core\Core.vcxproj]
  (compiling source file '/Src/ScriptFuns.cpp')
  
D:\GAMEDEVNEW\Sources\Core\Src\ScriptFuns.cpp(2434,12): warning C4996: 'sprintf': This function or variable may be unsafe. Consider using sprintf_s instead. To disable deprecation, use _CRT_SECURE_NO_WARNINGS. See online help for details. [D:\GAMEDEVNEW\Sources\Core\Core.vcxproj]
  (compiling source file '/Src/ScriptFuns.cpp')
  
D:\GAMEDEVNEW\Sources\Core\Src\ScriptFuns.cpp(2437,12): warning C4996: 'sprintf': This function or variable may be unsafe. Consider using sprintf_s instead. To disable deprecation, use _CRT_SECURE_NO_WARNINGS. See online help for details. [D:\GAMEDEVNEW\Sources\Core\Core.vcxproj]
  (compiling source file '/Src/ScriptFuns.cpp')
  
D:\GAMEDEVNEW\Sources\Core\Src\ScriptFuns.cpp(2460,17): warning C4996: 'fopen': This function or variable may be unsafe. Consider using fopen_s instead. To disable deprecation, use _CRT_SECURE_NO_WARNINGS. See online help for details. [D:\GAMEDEVNEW\Sources\Core\Core.vcxproj]
  (compiling source file '/Src/ScriptFuns.cpp')
  
D:\GAMEDEVNEW\Sources\Core\Src\ScriptFuns.cpp(2528,3): warning C4996: 'strcat': This function or variable may be unsafe. Consider using strcat_s instead. To disable deprecation, use _CRT_SECURE_NO_WARNINGS. See online help for details. [D:\GAMEDEVNEW\Sources\Core\Core.vcxproj]
  (compiling source file '/Src/ScriptFuns.cpp')
  
D:\GAMEDEVNEW\Sources\Core\Src\ScriptFuns.cpp(2529,3): warning C4996: 'strcat': This function or variable may be unsafe. Consider using strcat_s instead. To disable deprecation, use _CRT_SECURE_NO_WARNINGS. See online help for details. [D:\GAMEDEVNEW\Sources\Core\Core.vcxproj]
  (compiling source file '/Src/ScriptFuns.cpp')
  
D:\GAMEDEVNEW\Sources\Core\Src\ScriptFuns.cpp(2513,3): warning C4996: 'sprintf': This function or variable may be unsafe. Consider using sprintf_s instead. To disable deprecation, use _CRT_SECURE_NO_WARNINGS. See online help for details. [D:\GAMEDEVNEW\Sources\Core\Core.vcxproj]
  (compiling source file '/Src/ScriptFuns.cpp')
  
D:\GAMEDEVNEW\Sources\Core\Src\ScriptFuns.cpp(2807,13): warning C4244: '=': conversion from 'double' to 'int', possible loss of data [D:\GAMEDEVNEW\Sources\Core\Core.vcxproj]
  (compiling source file '/Src/ScriptFuns.cpp')
  
D:\GAMEDEVNEW\Sources\Core\Src\ScriptFuns.cpp(2904,15): warning C4244: 'initializing': conversion from 'time_t' to 'int', possible loss of data [D:\GAMEDEVNEW\Sources\Core\Core.vcxproj]
  (compiling source file '/Src/ScriptFuns.cpp')
  
D:\GAMEDEVNEW\Sources\Core\Src\ScriptFuns.cpp(2967,43): warning C4244: 'argument': conversion from 'time_t' to 'int', possible loss of data [D:\GAMEDEVNEW\Sources\Core\Core.vcxproj]
  (compiling source file '/Src/ScriptFuns.cpp')
  
D:\GAMEDEVNEW\Sources\Core\Src\ScriptFuns.cpp(3012,2): warning C4996: 'strcpy': This function or variable may be unsafe. Consider using strcpy_s instead. To disable deprecation, use _CRT_SECURE_NO_WARNINGS. See online help for details. [D:\GAMEDEVNEW\Sources\Core\Core.vcxproj]
  (compiling source file '/Src/ScriptFuns.cpp')
  
D:\GAMEDEVNEW\Sources\Core\Src\ScriptFuns.cpp(3013,2): warning C4996: 'strcpy': This function or variable may be unsafe. Consider using strcpy_s instead. To disable deprecation, use _CRT_SECURE_NO_WARNINGS. See online help for details. [D:\GAMEDEVNEW\Sources\Core\Core.vcxproj]
  (compiling source file '/Src/ScriptFuns.cpp')
  
D:\GAMEDEVNEW\Sources\Core\Src\ScriptFuns.cpp(3014,2): warning C4996: 'strcpy': This function or variable may be unsafe. Consider using strcpy_s instead. To disable deprecation, use _CRT_SECURE_NO_WARNINGS. See online help for details. [D:\GAMEDEVNEW\Sources\Core\Core.vcxproj]
  (compiling source file '/Src/ScriptFuns.cpp')
  
D:\GAMEDEVNEW\Sources\Core\Src\ScriptFuns.cpp(3015,2): warning C4996: 'strncpy': This function or variable may be unsafe. Consider using strncpy_s instead. To disable deprecation, use _CRT_SECURE_NO_WARNINGS. See online help for details. [D:\GAMEDEVNEW\Sources\Core\Core.vcxproj]
  (compiling source file '/Src/ScriptFuns.cpp')
  
D:\GAMEDEVNEW\Sources\Core\Src\ScriptFuns.cpp(2987,14): warning C4101: 'szScript': unreferenced local variable [D:\GAMEDEVNEW\Sources\Core\Core.vcxproj]
  (compiling source file '/Src/ScriptFuns.cpp')
  
D:\GAMEDEVNEW\Sources\Core\Src\ScriptFuns.cpp(3109,4): warning C4996: 'strncpy': This function or variable may be unsafe. Consider using strncpy_s instead. To disable deprecation, use _CRT_SECURE_NO_WARNINGS. See online help for details. [D:\GAMEDEVNEW\Sources\Core\Core.vcxproj]
  (compiling source file '/Src/ScriptFuns.cpp')
  
D:\GAMEDEVNEW\Sources\Core\Src\ScriptFuns.cpp(3117,4): warning C4996: 'strncpy': This function or variable may be unsafe. Consider using strncpy_s instead. To disable deprecation, use _CRT_SECURE_NO_WARNINGS. See online help for details. [D:\GAMEDEVNEW\Sources\Core\Core.vcxproj]
  (compiling source file '/Src/ScriptFuns.cpp')
  
D:\GAMEDEVNEW\Sources\Core\Src\ScriptFuns.cpp(3119,4): warning C4996: 'strncpy': This function or variable may be unsafe. Consider using strncpy_s instead. To disable deprecation, use _CRT_SECURE_NO_WARNINGS. See online help for details. [D:\GAMEDEVNEW\Sources\Core\Core.vcxproj]
  (compiling source file '/Src/ScriptFuns.cpp')
  
D:\GAMEDEVNEW\Sources\Core\Src\ScriptFuns.cpp(3245,13): warning C4996: 'localtime': This function or variable may be unsafe. Consider using localtime_s instead. To disable deprecation, use _CRT_SECURE_NO_WARNINGS. See online help for details. [D:\GAMEDEVNEW\Sources\Core\Core.vcxproj]
  (compiling source file '/Src/ScriptFuns.cpp')
  
D:\GAMEDEVNEW\Sources\Core\Src\ScriptFuns.cpp(3263,21): warning C4477: 'sprintf' : format string '%u' requires an argument of type 'unsigned int', but variadic argument 1 has type 'time_t' [D:\GAMEDEVNEW\Sources\Core\Core.vcxproj]
  (compiling source file '/Src/ScriptFuns.cpp')
      D:\GAMEDEVNEW\Sources\Core\Src\ScriptFuns.cpp(3263,21):
      consider using '%llu' in the format string
      D:\GAMEDEVNEW\Sources\Core\Src\ScriptFuns.cpp(3263,21):
      consider using '%Iu' in the format string
      D:\GAMEDEVNEW\Sources\Core\Src\ScriptFuns.cpp(3263,21):
      consider using '%I64u' in the format string
  
D:\GAMEDEVNEW\Sources\Core\Src\ScriptFuns.cpp(3263,2): warning C4996: 'sprintf': This function or variable may be unsafe. Consider using sprintf_s instead. To disable deprecation, use _CRT_SECURE_NO_WARNINGS. See online help for details. [D:\GAMEDEVNEW\Sources\Core\Core.vcxproj]
  (compiling source file '/Src/ScriptFuns.cpp')
  
D:\GAMEDEVNEW\Sources\Core\Src\ScriptFuns.cpp(3504,2): warning C4996: 'strcpy': This function or variable may be unsafe. Consider using strcpy_s instead. To disable deprecation, use _CRT_SECURE_NO_WARNINGS. See online help for details. [D:\GAMEDEVNEW\Sources\Core\Core.vcxproj]
  (compiling source file '/Src/ScriptFuns.cpp')
  
D:\GAMEDEVNEW\Sources\Core\Src\ScriptFuns.cpp(3505,2): warning C4996: 'strcpy': This function or variable may be unsafe. Consider using strcpy_s instead. To disable deprecation, use _CRT_SECURE_NO_WARNINGS. See online help for details. [D:\GAMEDEVNEW\Sources\Core\Core.vcxproj]
  (compiling source file '/Src/ScriptFuns.cpp')
  
D:\GAMEDEVNEW\Sources\Core\Src\ScriptFuns.cpp(3506,2): warning C4996: 'strcpy': This function or variable may be unsafe. Consider using strcpy_s instead. To disable deprecation, use _CRT_SECURE_NO_WARNINGS. See online help for details. [D:\GAMEDEVNEW\Sources\Core\Core.vcxproj]
  (compiling source file '/Src/ScriptFuns.cpp')
  
D:\GAMEDEVNEW\Sources\Core\Src\ScriptFuns.cpp(3507,2): warning C4996: 'strncpy': This function or variable may be unsafe. Consider using strncpy_s instead. To disable deprecation, use _CRT_SECURE_NO_WARNINGS. See online help for details. [D:\GAMEDEVNEW\Sources\Core\Core.vcxproj]
  (compiling source file '/Src/ScriptFuns.cpp')
  
D:\GAMEDEVNEW\Sources\Core\Src\ScriptFuns.cpp(3565,98): warning C4267: 'argument': conversion from 'size_t' to 'int', possible loss of data [D:\GAMEDEVNEW\Sources\Core\Core.vcxproj]
  (compiling source file '/Src/ScriptFuns.cpp')
  
D:\GAMEDEVNEW\Sources\Core\Src\ScriptFuns.cpp(3583,113): warning C4267: 'argument': conversion from 'size_t' to 'int', possible loss of data [D:\GAMEDEVNEW\Sources\Core\Core.vcxproj]
  (compiling source file '/Src/ScriptFuns.cpp')
  
D:\GAMEDEVNEW\Sources\Core\Src\ScriptFuns.cpp(3591,93): warning C4267: 'argument': conversion from 'size_t' to 'int', possible loss of data [D:\GAMEDEVNEW\Sources\Core\Core.vcxproj]
  (compiling source file '/Src/ScriptFuns.cpp')
  
D:\GAMEDEVNEW\Sources\Core\Src\ScriptFuns.cpp(3605,86): warning C4267: 'argument': conversion from 'size_t' to 'int', possible loss of data [D:\GAMEDEVNEW\Sources\Core\Core.vcxproj]
  (compiling source file '/Src/ScriptFuns.cpp')
  
D:\GAMEDEVNEW\Sources\Core\Src\ScriptFuns.cpp(3628,94): warning C4267: 'argument': conversion from 'size_t' to 'int', possible loss of data [D:\GAMEDEVNEW\Sources\Core\Core.vcxproj]
  (compiling source file '/Src/ScriptFuns.cpp')
  
D:\GAMEDEVNEW\Sources\Core\Src\ScriptFuns.cpp(3673,93): warning C4267: 'argument': conversion from 'size_t' to 'int', possible loss of data [D:\GAMEDEVNEW\Sources\Core\Core.vcxproj]
  (compiling source file '/Src/ScriptFuns.cpp')
  
D:\GAMEDEVNEW\Sources\Core\Src\ScriptFuns.cpp(3717,90): warning C4267: 'argument': conversion from 'size_t' to 'int', possible loss of data [D:\GAMEDEVNEW\Sources\Core\Core.vcxproj]
  (compiling source file '/Src/ScriptFuns.cpp')
  
D:\GAMEDEVNEW\Sources\Core\Src\ScriptFuns.cpp(3927,19): warning C4996: 'localtime': This function or variable may be unsafe. Consider using localtime_s instead. To disable deprecation, use _CRT_SECURE_NO_WARNINGS. See online help for details. [D:\GAMEDEVNEW\Sources\Core\Core.vcxproj]
  (compiling source file '/Src/ScriptFuns.cpp')
  
D:\GAMEDEVNEW\Sources\Core\Src\ScriptFuns.cpp(4595,5): warning C4996: 'strcpy': This function or variable may be unsafe. Consider using strcpy_s instead. To disable deprecation, use _CRT_SECURE_NO_WARNINGS. See online help for details. [D:\GAMEDEVNEW\Sources\Core\Core.vcxproj]
  (compiling source file '/Src/ScriptFuns.cpp')
  
D:\GAMEDEVNEW\Sources\Core\Src\ScriptFuns.cpp(4598,5): warning C4996: 'strcpy': This function or variable may be unsafe. Consider using strcpy_s instead. To disable deprecation, use _CRT_SECURE_NO_WARNINGS. See online help for details. [D:\GAMEDEVNEW\Sources\Core\Core.vcxproj]
  (compiling source file '/Src/ScriptFuns.cpp')
  
D:\GAMEDEVNEW\Sources\Core\Src\ScriptFuns.cpp(4594,5): warning C4996: 'sprintf': This function or variable may be unsafe. Consider using sprintf_s instead. To disable deprecation, use _CRT_SECURE_NO_WARNINGS. See online help for details. [D:\GAMEDEVNEW\Sources\Core\Core.vcxproj]
  (compiling source file '/Src/ScriptFuns.cpp')
  
D:\GAMEDEVNEW\Sources\Core\Src\ScriptFuns.cpp(4689,5): warning C4996: 'strcpy': This function or variable may be unsafe. Consider using strcpy_s instead. To disable deprecation, use _CRT_SECURE_NO_WARNINGS. See online help for details. [D:\GAMEDEVNEW\Sources\Core\Core.vcxproj]
  (compiling source file '/Src/ScriptFuns.cpp')
  
D:\GAMEDEVNEW\Sources\Core\Src\ScriptFuns.cpp(4692,5): warning C4996: 'strcpy': This function or variable may be unsafe. Consider using strcpy_s instead. To disable deprecation, use _CRT_SECURE_NO_WARNINGS. See online help for details. [D:\GAMEDEVNEW\Sources\Core\Core.vcxproj]
  (compiling source file '/Src/ScriptFuns.cpp')
  
D:\GAMEDEVNEW\Sources\Core\Src\ScriptFuns.cpp(4688,5): warning C4996: 'sprintf': This function or variable may be unsafe. Consider using sprintf_s instead. To disable deprecation, use _CRT_SECURE_NO_WARNINGS. See online help for details. [D:\GAMEDEVNEW\Sources\Core\Core.vcxproj]
  (compiling source file '/Src/ScriptFuns.cpp')
  
D:\GAMEDEVNEW\Sources\Core\Src\ScriptFuns.cpp(4744,32): warning C4244: 'argument': conversion from 'time_t' to 'int', possible loss of data [D:\GAMEDEVNEW\Sources\Core\Core.vcxproj]
  (compiling source file '/Src/ScriptFuns.cpp')
  
D:\GAMEDEVNEW\Sources\Core\Src\ScriptFuns.cpp(4820,20): warning C4244: '=': conversion from 'time_t' to 'int', possible loss of data [D:\GAMEDEVNEW\Sources\Core\Core.vcxproj]
  (compiling source file '/Src/ScriptFuns.cpp')
  
D:\GAMEDEVNEW\Sources\Core\Src\ScriptFuns.cpp(4855,5): warning C4996: 'strcpy': This function or variable may be unsafe. Consider using strcpy_s instead. To disable deprecation, use _CRT_SECURE_NO_WARNINGS. See online help for details. [D:\GAMEDEVNEW\Sources\Core\Core.vcxproj]
  (compiling source file '/Src/ScriptFuns.cpp')
  
D:\GAMEDEVNEW\Sources\Core\Src\ScriptFuns.cpp(4858,5): warning C4996: 'strcpy': This function or variable may be unsafe. Consider using strcpy_s instead. To disable deprecation, use _CRT_SECURE_NO_WARNINGS. See online help for details. [D:\GAMEDEVNEW\Sources\Core\Core.vcxproj]
  (compiling source file '/Src/ScriptFuns.cpp')
  
D:\GAMEDEVNEW\Sources\Core\Src\ScriptFuns.cpp(4854,5): warning C4996: 'sprintf': This function or variable may be unsafe. Consider using sprintf_s instead. To disable deprecation, use _CRT_SECURE_NO_WARNINGS. See online help for details. [D:\GAMEDEVNEW\Sources\Core\Core.vcxproj]
  (compiling source file '/Src/ScriptFuns.cpp')
  
D:\GAMEDEVNEW\Sources\Core\Src\ScriptFuns.cpp(4978,5): warning C4996: 'strcpy': This function or variable may be unsafe. Consider using strcpy_s instead. To disable deprecation, use _CRT_SECURE_NO_WARNINGS. See online help for details. [D:\GAMEDEVNEW\Sources\Core\Core.vcxproj]
  (compiling source file '/Src/ScriptFuns.cpp')
  
D:\GAMEDEVNEW\Sources\Core\Src\ScriptFuns.cpp(4981,5): warning C4996: 'strcpy': This function or variable may be unsafe. Consider using strcpy_s instead. To disable deprecation, use _CRT_SECURE_NO_WARNINGS. See online help for details. [D:\GAMEDEVNEW\Sources\Core\Core.vcxproj]
  (compiling source file '/Src/ScriptFuns.cpp')
  
D:\GAMEDEVNEW\Sources\Core\Src\ScriptFuns.cpp(4977,5): warning C4996: 'sprintf': This function or variable may be unsafe. Consider using sprintf_s instead. To disable deprecation, use _CRT_SECURE_NO_WARNINGS. See online help for details. [D:\GAMEDEVNEW\Sources\Core\Core.vcxproj]
  (compiling source file '/Src/ScriptFuns.cpp')
  
D:\GAMEDEVNEW\Sources\Core\Src\ScriptFuns.cpp(5028,22): warning C4244: '=': conversion from 'double' to 'int', possible loss of data [D:\GAMEDEVNEW\Sources\Core\Core.vcxproj]
  (compiling source file '/Src/ScriptFuns.cpp')
  
D:\GAMEDEVNEW\Sources\Core\Src\ScriptFuns.cpp(5065,22): warning C4244: '=': conversion from 'double' to 'int', possible loss of data [D:\GAMEDEVNEW\Sources\Core\Core.vcxproj]
  (compiling source file '/Src/ScriptFuns.cpp')
  
D:\GAMEDEVNEW\Sources\Core\Src\ScriptFuns.cpp(5106,7): warning C4996: 'strcpy': This function or variable may be unsafe. Consider using strcpy_s instead. To disable deprecation, use _CRT_SECURE_NO_WARNINGS. See online help for details. [D:\GAMEDEVNEW\Sources\Core\Core.vcxproj]
  (compiling source file '/Src/ScriptFuns.cpp')
  
D:\GAMEDEVNEW\Sources\Core\Src\ScriptFuns.cpp(5109,7): warning C4996: 'strcpy': This function or variable may be unsafe. Consider using strcpy_s instead. To disable deprecation, use _CRT_SECURE_NO_WARNINGS. See online help for details. [D:\GAMEDEVNEW\Sources\Core\Core.vcxproj]
  (compiling source file '/Src/ScriptFuns.cpp')
  
D:\GAMEDEVNEW\Sources\Core\Src\ScriptFuns.cpp(5105,7): warning C4996: 'sprintf': This function or variable may be unsafe. Consider using sprintf_s instead. To disable deprecation, use _CRT_SECURE_NO_WARNINGS. See online help for details. [D:\GAMEDEVNEW\Sources\Core\Core.vcxproj]
  (compiling source file '/Src/ScriptFuns.cpp')
  
D:\GAMEDEVNEW\Sources\Core\Src\ScriptFuns.cpp(5300,5): warning C4996: 'strcpy': This function or variable may be unsafe. Consider using strcpy_s instead. To disable deprecation, use _CRT_SECURE_NO_WARNINGS. See online help for details. [D:\GAMEDEVNEW\Sources\Core\Core.vcxproj]
  (compiling source file '/Src/ScriptFuns.cpp')
  
D:\GAMEDEVNEW\Sources\Core\Src\ScriptFuns.cpp(5303,5): warning C4996: 'strcpy': This function or variable may be unsafe. Consider using strcpy_s instead. To disable deprecation, use _CRT_SECURE_NO_WARNINGS. See online help for details. [D:\GAMEDEVNEW\Sources\Core\Core.vcxproj]
  (compiling source file '/Src/ScriptFuns.cpp')
  
D:\GAMEDEVNEW\Sources\Core\Src\ScriptFuns.cpp(5299,5): warning C4996: 'sprintf': This function or variable may be unsafe. Consider using sprintf_s instead. To disable deprecation, use _CRT_SECURE_NO_WARNINGS. See online help for details. [D:\GAMEDEVNEW\Sources\Core\Core.vcxproj]
  (compiling source file '/Src/ScriptFuns.cpp')
  
D:\GAMEDEVNEW\Sources\Core\Src\ScriptFuns.cpp(5555,2): warning C4996: 'strcpy': This function or variable may be unsafe. Consider using strcpy_s instead. To disable deprecation, use _CRT_SECURE_NO_WARNINGS. See online help for details. [D:\GAMEDEVNEW\Sources\Core\Core.vcxproj]
  (compiling source file '/Src/ScriptFuns.cpp')
  
D:\GAMEDEVNEW\Sources\Core\Src\ScriptFuns.cpp(5567,3): warning C4996: 'strcpy': This function or variable may be unsafe. Consider using strcpy_s instead. To disable deprecation, use _CRT_SECURE_NO_WARNINGS. See online help for details. [D:\GAMEDEVNEW\Sources\Core\Core.vcxproj]
  (compiling source file '/Src/ScriptFuns.cpp')
  
D:\GAMEDEVNEW\Sources\Core\Src\ScriptFuns.cpp(6508,3): warning C4996: 'strcpy': This function or variable may be unsafe. Consider using strcpy_s instead. To disable deprecation, use _CRT_SECURE_NO_WARNINGS. See online help for details. [D:\GAMEDEVNEW\Sources\Core\Core.vcxproj]
  (compiling source file '/Src/ScriptFuns.cpp')
  
D:\GAMEDEVNEW\Sources\Core\Src\ScriptFuns.cpp(6737,48): warning C4267: 'argument': conversion from 'size_t' to 'int', possible loss of data [D:\GAMEDEVNEW\Sources\Core\Core.vcxproj]
  (compiling source file '/Src/ScriptFuns.cpp')
  
D:\GAMEDEVNEW\Sources\Core\Src\ScriptFuns.cpp(6770,2): warning C4996: 'strcpy': This function or variable may be unsafe. Consider using strcpy_s instead. To disable deprecation, use _CRT_SECURE_NO_WARNINGS. See online help for details. [D:\GAMEDEVNEW\Sources\Core\Core.vcxproj]
  (compiling source file '/Src/ScriptFuns.cpp')
  
D:\GAMEDEVNEW\Sources\Core\Src\ScriptFuns.cpp(7083,3): warning C4996: 'strcat': This function or variable may be unsafe. Consider using strcat_s instead. To disable deprecation, use _CRT_SECURE_NO_WARNINGS. See online help for details. [D:\GAMEDEVNEW\Sources\Core\Core.vcxproj]
  (compiling source file '/Src/ScriptFuns.cpp')
  
D:\GAMEDEVNEW\Sources\Core\Src\ScriptFuns.cpp(7084,3): warning C4996: 'strcat': This function or variable may be unsafe. Consider using strcat_s instead. To disable deprecation, use _CRT_SECURE_NO_WARNINGS. See online help for details. [D:\GAMEDEVNEW\Sources\Core\Core.vcxproj]
  (compiling source file '/Src/ScriptFuns.cpp')
  
D:\GAMEDEVNEW\Sources\Core\Src\ScriptFuns.cpp(7099,5): warning C4996: 'strcpy': This function or variable may be unsafe. Consider using strcpy_s instead. To disable deprecation, use _CRT_SECURE_NO_WARNINGS. See online help for details. [D:\GAMEDEVNEW\Sources\Core\Core.vcxproj]
  (compiling source file '/Src/ScriptFuns.cpp')
  
D:\GAMEDEVNEW\Sources\Core\Src\ScriptFuns.cpp(7100,5): warning C4996: 'strcat': This function or variable may be unsafe. Consider using strcat_s instead. To disable deprecation, use _CRT_SECURE_NO_WARNINGS. See online help for details. [D:\GAMEDEVNEW\Sources\Core\Core.vcxproj]
  (compiling source file '/Src/ScriptFuns.cpp')
  
D:\GAMEDEVNEW\Sources\Core\Src\ScriptFuns.cpp(7105,5): warning C4996: 'strcat': This function or variable may be unsafe. Consider using strcat_s instead. To disable deprecation, use _CRT_SECURE_NO_WARNINGS. See online help for details. [D:\GAMEDEVNEW\Sources\Core\Core.vcxproj]
  (compiling source file '/Src/ScriptFuns.cpp')
  
D:\GAMEDEVNEW\Sources\Core\Src\ScriptFuns.cpp(7106,5): warning C4996: 'strcat': This function or variable may be unsafe. Consider using strcat_s instead. To disable deprecation, use _CRT_SECURE_NO_WARNINGS. See online help for details. [D:\GAMEDEVNEW\Sources\Core\Core.vcxproj]
  (compiling source file '/Src/ScriptFuns.cpp')
  
D:\GAMEDEVNEW\Sources\Core\Src\ScriptFuns.cpp(7074,2): warning C4996: 'strncpy': This function or variable may be unsafe. Consider using strncpy_s instead. To disable deprecation, use _CRT_SECURE_NO_WARNINGS. See online help for details. [D:\GAMEDEVNEW\Sources\Core\Core.vcxproj]
  (compiling source file '/Src/ScriptFuns.cpp')
  
D:\GAMEDEVNEW\Sources\Core\Src\ScriptFuns.cpp(7085,18): warning C4996: 'fopen': This function or variable may be unsafe. Consider using fopen_s instead. To disable deprecation, use _CRT_SECURE_NO_WARNINGS. See online help for details. [D:\GAMEDEVNEW\Sources\Core\Core.vcxproj]
  (compiling source file '/Src/ScriptFuns.cpp')
  
D:\GAMEDEVNEW\Sources\Core\Src\ScriptFuns.cpp(7096,9): warning C4996: 'strnicmp': The POSIX name for this item is deprecated. Instead, use the ISO C and C++ conformant name: _strnicmp. See online help for details. [D:\GAMEDEVNEW\Sources\Core\Core.vcxproj]
  (compiling source file '/Src/ScriptFuns.cpp')
  
D:\GAMEDEVNEW\Sources\Core\Src\ScriptFuns.cpp(7107,14): warning C4996: 'fopen': This function or variable may be unsafe. Consider using fopen_s instead. To disable deprecation, use _CRT_SECURE_NO_WARNINGS. See online help for details. [D:\GAMEDEVNEW\Sources\Core\Core.vcxproj]
  (compiling source file '/Src/ScriptFuns.cpp')
  
D:\GAMEDEVNEW\Sources\Core\Src\ScriptFuns.cpp(7111,6): warning C4996: 'strncpy': This function or variable may be unsafe. Consider using strncpy_s instead. To disable deprecation, use _CRT_SECURE_NO_WARNINGS. See online help for details. [D:\GAMEDEVNEW\Sources\Core\Core.vcxproj]
  (compiling source file '/Src/ScriptFuns.cpp')
  
D:\GAMEDEVNEW\Sources\Core\Src\ScriptFuns.cpp(7120,2): warning C4996: 'strncpy': This function or variable may be unsafe. Consider using strncpy_s instead. To disable deprecation, use _CRT_SECURE_NO_WARNINGS. See online help for details. [D:\GAMEDEVNEW\Sources\Core\Core.vcxproj]
  (compiling source file '/Src/ScriptFuns.cpp')
  
D:\GAMEDEVNEW\Sources\Core\Src\ScriptFuns.cpp(7152,2): warning C4996: 'strcpy': This function or variable may be unsafe. Consider using strcpy_s instead. To disable deprecation, use _CRT_SECURE_NO_WARNINGS. See online help for details. [D:\GAMEDEVNEW\Sources\Core\Core.vcxproj]
  (compiling source file '/Src/ScriptFuns.cpp')
  
D:\GAMEDEVNEW\Sources\Core\Src\ScriptFuns.cpp(7219,3): warning C4996: 'strcpy': This function or variable may be unsafe. Consider using strcpy_s instead. To disable deprecation, use _CRT_SECURE_NO_WARNINGS. See online help for details. [D:\GAMEDEVNEW\Sources\Core\Core.vcxproj]
  (compiling source file '/Src/ScriptFuns.cpp')
  
D:\GAMEDEVNEW\Sources\Core\Src\ScriptFuns.cpp(7502,13): warning C4244: '=': conversion from 'double' to 'int', possible loss of data [D:\GAMEDEVNEW\Sources\Core\Core.vcxproj]
  (compiling source file '/Src/ScriptFuns.cpp')
  
D:\GAMEDEVNEW\Sources\Core\Src\ScriptFuns.cpp(7597,43): warning C4244: '=': conversion from 'int' to 'float', possible loss of data [D:\GAMEDEVNEW\Sources\Core\Core.vcxproj]
  (compiling source file '/Src/ScriptFuns.cpp')
  
D:\GAMEDEVNEW\Sources\Core\Src\ScriptFuns.cpp(7620,61): warning C4244: '=': conversion from 'int' to 'float', possible loss of data [D:\GAMEDEVNEW\Sources\Core\Core.vcxproj]
  (compiling source file '/Src/ScriptFuns.cpp')
  
D:\GAMEDEVNEW\Sources\Core\Src\ScriptFuns.cpp(7621,60): warning C4244: '=': conversion from 'int' to 'float', possible loss of data [D:\GAMEDEVNEW\Sources\Core\Core.vcxproj]
  (compiling source file '/Src/ScriptFuns.cpp')
  
D:\GAMEDEVNEW\Sources\Core\Src\ScriptFuns.cpp(7646,36): warning C4244: '=': conversion from 'int' to 'float', possible loss of data [D:\GAMEDEVNEW\Sources\Core\Core.vcxproj]
  (compiling source file '/Src/ScriptFuns.cpp')
  
D:\GAMEDEVNEW\Sources\Core\Src\ScriptFuns.cpp(7647,35): warning C4244: '=': conversion from 'int' to 'float', possible loss of data [D:\GAMEDEVNEW\Sources\Core\Core.vcxproj]
  (compiling source file '/Src/ScriptFuns.cpp')
  
D:\GAMEDEVNEW\Sources\Core\Src\ScriptFuns.cpp(8165,111): warning C4244: '=': conversion from 'unsigned __int64' to 'WORD', possible loss of data [D:\GAMEDEVNEW\Sources\Core\Core.vcxproj]
  (compiling source file '/Src/ScriptFuns.cpp')
  
D:\GAMEDEVNEW\Sources\Core\Src\ScriptFuns.cpp(8191,111): warning C4244: '=': conversion from 'unsigned __int64' to 'WORD', possible loss of data [D:\GAMEDEVNEW\Sources\Core\Core.vcxproj]
  (compiling source file '/Src/ScriptFuns.cpp')
  
D:\GAMEDEVNEW\Sources\Core\Src\ScriptFuns.cpp(9005,3): warning C4244: 'argument': conversion from 'size_t' to 'double', possible loss of data [D:\GAMEDEVNEW\Sources\Core\Core.vcxproj]
  (compiling source file '/Src/ScriptFuns.cpp')
  
D:\GAMEDEVNEW\Sources\Core\Src\ScriptFuns.cpp(9558,12): warning C4244: 'initializing': conversion from 'double' to 'int', possible loss of data [D:\GAMEDEVNEW\Sources\Core\Core.vcxproj]
  (compiling source file '/Src/ScriptFuns.cpp')
  
D:\GAMEDEVNEW\Sources\Core\Src\ScriptFuns.cpp(9642,7): warning C4996: 'strcmpi': The POSIX name for this item is deprecated. Instead, use the ISO C and C++ conformant name: _strcmpi. See online help for details. [D:\GAMEDEVNEW\Sources\Core\Core.vcxproj]
  (compiling source file '/Src/ScriptFuns.cpp')
  
D:\GAMEDEVNEW\Sources\Core\Src\ScriptFuns.cpp(9695,2): warning C4996: 'strcpy': This function or variable may be unsafe. Consider using strcpy_s instead. To disable deprecation, use _CRT_SECURE_NO_WARNINGS. See online help for details. [D:\GAMEDEVNEW\Sources\Core\Core.vcxproj]
  (compiling source file '/Src/ScriptFuns.cpp')
  
D:\GAMEDEVNEW\Sources\Core\Src\ScriptFuns.cpp(9697,2): warning C4996: 'strcpy': This function or variable may be unsafe. Consider using strcpy_s instead. To disable deprecation, use _CRT_SECURE_NO_WARNINGS. See online help for details. [D:\GAMEDEVNEW\Sources\Core\Core.vcxproj]
  (compiling source file '/Src/ScriptFuns.cpp')
  
D:\GAMEDEVNEW\Sources\Core\Src\ScriptFuns.cpp(9698,2): warning C4996: 'strncpy': This function or variable may be unsafe. Consider using strncpy_s instead. To disable deprecation, use _CRT_SECURE_NO_WARNINGS. See online help for details. [D:\GAMEDEVNEW\Sources\Core\Core.vcxproj]
  (compiling source file '/Src/ScriptFuns.cpp')
  
D:\GAMEDEVNEW\Sources\Core\Src\ScriptFuns.cpp(10144,2): warning C4996: 'strncpy': This function or variable may be unsafe. Consider using strncpy_s instead. To disable deprecation, use _CRT_SECURE_NO_WARNINGS. See online help for details. [D:\GAMEDEVNEW\Sources\Core\Core.vcxproj]
  (compiling source file '/Src/ScriptFuns.cpp')
  
D:\GAMEDEVNEW\Sources\Core\Src\ScriptFuns.cpp(10160,2): warning C4996: 'strncpy': This function or variable may be unsafe. Consider using strncpy_s instead. To disable deprecation, use _CRT_SECURE_NO_WARNINGS. See online help for details. [D:\GAMEDEVNEW\Sources\Core\Core.vcxproj]
  (compiling source file '/Src/ScriptFuns.cpp')
  
D:\GAMEDEVNEW\Sources\Core\Src\ScriptFuns.cpp(10356,38): warning C4244: '=': conversion from 'double' to 'int', possible loss of data [D:\GAMEDEVNEW\Sources\Core\Core.vcxproj]
  (compiling source file '/Src/ScriptFuns.cpp')
  
D:\GAMEDEVNEW\Sources\Core\Src\ScriptFuns.cpp(10357,39): warning C4244: '=': conversion from 'double' to 'int', possible loss of data [D:\GAMEDEVNEW\Sources\Core\Core.vcxproj]
  (compiling source file '/Src/ScriptFuns.cpp')
  
D:\GAMEDEVNEW\Sources\Core\Src\ScriptFuns.cpp(10358,38): warning C4244: '=': conversion from 'double' to 'int', possible loss of data [D:\GAMEDEVNEW\Sources\Core\Core.vcxproj]
  (compiling source file '/Src/ScriptFuns.cpp')
  
D:\GAMEDEVNEW\Sources\Core\Src\ScriptFuns.cpp(10359,37): warning C4244: '=': conversion from 'double' to 'int', possible loss of data [D:\GAMEDEVNEW\Sources\Core\Core.vcxproj]
  (compiling source file '/Src/ScriptFuns.cpp')
  
D:\GAMEDEVNEW\Sources\Core\Src\ScriptFuns.cpp(10446,2): warning C4996: 'strncpy': This function or variable may be unsafe. Consider using strncpy_s instead. To disable deprecation, use _CRT_SECURE_NO_WARNINGS. See online help for details. [D:\GAMEDEVNEW\Sources\Core\Core.vcxproj]
  (compiling source file '/Src/ScriptFuns.cpp')
  
D:\GAMEDEVNEW\Sources\Core\Src\ScriptFuns.cpp(10485,2): warning C4996: 'sprintf': This function or variable may be unsafe. Consider using sprintf_s instead. To disable deprecation, use _CRT_SECURE_NO_WARNINGS. See online help for details. [D:\GAMEDEVNEW\Sources\Core\Core.vcxproj]
  (compiling source file '/Src/ScriptFuns.cpp')
  
D:\GAMEDEVNEW\Sources\Core\Src\ScriptFuns.cpp(10478,7): warning C4101: 'szPos': unreferenced local variable [D:\GAMEDEVNEW\Sources\Core\Core.vcxproj]
  (compiling source file '/Src/ScriptFuns.cpp')
  
D:\GAMEDEVNEW\Sources\Core\Src\ScriptFuns.cpp(10509,7): warning C4101: 'szPos': unreferenced local variable [D:\GAMEDEVNEW\Sources\Core\Core.vcxproj]
  (compiling source file '/Src/ScriptFuns.cpp')
  
D:\GAMEDEVNEW\Sources\Core\Src\ScriptFuns.cpp(10561,2): warning C4996: 'strcpy': This function or variable may be unsafe. Consider using strcpy_s instead. To disable deprecation, use _CRT_SECURE_NO_WARNINGS. See online help for details. [D:\GAMEDEVNEW\Sources\Core\Core.vcxproj]
  (compiling source file '/Src/ScriptFuns.cpp')
  
D:\GAMEDEVNEW\Sources\Core\Src\ScriptFuns.cpp(10562,2): warning C4996: 'strcpy': This function or variable may be unsafe. Consider using strcpy_s instead. To disable deprecation, use _CRT_SECURE_NO_WARNINGS. See online help for details. [D:\GAMEDEVNEW\Sources\Core\Core.vcxproj]
  (compiling source file '/Src/ScriptFuns.cpp')
  
D:\GAMEDEVNEW\Sources\Core\Src\ScriptFuns.cpp(10557,2): warning C4996: 'strncpy': This function or variable may be unsafe. Consider using strncpy_s instead. To disable deprecation, use _CRT_SECURE_NO_WARNINGS. See online help for details. [D:\GAMEDEVNEW\Sources\Core\Core.vcxproj]
  (compiling source file '/Src/ScriptFuns.cpp')
  
D:\GAMEDEVNEW\Sources\Core\Src\ScriptFuns.cpp(10542,15): warning C4101: 'szScript': unreferenced local variable [D:\GAMEDEVNEW\Sources\Core\Core.vcxproj]
  (compiling source file '/Src/ScriptFuns.cpp')
  
D:\GAMEDEVNEW\Sources\Core\Src\ScriptFuns.cpp(10599,2): warning C4996: 'strcpy': This function or variable may be unsafe. Consider using strcpy_s instead. To disable deprecation, use _CRT_SECURE_NO_WARNINGS. See online help for details. [D:\GAMEDEVNEW\Sources\Core\Core.vcxproj]
  (compiling source file '/Src/ScriptFuns.cpp')
  
D:\GAMEDEVNEW\Sources\Core\Src\ScriptFuns.cpp(10600,2): warning C4996: 'strcpy': This function or variable may be unsafe. Consider using strcpy_s instead. To disable deprecation, use _CRT_SECURE_NO_WARNINGS. See online help for details. [D:\GAMEDEVNEW\Sources\Core\Core.vcxproj]
  (compiling source file '/Src/ScriptFuns.cpp')
  
D:\GAMEDEVNEW\Sources\Core\Src\ScriptFuns.cpp(10595,2): warning C4996: 'strncpy': This function or variable may be unsafe. Consider using strncpy_s instead. To disable deprecation, use _CRT_SECURE_NO_WARNINGS. See online help for details. [D:\GAMEDEVNEW\Sources\Core\Core.vcxproj]
  (compiling source file '/Src/ScriptFuns.cpp')
  
D:\GAMEDEVNEW\Sources\Core\Src\ScriptFuns.cpp(10580,15): warning C4101: 'szScript': unreferenced local variable [D:\GAMEDEVNEW\Sources\Core\Core.vcxproj]
  (compiling source file '/Src/ScriptFuns.cpp')
  
D:\GAMEDEVNEW\Sources\Core\Src\ScriptFuns.cpp(10906,3): warning C4996: 'strcpy': This function or variable may be unsafe. Consider using strcpy_s instead. To disable deprecation, use _CRT_SECURE_NO_WARNINGS. See online help for details. [D:\GAMEDEVNEW\Sources\Core\Core.vcxproj]
  (compiling source file '/Src/ScriptFuns.cpp')
  
D:\GAMEDEVNEW\Sources\Core\Src\ScriptFuns.cpp(10933,2): warning C4996: 'sprintf': This function or variable may be unsafe. Consider using sprintf_s instead. To disable deprecation, use _CRT_SECURE_NO_WARNINGS. See online help for details. [D:\GAMEDEVNEW\Sources\Core\Core.vcxproj]
  (compiling source file '/Src/ScriptFuns.cpp')
  
D:\GAMEDEVNEW\Sources\Core\Src\ScriptFuns.cpp(10926,7): warning C4101: 'szPos': unreferenced local variable [D:\GAMEDEVNEW\Sources\Core\Core.vcxproj]
  (compiling source file '/Src/ScriptFuns.cpp')
  
D:\GAMEDEVNEW\Sources\Core\Src\ScriptFuns.cpp(11155,4): warning C4996: 'strcpy': This function or variable may be unsafe. Consider using strcpy_s instead. To disable deprecation, use _CRT_SECURE_NO_WARNINGS. See online help for details. [D:\GAMEDEVNEW\Sources\Core\Core.vcxproj]
  (compiling source file '/Src/ScriptFuns.cpp')
  
D:\GAMEDEVNEW\Sources\Core\Src\ScriptFuns.cpp(11166,7): warning C4996: 'strcpy': This function or variable may be unsafe. Consider using strcpy_s instead. To disable deprecation, use _CRT_SECURE_NO_WARNINGS. See online help for details. [D:\GAMEDEVNEW\Sources\Core\Core.vcxproj]
  (compiling source file '/Src/ScriptFuns.cpp')
  
D:\GAMEDEVNEW\Sources\Core\Src\ScriptFuns.cpp(11907,5): warning C4996: 'strcpy': This function or variable may be unsafe. Consider using strcpy_s instead. To disable deprecation, use _CRT_SECURE_NO_WARNINGS. See online help for details. [D:\GAMEDEVNEW\Sources\Core\Core.vcxproj]
  (compiling source file '/Src/ScriptFuns.cpp')
  
D:\GAMEDEVNEW\Sources\Core\Src\ScriptFuns.cpp(11909,19): warning C4244: 'initializing': conversion from 'unsigned long' to 'BYTE', possible loss of data [D:\GAMEDEVNEW\Sources\Core\Core.vcxproj]
  (compiling source file '/Src/ScriptFuns.cpp')
  
D:\GAMEDEVNEW\Sources\Core\Src\ScriptFuns.cpp(11946,5): warning C4996: 'strcpy': This function or variable may be unsafe. Consider using strcpy_s instead. To disable deprecation, use _CRT_SECURE_NO_WARNINGS. See online help for details. [D:\GAMEDEVNEW\Sources\Core\Core.vcxproj]
  (compiling source file '/Src/ScriptFuns.cpp')
  
D:\GAMEDEVNEW\Sources\Core\Src\ScriptFuns.cpp(11948,19): warning C4244: 'initializing': conversion from 'unsigned long' to 'BYTE', possible loss of data [D:\GAMEDEVNEW\Sources\Core\Core.vcxproj]
  (compiling source file '/Src/ScriptFuns.cpp')
  
D:\GAMEDEVNEW\Sources\Core\Src\ScriptFuns.cpp(11965,23): warning C4244: 'initializing': conversion from 'double' to 'int', possible loss of data [D:\GAMEDEVNEW\Sources\Core\Core.vcxproj]
  (compiling source file '/Src/ScriptFuns.cpp')
  
D:\GAMEDEVNEW\Sources\Core\Src\ScriptFuns.cpp(11966,23): warning C4244: 'initializing': conversion from 'double' to 'int', possible loss of data [D:\GAMEDEVNEW\Sources\Core\Core.vcxproj]
  (compiling source file '/Src/ScriptFuns.cpp')
  
D:\GAMEDEVNEW\Sources\Core\Src\ScriptFuns.cpp(11967,22): warning C4244: 'initializing': conversion from 'double' to 'int', possible loss of data [D:\GAMEDEVNEW\Sources\Core\Core.vcxproj]
  (compiling source file '/Src/ScriptFuns.cpp')
  
D:\GAMEDEVNEW\Sources\Core\Src\ScriptFuns.cpp(11975,2): warning C4996: 'strcpy': This function or variable may be unsafe. Consider using strcpy_s instead. To disable deprecation, use _CRT_SECURE_NO_WARNINGS. See online help for details. [D:\GAMEDEVNEW\Sources\Core\Core.vcxproj]
  (compiling source file '/Src/ScriptFuns.cpp')
  
D:\GAMEDEVNEW\Sources\Core\Src\ScriptFuns.cpp(11893,4): warning C4996: 'sprintf': This function or variable may be unsafe. Consider using sprintf_s instead. To disable deprecation, use _CRT_SECURE_NO_WARNINGS. See online help for details. [D:\GAMEDEVNEW\Sources\Core\Core.vcxproj]
  (compiling source file '/Src/ScriptFuns.cpp')
  
D:\GAMEDEVNEW\Sources\Core\Src\ScriptFuns.cpp(11919,4): warning C4996: 'sprintf': This function or variable may be unsafe. Consider using sprintf_s instead. To disable deprecation, use _CRT_SECURE_NO_WARNINGS. See online help for details. [D:\GAMEDEVNEW\Sources\Core\Core.vcxproj]
  (compiling source file '/Src/ScriptFuns.cpp')
  
D:\GAMEDEVNEW\Sources\Core\Src\ScriptFuns.cpp(11935,4): warning C4996: 'sprintf': This function or variable may be unsafe. Consider using sprintf_s instead. To disable deprecation, use _CRT_SECURE_NO_WARNINGS. See online help for details. [D:\GAMEDEVNEW\Sources\Core\Core.vcxproj]
  (compiling source file '/Src/ScriptFuns.cpp')
  
D:\GAMEDEVNEW\Sources\Core\Src\ScriptFuns.cpp(11958,4): warning C4996: 'sprintf': This function or variable may be unsafe. Consider using sprintf_s instead. To disable deprecation, use _CRT_SECURE_NO_WARNINGS. See online help for details. [D:\GAMEDEVNEW\Sources\Core\Core.vcxproj]
  (compiling source file '/Src/ScriptFuns.cpp')
  
D:\GAMEDEVNEW\Sources\Core\Src\ScriptFuns.cpp(11968,3): warning C4996: 'sprintf': This function or variable may be unsafe. Consider using sprintf_s instead. To disable deprecation, use _CRT_SECURE_NO_WARNINGS. See online help for details. [D:\GAMEDEVNEW\Sources\Core\Core.vcxproj]
  (compiling source file '/Src/ScriptFuns.cpp')
  
D:\GAMEDEVNEW\Sources\Core\Src\ScriptFuns.cpp(12446,74): warning C4267: '=': conversion from 'size_t' to 'WORD', possible loss of data [D:\GAMEDEVNEW\Sources\Core\Core.vcxproj]
  (compiling source file '/Src/ScriptFuns.cpp')
  
D:\GAMEDEVNEW\Sources\Core\Src\ScriptFuns.cpp(12459,14): warning C4244: 'initializing': conversion from 'double' to 'int', possible loss of data [D:\GAMEDEVNEW\Sources\Core\Core.vcxproj]
  (compiling source file '/Src/ScriptFuns.cpp')
  
D:\GAMEDEVNEW\Sources\Core\Src\ScriptFuns.cpp(12658,2): warning C4244: 'argument': conversion from 'time_t' to 'double', possible loss of data [D:\GAMEDEVNEW\Sources\Core\Core.vcxproj]
  (compiling source file '/Src/ScriptFuns.cpp')
  
D:\GAMEDEVNEW\Sources\Core\Src\ScriptFuns.cpp(12888,9): warning C4244: '=': conversion from 'double' to 'int', possible loss of data [D:\GAMEDEVNEW\Sources\Core\Core.vcxproj]
  (compiling source file '/Src/ScriptFuns.cpp')
  
D:\GAMEDEVNEW\Sources\Core\Src\ScriptFuns.cpp(12936,61): warning C4267: 'argument': conversion from 'size_t' to 'int', possible loss of data [D:\GAMEDEVNEW\Sources\Core\Core.vcxproj]
  (compiling source file '/Src/ScriptFuns.cpp')
  
D:\GAMEDEVNEW\Sources\Core\Src\ScriptFuns.cpp(12935,3): warning C4996: 'sprintf': This function or variable may be unsafe. Consider using sprintf_s instead. To disable deprecation, use _CRT_SECURE_NO_WARNINGS. See online help for details. [D:\GAMEDEVNEW\Sources\Core\Core.vcxproj]
  (compiling source file '/Src/ScriptFuns.cpp')
  
D:\GAMEDEVNEW\Sources\Core\Src\ScriptFuns.cpp(12968,70): warning C4267: 'argument': conversion from 'size_t' to 'int', possible loss of data [D:\GAMEDEVNEW\Sources\Core\Core.vcxproj]
  (compiling source file '/Src/ScriptFuns.cpp')
  
D:\GAMEDEVNEW\Sources\Core\Src\ScriptFuns.cpp(12967,2): warning C4996: 'sprintf': This function or variable may be unsafe. Consider using sprintf_s instead. To disable deprecation, use _CRT_SECURE_NO_WARNINGS. See online help for details. [D:\GAMEDEVNEW\Sources\Core\Core.vcxproj]
  (compiling source file '/Src/ScriptFuns.cpp')
  
D:\GAMEDEVNEW\Sources\Core\Src\ScriptFuns.cpp(12987,2): warning C4996: 'sprintf': This function or variable may be unsafe. Consider using sprintf_s instead. To disable deprecation, use _CRT_SECURE_NO_WARNINGS. See online help for details. [D:\GAMEDEVNEW\Sources\Core\Core.vcxproj]
  (compiling source file '/Src/ScriptFuns.cpp')
  
D:\GAMEDEVNEW\Sources\Core\Src\ScriptFuns.cpp(13037,2): warning C4996: 'strcpy': This function or variable may be unsafe. Consider using strcpy_s instead. To disable deprecation, use _CRT_SECURE_NO_WARNINGS. See online help for details. [D:\GAMEDEVNEW\Sources\Core\Core.vcxproj]
  (compiling source file '/Src/ScriptFuns.cpp')
  
D:\GAMEDEVNEW\Sources\Core\Src\ScriptFuns.cpp(13060,2): warning C4996: 'strncpy': This function or variable may be unsafe. Consider using strncpy_s instead. To disable deprecation, use _CRT_SECURE_NO_WARNINGS. See online help for details. [D:\GAMEDEVNEW\Sources\Core\Core.vcxproj]
  (compiling source file '/Src/ScriptFuns.cpp')
  
D:\GAMEDEVNEW\Sources\Core\Src\ScriptFuns.cpp(13075,14): warning C4244: 'initializing': conversion from 'double' to 'int', possible loss of data [D:\GAMEDEVNEW\Sources\Core\Core.vcxproj]
  (compiling source file '/Src/ScriptFuns.cpp')
  
D:\GAMEDEVNEW\Sources\Core\Src\ScriptFuns.cpp(13111,14): warning C4244: 'initializing': conversion from 'double' to 'int', possible loss of data [D:\GAMEDEVNEW\Sources\Core\Core.vcxproj]
  (compiling source file '/Src/ScriptFuns.cpp')
  
D:\GAMEDEVNEW\Sources\Core\Src\ScriptFuns.cpp(13216,30): warning C4267: '=': conversion from 'size_t' to 'int', possible loss of data [D:\GAMEDEVNEW\Sources\Core\Core.vcxproj]
  (compiling source file '/Src/ScriptFuns.cpp')
  
D:\GAMEDEVNEW\Sources\Core\Src\ScriptFuns.cpp(13267,3): warning C4996: 'strcpy': This function or variable may be unsafe. Consider using strcpy_s instead. To disable deprecation, use _CRT_SECURE_NO_WARNINGS. See online help for details. [D:\GAMEDEVNEW\Sources\Core\Core.vcxproj]
  (compiling source file '/Src/ScriptFuns.cpp')
  
D:\GAMEDEVNEW\Sources\Core\Src\ScriptFuns.cpp(13271,9): warning C4244: '=': conversion from 'double' to 'int', possible loss of data [D:\GAMEDEVNEW\Sources\Core\Core.vcxproj]
  (compiling source file '/Src/ScriptFuns.cpp')
  
D:\GAMEDEVNEW\Sources\Core\Src\ScriptFuns.cpp(13280,16): warning C4996: 'strtok': This function or variable may be unsafe. Consider using strtok_s instead. To disable deprecation, use _CRT_SECURE_NO_WARNINGS. See online help for details. [D:\GAMEDEVNEW\Sources\Core\Core.vcxproj]
  (compiling source file '/Src/ScriptFuns.cpp')
  
D:\GAMEDEVNEW\Sources\Core\Src\ScriptFuns.cpp(13300,11): warning C4996: 'strtok': This function or variable may be unsafe. Consider using strtok_s instead. To disable deprecation, use _CRT_SECURE_NO_WARNINGS. See online help for details. [D:\GAMEDEVNEW\Sources\Core\Core.vcxproj]
  (compiling source file '/Src/ScriptFuns.cpp')
  
D:\GAMEDEVNEW\Sources\Core\Src\ScriptFuns.cpp(13830,2): warning C4996: 'strncpy': This function or variable may be unsafe. Consider using strncpy_s instead. To disable deprecation, use _CRT_SECURE_NO_WARNINGS. See online help for details. [D:\GAMEDEVNEW\Sources\Core\Core.vcxproj]
  (compiling source file '/Src/ScriptFuns.cpp')
  
D:\GAMEDEVNEW\Sources\Core\Src\ScriptFuns.cpp(13835,2): warning C4996: 'strncpy': This function or variable may be unsafe. Consider using strncpy_s instead. To disable deprecation, use _CRT_SECURE_NO_WARNINGS. See online help for details. [D:\GAMEDEVNEW\Sources\Core\Core.vcxproj]
  (compiling source file '/Src/ScriptFuns.cpp')
  
D:\GAMEDEVNEW\Sources\Core\Src\ScriptFuns.cpp(13837,2): warning C4996: 'strncpy': This function or variable may be unsafe. Consider using strncpy_s instead. To disable deprecation, use _CRT_SECURE_NO_WARNINGS. See online help for details. [D:\GAMEDEVNEW\Sources\Core\Core.vcxproj]
  (compiling source file '/Src/ScriptFuns.cpp')
  
D:\GAMEDEVNEW\Sources\Core\Src\ScriptFuns.cpp(14240,4): warning C4996: 'strncpy': This function or variable may be unsafe. Consider using strncpy_s instead. To disable deprecation, use _CRT_SECURE_NO_WARNINGS. See online help for details. [D:\GAMEDEVNEW\Sources\Core\Core.vcxproj]
  (compiling source file '/Src/ScriptFuns.cpp')
  
D:\GAMEDEVNEW\Sources\Core\Src\KMissionArray.h(40,3): warning C4996: 'strcpy': This function or variable may be unsafe. Consider using strcpy_s instead. To disable deprecation, use _CRT_SECURE_NO_WARNINGS. See online help for details. [D:\GAMEDEVNEW\Sources\Core\Core.vcxproj]
  (compiling source file '/Src/ScriptFuns.cpp')
      D:\GAMEDEVNEW\Sources\Core\Src\KMissionArray.h(40,3):
      the template instantiation context (the oldest one first) is
          D:\GAMEDEVNEW\Sources\Core\Src\ScriptFuns.cpp(11058,2):
          see reference to class template instantiation 'KMissionArray<KMission,50>' being compiled
          D:\GAMEDEVNEW\Sources\Core\Src\KMissionArray.h(36,7):
          while compiling class template member function 'void KMissionArray<KMission,50>::SetMission(unsigned long,const char *)'
              D:\GAMEDEVNEW\Sources\Core\Src\ScriptFuns.cpp(11072,33):
              see the first reference to 'KMissionArray<KMission,50>::SetMission' in 'LuaSetGlobalMission'
  
  Skill.cpp
  base64.cpp
  kautoai.cpp
D:\GAMEDEVNEW\Sources\Core\Src\kplayer.h(95,1): warning C5208: unnamed class used in typedef name cannot declare members other than non-static data members, member enumerations, or member classes [D:\GAMEDEVNEW\Sources\Core\Core.vcxproj]
  (compiling source file '/Src/kautoai.cpp')
  
  CoreServerShell.cpp
D:\GAMEDEVNEW\Sources\Core\src\KPlayer.h(95,1): warning C5208: unnamed class used in typedef name cannot declare members other than non-static data members, member enumerations, or member classes [D:\GAMEDEVNEW\Sources\Core\Core.vcxproj]
  (compiling source file '/src/CoreServerShell.cpp')
  
D:\GAMEDEVNEW\Sources\MultiServer\Common\OpaqueUserData.h(57,10): warning C4311: 'reinterpret_cast': pointer truncation from 'void *' to 'unsigned long' [D:\GAMEDEVNEW\Sources\Core\Core.vcxproj]
  (compiling source file '/src/CoreServerShell.cpp')
  
D:\GAMEDEVNEW\Sources\MultiServer\Common\OpaqueUserData.h(57,10): warning C4302: 'reinterpret_cast': truncation from 'void *' to 'unsigned long' [D:\GAMEDEVNEW\Sources\Core\Core.vcxproj]
  (compiling source file '/src/CoreServerShell.cpp')
  
D:\GAMEDEVNEW\Sources\MultiServer\Common\OpaqueUserData.h(62,15): warning C4312: 'reinterpret_cast': conversion from 'unsigned long' to 'void *' of greater size [D:\GAMEDEVNEW\Sources\Core\Core.vcxproj]
  (compiling source file '/src/CoreServerShell.cpp')
  
D:\GAMEDEVNEW\Sources\Core\src\CoreServerShell.cpp(143,3): warning C4996: 'strcpy': This function or variable may be unsafe. Consider using strcpy_s instead. To disable deprecation, use _CRT_SECURE_NO_WARNINGS. See online help for details. [D:\GAMEDEVNEW\Sources\Core\Core.vcxproj]
  (compiling source file '/src/CoreServerShell.cpp')
  
D:\GAMEDEVNEW\Sources\Core\src\CoreServerShell.cpp(144,3): warning C4996: 'strcpy': This function or variable may be unsafe. Consider using strcpy_s instead. To disable deprecation, use _CRT_SECURE_NO_WARNINGS. See online help for details. [D:\GAMEDEVNEW\Sources\Core\Core.vcxproj]
  (compiling source file '/src/CoreServerShell.cpp')
  
D:\GAMEDEVNEW\Sources\Core\src\CoreServerShell.cpp(276,38): warning C4244: 'argument': conversion from 'intptr_t' to 'int', possible loss of data [D:\GAMEDEVNEW\Sources\Core\Core.vcxproj]
  (compiling source file '/src/CoreServerShell.cpp')
  
D:\GAMEDEVNEW\Sources\Core\src\CoreServerShell.cpp(284,35): warning C4244: 'argument': conversion from 'intptr_t' to 'int', possible loss of data [D:\GAMEDEVNEW\Sources\Core\Core.vcxproj]
  (compiling source file '/src/CoreServerShell.cpp')
  
D:\GAMEDEVNEW\Sources\Core\src\CoreServerShell.cpp(292,35): warning C4244: 'argument': conversion from 'intptr_t' to 'int', possible loss of data [D:\GAMEDEVNEW\Sources\Core\Core.vcxproj]
  (compiling source file '/src/CoreServerShell.cpp')
  
D:\GAMEDEVNEW\Sources\Core\src\CoreServerShell.cpp(323,13): warning C4267: 'initializing': conversion from 'size_t' to 'int', possible loss of data [D:\GAMEDEVNEW\Sources\Core\Core.vcxproj]
  (compiling source file '/src/CoreServerShell.cpp')
  
D:\GAMEDEVNEW\Sources\Core\src\CoreServerShell.cpp(363,28): warning C4244: 'argument': conversion from 'intptr_t' to 'DWORD', possible loss of data [D:\GAMEDEVNEW\Sources\Core\Core.vcxproj]
  (compiling source file '/src/CoreServerShell.cpp')
  
D:\GAMEDEVNEW\Sources\Core\src\CoreServerShell.cpp(1314,7): warning C4996: 'strcmpi': The POSIX name for this item is deprecated. Instead, use the ISO C and C++ conformant name: _strcmpi. See online help for details. [D:\GAMEDEVNEW\Sources\Core\Core.vcxproj]
  (compiling source file '/src/CoreServerShell.cpp')
  
D:\GAMEDEVNEW\Sources\Core\src\CoreServerShell.cpp(1526,33): warning C4267: '=': conversion from 'size_t' to 'WORD', possible loss of data [D:\GAMEDEVNEW\Sources\Core\Core.vcxproj]
  (compiling source file '/src/CoreServerShell.cpp')
  
D:\GAMEDEVNEW\Sources\Core\src\CoreServerShell.cpp(1554,33): warning C4267: '=': conversion from 'size_t' to 'WORD', possible loss of data [D:\GAMEDEVNEW\Sources\Core\Core.vcxproj]
  (compiling source file '/src/CoreServerShell.cpp')
  
D:\GAMEDEVNEW\Sources\Core\src\CoreServerShell.cpp(1581,33): warning C4267: '=': conversion from 'size_t' to 'WORD', possible loss of data [D:\GAMEDEVNEW\Sources\Core\Core.vcxproj]
  (compiling source file '/src/CoreServerShell.cpp')
  
D:\GAMEDEVNEW\Sources\Core\src\CoreServerShell.cpp(1609,34): warning C4267: '=': conversion from 'size_t' to 'WORD', possible loss of data [D:\GAMEDEVNEW\Sources\Core\Core.vcxproj]
  (compiling source file '/src/CoreServerShell.cpp')
  
D:\GAMEDEVNEW\Sources\Core\src\CoreServerShell.cpp(1663,33): warning C4267: '=': conversion from 'size_t' to 'WORD', possible loss of data [D:\GAMEDEVNEW\Sources\Core\Core.vcxproj]
  (compiling source file '/src/CoreServerShell.cpp')
  
D:\GAMEDEVNEW\Sources\Core\src\CoreServerShell.cpp(1754,33): warning C4267: '=': conversion from 'size_t' to 'WORD', possible loss of data [D:\GAMEDEVNEW\Sources\Core\Core.vcxproj]
  (compiling source file '/src/CoreServerShell.cpp')
  
  Generating Code...
D:\GAMEDEVNEW\Sources\Core\Src\KItem.h(173,1): warning C4715: 'KItem::GetLine': not all control paths return a value [D:\GAMEDEVNEW\Sources\Core\Core.vcxproj]
C:\Program Files\Microsoft Visual Studio\2022\Community\MSBuild\Microsoft\VC\v170\Microsoft.CppBuild.targets(1402,5): warning MSB8012: TargetPath(D:\GAMEDEVNEW\Sources\Core\x64\Server Release\CoreServer.dll) does not match the Linker's OutputFile property value (D:\GAMEDEVNEW\Sources\Core\x64\ServerRelease\CoreServer.dll). This may cause your project to build incorrectly. To correct this, please make sure that $(OutDir), $(TargetName) and $(TargetExt) property values match the value specified in %(Link.OutputFile). [D:\GAMEDEVNEW\Sources\Core\Core.vcxproj]
     Creating library .\x64\ServerRelease\CoreServer.lib and object .\x64\ServerRelease\CoreServer.exp
common.lib(Buffer.obj) : warning LNK4099: PDB '' was not found with 'common.lib(Buffer.obj)' or at ''; linking object as if no debug info [D:\GAMEDEVNEW\Sources\Core\Core.vcxproj]
common.lib(Exception.obj) : warning LNK4099: PDB 'Common.pdb' was not found with 'common.lib(Exception.obj)' or at 'D:\GAMEDEVNEW\Sources\Core\x64\Server Release\Common.pdb'; linking object as if no debug info [D:\GAMEDEVNEW\Sources\Core\Core.vcxproj]
common.lib(NodeList.obj) : warning LNK4099: PDB '' was not found with 'common.lib(NodeList.obj)' or at ''; linking object as if no debug info [D:\GAMEDEVNEW\Sources\Core\Core.vcxproj]
common.lib(stdafx.obj) : warning LNK4099: PDB 'Common.pdb' was not found with 'common.lib(stdafx.obj)' or at 'D:\GAMEDEVNEW\Sources\Core\x64\Server Release\Common.pdb'; linking object as if no debug info [D:\GAMEDEVNEW\Sources\Core\Core.vcxproj]
  Core.vcxproj -> D:\GAMEDEVNEW\Sources\Core\x64\Server Release\CoreServer.dll
  'pwsh.exe' is not recognized as an internal or external command,
  operable program or batch file.
BSCMAKE : warning BK4502: truncated .SBR file 'Core\x64\Server Release\KMySQLDB.sbr' not in .\ServerRelease\Core.bsc [D:\GAMEDEVNEW\Sources\Core\Core.vcxproj]
BSCMAKE : warning BK4502: truncated .SBR file 'Core\x64\Server Release\KGameKV.sbr' not in .\ServerRelease\Core.bsc [D:\GAMEDEVNEW\Sources\Core\Core.vcxproj]
  A subdirectory or file ..\..\..\bin\server\release64 already exists.
  A subdirectory or file ..\..\lib\release64 already exists.
          1 file(s) copied.
  The system cannot find the file specified.
          1 file(s) copied.
          1 file(s) copied.
  The system cannot find the file specified.
          1 file(s) copied.
          1 file(s) copied.
