error: ...FFF_ONLINE\bin\server\script\misc\eventsys\type\func.lua:107: attempt to call a table value (for iterator 'for iterator')
stack traceback:
	...FFF_ONLINE\bin\server\script\misc\eventsys\type\func.lua:107: in main chunk
	[C]: in function 'Include'
	[string "?"]:2: in main chunk
error: ...eVs22\TESTLOFFF_ONLINE\bin\server\scriptjx2\lib\file.lua:57: unexpected symbol near '%'
error: ...eVs22\TESTLOFFF_ONLINE\bin\server\scriptjx2\lib\file.lua:57: unexpected symbol near '%'
error: ...eVs22\TESTLOFFF_ONLINE\bin\server\scriptjx2\lib\file.lua:57: unexpected symbol near '%'
error: ...FF_ONLINE\bin\server\script\activitysys\playerfunlib.lua:708: unexpected symbol near '%'
error: ...OFFF_ONLINE\bin\server\script\task\task_addplayerexp.lua:16: unexpected symbol near '%'
error: ...ourceVs22\TESTLOFFF_ONLINE\bin\server\script\lib\log.lua:94: unexpected symbol near '%'
error: ...eVs22\TESTLOFFF_ONLINE\bin\server\scriptjx2\lib\file.lua:57: unexpected symbol near '%'
error: ...eVs22\TESTLOFFF_ONLINE\bin\server\scriptjx2\lib\file.lua:57: unexpected symbol near '%'
error: ...ourceVs22\TESTLOFFF_ONLINE\bin\server\script\lib\log.lua:94: unexpected symbol near '%'
error: ...ourceVs22\TESTLOFFF_ONLINE\bin\server\script\lib\log.lua:94: unexpected symbol near '%'
error: ...ourceVs22\TESTLOFFF_ONLINE\bin\server\script\lib\log.lua:94: unexpected symbol near '%'
error: ...s22\TESTLOFFF_ONLINE\bin\server\script\lib\baseclass.lua:26: unexpected symbol near '%'
error: ..._ONLINE\bin\server\script\activitysys\activitydetail.lua:106: unexpected symbol near '%'
error: ...\TESTLOFFF_ONLINE\bin\server\script\misc\taskmanager.lua:340: unexpected symbol near '%'
error: ...ourceVs22\TESTLOFFF_ONLINE\bin\server\script\lib\log.lua:94: unexpected symbol near '%'
error: ...ourceVs22\TESTLOFFF_ONLINE\bin\server\script\lib\log.lua:94: unexpected symbol near '%'
error: ...ourceVs22\TESTLOFFF_ONLINE\bin\server\script\lib\log.lua:94: unexpected symbol near '%'
error: ...FFF_ONLINE\bin\server\script\activitysys\functionlib.lua:105: unexpected symbol near '%'
error: ...FFF_ONLINE\bin\server\script\activitysys\functionlib.lua:105: unexpected symbol near '%'
error: ...FF_ONLINE\bin\server\script\activitysys\playerfunlib.lua:708: unexpected symbol near '%'
error: ...FFF_ONLINE\bin\server\script\misc\eventsys\type\func.lua:107: attempt to call a table value (for iterator 'for iterator')
stack traceback:
	...FFF_ONLINE\bin\server\script\misc\eventsys\type\func.lua:107: in main chunk
	[C]: in function 'Include'
	...F_ONLINE\bin\server\script\battles\battle_rank_award.lua:8: in main chunk
	[C]: in function 'Include'
	...ESTLOFFF_ONLINE\bin\server\script\battles\battlehead.lua:9: in main chunk
	[C]: in function 'Include'
	[string "?"]:2: in main chunk
error: ...FF_ONLINE\bin\server\script\activitysys\playerfunlib.lua:708: unexpected symbol near '%'
error: ...FFF_ONLINE\bin\server\script\activitysys\functionlib.lua:105: unexpected symbol near '%'
error: ...TESTLOFFF_ONLINE\bin\server\script\battles\doubleexp.lua:10: unexpected symbol near '%'
error: ...ESTLOFFF_ONLINE\bin\server\script\battles\weeklyrank.lua:140: unexpected symbol near '%'
error: ...eVs22\TESTLOFFF_ONLINE\bin\server\scriptjx2\lib\file.lua:57: unexpected symbol near '%'
error: ...eVs22\TESTLOFFF_ONLINE\bin\server\scriptjx2\lib\file.lua:57: unexpected symbol near '%'
error: ...2\TESTLOFFF_ONLINE\bin\server\script\lib\progressbar.lua:35: unexpected symbol near '%'
error: ...s22\TESTLOFFF_ONLINE\bin\server\script\lib\baseclass.lua:26: unexpected symbol near '%'
error: ..._ONLINE\bin\server\script\activitysys\activitydetail.lua:106: unexpected symbol near '%'
error: ...\TESTLOFFF_ONLINE\bin\server\script\misc\taskmanager.lua:340: unexpected symbol near '%'
error: ...ourceVs22\TESTLOFFF_ONLINE\bin\server\script\lib\log.lua:94: unexpected symbol near '%'
error: ...ourceVs22\TESTLOFFF_ONLINE\bin\server\script\lib\log.lua:94: unexpected symbol near '%'
error: ...ourceVs22\TESTLOFFF_ONLINE\bin\server\script\lib\log.lua:94: unexpected symbol near '%'
error: ...FFF_ONLINE\bin\server\script\activitysys\functionlib.lua:105: unexpected symbol near '%'
error: ...FFF_ONLINE\bin\server\script\activitysys\functionlib.lua:105: unexpected symbol near '%'
error: ...ourceVs22\TESTLOFFF_ONLINE\bin\server\script\lib\log.lua:94: unexpected symbol near '%'
error: ...ourceVs22\TESTLOFFF_ONLINE\bin\server\script\lib\log.lua:94: unexpected symbol near '%'
error: ...ourceVs22\TESTLOFFF_ONLINE\bin\server\script\lib\log.lua:94: unexpected symbol near '%'
error: ...ourceVs22\TESTLOFFF_ONLINE\bin\server\script\lib\log.lua:94: unexpected symbol near '%'
error: ...ourceVs22\TESTLOFFF_ONLINE\bin\server\script\lib\log.lua:94: unexpected symbol near '%'
error: ...ourceVs22\TESTLOFFF_ONLINE\bin\server\script\lib\log.lua:94: unexpected symbol near '%'
error: ...ourceVs22\TESTLOFFF_ONLINE\bin\server\script\lib\log.lua:94: unexpected symbol near '%'
error: ...ourceVs22\TESTLOFFF_ONLINE\bin\server\script\lib\log.lua:94: unexpected symbol near '%'
error: ...ourceVs22\TESTLOFFF_ONLINE\bin\server\script\lib\log.lua:94: unexpected symbol near '%'
error: ...s22\TESTLOFFF_ONLINE\bin\server\script\lib\baseclass.lua:26: unexpected symbol near '%'
error: ...\TESTLOFFF_ONLINE\bin\server\script\lib\composeclass.lua:80: attempt to index a nil value (global 'tbBaseClass')
stack traceback:
	...\TESTLOFFF_ONLINE\bin\server\script\lib\composeclass.lua:80: in main chunk
	[C]: in function 'Include'
	...FFF_ONLINE\bin\server\scriptjx2\lib\composelistclass.lua:1: in main chunk
	[C]: in function 'Include'
	[string "?"]:13: in main chunk
error: ...FFF_ONLINE\bin\server\scriptjx2\lib\composelistclass.lua:3: attempt to index a nil value (global 'tbBaseClass')
stack traceback:
	...FFF_ONLINE\bin\server\scriptjx2\lib\composelistclass.lua:3: in main chunk
	[C]: in function 'Include'
	[string "?"]:13: in main chunk
error: ...ourceVs22\TESTLOFFF_ONLINE\bin\server\script\lib\log.lua:94: unexpected symbol near '%'
error: ...ourceVs22\TESTLOFFF_ONLINE\bin\server\script\lib\log.lua:94: unexpected symbol near '%'
error: ...ourceVs22\TESTLOFFF_ONLINE\bin\server\script\lib\log.lua:94: unexpected symbol near '%'
error: ...ourceVs22\TESTLOFFF_ONLINE\bin\server\script\lib\log.lua:94: unexpected symbol near '%'
error: ...ourceVs22\TESTLOFFF_ONLINE\bin\server\script\lib\log.lua:94: unexpected symbol near '%'
error: ...ourceVs22\TESTLOFFF_ONLINE\bin\server\script\lib\log.lua:94: unexpected symbol near '%'
error: ...s22\TESTLOFFF_ONLINE\bin\server\script\lib\baseclass.lua:26: unexpected symbol near '%'
error: ...s22\TESTLOFFF_ONLINE\bin\server\script\lib\composeex.lua:44: attempt to index a nil value (global 'tbBaseClass')
stack traceback:
	...s22\TESTLOFFF_ONLINE\bin\server\script\lib\composeex.lua:44: in main chunk
	[C]: in function 'Include'
	[string "?"]:14: in main chunk
error: ...OFFF_ONLINE\bin\server\script\task\task_addplayerexp.lua:16: unexpected symbol near '%'
error: ...ourceVs22\TESTLOFFF_ONLINE\bin\server\script\lib\log.lua:94: unexpected symbol near '%'
error: ...eVs22\TESTLOFFF_ONLINE\bin\server\scriptjx2\lib\file.lua:57: unexpected symbol near '%'
error: ...ourceVs22\TESTLOFFF_ONLINE\bin\server\script\lib\log.lua:94: unexpected symbol near '%'
error: ...ourceVs22\TESTLOFFF_ONLINE\bin\server\script\lib\log.lua:94: unexpected symbol near '%'
error: ...ourceVs22\TESTLOFFF_ONLINE\bin\server\script\lib\log.lua:94: unexpected symbol near '%'
error: ...ourceVs22\TESTLOFFF_ONLINE\bin\server\script\lib\log.lua:94: unexpected symbol near '%'
error: ...FF_ONLINE\bin\server\script\activitysys\playerfunlib.lua:708: unexpected symbol near '%'
error: ...FFF_ONLINE\bin\server\script\misc\eventsys\type\func.lua:107: attempt to call a table value (for iterator 'for iterator')
stack traceback:
	...FFF_ONLINE\bin\server\script\misc\eventsys\type\func.lua:107: in main chunk
	[C]: in function 'Include'
	...E\bin\server\script\missions\fengling_ferry\fld_head.lua:8: in main chunk
	[C]: in function 'Include'
	[string "?"]:2: in main chunk
error: ...ourceVs22\TESTLOFFF_ONLINE\bin\server\script\lib\log.lua:94: unexpected symbol near '%'
error: ...ourceVs22\TESTLOFFF_ONLINE\bin\server\script\lib\log.lua:94: unexpected symbol near '%'
error: ...ourceVs22\TESTLOFFF_ONLINE\bin\server\script\lib\log.lua:94: unexpected symbol near '%'
error: ...s22\TESTLOFFF_ONLINE\bin\server\script\lib\baseclass.lua:26: unexpected symbol near '%'
error: ..._ONLINE\bin\server\script\activitysys\activitydetail.lua:106: unexpected symbol near '%'
error: ...\TESTLOFFF_ONLINE\bin\server\script\misc\taskmanager.lua:340: unexpected symbol near '%'
error: ...ourceVs22\TESTLOFFF_ONLINE\bin\server\script\lib\log.lua:94: unexpected symbol near '%'
error: ...ourceVs22\TESTLOFFF_ONLINE\bin\server\script\lib\log.lua:94: unexpected symbol near '%'
error: ...ourceVs22\TESTLOFFF_ONLINE\bin\server\script\lib\log.lua:94: unexpected symbol near '%'
error: ...FFF_ONLINE\bin\server\script\activitysys\functionlib.lua:105: unexpected symbol near '%'
error: ...FFF_ONLINE\bin\server\script\activitysys\functionlib.lua:105: unexpected symbol near '%'
error: ...FF_ONLINE\bin\server\script\activitysys\playerfunlib.lua:708: unexpected symbol near '%'
error: ...eVs22\TESTLOFFF_ONLINE\bin\server\scriptjx2\lib\file.lua:57: unexpected symbol near '%'
error: ...eVs22\TESTLOFFF_ONLINE\bin\server\scriptjx2\lib\file.lua:57: unexpected symbol near '%'
error: ...OFFF_ONLINE\bin\server\script\misc\eventsys\eventsys.lua:11: attempt to call a table value (for iterator 'for iterator')
stack traceback:
	...OFFF_ONLINE\bin\server\script\misc\eventsys\eventsys.lua:11: in method 'NewType'
	...F_ONLINE\bin\server\script\misc\eventsys\type\player.lua:3: in main chunk
	[C]: in function 'Include'
	...LINE\bin\server\script\task\metempsychosis\task_func.lua:16: in main chunk
	[C]: in function 'Include'
	...F_ONLINE\bin\server\script\event\change_destiny\head.lua:2: in main chunk
	[C]: in function 'Include'
	...NLINE\bin\server\script\event\change_destiny\mission.lua:1: in main chunk
	[C]: in function 'Include'
	[string "?"]:4: in main chunk
error: ...FFF_ONLINE\bin\server\script\misc\eventsys\type\func.lua:107: attempt to call a table value (for iterator 'for iterator')
stack traceback:
	...FFF_ONLINE\bin\server\script\misc\eventsys\type\func.lua:107: in main chunk
	[C]: in function 'Include'
	[string "?"]:5: in main chunk
error: ...eVs22\TESTLOFFF_ONLINE\bin\server\scriptjx2\lib\file.lua:57: unexpected symbol near '%'
error: ...ourceVs22\TESTLOFFF_ONLINE\bin\server\script\lib\log.lua:94: unexpected symbol near '%'
error: ...ourceVs22\TESTLOFFF_ONLINE\bin\server\script\lib\log.lua:94: unexpected symbol near '%'
error: ...ourceVs22\TESTLOFFF_ONLINE\bin\server\script\lib\log.lua:94: unexpected symbol near '%'
error: ...ourceVs22\TESTLOFFF_ONLINE\bin\server\script\lib\log.lua:94: unexpected symbol near '%'
error: ...FF_ONLINE\bin\server\script\activitysys\playerfunlib.lua:708: unexpected symbol near '%'
error: ...FFF_ONLINE\bin\server\script\misc\eventsys\type\func.lua:107: attempt to call a table value (for iterator 'for iterator')
stack traceback:
	...FFF_ONLINE\bin\server\script\misc\eventsys\type\func.lua:107: in main chunk
	[C]: in function 'Include'
	...E\bin\server\script\missions\fengling_ferry\fld_head.lua:8: in main chunk
	[C]: in function 'Include'
	[string "?"]:1: in main chunk
error: ...eVs22\TESTLOFFF_ONLINE\bin\server\scriptjx2\lib\file.lua:57: unexpected symbol near '%'
error: ...ourceVs22\TESTLOFFF_ONLINE\bin\server\script\lib\log.lua:94: unexpected symbol near '%'
error: ...ourceVs22\TESTLOFFF_ONLINE\bin\server\script\lib\log.lua:94: unexpected symbol near '%'
error: ...ourceVs22\TESTLOFFF_ONLINE\bin\server\script\lib\log.lua:94: unexpected symbol near '%'
error: ...ourceVs22\TESTLOFFF_ONLINE\bin\server\script\lib\log.lua:94: unexpected symbol near '%'
error: ...FF_ONLINE\bin\server\script\activitysys\playerfunlib.lua:708: unexpected symbol near '%'
error: ...FFF_ONLINE\bin\server\script\misc\eventsys\type\func.lua:107: attempt to call a table value (for iterator 'for iterator')
stack traceback:
	...FFF_ONLINE\bin\server\script\misc\eventsys\type\func.lua:107: in main chunk
	[C]: in function 'Include'
	...E\bin\server\script\missions\fengling_ferry\fld_head.lua:8: in main chunk
	[C]: in function 'Include'
	[string "?"]:1: in main chunk
error: ...eVs22\TESTLOFFF_ONLINE\bin\server\scriptjx2\lib\file.lua:57: unexpected symbol near '%'
error: ...ourceVs22\TESTLOFFF_ONLINE\bin\server\script\lib\log.lua:94: unexpected symbol near '%'
error: ...ourceVs22\TESTLOFFF_ONLINE\bin\server\script\lib\log.lua:94: unexpected symbol near '%'
error: ...ourceVs22\TESTLOFFF_ONLINE\bin\server\script\lib\log.lua:94: unexpected symbol near '%'
error: ...ourceVs22\TESTLOFFF_ONLINE\bin\server\script\lib\log.lua:94: unexpected symbol near '%'
error: ...FF_ONLINE\bin\server\script\activitysys\playerfunlib.lua:708: unexpected symbol near '%'
error: ...FFF_ONLINE\bin\server\script\misc\eventsys\type\func.lua:107: attempt to call a table value (for iterator 'for iterator')
stack traceback:
	...FFF_ONLINE\bin\server\script\misc\eventsys\type\func.lua:107: in main chunk
	[C]: in function 'Include'
	...E\bin\server\script\missions\fengling_ferry\fld_head.lua:8: in main chunk
	[C]: in function 'Include'
	[string "?"]:1: in main chunk
error: ...eVs22\TESTLOFFF_ONLINE\bin\server\scriptjx2\lib\file.lua:57: unexpected symbol near '%'
error: ...ourceVs22\TESTLOFFF_ONLINE\bin\server\script\lib\log.lua:94: unexpected symbol near '%'
error: ...ourceVs22\TESTLOFFF_ONLINE\bin\server\script\lib\log.lua:94: unexpected symbol near '%'
error: ...ourceVs22\TESTLOFFF_ONLINE\bin\server\script\lib\log.lua:94: unexpected symbol near '%'
error: ...ourceVs22\TESTLOFFF_ONLINE\bin\server\script\lib\log.lua:94: unexpected symbol near '%'
error: ...FF_ONLINE\bin\server\script\activitysys\playerfunlib.lua:708: unexpected symbol near '%'
error: ...FFF_ONLINE\bin\server\script\misc\eventsys\type\func.lua:107: attempt to call a table value (for iterator 'for iterator')
stack traceback:
	...FFF_ONLINE\bin\server\script\misc\eventsys\type\func.lua:107: in main chunk
	[C]: in function 'Include'
	...E\bin\server\script\missions\fengling_ferry\fld_head.lua:8: in main chunk
	[C]: in function 'Include'
	[string "?"]:1: in main chunk
error: ...eVs22\TESTLOFFF_ONLINE\bin\server\scriptjx2\lib\file.lua:57: unexpected symbol near '%'
error: ...ourceVs22\TESTLOFFF_ONLINE\bin\server\script\lib\log.lua:94: unexpected symbol near '%'
error: ...ourceVs22\TESTLOFFF_ONLINE\bin\server\script\lib\log.lua:94: unexpected symbol near '%'
error: ...ourceVs22\TESTLOFFF_ONLINE\bin\server\script\lib\log.lua:94: unexpected symbol near '%'
error: ...ourceVs22\TESTLOFFF_ONLINE\bin\server\script\lib\log.lua:94: unexpected symbol near '%'
error: ...FF_ONLINE\bin\server\script\activitysys\playerfunlib.lua:708: unexpected symbol near '%'
error: ...FFF_ONLINE\bin\server\script\misc\eventsys\type\func.lua:107: attempt to call a table value (for iterator 'for iterator')
stack traceback:
	...FFF_ONLINE\bin\server\script\misc\eventsys\type\func.lua:107: in main chunk
	[C]: in function 'Include'
	[string "?"]:8: in main chunk
error: ...eVs22\TESTLOFFF_ONLINE\bin\server\scriptjx2\lib\file.lua:57: unexpected symbol near '%'
error: ...ourceVs22\TESTLOFFF_ONLINE\bin\server\script\lib\log.lua:94: unexpected symbol near '%'
error: ...ourceVs22\TESTLOFFF_ONLINE\bin\server\script\lib\log.lua:94: unexpected symbol near '%'
error: ...ourceVs22\TESTLOFFF_ONLINE\bin\server\script\lib\log.lua:94: unexpected symbol near '%'
error: ...ourceVs22\TESTLOFFF_ONLINE\bin\server\script\lib\log.lua:94: unexpected symbol near '%'
error: ...FF_ONLINE\bin\server\script\activitysys\playerfunlib.lua:708: unexpected symbol near '%'
error: ...FFF_ONLINE\bin\server\script\misc\eventsys\type\func.lua:107: attempt to call a table value (for iterator 'for iterator')
stack traceback:
	...FFF_ONLINE\bin\server\script\misc\eventsys\type\func.lua:107: in main chunk
	[C]: in function 'Include'
	...E\bin\server\script\missions\fengling_ferry\fld_head.lua:8: in main chunk
	[C]: in function 'Include'
	[string "?"]:1: in main chunk
error: [string "?"]:13: unexpected symbol near '%'
2026/09/05 12:04:53.408 	 ScriptError 3. (\script\missions\fengling_ferry\fld_smalltimer.lua) 

2026/09/05 12:04:53.408 	 ScriptError 3. (\script\missions\fengling_ferry\fld_smalltimer.lua) 

error: [string "?"]:25: unexpected symbol near '%'
2026/09/05 12:04:53.408 	 ScriptError 3. (\script\missions\fengling_ferry\hd3_baoruongthuytac.lua) 

2026/09/05 12:04:53.408 	 ScriptError 3. (\script\missions\fengling_ferry\hd3_baoruongthuytac.lua) 

error: ...eVs22\TESTLOFFF_ONLINE\bin\server\scriptjx2\lib\file.lua:57: unexpected symbol near '%'
error: ...ourceVs22\TESTLOFFF_ONLINE\bin\server\script\lib\log.lua:94: unexpected symbol near '%'
error: ...ourceVs22\TESTLOFFF_ONLINE\bin\server\script\lib\log.lua:94: unexpected symbol near '%'
error: ...ourceVs22\TESTLOFFF_ONLINE\bin\server\script\lib\log.lua:94: unexpected symbol near '%'
error: ...ourceVs22\TESTLOFFF_ONLINE\bin\server\script\lib\log.lua:94: unexpected symbol near '%'
error: ...FF_ONLINE\bin\server\script\activitysys\playerfunlib.lua:708: unexpected symbol near '%'
error: ...FFF_ONLINE\bin\server\script\misc\eventsys\type\func.lua:107: attempt to call a table value (for iterator 'for iterator')
stack traceback:
	...FFF_ONLINE\bin\server\script\misc\eventsys\type\func.lua:107: in main chunk
	[C]: in function 'Include'
	...E\bin\server\script\missions\fengling_ferry\fld_head.lua:8: in main chunk
	[C]: in function 'Include'
	[string "?"]:6: in main chunk
error: ...ourceVs22\TESTLOFFF_ONLINE\bin\server\script\lib\log.lua:94: unexpected symbol near '%'
error: ...ourceVs22\TESTLOFFF_ONLINE\bin\server\script\lib\log.lua:94: unexpected symbol near '%'
error: ...ourceVs22\TESTLOFFF_ONLINE\bin\server\script\lib\log.lua:94: unexpected symbol near '%'
error: ...eVs22\TESTLOFFF_ONLINE\bin\server\scriptjx2\lib\file.lua:57: unexpected symbol near '%'
error: ...ourceVs22\TESTLOFFF_ONLINE\bin\server\script\lib\log.lua:94: unexpected symbol near '%'
error: ...ourceVs22\TESTLOFFF_ONLINE\bin\server\script\lib\log.lua:94: unexpected symbol near '%'
error: ...ourceVs22\TESTLOFFF_ONLINE\bin\server\script\lib\log.lua:94: unexpected symbol near '%'
error: ...ourceVs22\TESTLOFFF_ONLINE\bin\server\script\lib\log.lua:94: unexpected symbol near '%'
error: ...FF_ONLINE\bin\server\script\activitysys\playerfunlib.lua:708: unexpected symbol near '%'
error: ...FFF_ONLINE\bin\server\script\misc\eventsys\type\func.lua:107: attempt to call a table value (for iterator 'for iterator')
stack traceback:
	...FFF_ONLINE\bin\server\script\misc\eventsys\type\func.lua:107: in main chunk
	[C]: in function 'Include'
	...E\bin\server\script\missions\fengling_ferry\fld_head.lua:8: in main chunk
	[C]: in function 'Include'
	[string "?"]:3: in main chunk
error: ...s22\TESTLOFFF_ONLINE\bin\server\script\lib\baseclass.lua:26: unexpected symbol near '%'
error: ..._ONLINE\bin\server\script\activitysys\activitydetail.lua:106: unexpected symbol near '%'
error: ...\TESTLOFFF_ONLINE\bin\server\script\misc\taskmanager.lua:340: unexpected symbol near '%'
error: ...ourceVs22\TESTLOFFF_ONLINE\bin\server\script\lib\log.lua:94: unexpected symbol near '%'
error: ...ourceVs22\TESTLOFFF_ONLINE\bin\server\script\lib\log.lua:94: unexpected symbol near '%'
error: ...ourceVs22\TESTLOFFF_ONLINE\bin\server\script\lib\log.lua:94: unexpected symbol near '%'
error: ...FFF_ONLINE\bin\server\script\activitysys\functionlib.lua:105: unexpected symbol near '%'
error: ...FFF_ONLINE\bin\server\script\activitysys\functionlib.lua:105: unexpected symbol near '%'
error: ...FF_ONLINE\bin\server\script\activitysys\playerfunlib.lua:708: unexpected symbol near '%'
error: ...FFF_ONLINE\bin\server\script\misc\eventsys\type\func.lua:107: attempt to call a table value (for iterator 'for iterator')
stack traceback:
	...FFF_ONLINE\bin\server\script\misc\eventsys\type\func.lua:107: in main chunk
	[C]: in function 'Include'
	[string "?"]:7: in main chunk
error: ...ourceVs22\TESTLOFFF_ONLINE\bin\server\script\lib\log.lua:94: unexpected symbol near '%'
error: ...ourceVs22\TESTLOFFF_ONLINE\bin\server\script\lib\log.lua:94: unexpected symbol near '%'
error: ...ourceVs22\TESTLOFFF_ONLINE\bin\server\script\lib\log.lua:94: unexpected symbol near '%'
error: ...ourceVs22\TESTLOFFF_ONLINE\bin\server\script\lib\log.lua:94: unexpected symbol near '%'
error: ...ourceVs22\TESTLOFFF_ONLINE\bin\server\script\lib\log.lua:94: unexpected symbol near '%'
error: ...ourceVs22\TESTLOFFF_ONLINE\bin\server\script\lib\log.lua:94: unexpected symbol near '%'
error: ...s22\TESTLOFFF_ONLINE\bin\server\script\lib\baseclass.lua:26: unexpected symbol near '%'
error: ..._ONLINE\bin\server\script\activitysys\activitydetail.lua:106: unexpected symbol near '%'
error: ...\TESTLOFFF_ONLINE\bin\server\script\misc\taskmanager.lua:340: unexpected symbol near '%'
error: ...ourceVs22\TESTLOFFF_ONLINE\bin\server\script\lib\log.lua:94: unexpected symbol near '%'
error: ...ourceVs22\TESTLOFFF_ONLINE\bin\server\script\lib\log.lua:94: unexpected symbol near '%'
error: ...ourceVs22\TESTLOFFF_ONLINE\bin\server\script\lib\log.lua:94: unexpected symbol near '%'
error: ...FFF_ONLINE\bin\server\script\activitysys\functionlib.lua:105: unexpected symbol near '%'
error: ...FFF_ONLINE\bin\server\script\activitysys\functionlib.lua:105: unexpected symbol near '%'
error: ...FF_ONLINE\bin\server\script\activitysys\playerfunlib.lua:708: unexpected symbol near '%'
error: ...FFF_ONLINE\bin\server\script\misc\eventsys\type\func.lua:107: attempt to call a table value (for iterator 'for iterator')
stack traceback:
	...FFF_ONLINE\bin\server\script\misc\eventsys\type\func.lua:107: in main chunk
	[C]: in function 'Include'
	[string "?"]:4: in main chunk
error: ...FFF_ONLINE\bin\server\script\misc\eventsys\type\func.lua:107: attempt to call a table value (for iterator 'for iterator')
stack traceback:
	...FFF_ONLINE\bin\server\script\misc\eventsys\type\func.lua:107: in main chunk
	[C]: in function 'Include'
	[string "?"]:2: in main chunk
error: ...eVs22\TESTLOFFF_ONLINE\bin\server\scriptjx2\lib\file.lua:57: unexpected symbol near '%'
error: ...eVs22\TESTLOFFF_ONLINE\bin\server\scriptjx2\lib\file.lua:57: unexpected symbol near '%'
error: ...eVs22\TESTLOFFF_ONLINE\bin\server\scriptjx2\lib\file.lua:57: unexpected symbol near '%'
error: ...FF_ONLINE\bin\server\script\activitysys\playerfunlib.lua:708: unexpected symbol near '%'
error: ...OFFF_ONLINE\bin\server\script\task\task_addplayerexp.lua:16: unexpected symbol near '%'
error: ...ourceVs22\TESTLOFFF_ONLINE\bin\server\script\lib\log.lua:94: unexpected symbol near '%'
error: ...eVs22\TESTLOFFF_ONLINE\bin\server\scriptjx2\lib\file.lua:57: unexpected symbol near '%'
error: ...eVs22\TESTLOFFF_ONLINE\bin\server\scriptjx2\lib\file.lua:57: unexpected symbol near '%'
error: ...ourceVs22\TESTLOFFF_ONLINE\bin\server\script\lib\log.lua:94: unexpected symbol near '%'
error: ...ourceVs22\TESTLOFFF_ONLINE\bin\server\script\lib\log.lua:94: unexpected symbol near '%'
error: ...ourceVs22\TESTLOFFF_ONLINE\bin\server\script\lib\log.lua:94: unexpected symbol near '%'
error: ...s22\TESTLOFFF_ONLINE\bin\server\script\lib\baseclass.lua:26: unexpected symbol near '%'
error: ..._ONLINE\bin\server\script\activitysys\activitydetail.lua:106: unexpected symbol near '%'
error: ...\TESTLOFFF_ONLINE\bin\server\script\misc\taskmanager.lua:340: unexpected symbol near '%'
error: ...ourceVs22\TESTLOFFF_ONLINE\bin\server\script\lib\log.lua:94: unexpected symbol near '%'
error: ...ourceVs22\TESTLOFFF_ONLINE\bin\server\script\lib\log.lua:94: unexpected symbol near '%'
error: ...ourceVs22\TESTLOFFF_ONLINE\bin\server\script\lib\log.lua:94: unexpected symbol near '%'
error: ...FFF_ONLINE\bin\server\script\activitysys\functionlib.lua:105: unexpected symbol near '%'
error: ...FFF_ONLINE\bin\server\script\activitysys\functionlib.lua:105: unexpected symbol near '%'
error: ...FF_ONLINE\bin\server\script\activitysys\playerfunlib.lua:708: unexpected symbol near '%'
error: ...FFF_ONLINE\bin\server\script\misc\eventsys\type\func.lua:107: attempt to call a table value (for iterator 'for iterator')
stack traceback:
	...FFF_ONLINE\bin\server\script\misc\eventsys\type\func.lua:107: in main chunk
	[C]: in function 'Include'
	...F_ONLINE\bin\server\script\battles\battle_rank_award.lua:8: in main chunk
	[C]: in function 'Include'
	...ESTLOFFF_ONLINE\bin\server\script\battles\battlehead.lua:9: in main chunk
	[C]: in function 'Include'
	[string "?"]:2: in main chunk
error: ...FF_ONLINE\bin\server\script\activitysys\playerfunlib.lua:708: unexpected symbol near '%'
error: ...FFF_ONLINE\bin\server\script\activitysys\functionlib.lua:105: unexpected symbol near '%'
error: ...TESTLOFFF_ONLINE\bin\server\script\battles\doubleexp.lua:10: unexpected symbol near '%'
error: ...ESTLOFFF_ONLINE\bin\server\script\battles\weeklyrank.lua:140: unexpected symbol near '%'
error: ...eVs22\TESTLOFFF_ONLINE\bin\server\scriptjx2\lib\file.lua:57: unexpected symbol near '%'
error: ...eVs22\TESTLOFFF_ONLINE\bin\server\scriptjx2\lib\file.lua:57: unexpected symbol near '%'
error: ...2\TESTLOFFF_ONLINE\bin\server\script\lib\progressbar.lua:35: unexpected symbol near '%'
error: ...s22\TESTLOFFF_ONLINE\bin\server\script\lib\baseclass.lua:26: unexpected symbol near '%'
error: ..._ONLINE\bin\server\script\activitysys\activitydetail.lua:106: unexpected symbol near '%'
error: ...\TESTLOFFF_ONLINE\bin\server\script\misc\taskmanager.lua:340: unexpected symbol near '%'
error: ...ourceVs22\TESTLOFFF_ONLINE\bin\server\script\lib\log.lua:94: unexpected symbol near '%'
error: ...ourceVs22\TESTLOFFF_ONLINE\bin\server\script\lib\log.lua:94: unexpected symbol near '%'
error: ...ourceVs22\TESTLOFFF_ONLINE\bin\server\script\lib\log.lua:94: unexpected symbol near '%'
error: ...FFF_ONLINE\bin\server\script\activitysys\functionlib.lua:105: unexpected symbol near '%'
error: ...FFF_ONLINE\bin\server\script\activitysys\functionlib.lua:105: unexpected symbol near '%'
error: ...ourceVs22\TESTLOFFF_ONLINE\bin\server\script\lib\log.lua:94: unexpected symbol near '%'
error: ...ourceVs22\TESTLOFFF_ONLINE\bin\server\script\lib\log.lua:94: unexpected symbol near '%'
error: ...ourceVs22\TESTLOFFF_ONLINE\bin\server\script\lib\log.lua:94: unexpected symbol near '%'
error: ...ourceVs22\TESTLOFFF_ONLINE\bin\server\script\lib\log.lua:94: unexpected symbol near '%'
error: ...ourceVs22\TESTLOFFF_ONLINE\bin\server\script\lib\log.lua:94: unexpected symbol near '%'
error: ...ourceVs22\TESTLOFFF_ONLINE\bin\server\script\lib\log.lua:94: unexpected symbol near '%'
error: ...ourceVs22\TESTLOFFF_ONLINE\bin\server\script\lib\log.lua:94: unexpected symbol near '%'
error: ...ourceVs22\TESTLOFFF_ONLINE\bin\server\script\lib\log.lua:94: unexpected symbol near '%'
error: ...ourceVs22\TESTLOFFF_ONLINE\bin\server\script\lib\log.lua:94: unexpected symbol near '%'
error: ...s22\TESTLOFFF_ONLINE\bin\server\script\lib\baseclass.lua:26: unexpected symbol near '%'
error: ...\TESTLOFFF_ONLINE\bin\server\script\lib\composeclass.lua:80: attempt to index a nil value (global 'tbBaseClass')
stack traceback:
	...\TESTLOFFF_ONLINE\bin\server\script\lib\composeclass.lua:80: in main chunk
	[C]: in function 'Include'
	...FFF_ONLINE\bin\server\scriptjx2\lib\composelistclass.lua:1: in main chunk
	[C]: in function 'Include'
	[string "?"]:13: in main chunk
error: ...FFF_ONLINE\bin\server\scriptjx2\lib\composelistclass.lua:3: attempt to index a nil value (global 'tbBaseClass')
stack traceback:
	...FFF_ONLINE\bin\server\scriptjx2\lib\composelistclass.lua:3: in main chunk
	[C]: in function 'Include'
	[string "?"]:13: in main chunk
error: ...ourceVs22\TESTLOFFF_ONLINE\bin\server\script\lib\log.lua:94: unexpected symbol near '%'
error: ...ourceVs22\TESTLOFFF_ONLINE\bin\server\script\lib\log.lua:94: unexpected symbol near '%'
error: ...ourceVs22\TESTLOFFF_ONLINE\bin\server\script\lib\log.lua:94: unexpected symbol near '%'
error: ...ourceVs22\TESTLOFFF_ONLINE\bin\server\script\lib\log.lua:94: unexpected symbol near '%'
error: ...ourceVs22\TESTLOFFF_ONLINE\bin\server\script\lib\log.lua:94: unexpected symbol near '%'
error: ...ourceVs22\TESTLOFFF_ONLINE\bin\server\script\lib\log.lua:94: unexpected symbol near '%'
error: ...s22\TESTLOFFF_ONLINE\bin\server\script\lib\baseclass.lua:26: unexpected symbol near '%'
error: ...s22\TESTLOFFF_ONLINE\bin\server\script\lib\composeex.lua:44: attempt to index a nil value (global 'tbBaseClass')
stack traceback:
	...s22\TESTLOFFF_ONLINE\bin\server\script\lib\composeex.lua:44: in main chunk
	[C]: in function 'Include'
	[string "?"]:14: in main chunk
error: ...OFFF_ONLINE\bin\server\script\task\task_addplayerexp.lua:16: unexpected symbol near '%'
error: ...ourceVs22\TESTLOFFF_ONLINE\bin\server\script\lib\log.lua:94: unexpected symbol near '%'
error: ...eVs22\TESTLOFFF_ONLINE\bin\server\scriptjx2\lib\file.lua:57: unexpected symbol near '%'
error: ...ourceVs22\TESTLOFFF_ONLINE\bin\server\script\lib\log.lua:94: unexpected symbol near '%'
error: ...ourceVs22\TESTLOFFF_ONLINE\bin\server\script\lib\log.lua:94: unexpected symbol near '%'
error: ...ourceVs22\TESTLOFFF_ONLINE\bin\server\script\lib\log.lua:94: unexpected symbol near '%'
error: ...ourceVs22\TESTLOFFF_ONLINE\bin\server\script\lib\log.lua:94: unexpected symbol near '%'
error: ...FF_ONLINE\bin\server\script\activitysys\playerfunlib.lua:708: unexpected symbol near '%'
error: ...FFF_ONLINE\bin\server\script\misc\eventsys\type\func.lua:107: attempt to call a table value (for iterator 'for iterator')
stack traceback:
	...FFF_ONLINE\bin\server\script\misc\eventsys\type\func.lua:107: in main chunk
	[C]: in function 'Include'
	...E\bin\server\script\missions\fengling_ferry\fld_head.lua:8: in main chunk
	[C]: in function 'Include'
	[string "?"]:2: in main chunk
error: ...ourceVs22\TESTLOFFF_ONLINE\bin\server\script\lib\log.lua:94: unexpected symbol near '%'
error: ...ourceVs22\TESTLOFFF_ONLINE\bin\server\script\lib\log.lua:94: unexpected symbol near '%'
error: ...ourceVs22\TESTLOFFF_ONLINE\bin\server\script\lib\log.lua:94: unexpected symbol near '%'
error: ...s22\TESTLOFFF_ONLINE\bin\server\script\lib\baseclass.lua:26: unexpected symbol near '%'
error: ..._ONLINE\bin\server\script\activitysys\activitydetail.lua:106: unexpected symbol near '%'
error: ...\TESTLOFFF_ONLINE\bin\server\script\misc\taskmanager.lua:340: unexpected symbol near '%'
error: ...ourceVs22\TESTLOFFF_ONLINE\bin\server\script\lib\log.lua:94: unexpected symbol near '%'
error: ...ourceVs22\TESTLOFFF_ONLINE\bin\server\script\lib\log.lua:94: unexpected symbol near '%'
error: ...ourceVs22\TESTLOFFF_ONLINE\bin\server\script\lib\log.lua:94: unexpected symbol near '%'
error: ...FFF_ONLINE\bin\server\script\activitysys\functionlib.lua:105: unexpected symbol near '%'
error: ...FFF_ONLINE\bin\server\script\activitysys\functionlib.lua:105: unexpected symbol near '%'
error: ...FF_ONLINE\bin\server\script\activitysys\playerfunlib.lua:708: unexpected symbol near '%'
error: ...eVs22\TESTLOFFF_ONLINE\bin\server\scriptjx2\lib\file.lua:57: unexpected symbol near '%'
error: ...eVs22\TESTLOFFF_ONLINE\bin\server\scriptjx2\lib\file.lua:57: unexpected symbol near '%'
error: ...OFFF_ONLINE\bin\server\script\misc\eventsys\eventsys.lua:11: attempt to call a table value (for iterator 'for iterator')
stack traceback:
	...OFFF_ONLINE\bin\server\script\misc\eventsys\eventsys.lua:11: in method 'NewType'
	...F_ONLINE\bin\server\script\misc\eventsys\type\player.lua:3: in main chunk
	[C]: in function 'Include'
	...LINE\bin\server\script\task\metempsychosis\task_func.lua:16: in main chunk
	[C]: in function 'Include'
	...F_ONLINE\bin\server\script\event\change_destiny\head.lua:2: in main chunk
	[C]: in function 'Include'
	...NLINE\bin\server\script\event\change_destiny\mission.lua:1: in main chunk
	[C]: in function 'Include'
	[string "?"]:4: in main chunk
error: ...FFF_ONLINE\bin\server\script\misc\eventsys\type\func.lua:107: attempt to call a table value (for iterator 'for iterator')
stack traceback:
	...FFF_ONLINE\bin\server\script\misc\eventsys\type\func.lua:107: in main chunk
	[C]: in function 'Include'
	[string "?"]:5: in main chunk
error: ...eVs22\TESTLOFFF_ONLINE\bin\server\scriptjx2\lib\file.lua:57: unexpected symbol near '%'
error: ...ourceVs22\TESTLOFFF_ONLINE\bin\server\script\lib\log.lua:94: unexpected symbol near '%'
error: ...ourceVs22\TESTLOFFF_ONLINE\bin\server\script\lib\log.lua:94: unexpected symbol near '%'
error: ...ourceVs22\TESTLOFFF_ONLINE\bin\server\script\lib\log.lua:94: unexpected symbol near '%'
error: ...ourceVs22\TESTLOFFF_ONLINE\bin\server\script\lib\log.lua:94: unexpected symbol near '%'
error: ...FF_ONLINE\bin\server\script\activitysys\playerfunlib.lua:708: unexpected symbol near '%'
error: ...FFF_ONLINE\bin\server\script\misc\eventsys\type\func.lua:107: attempt to call a table value (for iterator 'for iterator')
stack traceback:
	...FFF_ONLINE\bin\server\script\misc\eventsys\type\func.lua:107: in main chunk
	[C]: in function 'Include'
	...E\bin\server\script\missions\fengling_ferry\fld_head.lua:8: in main chunk
	[C]: in function 'Include'
	[string "?"]:1: in main chunk
error: ...eVs22\TESTLOFFF_ONLINE\bin\server\scriptjx2\lib\file.lua:57: unexpected symbol near '%'
error: ...ourceVs22\TESTLOFFF_ONLINE\bin\server\script\lib\log.lua:94: unexpected symbol near '%'
error: ...ourceVs22\TESTLOFFF_ONLINE\bin\server\script\lib\log.lua:94: unexpected symbol near '%'
error: ...ourceVs22\TESTLOFFF_ONLINE\bin\server\script\lib\log.lua:94: unexpected symbol near '%'
error: ...ourceVs22\TESTLOFFF_ONLINE\bin\server\script\lib\log.lua:94: unexpected symbol near '%'
error: ...FF_ONLINE\bin\server\script\activitysys\playerfunlib.lua:708: unexpected symbol near '%'
error: ...FFF_ONLINE\bin\server\script\misc\eventsys\type\func.lua:107: attempt to call a table value (for iterator 'for iterator')
stack traceback:
	...FFF_ONLINE\bin\server\script\misc\eventsys\type\func.lua:107: in main chunk
	[C]: in function 'Include'
	...E\bin\server\script\missions\fengling_ferry\fld_head.lua:8: in main chunk
	[C]: in function 'Include'
	[string "?"]:1: in main chunk
error: ...eVs22\TESTLOFFF_ONLINE\bin\server\scriptjx2\lib\file.lua:57: unexpected symbol near '%'
error: ...ourceVs22\TESTLOFFF_ONLINE\bin\server\script\lib\log.lua:94: unexpected symbol near '%'
error: ...ourceVs22\TESTLOFFF_ONLINE\bin\server\script\lib\log.lua:94: unexpected symbol near '%'
error: ...ourceVs22\TESTLOFFF_ONLINE\bin\server\script\lib\log.lua:94: unexpected symbol near '%'
error: ...ourceVs22\TESTLOFFF_ONLINE\bin\server\script\lib\log.lua:94: unexpected symbol near '%'
error: ...FF_ONLINE\bin\server\script\activitysys\playerfunlib.lua:708: unexpected symbol near '%'
error: ...FFF_ONLINE\bin\server\script\misc\eventsys\type\func.lua:107: attempt to call a table value (for iterator 'for iterator')
stack traceback:
	...FFF_ONLINE\bin\server\script\misc\eventsys\type\func.lua:107: in main chunk
	[C]: in function 'Include'
	...E\bin\server\script\missions\fengling_ferry\fld_head.lua:8: in main chunk
	[C]: in function 'Include'
	[string "?"]:1: in main chunk
error: ...eVs22\TESTLOFFF_ONLINE\bin\server\scriptjx2\lib\file.lua:57: unexpected symbol near '%'
error: ...ourceVs22\TESTLOFFF_ONLINE\bin\server\script\lib\log.lua:94: unexpected symbol near '%'
error: ...ourceVs22\TESTLOFFF_ONLINE\bin\server\script\lib\log.lua:94: unexpected symbol near '%'
error: ...ourceVs22\TESTLOFFF_ONLINE\bin\server\script\lib\log.lua:94: unexpected symbol near '%'
error: ...ourceVs22\TESTLOFFF_ONLINE\bin\server\script\lib\log.lua:94: unexpected symbol near '%'
error: ...FF_ONLINE\bin\server\script\activitysys\playerfunlib.lua:708: unexpected symbol near '%'
error: ...FFF_ONLINE\bin\server\script\misc\eventsys\type\func.lua:107: attempt to call a table value (for iterator 'for iterator')
stack traceback:
	...FFF_ONLINE\bin\server\script\misc\eventsys\type\func.lua:107: in main chunk
	[C]: in function 'Include'
	...E\bin\server\script\missions\fengling_ferry\fld_head.lua:8: in main chunk
	[C]: in function 'Include'
	[string "?"]:1: in main chunk
error: ...eVs22\TESTLOFFF_ONLINE\bin\server\scriptjx2\lib\file.lua:57: unexpected symbol near '%'
error: ...ourceVs22\TESTLOFFF_ONLINE\bin\server\script\lib\log.lua:94: unexpected symbol near '%'
error: ...ourceVs22\TESTLOFFF_ONLINE\bin\server\script\lib\log.lua:94: unexpected symbol near '%'
error: ...ourceVs22\TESTLOFFF_ONLINE\bin\server\script\lib\log.lua:94: unexpected symbol near '%'
error: ...ourceVs22\TESTLOFFF_ONLINE\bin\server\script\lib\log.lua:94: unexpected symbol near '%'
error: ...FF_ONLINE\bin\server\script\activitysys\playerfunlib.lua:708: unexpected symbol near '%'
error: ...FFF_ONLINE\bin\server\script\misc\eventsys\type\func.lua:107: attempt to call a table value (for iterator 'for iterator')
stack traceback:
	...FFF_ONLINE\bin\server\script\misc\eventsys\type\func.lua:107: in main chunk
	[C]: in function 'Include'
	[string "?"]:8: in main chunk
error: ...eVs22\TESTLOFFF_ONLINE\bin\server\scriptjx2\lib\file.lua:57: unexpected symbol near '%'
error: ...ourceVs22\TESTLOFFF_ONLINE\bin\server\script\lib\log.lua:94: unexpected symbol near '%'
error: ...ourceVs22\TESTLOFFF_ONLINE\bin\server\script\lib\log.lua:94: unexpected symbol near '%'
error: ...ourceVs22\TESTLOFFF_ONLINE\bin\server\script\lib\log.lua:94: unexpected symbol near '%'
error: ...ourceVs22\TESTLOFFF_ONLINE\bin\server\script\lib\log.lua:94: unexpected symbol near '%'
error: ...FF_ONLINE\bin\server\script\activitysys\playerfunlib.lua:708: unexpected symbol near '%'
error: ...FFF_ONLINE\bin\server\script\misc\eventsys\type\func.lua:107: attempt to call a table value (for iterator 'for iterator')
stack traceback:
	...FFF_ONLINE\bin\server\script\misc\eventsys\type\func.lua:107: in main chunk
	[C]: in function 'Include'
	...E\bin\server\script\missions\fengling_ferry\fld_head.lua:8: in main chunk
	[C]: in function 'Include'
	[string "?"]:1: in main chunk
error: [string "?"]:13: unexpected symbol near '%'
2026/09/05 12:22:39.344 	 ScriptError 3. (\script\missions\fengling_ferry\fld_smalltimer.lua) 

2026/09/05 12:22:39.345 	 ScriptError 3. (\script\missions\fengling_ferry\fld_smalltimer.lua) 

error: [string "?"]:25: unexpected symbol near '%'
2026/09/05 12:22:39.345 	 ScriptError 3. (\script\missions\fengling_ferry\hd3_baoruongthuytac.lua) 

2026/09/05 12:22:39.345 	 ScriptError 3. (\script\missions\fengling_ferry\hd3_baoruongthuytac.lua) 

error: ...eVs22\TESTLOFFF_ONLINE\bin\server\scriptjx2\lib\file.lua:57: unexpected symbol near '%'
error: ...ourceVs22\TESTLOFFF_ONLINE\bin\server\script\lib\log.lua:94: unexpected symbol near '%'
error: ...ourceVs22\TESTLOFFF_ONLINE\bin\server\script\lib\log.lua:94: unexpected symbol near '%'
error: ...ourceVs22\TESTLOFFF_ONLINE\bin\server\script\lib\log.lua:94: unexpected symbol near '%'
error: ...ourceVs22\TESTLOFFF_ONLINE\bin\server\script\lib\log.lua:94: unexpected symbol near '%'
error: ...FF_ONLINE\bin\server\script\activitysys\playerfunlib.lua:708: unexpected symbol near '%'
error: ...FFF_ONLINE\bin\server\script\misc\eventsys\type\func.lua:107: attempt to call a table value (for iterator 'for iterator')
stack traceback:
	...FFF_ONLINE\bin\server\script\misc\eventsys\type\func.lua:107: in main chunk
	[C]: in function 'Include'
	...E\bin\server\script\missions\fengling_ferry\fld_head.lua:8: in main chunk
	[C]: in function 'Include'
	[string "?"]:6: in main chunk
error: ...ourceVs22\TESTLOFFF_ONLINE\bin\server\script\lib\log.lua:94: unexpected symbol near '%'
error: ...ourceVs22\TESTLOFFF_ONLINE\bin\server\script\lib\log.lua:94: unexpected symbol near '%'
error: ...ourceVs22\TESTLOFFF_ONLINE\bin\server\script\lib\log.lua:94: unexpected symbol near '%'
error: ...eVs22\TESTLOFFF_ONLINE\bin\server\scriptjx2\lib\file.lua:57: unexpected symbol near '%'
error: ...ourceVs22\TESTLOFFF_ONLINE\bin\server\script\lib\log.lua:94: unexpected symbol near '%'
error: ...ourceVs22\TESTLOFFF_ONLINE\bin\server\script\lib\log.lua:94: unexpected symbol near '%'
error: ...ourceVs22\TESTLOFFF_ONLINE\bin\server\script\lib\log.lua:94: unexpected symbol near '%'
error: ...ourceVs22\TESTLOFFF_ONLINE\bin\server\script\lib\log.lua:94: unexpected symbol near '%'
error: ...FF_ONLINE\bin\server\script\activitysys\playerfunlib.lua:708: unexpected symbol near '%'
error: ...FFF_ONLINE\bin\server\script\misc\eventsys\type\func.lua:107: attempt to call a table value (for iterator 'for iterator')
stack traceback:
	...FFF_ONLINE\bin\server\script\misc\eventsys\type\func.lua:107: in main chunk
	[C]: in function 'Include'
	...E\bin\server\script\missions\fengling_ferry\fld_head.lua:8: in main chunk
	[C]: in function 'Include'
	[string "?"]:3: in main chunk
error: ...s22\TESTLOFFF_ONLINE\bin\server\script\lib\baseclass.lua:26: unexpected symbol near '%'
error: ..._ONLINE\bin\server\script\activitysys\activitydetail.lua:106: unexpected symbol near '%'
error: ...\TESTLOFFF_ONLINE\bin\server\script\misc\taskmanager.lua:340: unexpected symbol near '%'
error: ...ourceVs22\TESTLOFFF_ONLINE\bin\server\script\lib\log.lua:94: unexpected symbol near '%'
error: ...ourceVs22\TESTLOFFF_ONLINE\bin\server\script\lib\log.lua:94: unexpected symbol near '%'
error: ...ourceVs22\TESTLOFFF_ONLINE\bin\server\script\lib\log.lua:94: unexpected symbol near '%'
error: ...FFF_ONLINE\bin\server\script\activitysys\functionlib.lua:105: unexpected symbol near '%'
error: ...FFF_ONLINE\bin\server\script\activitysys\functionlib.lua:105: unexpected symbol near '%'
error: ...FF_ONLINE\bin\server\script\activitysys\playerfunlib.lua:708: unexpected symbol near '%'
error: ...FFF_ONLINE\bin\server\script\misc\eventsys\type\func.lua:107: attempt to call a table value (for iterator 'for iterator')
stack traceback:
	...FFF_ONLINE\bin\server\script\misc\eventsys\type\func.lua:107: in main chunk
	[C]: in function 'Include'
	[string "?"]:7: in main chunk
error: ...ourceVs22\TESTLOFFF_ONLINE\bin\server\script\lib\log.lua:94: unexpected symbol near '%'
error: ...ourceVs22\TESTLOFFF_ONLINE\bin\server\script\lib\log.lua:94: unexpected symbol near '%'
error: ...ourceVs22\TESTLOFFF_ONLINE\bin\server\script\lib\log.lua:94: unexpected symbol near '%'
error: ...ourceVs22\TESTLOFFF_ONLINE\bin\server\script\lib\log.lua:94: unexpected symbol near '%'
error: ...ourceVs22\TESTLOFFF_ONLINE\bin\server\script\lib\log.lua:94: unexpected symbol near '%'
error: ...ourceVs22\TESTLOFFF_ONLINE\bin\server\script\lib\log.lua:94: unexpected symbol near '%'
error: ...s22\TESTLOFFF_ONLINE\bin\server\script\lib\baseclass.lua:26: unexpected symbol near '%'
error: ..._ONLINE\bin\server\script\activitysys\activitydetail.lua:106: unexpected symbol near '%'
error: ...\TESTLOFFF_ONLINE\bin\server\script\misc\taskmanager.lua:340: unexpected symbol near '%'
error: ...ourceVs22\TESTLOFFF_ONLINE\bin\server\script\lib\log.lua:94: unexpected symbol near '%'
error: ...ourceVs22\TESTLOFFF_ONLINE\bin\server\script\lib\log.lua:94: unexpected symbol near '%'
error: ...ourceVs22\TESTLOFFF_ONLINE\bin\server\script\lib\log.lua:94: unexpected symbol near '%'
error: ...FFF_ONLINE\bin\server\script\activitysys\functionlib.lua:105: unexpected symbol near '%'
error: ...FFF_ONLINE\bin\server\script\activitysys\functionlib.lua:105: unexpected symbol near '%'
error: ...FF_ONLINE\bin\server\script\activitysys\playerfunlib.lua:708: unexpected symbol near '%'
error: ...FFF_ONLINE\bin\server\script\misc\eventsys\type\func.lua:107: attempt to call a table value (for iterator 'for iterator')
stack traceback:
	...FFF_ONLINE\bin\server\script\misc\eventsys\type\func.lua:107: in main chunk
	[C]: in function 'Include'
	[string "?"]:4: in main chunk
error: ...FFF_ONLINE\bin\server\script\misc\eventsys\type\func.lua:107: attempt to call a table value (for iterator 'for iterator')
stack traceback:
	...FFF_ONLINE\bin\server\script\misc\eventsys\type\func.lua:107: in main chunk
	[C]: in function 'Include'
	[string "?"]:2: in main chunk
error: ...eVs22\TESTLOFFF_ONLINE\bin\server\scriptjx2\lib\file.lua:57: unexpected symbol near '%'
error: ...eVs22\TESTLOFFF_ONLINE\bin\server\scriptjx2\lib\file.lua:57: unexpected symbol near '%'
error: ...eVs22\TESTLOFFF_ONLINE\bin\server\scriptjx2\lib\file.lua:57: unexpected symbol near '%'
error: ...FF_ONLINE\bin\server\script\activitysys\playerfunlib.lua:708: unexpected symbol near '%'
error: ...OFFF_ONLINE\bin\server\script\task\task_addplayerexp.lua:16: unexpected symbol near '%'
error: ...ourceVs22\TESTLOFFF_ONLINE\bin\server\script\lib\log.lua:94: unexpected symbol near '%'
error: ...eVs22\TESTLOFFF_ONLINE\bin\server\scriptjx2\lib\file.lua:57: unexpected symbol near '%'
error: ...eVs22\TESTLOFFF_ONLINE\bin\server\scriptjx2\lib\file.lua:57: unexpected symbol near '%'
error: ...ourceVs22\TESTLOFFF_ONLINE\bin\server\script\lib\log.lua:94: unexpected symbol near '%'
error: ...ourceVs22\TESTLOFFF_ONLINE\bin\server\script\lib\log.lua:94: unexpected symbol near '%'
error: ...ourceVs22\TESTLOFFF_ONLINE\bin\server\script\lib\log.lua:94: unexpected symbol near '%'
error: ...s22\TESTLOFFF_ONLINE\bin\server\script\lib\baseclass.lua:26: unexpected symbol near '%'
error: ..._ONLINE\bin\server\script\activitysys\activitydetail.lua:106: unexpected symbol near '%'
error: ...\TESTLOFFF_ONLINE\bin\server\script\misc\taskmanager.lua:340: unexpected symbol near '%'
error: ...ourceVs22\TESTLOFFF_ONLINE\bin\server\script\lib\log.lua:94: unexpected symbol near '%'
error: ...ourceVs22\TESTLOFFF_ONLINE\bin\server\script\lib\log.lua:94: unexpected symbol near '%'
error: ...ourceVs22\TESTLOFFF_ONLINE\bin\server\script\lib\log.lua:94: unexpected symbol near '%'
error: ...FFF_ONLINE\bin\server\script\activitysys\functionlib.lua:105: unexpected symbol near '%'
error: ...FFF_ONLINE\bin\server\script\activitysys\functionlib.lua:105: unexpected symbol near '%'
error: ...FF_ONLINE\bin\server\script\activitysys\playerfunlib.lua:708: unexpected symbol near '%'
error: ...FFF_ONLINE\bin\server\script\misc\eventsys\type\func.lua:107: attempt to call a table value (for iterator 'for iterator')
stack traceback:
	...FFF_ONLINE\bin\server\script\misc\eventsys\type\func.lua:107: in main chunk
	[C]: in function 'Include'
	...F_ONLINE\bin\server\script\battles\battle_rank_award.lua:8: in main chunk
	[C]: in function 'Include'
	...ESTLOFFF_ONLINE\bin\server\script\battles\battlehead.lua:9: in main chunk
	[C]: in function 'Include'
	[string "?"]:2: in main chunk
error: ...FF_ONLINE\bin\server\script\activitysys\playerfunlib.lua:708: unexpected symbol near '%'
error: ...FFF_ONLINE\bin\server\script\activitysys\functionlib.lua:105: unexpected symbol near '%'
error: ...TESTLOFFF_ONLINE\bin\server\script\battles\doubleexp.lua:10: unexpected symbol near '%'
error: ...ESTLOFFF_ONLINE\bin\server\script\battles\weeklyrank.lua:140: unexpected symbol near '%'
error: ...eVs22\TESTLOFFF_ONLINE\bin\server\scriptjx2\lib\file.lua:57: unexpected symbol near '%'
error: ...eVs22\TESTLOFFF_ONLINE\bin\server\scriptjx2\lib\file.lua:57: unexpected symbol near '%'
error: ...2\TESTLOFFF_ONLINE\bin\server\script\lib\progressbar.lua:35: unexpected symbol near '%'
error: ...s22\TESTLOFFF_ONLINE\bin\server\script\lib\baseclass.lua:26: unexpected symbol near '%'
error: ..._ONLINE\bin\server\script\activitysys\activitydetail.lua:106: unexpected symbol near '%'
error: ...\TESTLOFFF_ONLINE\bin\server\script\misc\taskmanager.lua:340: unexpected symbol near '%'
error: ...ourceVs22\TESTLOFFF_ONLINE\bin\server\script\lib\log.lua:94: unexpected symbol near '%'
error: ...ourceVs22\TESTLOFFF_ONLINE\bin\server\script\lib\log.lua:94: unexpected symbol near '%'
error: ...ourceVs22\TESTLOFFF_ONLINE\bin\server\script\lib\log.lua:94: unexpected symbol near '%'
error: ...FFF_ONLINE\bin\server\script\activitysys\functionlib.lua:105: unexpected symbol near '%'
error: ...FFF_ONLINE\bin\server\script\activitysys\functionlib.lua:105: unexpected symbol near '%'
error: ...ourceVs22\TESTLOFFF_ONLINE\bin\server\script\lib\log.lua:94: unexpected symbol near '%'
error: ...ourceVs22\TESTLOFFF_ONLINE\bin\server\script\lib\log.lua:94: unexpected symbol near '%'
error: ...ourceVs22\TESTLOFFF_ONLINE\bin\server\script\lib\log.lua:94: unexpected symbol near '%'
error: ...ourceVs22\TESTLOFFF_ONLINE\bin\server\script\lib\log.lua:94: unexpected symbol near '%'
error: ...ourceVs22\TESTLOFFF_ONLINE\bin\server\script\lib\log.lua:94: unexpected symbol near '%'
error: ...ourceVs22\TESTLOFFF_ONLINE\bin\server\script\lib\log.lua:94: unexpected symbol near '%'
error: ...ourceVs22\TESTLOFFF_ONLINE\bin\server\script\lib\log.lua:94: unexpected symbol near '%'
error: ...ourceVs22\TESTLOFFF_ONLINE\bin\server\script\lib\log.lua:94: unexpected symbol near '%'
error: ...ourceVs22\TESTLOFFF_ONLINE\bin\server\script\lib\log.lua:94: unexpected symbol near '%'
error: ...s22\TESTLOFFF_ONLINE\bin\server\script\lib\baseclass.lua:26: unexpected symbol near '%'
error: ...\TESTLOFFF_ONLINE\bin\server\script\lib\composeclass.lua:80: attempt to index a nil value (global 'tbBaseClass')
stack traceback:
	...\TESTLOFFF_ONLINE\bin\server\script\lib\composeclass.lua:80: in main chunk
	[C]: in function 'Include'
	...FFF_ONLINE\bin\server\scriptjx2\lib\composelistclass.lua:1: in main chunk
	[C]: in function 'Include'
	[string "?"]:13: in main chunk
error: ...FFF_ONLINE\bin\server\scriptjx2\lib\composelistclass.lua:3: attempt to index a nil value (global 'tbBaseClass')
stack traceback:
	...FFF_ONLINE\bin\server\scriptjx2\lib\composelistclass.lua:3: in main chunk
	[C]: in function 'Include'
	[string "?"]:13: in main chunk
error: ...ourceVs22\TESTLOFFF_ONLINE\bin\server\script\lib\log.lua:94: unexpected symbol near '%'
error: ...ourceVs22\TESTLOFFF_ONLINE\bin\server\script\lib\log.lua:94: unexpected symbol near '%'
error: ...ourceVs22\TESTLOFFF_ONLINE\bin\server\script\lib\log.lua:94: unexpected symbol near '%'
error: ...ourceVs22\TESTLOFFF_ONLINE\bin\server\script\lib\log.lua:94: unexpected symbol near '%'
error: ...ourceVs22\TESTLOFFF_ONLINE\bin\server\script\lib\log.lua:94: unexpected symbol near '%'
error: ...ourceVs22\TESTLOFFF_ONLINE\bin\server\script\lib\log.lua:94: unexpected symbol near '%'
error: ...s22\TESTLOFFF_ONLINE\bin\server\script\lib\baseclass.lua:26: unexpected symbol near '%'
error: ...s22\TESTLOFFF_ONLINE\bin\server\script\lib\composeex.lua:44: attempt to index a nil value (global 'tbBaseClass')
stack traceback:
	...s22\TESTLOFFF_ONLINE\bin\server\script\lib\composeex.lua:44: in main chunk
	[C]: in function 'Include'
	[string "?"]:14: in main chunk
error: ...OFFF_ONLINE\bin\server\script\task\task_addplayerexp.lua:16: unexpected symbol near '%'
error: ...ourceVs22\TESTLOFFF_ONLINE\bin\server\script\lib\log.lua:94: unexpected symbol near '%'
error: ...eVs22\TESTLOFFF_ONLINE\bin\server\scriptjx2\lib\file.lua:57: unexpected symbol near '%'
error: ...ourceVs22\TESTLOFFF_ONLINE\bin\server\script\lib\log.lua:94: unexpected symbol near '%'
error: ...ourceVs22\TESTLOFFF_ONLINE\bin\server\script\lib\log.lua:94: unexpected symbol near '%'
error: ...ourceVs22\TESTLOFFF_ONLINE\bin\server\script\lib\log.lua:94: unexpected symbol near '%'
error: ...ourceVs22\TESTLOFFF_ONLINE\bin\server\script\lib\log.lua:94: unexpected symbol near '%'
error: ...FF_ONLINE\bin\server\script\activitysys\playerfunlib.lua:708: unexpected symbol near '%'
error: ...FFF_ONLINE\bin\server\script\misc\eventsys\type\func.lua:107: attempt to call a table value (for iterator 'for iterator')
stack traceback:
	...FFF_ONLINE\bin\server\script\misc\eventsys\type\func.lua:107: in main chunk
	[C]: in function 'Include'
	...E\bin\server\script\missions\fengling_ferry\fld_head.lua:8: in main chunk
	[C]: in function 'Include'
	[string "?"]:2: in main chunk
error: ...ourceVs22\TESTLOFFF_ONLINE\bin\server\script\lib\log.lua:94: unexpected symbol near '%'
error: ...ourceVs22\TESTLOFFF_ONLINE\bin\server\script\lib\log.lua:94: unexpected symbol near '%'
error: ...ourceVs22\TESTLOFFF_ONLINE\bin\server\script\lib\log.lua:94: unexpected symbol near '%'
error: ...s22\TESTLOFFF_ONLINE\bin\server\script\lib\baseclass.lua:26: unexpected symbol near '%'
error: ..._ONLINE\bin\server\script\activitysys\activitydetail.lua:106: unexpected symbol near '%'
error: ...\TESTLOFFF_ONLINE\bin\server\script\misc\taskmanager.lua:340: unexpected symbol near '%'
error: ...ourceVs22\TESTLOFFF_ONLINE\bin\server\script\lib\log.lua:94: unexpected symbol near '%'
error: ...ourceVs22\TESTLOFFF_ONLINE\bin\server\script\lib\log.lua:94: unexpected symbol near '%'
error: ...ourceVs22\TESTLOFFF_ONLINE\bin\server\script\lib\log.lua:94: unexpected symbol near '%'
error: ...FFF_ONLINE\bin\server\script\activitysys\functionlib.lua:105: unexpected symbol near '%'
error: ...FFF_ONLINE\bin\server\script\activitysys\functionlib.lua:105: unexpected symbol near '%'
error: ...FF_ONLINE\bin\server\script\activitysys\playerfunlib.lua:708: unexpected symbol near '%'
error: ...eVs22\TESTLOFFF_ONLINE\bin\server\scriptjx2\lib\file.lua:57: unexpected symbol near '%'
error: ...eVs22\TESTLOFFF_ONLINE\bin\server\scriptjx2\lib\file.lua:57: unexpected symbol near '%'
error: ...OFFF_ONLINE\bin\server\script\misc\eventsys\eventsys.lua:11: attempt to call a table value (for iterator 'for iterator')
stack traceback:
	...OFFF_ONLINE\bin\server\script\misc\eventsys\eventsys.lua:11: in method 'NewType'
	...F_ONLINE\bin\server\script\misc\eventsys\type\player.lua:3: in main chunk
	[C]: in function 'Include'
	...LINE\bin\server\script\task\metempsychosis\task_func.lua:16: in main chunk
	[C]: in function 'Include'
	...F_ONLINE\bin\server\script\event\change_destiny\head.lua:2: in main chunk
	[C]: in function 'Include'
	...NLINE\bin\server\script\event\change_destiny\mission.lua:1: in main chunk
	[C]: in function 'Include'
	[string "?"]:4: in main chunk
error: ...FFF_ONLINE\bin\server\script\misc\eventsys\type\func.lua:107: attempt to call a table value (for iterator 'for iterator')
stack traceback:
	...FFF_ONLINE\bin\server\script\misc\eventsys\type\func.lua:107: in main chunk
	[C]: in function 'Include'
	[string "?"]:5: in main chunk
error: ...eVs22\TESTLOFFF_ONLINE\bin\server\scriptjx2\lib\file.lua:57: unexpected symbol near '%'
error: ...ourceVs22\TESTLOFFF_ONLINE\bin\server\script\lib\log.lua:94: unexpected symbol near '%'
error: ...ourceVs22\TESTLOFFF_ONLINE\bin\server\script\lib\log.lua:94: unexpected symbol near '%'
error: ...ourceVs22\TESTLOFFF_ONLINE\bin\server\script\lib\log.lua:94: unexpected symbol near '%'
error: ...ourceVs22\TESTLOFFF_ONLINE\bin\server\script\lib\log.lua:94: unexpected symbol near '%'
error: ...FF_ONLINE\bin\server\script\activitysys\playerfunlib.lua:708: unexpected symbol near '%'
error: ...FFF_ONLINE\bin\server\script\misc\eventsys\type\func.lua:107: attempt to call a table value (for iterator 'for iterator')
stack traceback:
	...FFF_ONLINE\bin\server\script\misc\eventsys\type\func.lua:107: in main chunk
	[C]: in function 'Include'
	...E\bin\server\script\missions\fengling_ferry\fld_head.lua:8: in main chunk
	[C]: in function 'Include'
	[string "?"]:1: in main chunk
error: ...eVs22\TESTLOFFF_ONLINE\bin\server\scriptjx2\lib\file.lua:57: unexpected symbol near '%'
error: ...ourceVs22\TESTLOFFF_ONLINE\bin\server\script\lib\log.lua:94: unexpected symbol near '%'
error: ...ourceVs22\TESTLOFFF_ONLINE\bin\server\script\lib\log.lua:94: unexpected symbol near '%'
error: ...ourceVs22\TESTLOFFF_ONLINE\bin\server\script\lib\log.lua:94: unexpected symbol near '%'
error: ...ourceVs22\TESTLOFFF_ONLINE\bin\server\script\lib\log.lua:94: unexpected symbol near '%'
error: ...FF_ONLINE\bin\server\script\activitysys\playerfunlib.lua:708: unexpected symbol near '%'
error: ...FFF_ONLINE\bin\server\script\misc\eventsys\type\func.lua:107: attempt to call a table value (for iterator 'for iterator')
stack traceback:
	...FFF_ONLINE\bin\server\script\misc\eventsys\type\func.lua:107: in main chunk
	[C]: in function 'Include'
	...E\bin\server\script\missions\fengling_ferry\fld_head.lua:8: in main chunk
	[C]: in function 'Include'
	[string "?"]:1: in main chunk
error: ...eVs22\TESTLOFFF_ONLINE\bin\server\scriptjx2\lib\file.lua:57: unexpected symbol near '%'
error: ...ourceVs22\TESTLOFFF_ONLINE\bin\server\script\lib\log.lua:94: unexpected symbol near '%'
error: ...ourceVs22\TESTLOFFF_ONLINE\bin\server\script\lib\log.lua:94: unexpected symbol near '%'
error: ...ourceVs22\TESTLOFFF_ONLINE\bin\server\script\lib\log.lua:94: unexpected symbol near '%'
error: ...ourceVs22\TESTLOFFF_ONLINE\bin\server\script\lib\log.lua:94: unexpected symbol near '%'
error: ...FF_ONLINE\bin\server\script\activitysys\playerfunlib.lua:708: unexpected symbol near '%'
error: ...FFF_ONLINE\bin\server\script\misc\eventsys\type\func.lua:107: attempt to call a table value (for iterator 'for iterator')
stack traceback:
	...FFF_ONLINE\bin\server\script\misc\eventsys\type\func.lua:107: in main chunk
	[C]: in function 'Include'
	...E\bin\server\script\missions\fengling_ferry\fld_head.lua:8: in main chunk
	[C]: in function 'Include'
	[string "?"]:1: in main chunk
error: ...eVs22\TESTLOFFF_ONLINE\bin\server\scriptjx2\lib\file.lua:57: unexpected symbol near '%'
error: ...ourceVs22\TESTLOFFF_ONLINE\bin\server\script\lib\log.lua:94: unexpected symbol near '%'
error: ...ourceVs22\TESTLOFFF_ONLINE\bin\server\script\lib\log.lua:94: unexpected symbol near '%'
error: ...ourceVs22\TESTLOFFF_ONLINE\bin\server\script\lib\log.lua:94: unexpected symbol near '%'
error: ...ourceVs22\TESTLOFFF_ONLINE\bin\server\script\lib\log.lua:94: unexpected symbol near '%'
error: ...FF_ONLINE\bin\server\script\activitysys\playerfunlib.lua:708: unexpected symbol near '%'
error: ...FFF_ONLINE\bin\server\script\misc\eventsys\type\func.lua:107: attempt to call a table value (for iterator 'for iterator')
stack traceback:
	...FFF_ONLINE\bin\server\script\misc\eventsys\type\func.lua:107: in main chunk
	[C]: in function 'Include'
	...E\bin\server\script\missions\fengling_ferry\fld_head.lua:8: in main chunk
	[C]: in function 'Include'
	[string "?"]:1: in main chunk
error: ...eVs22\TESTLOFFF_ONLINE\bin\server\scriptjx2\lib\file.lua:57: unexpected symbol near '%'
error: ...ourceVs22\TESTLOFFF_ONLINE\bin\server\script\lib\log.lua:94: unexpected symbol near '%'
error: ...ourceVs22\TESTLOFFF_ONLINE\bin\server\script\lib\log.lua:94: unexpected symbol near '%'
error: ...ourceVs22\TESTLOFFF_ONLINE\bin\server\script\lib\log.lua:94: unexpected symbol near '%'
error: ...ourceVs22\TESTLOFFF_ONLINE\bin\server\script\lib\log.lua:94: unexpected symbol near '%'
error: ...FF_ONLINE\bin\server\script\activitysys\playerfunlib.lua:708: unexpected symbol near '%'
error: ...FFF_ONLINE\bin\server\script\misc\eventsys\type\func.lua:107: attempt to call a table value (for iterator 'for iterator')
stack traceback:
	...FFF_ONLINE\bin\server\script\misc\eventsys\type\func.lua:107: in main chunk
	[C]: in function 'Include'
	[string "?"]:8: in main chunk
error: ...eVs22\TESTLOFFF_ONLINE\bin\server\scriptjx2\lib\file.lua:57: unexpected symbol near '%'
error: ...ourceVs22\TESTLOFFF_ONLINE\bin\server\script\lib\log.lua:94: unexpected symbol near '%'
error: ...ourceVs22\TESTLOFFF_ONLINE\bin\server\script\lib\log.lua:94: unexpected symbol near '%'
error: ...ourceVs22\TESTLOFFF_ONLINE\bin\server\script\lib\log.lua:94: unexpected symbol near '%'
error: ...ourceVs22\TESTLOFFF_ONLINE\bin\server\script\lib\log.lua:94: unexpected symbol near '%'
error: ...FF_ONLINE\bin\server\script\activitysys\playerfunlib.lua:708: unexpected symbol near '%'
error: ...FFF_ONLINE\bin\server\script\misc\eventsys\type\func.lua:107: attempt to call a table value (for iterator 'for iterator')
stack traceback:
	...FFF_ONLINE\bin\server\script\misc\eventsys\type\func.lua:107: in main chunk
	[C]: in function 'Include'
	...E\bin\server\script\missions\fengling_ferry\fld_head.lua:8: in main chunk
	[C]: in function 'Include'
	[string "?"]:1: in main chunk
error: [string "?"]:13: unexpected symbol near '%'
2026/09/05 12:25:00.248 	 ScriptError 3. (\script\missions\fengling_ferry\fld_smalltimer.lua) 

2026/09/05 12:25:00.248 	 ScriptError 3. (\script\missions\fengling_ferry\fld_smalltimer.lua) 

error: [string "?"]:25: unexpected symbol near '%'
2026/09/05 12:25:00.249 	 ScriptError 3. (\script\missions\fengling_ferry\hd3_baoruongthuytac.lua) 

2026/09/05 12:25:00.249 	 ScriptError 3. (\script\missions\fengling_ferry\hd3_baoruongthuytac.lua) 

error: ...eVs22\TESTLOFFF_ONLINE\bin\server\scriptjx2\lib\file.lua:57: unexpected symbol near '%'
error: ...ourceVs22\TESTLOFFF_ONLINE\bin\server\script\lib\log.lua:94: unexpected symbol near '%'
error: ...ourceVs22\TESTLOFFF_ONLINE\bin\server\script\lib\log.lua:94: unexpected symbol near '%'
error: ...ourceVs22\TESTLOFFF_ONLINE\bin\server\script\lib\log.lua:94: unexpected symbol near '%'
error: ...ourceVs22\TESTLOFFF_ONLINE\bin\server\script\lib\log.lua:94: unexpected symbol near '%'
error: ...FF_ONLINE\bin\server\script\activitysys\playerfunlib.lua:708: unexpected symbol near '%'
error: ...FFF_ONLINE\bin\server\script\misc\eventsys\type\func.lua:107: attempt to call a table value (for iterator 'for iterator')
stack traceback:
	...FFF_ONLINE\bin\server\script\misc\eventsys\type\func.lua:107: in main chunk
	[C]: in function 'Include'
	...E\bin\server\script\missions\fengling_ferry\fld_head.lua:8: in main chunk
	[C]: in function 'Include'
	[string "?"]:6: in main chunk
error: ...ourceVs22\TESTLOFFF_ONLINE\bin\server\script\lib\log.lua:94: unexpected symbol near '%'
error: ...ourceVs22\TESTLOFFF_ONLINE\bin\server\script\lib\log.lua:94: unexpected symbol near '%'
error: ...ourceVs22\TESTLOFFF_ONLINE\bin\server\script\lib\log.lua:94: unexpected symbol near '%'
error: ...eVs22\TESTLOFFF_ONLINE\bin\server\scriptjx2\lib\file.lua:57: unexpected symbol near '%'
error: ...ourceVs22\TESTLOFFF_ONLINE\bin\server\script\lib\log.lua:94: unexpected symbol near '%'
error: ...ourceVs22\TESTLOFFF_ONLINE\bin\server\script\lib\log.lua:94: unexpected symbol near '%'
error: ...ourceVs22\TESTLOFFF_ONLINE\bin\server\script\lib\log.lua:94: unexpected symbol near '%'
error: ...ourceVs22\TESTLOFFF_ONLINE\bin\server\script\lib\log.lua:94: unexpected symbol near '%'
error: ...FF_ONLINE\bin\server\script\activitysys\playerfunlib.lua:708: unexpected symbol near '%'
error: ...FFF_ONLINE\bin\server\script\misc\eventsys\type\func.lua:107: attempt to call a table value (for iterator 'for iterator')
stack traceback:
	...FFF_ONLINE\bin\server\script\misc\eventsys\type\func.lua:107: in main chunk
	[C]: in function 'Include'
	...E\bin\server\script\missions\fengling_ferry\fld_head.lua:8: in main chunk
	[C]: in function 'Include'
	[string "?"]:3: in main chunk
error: ...s22\TESTLOFFF_ONLINE\bin\server\script\lib\baseclass.lua:26: unexpected symbol near '%'
error: ..._ONLINE\bin\server\script\activitysys\activitydetail.lua:106: unexpected symbol near '%'
error: ...\TESTLOFFF_ONLINE\bin\server\script\misc\taskmanager.lua:340: unexpected symbol near '%'
error: ...ourceVs22\TESTLOFFF_ONLINE\bin\server\script\lib\log.lua:94: unexpected symbol near '%'
error: ...ourceVs22\TESTLOFFF_ONLINE\bin\server\script\lib\log.lua:94: unexpected symbol near '%'
error: ...ourceVs22\TESTLOFFF_ONLINE\bin\server\script\lib\log.lua:94: unexpected symbol near '%'
error: ...FFF_ONLINE\bin\server\script\activitysys\functionlib.lua:105: unexpected symbol near '%'
error: ...FFF_ONLINE\bin\server\script\activitysys\functionlib.lua:105: unexpected symbol near '%'
error: ...FF_ONLINE\bin\server\script\activitysys\playerfunlib.lua:708: unexpected symbol near '%'
error: ...FFF_ONLINE\bin\server\script\misc\eventsys\type\func.lua:107: attempt to call a table value (for iterator 'for iterator')
stack traceback:
	...FFF_ONLINE\bin\server\script\misc\eventsys\type\func.lua:107: in main chunk
	[C]: in function 'Include'
	[string "?"]:7: in main chunk
error: ...ourceVs22\TESTLOFFF_ONLINE\bin\server\script\lib\log.lua:94: unexpected symbol near '%'
error: ...ourceVs22\TESTLOFFF_ONLINE\bin\server\script\lib\log.lua:94: unexpected symbol near '%'
error: ...ourceVs22\TESTLOFFF_ONLINE\bin\server\script\lib\log.lua:94: unexpected symbol near '%'
error: ...ourceVs22\TESTLOFFF_ONLINE\bin\server\script\lib\log.lua:94: unexpected symbol near '%'
error: ...ourceVs22\TESTLOFFF_ONLINE\bin\server\script\lib\log.lua:94: unexpected symbol near '%'
error: ...ourceVs22\TESTLOFFF_ONLINE\bin\server\script\lib\log.lua:94: unexpected symbol near '%'
error: ...s22\TESTLOFFF_ONLINE\bin\server\script\lib\baseclass.lua:26: unexpected symbol near '%'
error: ..._ONLINE\bin\server\script\activitysys\activitydetail.lua:106: unexpected symbol near '%'
error: ...\TESTLOFFF_ONLINE\bin\server\script\misc\taskmanager.lua:340: unexpected symbol near '%'
error: ...ourceVs22\TESTLOFFF_ONLINE\bin\server\script\lib\log.lua:94: unexpected symbol near '%'
error: ...ourceVs22\TESTLOFFF_ONLINE\bin\server\script\lib\log.lua:94: unexpected symbol near '%'
error: ...ourceVs22\TESTLOFFF_ONLINE\bin\server\script\lib\log.lua:94: unexpected symbol near '%'
error: ...FFF_ONLINE\bin\server\script\activitysys\functionlib.lua:105: unexpected symbol near '%'
error: ...FFF_ONLINE\bin\server\script\activitysys\functionlib.lua:105: unexpected symbol near '%'
error: ...FF_ONLINE\bin\server\script\activitysys\playerfunlib.lua:708: unexpected symbol near '%'
error: ...FFF_ONLINE\bin\server\script\misc\eventsys\type\func.lua:107: attempt to call a table value (for iterator 'for iterator')
stack traceback:
	...FFF_ONLINE\bin\server\script\misc\eventsys\type\func.lua:107: in main chunk
	[C]: in function 'Include'
	[string "?"]:4: in main chunk
error: ...eVs22\TESTLOFFF_ONLINE\bin\server\scriptjx2\lib\file.lua:57: unexpected symbol near '%'
error: ...eVs22\TESTLOFFF_ONLINE\bin\server\scriptjx2\lib\file.lua:57: unexpected symbol near '%'
error: ...eVs22\TESTLOFFF_ONLINE\bin\server\scriptjx2\lib\file.lua:57: unexpected symbol near '%'
error: ...eVs22\TESTLOFFF_ONLINE\bin\server\scriptjx2\lib\file.lua:57: unexpected symbol near '%'
error: ...eVs22\TESTLOFFF_ONLINE\bin\server\scriptjx2\lib\file.lua:57: unexpected symbol near '%'
error: ...eVs22\TESTLOFFF_ONLINE\bin\server\scriptjx2\lib\file.lua:57: unexpected symbol near '%'
error: ...eVs22\TESTLOFFF_ONLINE\bin\server\scriptjx2\lib\file.lua:57: unexpected symbol near '%'
error: ...eVs22\TESTLOFFF_ONLINE\bin\server\scriptjx2\lib\file.lua:57: unexpected symbol near '%'
error: ...eVs22\TESTLOFFF_ONLINE\bin\server\scriptjx2\lib\file.lua:57: unexpected symbol near '%'
error: ...eVs22\TESTLOFFF_ONLINE\bin\server\scriptjx2\lib\file.lua:57: unexpected symbol near '%'
error: ...eVs22\TESTLOFFF_ONLINE\bin\server\scriptjx2\lib\file.lua:57: unexpected symbol near '%'
error: ...eVs22\TESTLOFFF_ONLINE\bin\server\scriptjx2\lib\file.lua:57: unexpected symbol near '%'
error: ...eVs22\TESTLOFFF_ONLINE\bin\server\scriptjx2\lib\file.lua:57: unexpected symbol near '%'
error: ...eVs22\TESTLOFFF_ONLINE\bin\server\scriptjx2\lib\file.lua:57: unexpected symbol near '%'
error: ...eVs22\TESTLOFFF_ONLINE\bin\server\scriptjx2\lib\file.lua:57: unexpected symbol near '%'
error: ...eVs22\TESTLOFFF_ONLINE\bin\server\scriptjx2\lib\file.lua:57: unexpected symbol near '%'
error: ...eVs22\TESTLOFFF_ONLINE\bin\server\scriptjx2\lib\file.lua:57: unexpected symbol near '%'
error: ...eVs22\TESTLOFFF_ONLINE\bin\server\scriptjx2\lib\file.lua:57: unexpected symbol near '%'
error: ...eVs22\TESTLOFFF_ONLINE\bin\server\scriptjx2\lib\file.lua:57: unexpected symbol near '%'
error: ...eVs22\TESTLOFFF_ONLINE\bin\server\scriptjx2\lib\file.lua:57: unexpected symbol near '%'
error: ...eVs22\TESTLOFFF_ONLINE\bin\server\scriptjx2\lib\file.lua:57: unexpected symbol near '%'
error: ...eVs22\TESTLOFFF_ONLINE\bin\server\scriptjx2\lib\file.lua:57: unexpected symbol near '%'
error: ...eVs22\TESTLOFFF_ONLINE\bin\server\scriptjx2\lib\file.lua:57: unexpected symbol near '%'
error: ...eVs22\TESTLOFFF_ONLINE\bin\server\scriptjx2\lib\file.lua:57: unexpected symbol near '%'
error: ...eVs22\TESTLOFFF_ONLINE\bin\server\scriptjx2\lib\file.lua:57: unexpected symbol near '%'
error: ...eVs22\TESTLOFFF_ONLINE\bin\server\scriptjx2\lib\file.lua:57: unexpected symbol near '%'
error: ...eVs22\TESTLOFFF_ONLINE\bin\server\scriptjx2\lib\file.lua:57: unexpected symbol near '%'
error: ...eVs22\TESTLOFFF_ONLINE\bin\server\scriptjx2\lib\file.lua:57: unexpected symbol near '%'
error: ...eVs22\TESTLOFFF_ONLINE\bin\server\scriptjx2\lib\file.lua:57: unexpected symbol near '%'
error: ...eVs22\TESTLOFFF_ONLINE\bin\server\scriptjx2\lib\file.lua:57: unexpected symbol near '%'
error: ...eVs22\TESTLOFFF_ONLINE\bin\server\scriptjx2\lib\file.lua:57: unexpected symbol near '%'
error: ...eVs22\TESTLOFFF_ONLINE\bin\server\scriptjx2\lib\file.lua:57: unexpected symbol near '%'
error: ...eVs22\TESTLOFFF_ONLINE\bin\server\scriptjx2\lib\file.lua:57: unexpected symbol near '%'
error: ...eVs22\TESTLOFFF_ONLINE\bin\server\scriptjx2\lib\file.lua:57: unexpected symbol near '%'
error: ...eVs22\TESTLOFFF_ONLINE\bin\server\scriptjx2\lib\file.lua:57: unexpected symbol near '%'
error: ...eVs22\TESTLOFFF_ONLINE\bin\server\scriptjx2\lib\file.lua:57: unexpected symbol near '%'
error: ...eVs22\TESTLOFFF_ONLINE\bin\server\scriptjx2\lib\file.lua:57: unexpected symbol near '%'
error: ...eVs22\TESTLOFFF_ONLINE\bin\server\scriptjx2\lib\file.lua:57: unexpected symbol near '%'
error: ...eVs22\TESTLOFFF_ONLINE\bin\server\scriptjx2\lib\file.lua:57: unexpected symbol near '%'
error: ...eVs22\TESTLOFFF_ONLINE\bin\server\scriptjx2\lib\file.lua:57: unexpected symbol near '%'
error: ...eVs22\TESTLOFFF_ONLINE\bin\server\scriptjx2\lib\file.lua:57: unexpected symbol near '%'
error: ...eVs22\TESTLOFFF_ONLINE\bin\server\scriptjx2\lib\file.lua:57: unexpected symbol near '%'
error: ...eVs22\TESTLOFFF_ONLINE\bin\server\scriptjx2\lib\file.lua:57: unexpected symbol near '%'
error: ...eVs22\TESTLOFFF_ONLINE\bin\server\scriptjx2\lib\file.lua:57: unexpected symbol near '%'
error: ...eVs22\TESTLOFFF_ONLINE\bin\server\scriptjx2\lib\file.lua:57: unexpected symbol near '%'
error: ...eVs22\TESTLOFFF_ONLINE\bin\server\scriptjx2\lib\file.lua:57: unexpected symbol near '%'
error: ...eVs22\TESTLOFFF_ONLINE\bin\server\scriptjx2\lib\file.lua:57: unexpected symbol near '%'
error: ...eVs22\TESTLOFFF_ONLINE\bin\server\scriptjx2\lib\file.lua:57: unexpected symbol near '%'
error: ...eVs22\TESTLOFFF_ONLINE\bin\server\scriptjx2\lib\file.lua:57: unexpected symbol near '%'
error: ...eVs22\TESTLOFFF_ONLINE\bin\server\scriptjx2\lib\file.lua:57: unexpected symbol near '%'
error: ...eVs22\TESTLOFFF_ONLINE\bin\server\scriptjx2\lib\file.lua:57: unexpected symbol near '%'
error: ...eVs22\TESTLOFFF_ONLINE\bin\server\scriptjx2\lib\file.lua:57: unexpected symbol near '%'
error: ...eVs22\TESTLOFFF_ONLINE\bin\server\scriptjx2\lib\file.lua:57: unexpected symbol near '%'
error: ...eVs22\TESTLOFFF_ONLINE\bin\server\scriptjx2\lib\file.lua:57: unexpected symbol near '%'
error: ...eVs22\TESTLOFFF_ONLINE\bin\server\scriptjx2\lib\file.lua:57: unexpected symbol near '%'
error: ...eVs22\TESTLOFFF_ONLINE\bin\server\scriptjx2\lib\file.lua:57: unexpected symbol near '%'
error: ...eVs22\TESTLOFFF_ONLINE\bin\server\scriptjx2\lib\file.lua:57: unexpected symbol near '%'
error: ...eVs22\TESTLOFFF_ONLINE\bin\server\scriptjx2\lib\file.lua:57: unexpected symbol near '%'
error: ...eVs22\TESTLOFFF_ONLINE\bin\server\scriptjx2\lib\file.lua:57: unexpected symbol near '%'
error: ...eVs22\TESTLOFFF_ONLINE\bin\server\scriptjx2\lib\file.lua:57: unexpected symbol near '%'
error: ...eVs22\TESTLOFFF_ONLINE\bin\server\scriptjx2\lib\file.lua:57: unexpected symbol near '%'
error: ...eVs22\TESTLOFFF_ONLINE\bin\server\scriptjx2\lib\file.lua:57: unexpected symbol near '%'
error: ...eVs22\TESTLOFFF_ONLINE\bin\server\scriptjx2\lib\file.lua:57: unexpected symbol near '%'
error: ...eVs22\TESTLOFFF_ONLINE\bin\server\scriptjx2\lib\file.lua:57: unexpected symbol near '%'
error: ...eVs22\TESTLOFFF_ONLINE\bin\server\scriptjx2\lib\file.lua:57: unexpected symbol near '%'
error: ...eVs22\TESTLOFFF_ONLINE\bin\server\scriptjx2\lib\file.lua:57: unexpected symbol near '%'
error: ...eVs22\TESTLOFFF_ONLINE\bin\server\scriptjx2\lib\file.lua:57: unexpected symbol near '%'
error: ...eVs22\TESTLOFFF_ONLINE\bin\server\scriptjx2\lib\file.lua:57: unexpected symbol near '%'
error: ...eVs22\TESTLOFFF_ONLINE\bin\server\scriptjx2\lib\file.lua:57: unexpected symbol near '%'
error: ...eVs22\TESTLOFFF_ONLINE\bin\server\scriptjx2\lib\file.lua:57: unexpected symbol near '%'
error: ...eVs22\TESTLOFFF_ONLINE\bin\server\scriptjx2\lib\file.lua:57: unexpected symbol near '%'
error: ...eVs22\TESTLOFFF_ONLINE\bin\server\scriptjx2\lib\file.lua:57: unexpected symbol near '%'
error: ...eVs22\TESTLOFFF_ONLINE\bin\server\scriptjx2\lib\file.lua:57: unexpected symbol near '%'
error: ...eVs22\TESTLOFFF_ONLINE\bin\server\scriptjx2\lib\file.lua:57: unexpected symbol near '%'
error: ...eVs22\TESTLOFFF_ONLINE\bin\server\scriptjx2\lib\file.lua:57: unexpected symbol near '%'
error: ...eVs22\TESTLOFFF_ONLINE\bin\server\scriptjx2\lib\file.lua:57: unexpected symbol near '%'
error: ...eVs22\TESTLOFFF_ONLINE\bin\server\scriptjx2\lib\file.lua:57: unexpected symbol near '%'
error: ...eVs22\TESTLOFFF_ONLINE\bin\server\scriptjx2\lib\file.lua:57: unexpected symbol near '%'
error: ...eVs22\TESTLOFFF_ONLINE\bin\server\scriptjx2\lib\file.lua:57: unexpected symbol near '%'
error: ...eVs22\TESTLOFFF_ONLINE\bin\server\scriptjx2\lib\file.lua:57: unexpected symbol near '%'
error: ...eVs22\TESTLOFFF_ONLINE\bin\server\scriptjx2\lib\file.lua:57: unexpected symbol near '%'
error: ...eVs22\TESTLOFFF_ONLINE\bin\server\scriptjx2\lib\file.lua:57: unexpected symbol near '%'
error: ...eVs22\TESTLOFFF_ONLINE\bin\server\scriptjx2\lib\file.lua:57: unexpected symbol near '%'
error: ...eVs22\TESTLOFFF_ONLINE\bin\server\scriptjx2\lib\file.lua:57: unexpected symbol near '%'
error: ...eVs22\TESTLOFFF_ONLINE\bin\server\scriptjx2\lib\file.lua:57: unexpected symbol near '%'
error: ...eVs22\TESTLOFFF_ONLINE\bin\server\scriptjx2\lib\file.lua:57: unexpected symbol near '%'
error: ...eVs22\TESTLOFFF_ONLINE\bin\server\scriptjx2\lib\file.lua:57: unexpected symbol near '%'
error: ...eVs22\TESTLOFFF_ONLINE\bin\server\scriptjx2\lib\file.lua:57: unexpected symbol near '%'
error: ...eVs22\TESTLOFFF_ONLINE\bin\server\scriptjx2\lib\file.lua:57: unexpected symbol near '%'
error: ...eVs22\TESTLOFFF_ONLINE\bin\server\scriptjx2\lib\file.lua:57: unexpected symbol near '%'
error: ...eVs22\TESTLOFFF_ONLINE\bin\server\scriptjx2\lib\file.lua:57: unexpected symbol near '%'
error: ...eVs22\TESTLOFFF_ONLINE\bin\server\scriptjx2\lib\file.lua:57: unexpected symbol near '%'
error: ...eVs22\TESTLOFFF_ONLINE\bin\server\scriptjx2\lib\file.lua:57: unexpected symbol near '%'
error: ...eVs22\TESTLOFFF_ONLINE\bin\server\scriptjx2\lib\file.lua:57: unexpected symbol near '%'
error: ...eVs22\TESTLOFFF_ONLINE\bin\server\scriptjx2\lib\file.lua:57: unexpected symbol near '%'
error: ...eVs22\TESTLOFFF_ONLINE\bin\server\scriptjx2\lib\file.lua:57: unexpected symbol near '%'
error: ...eVs22\TESTLOFFF_ONLINE\bin\server\scriptjx2\lib\file.lua:57: unexpected symbol near '%'
error: ...eVs22\TESTLOFFF_ONLINE\bin\server\scriptjx2\lib\file.lua:57: unexpected symbol near '%'
error: ...eVs22\TESTLOFFF_ONLINE\bin\server\scriptjx2\lib\file.lua:57: unexpected symbol near '%'
error: ...eVs22\TESTLOFFF_ONLINE\bin\server\scriptjx2\lib\file.lua:57: unexpected symbol near '%'
error: ...eVs22\TESTLOFFF_ONLINE\bin\server\scriptjx2\lib\file.lua:57: unexpected symbol near '%'
error: ...eVs22\TESTLOFFF_ONLINE\bin\server\scriptjx2\lib\file.lua:57: unexpected symbol near '%'
error: ...eVs22\TESTLOFFF_ONLINE\bin\server\scriptjx2\lib\file.lua:57: unexpected symbol near '%'
error: ...eVs22\TESTLOFFF_ONLINE\bin\server\scriptjx2\lib\file.lua:57: unexpected symbol near '%'
error: ...eVs22\TESTLOFFF_ONLINE\bin\server\scriptjx2\lib\file.lua:57: unexpected symbol near '%'
error: ...eVs22\TESTLOFFF_ONLINE\bin\server\scriptjx2\lib\file.lua:57: unexpected symbol near '%'
error: ...eVs22\TESTLOFFF_ONLINE\bin\server\scriptjx2\lib\file.lua:57: unexpected symbol near '%'
error: ...eVs22\TESTLOFFF_ONLINE\bin\server\scriptjx2\lib\file.lua:57: unexpected symbol near '%'
error: ...eVs22\TESTLOFFF_ONLINE\bin\server\scriptjx2\lib\file.lua:57: unexpected symbol near '%'
error: ...eVs22\TESTLOFFF_ONLINE\bin\server\scriptjx2\lib\file.lua:57: unexpected symbol near '%'
error: ...eVs22\TESTLOFFF_ONLINE\bin\server\scriptjx2\lib\file.lua:57: unexpected symbol near '%'
error: ...eVs22\TESTLOFFF_ONLINE\bin\server\scriptjx2\lib\file.lua:57: unexpected symbol near '%'
error: ...eVs22\TESTLOFFF_ONLINE\bin\server\scriptjx2\lib\file.lua:57: unexpected symbol near '%'
error: ...eVs22\TESTLOFFF_ONLINE\bin\server\scriptjx2\lib\file.lua:57: unexpected symbol near '%'
error: ...eVs22\TESTLOFFF_ONLINE\bin\server\scriptjx2\lib\file.lua:57: unexpected symbol near '%'
error: ...eVs22\TESTLOFFF_ONLINE\bin\server\scriptjx2\lib\file.lua:57: unexpected symbol near '%'
error: ...eVs22\TESTLOFFF_ONLINE\bin\server\scriptjx2\lib\file.lua:57: unexpected symbol near '%'
error: ...eVs22\TESTLOFFF_ONLINE\bin\server\scriptjx2\lib\file.lua:57: unexpected symbol near '%'
error: ...eVs22\TESTLOFFF_ONLINE\bin\server\scriptjx2\lib\file.lua:57: unexpected symbol near '%'
error: ...eVs22\TESTLOFFF_ONLINE\bin\server\scriptjx2\lib\file.lua:57: unexpected symbol near '%'
error: ...eVs22\TESTLOFFF_ONLINE\bin\server\scriptjx2\lib\file.lua:57: unexpected symbol near '%'
error: ...eVs22\TESTLOFFF_ONLINE\bin\server\scriptjx2\lib\file.lua:57: unexpected symbol near '%'
error: ...eVs22\TESTLOFFF_ONLINE\bin\server\scriptjx2\lib\file.lua:57: unexpected symbol near '%'
error: ...eVs22\TESTLOFFF_ONLINE\bin\server\scriptjx2\lib\file.lua:57: unexpected symbol near '%'
error: ...eVs22\TESTLOFFF_ONLINE\bin\server\scriptjx2\lib\file.lua:57: unexpected symbol near '%'
error: ...eVs22\TESTLOFFF_ONLINE\bin\server\scriptjx2\lib\file.lua:57: unexpected symbol near '%'
error: ...eVs22\TESTLOFFF_ONLINE\bin\server\scriptjx2\lib\file.lua:57: unexpected symbol near '%'
error: ...eVs22\TESTLOFFF_ONLINE\bin\server\scriptjx2\lib\file.lua:57: unexpected symbol near '%'
error: ...eVs22\TESTLOFFF_ONLINE\bin\server\scriptjx2\lib\file.lua:57: unexpected symbol near '%'
error: ...eVs22\TESTLOFFF_ONLINE\bin\server\scriptjx2\lib\file.lua:57: unexpected symbol near '%'
error: ...eVs22\TESTLOFFF_ONLINE\bin\server\scriptjx2\lib\file.lua:57: unexpected symbol near '%'
error: ...eVs22\TESTLOFFF_ONLINE\bin\server\scriptjx2\lib\file.lua:57: unexpected symbol near '%'
error: ...eVs22\TESTLOFFF_ONLINE\bin\server\scriptjx2\lib\file.lua:57: unexpected symbol near '%'
error: ...eVs22\TESTLOFFF_ONLINE\bin\server\scriptjx2\lib\file.lua:57: unexpected symbol near '%'
error: ...eVs22\TESTLOFFF_ONLINE\bin\server\scriptjx2\lib\file.lua:57: unexpected symbol near '%'
error: ...eVs22\TESTLOFFF_ONLINE\bin\server\scriptjx2\lib\file.lua:57: unexpected symbol near '%'
error: ...eVs22\TESTLOFFF_ONLINE\bin\server\scriptjx2\lib\file.lua:57: unexpected symbol near '%'
error: ...eVs22\TESTLOFFF_ONLINE\bin\server\scriptjx2\lib\file.lua:57: unexpected symbol near '%'
error: ...eVs22\TESTLOFFF_ONLINE\bin\server\scriptjx2\lib\file.lua:57: unexpected symbol near '%'
error: ...eVs22\TESTLOFFF_ONLINE\bin\server\scriptjx2\lib\file.lua:57: unexpected symbol near '%'
error: ...eVs22\TESTLOFFF_ONLINE\bin\server\scriptjx2\lib\file.lua:57: unexpected symbol near '%'
error: ...eVs22\TESTLOFFF_ONLINE\bin\server\scriptjx2\lib\file.lua:57: unexpected symbol near '%'
error: ...eVs22\TESTLOFFF_ONLINE\bin\server\scriptjx2\lib\file.lua:57: unexpected symbol near '%'
error: ...eVs22\TESTLOFFF_ONLINE\bin\server\scriptjx2\lib\file.lua:57: unexpected symbol near '%'
error: ...eVs22\TESTLOFFF_ONLINE\bin\server\scriptjx2\lib\file.lua:57: unexpected symbol near '%'
error: ...eVs22\TESTLOFFF_ONLINE\bin\server\scriptjx2\lib\file.lua:57: unexpected symbol near '%'
error: ...eVs22\TESTLOFFF_ONLINE\bin\server\scriptjx2\lib\file.lua:57: unexpected symbol near '%'
error: ...eVs22\TESTLOFFF_ONLINE\bin\server\scriptjx2\lib\file.lua:57: unexpected symbol near '%'
error: ...eVs22\TESTLOFFF_ONLINE\bin\server\scriptjx2\lib\file.lua:57: unexpected symbol near '%'
error: ...eVs22\TESTLOFFF_ONLINE\bin\server\scriptjx2\lib\file.lua:57: unexpected symbol near '%'
error: ...eVs22\TESTLOFFF_ONLINE\bin\server\scriptjx2\lib\file.lua:57: unexpected symbol near '%'
error: ...eVs22\TESTLOFFF_ONLINE\bin\server\scriptjx2\lib\file.lua:57: unexpected symbol near '%'
error: ...eVs22\TESTLOFFF_ONLINE\bin\server\scriptjx2\lib\file.lua:57: unexpected symbol near '%'
error: ...eVs22\TESTLOFFF_ONLINE\bin\server\scriptjx2\lib\file.lua:57: unexpected symbol near '%'
error: ...eVs22\TESTLOFFF_ONLINE\bin\server\scriptjx2\lib\file.lua:57: unexpected symbol near '%'
error: ...eVs22\TESTLOFFF_ONLINE\bin\server\scriptjx2\lib\file.lua:57: unexpected symbol near '%'
error: ...eVs22\TESTLOFFF_ONLINE\bin\server\scriptjx2\lib\file.lua:57: unexpected symbol near '%'
error: ...eVs22\TESTLOFFF_ONLINE\bin\server\scriptjx2\lib\file.lua:57: unexpected symbol near '%'
error: ...eVs22\TESTLOFFF_ONLINE\bin\server\scriptjx2\lib\file.lua:57: unexpected symbol near '%'
error: ...eVs22\TESTLOFFF_ONLINE\bin\server\scriptjx2\lib\file.lua:57: unexpected symbol near '%'
error: ...eVs22\TESTLOFFF_ONLINE\bin\server\scriptjx2\lib\file.lua:57: unexpected symbol near '%'
error: ...eVs22\TESTLOFFF_ONLINE\bin\server\scriptjx2\lib\file.lua:57: unexpected symbol near '%'
error: ...eVs22\TESTLOFFF_ONLINE\bin\server\scriptjx2\lib\file.lua:57: unexpected symbol near '%'
error: ...eVs22\TESTLOFFF_ONLINE\bin\server\scriptjx2\lib\file.lua:57: unexpected symbol near '%'
error: ...eVs22\TESTLOFFF_ONLINE\bin\server\scriptjx2\lib\file.lua:57: unexpected symbol near '%'
error: ...eVs22\TESTLOFFF_ONLINE\bin\server\scriptjx2\lib\file.lua:57: unexpected symbol near '%'
error: ...eVs22\TESTLOFFF_ONLINE\bin\server\scriptjx2\lib\file.lua:57: unexpected symbol near '%'
error: ...eVs22\TESTLOFFF_ONLINE\bin\server\scriptjx2\lib\file.lua:57: unexpected symbol near '%'
error: ...eVs22\TESTLOFFF_ONLINE\bin\server\scriptjx2\lib\file.lua:57: unexpected symbol near '%'
error: ...eVs22\TESTLOFFF_ONLINE\bin\server\scriptjx2\lib\file.lua:57: unexpected symbol near '%'
error: ...eVs22\TESTLOFFF_ONLINE\bin\server\scriptjx2\lib\file.lua:57: unexpected symbol near '%'
error: ...eVs22\TESTLOFFF_ONLINE\bin\server\scriptjx2\lib\file.lua:57: unexpected symbol near '%'
error: ...eVs22\TESTLOFFF_ONLINE\bin\server\scriptjx2\lib\file.lua:57: unexpected symbol near '%'
error: ...eVs22\TESTLOFFF_ONLINE\bin\server\scriptjx2\lib\file.lua:57: unexpected symbol near '%'
error: ...eVs22\TESTLOFFF_ONLINE\bin\server\scriptjx2\lib\file.lua:57: unexpected symbol near '%'
error: ...eVs22\TESTLOFFF_ONLINE\bin\server\scriptjx2\lib\file.lua:57: unexpected symbol near '%'
error: ...eVs22\TESTLOFFF_ONLINE\bin\server\scriptjx2\lib\file.lua:57: unexpected symbol near '%'
error: ...eVs22\TESTLOFFF_ONLINE\bin\server\scriptjx2\lib\file.lua:57: unexpected symbol near '%'
error: ...eVs22\TESTLOFFF_ONLINE\bin\server\scriptjx2\lib\file.lua:57: unexpected symbol near '%'
error: ...eVs22\TESTLOFFF_ONLINE\bin\server\scriptjx2\lib\file.lua:57: unexpected symbol near '%'
error: ...eVs22\TESTLOFFF_ONLINE\bin\server\scriptjx2\lib\file.lua:57: unexpected symbol near '%'
error: ...eVs22\TESTLOFFF_ONLINE\bin\server\scriptjx2\lib\file.lua:57: unexpected symbol near '%'
error: ...eVs22\TESTLOFFF_ONLINE\bin\server\scriptjx2\lib\file.lua:57: unexpected symbol near '%'
error: ...eVs22\TESTLOFFF_ONLINE\bin\server\scriptjx2\lib\file.lua:57: unexpected symbol near '%'
error: ...eVs22\TESTLOFFF_ONLINE\bin\server\scriptjx2\lib\file.lua:57: unexpected symbol near '%'
error: ...eVs22\TESTLOFFF_ONLINE\bin\server\scriptjx2\lib\file.lua:57: unexpected symbol near '%'
error: ...eVs22\TESTLOFFF_ONLINE\bin\server\scriptjx2\lib\file.lua:57: unexpected symbol near '%'
error: ...eVs22\TESTLOFFF_ONLINE\bin\server\scriptjx2\lib\file.lua:57: unexpected symbol near '%'
error: ...eVs22\TESTLOFFF_ONLINE\bin\server\scriptjx2\lib\file.lua:57: unexpected symbol near '%'
error: ...eVs22\TESTLOFFF_ONLINE\bin\server\scriptjx2\lib\file.lua:57: unexpected symbol near '%'
error: ...eVs22\TESTLOFFF_ONLINE\bin\server\scriptjx2\lib\file.lua:57: unexpected symbol near '%'
error: ...eVs22\TESTLOFFF_ONLINE\bin\server\scriptjx2\lib\file.lua:57: unexpected symbol near '%'
error: ...eVs22\TESTLOFFF_ONLINE\bin\server\scriptjx2\lib\file.lua:57: unexpected symbol near '%'
error: ...eVs22\TESTLOFFF_ONLINE\bin\server\scriptjx2\lib\file.lua:57: unexpected symbol near '%'
error: ...eVs22\TESTLOFFF_ONLINE\bin\server\scriptjx2\lib\file.lua:57: unexpected symbol near '%'
error: ...eVs22\TESTLOFFF_ONLINE\bin\server\scriptjx2\lib\file.lua:57: unexpected symbol near '%'
error: ...eVs22\TESTLOFFF_ONLINE\bin\server\scriptjx2\lib\file.lua:57: unexpected symbol near '%'
error: ...eVs22\TESTLOFFF_ONLINE\bin\server\scriptjx2\lib\file.lua:57: unexpected symbol near '%'
error: ...eVs22\TESTLOFFF_ONLINE\bin\server\scriptjx2\lib\file.lua:57: unexpected symbol near '%'
error: ...eVs22\TESTLOFFF_ONLINE\bin\server\scriptjx2\lib\file.lua:57: unexpected symbol near '%'
error: ...eVs22\TESTLOFFF_ONLINE\bin\server\scriptjx2\lib\file.lua:57: unexpected symbol near '%'
error: ...eVs22\TESTLOFFF_ONLINE\bin\server\scriptjx2\lib\file.lua:57: unexpected symbol near '%'
error: ...eVs22\TESTLOFFF_ONLINE\bin\server\scriptjx2\lib\file.lua:57: unexpected symbol near '%'
error: ...eVs22\TESTLOFFF_ONLINE\bin\server\scriptjx2\lib\file.lua:57: unexpected symbol near '%'
error: ...eVs22\TESTLOFFF_ONLINE\bin\server\scriptjx2\lib\file.lua:57: unexpected symbol near '%'
error: ...eVs22\TESTLOFFF_ONLINE\bin\server\scriptjx2\lib\file.lua:57: unexpected symbol near '%'
error: ...eVs22\TESTLOFFF_ONLINE\bin\server\scriptjx2\lib\file.lua:57: unexpected symbol near '%'
error: ...eVs22\TESTLOFFF_ONLINE\bin\server\scriptjx2\lib\file.lua:57: unexpected symbol near '%'
error: ...eVs22\TESTLOFFF_ONLINE\bin\server\scriptjx2\lib\file.lua:57: unexpected symbol near '%'
error: ...eVs22\TESTLOFFF_ONLINE\bin\server\scriptjx2\lib\file.lua:57: unexpected symbol near '%'
error: ...eVs22\TESTLOFFF_ONLINE\bin\server\scriptjx2\lib\file.lua:57: unexpected symbol near '%'
error: ...eVs22\TESTLOFFF_ONLINE\bin\server\scriptjx2\lib\file.lua:57: unexpected symbol near '%'
error: ...eVs22\TESTLOFFF_ONLINE\bin\server\scriptjx2\lib\file.lua:57: unexpected symbol near '%'
error: ...eVs22\TESTLOFFF_ONLINE\bin\server\scriptjx2\lib\file.lua:57: unexpected symbol near '%'
error: ...eVs22\TESTLOFFF_ONLINE\bin\server\scriptjx2\lib\file.lua:57: unexpected symbol near '%'
error: ...eVs22\TESTLOFFF_ONLINE\bin\server\scriptjx2\lib\file.lua:57: unexpected symbol near '%'
error: ...eVs22\TESTLOFFF_ONLINE\bin\server\scriptjx2\lib\file.lua:57: unexpected symbol near '%'
error: ...eVs22\TESTLOFFF_ONLINE\bin\server\scriptjx2\lib\file.lua:57: unexpected symbol near '%'
error: ...eVs22\TESTLOFFF_ONLINE\bin\server\scriptjx2\lib\file.lua:57: unexpected symbol near '%'
error: ...eVs22\TESTLOFFF_ONLINE\bin\server\scriptjx2\lib\file.lua:57: unexpected symbol near '%'
error: ...eVs22\TESTLOFFF_ONLINE\bin\server\scriptjx2\lib\file.lua:57: unexpected symbol near '%'
error: ...eVs22\TESTLOFFF_ONLINE\bin\server\scriptjx2\lib\file.lua:57: unexpected symbol near '%'
error: ...eVs22\TESTLOFFF_ONLINE\bin\server\scriptjx2\lib\file.lua:57: unexpected symbol near '%'
error: ...eVs22\TESTLOFFF_ONLINE\bin\server\scriptjx2\lib\file.lua:57: unexpected symbol near '%'
error: ...eVs22\TESTLOFFF_ONLINE\bin\server\scriptjx2\lib\file.lua:57: unexpected symbol near '%'
error: ...eVs22\TESTLOFFF_ONLINE\bin\server\scriptjx2\lib\file.lua:57: unexpected symbol near '%'
error: ...eVs22\TESTLOFFF_ONLINE\bin\server\scriptjx2\lib\file.lua:57: unexpected symbol near '%'
error: ...eVs22\TESTLOFFF_ONLINE\bin\server\scriptjx2\lib\file.lua:57: unexpected symbol near '%'
error: ...eVs22\TESTLOFFF_ONLINE\bin\server\scriptjx2\lib\file.lua:57: unexpected symbol near '%'
error: ...eVs22\TESTLOFFF_ONLINE\bin\server\scriptjx2\lib\file.lua:57: unexpected symbol near '%'
error: ...eVs22\TESTLOFFF_ONLINE\bin\server\scriptjx2\lib\file.lua:57: unexpected symbol near '%'
error: ...eVs22\TESTLOFFF_ONLINE\bin\server\scriptjx2\lib\file.lua:57: unexpected symbol near '%'
error: ...eVs22\TESTLOFFF_ONLINE\bin\server\scriptjx2\lib\file.lua:57: unexpected symbol near '%'
error: ...eVs22\TESTLOFFF_ONLINE\bin\server\scriptjx2\lib\file.lua:57: unexpected symbol near '%'
error: ...eVs22\TESTLOFFF_ONLINE\bin\server\scriptjx2\lib\file.lua:57: unexpected symbol near '%'
error: ...eVs22\TESTLOFFF_ONLINE\bin\server\scriptjx2\lib\file.lua:57: unexpected symbol near '%'
error: ...eVs22\TESTLOFFF_ONLINE\bin\server\scriptjx2\lib\file.lua:57: unexpected symbol near '%'
error: ...eVs22\TESTLOFFF_ONLINE\bin\server\scriptjx2\lib\file.lua:57: unexpected symbol near '%'
error: ...eVs22\TESTLOFFF_ONLINE\bin\server\scriptjx2\lib\file.lua:57: unexpected symbol near '%'
error: ...eVs22\TESTLOFFF_ONLINE\bin\server\scriptjx2\lib\file.lua:57: unexpected symbol near '%'
error: ...eVs22\TESTLOFFF_ONLINE\bin\server\scriptjx2\lib\file.lua:57: unexpected symbol near '%'
error: ...eVs22\TESTLOFFF_ONLINE\bin\server\scriptjx2\lib\file.lua:57: unexpected symbol near '%'
error: ...eVs22\TESTLOFFF_ONLINE\bin\server\scriptjx2\lib\file.lua:57: unexpected symbol near '%'
error: ...eVs22\TESTLOFFF_ONLINE\bin\server\scriptjx2\lib\file.lua:57: unexpected symbol near '%'
error: ...eVs22\TESTLOFFF_ONLINE\bin\server\scriptjx2\lib\file.lua:57: unexpected symbol near '%'
error: ...eVs22\TESTLOFFF_ONLINE\bin\server\scriptjx2\lib\file.lua:57: unexpected symbol near '%'
error: ...eVs22\TESTLOFFF_ONLINE\bin\server\scriptjx2\lib\file.lua:57: unexpected symbol near '%'
error: ...eVs22\TESTLOFFF_ONLINE\bin\server\scriptjx2\lib\file.lua:57: unexpected symbol near '%'
error: ...eVs22\TESTLOFFF_ONLINE\bin\server\scriptjx2\lib\file.lua:57: unexpected symbol near '%'
error: ...eVs22\TESTLOFFF_ONLINE\bin\server\scriptjx2\lib\file.lua:57: unexpected symbol near '%'
error: ...eVs22\TESTLOFFF_ONLINE\bin\server\scriptjx2\lib\file.lua:57: unexpected symbol near '%'
error: ...eVs22\TESTLOFFF_ONLINE\bin\server\scriptjx2\lib\file.lua:57: unexpected symbol near '%'
error: ...eVs22\TESTLOFFF_ONLINE\bin\server\scriptjx2\lib\file.lua:57: unexpected symbol near '%'
error: ...eVs22\TESTLOFFF_ONLINE\bin\server\scriptjx2\lib\file.lua:57: unexpected symbol near '%'
error: ...eVs22\TESTLOFFF_ONLINE\bin\server\scriptjx2\lib\file.lua:57: unexpected symbol near '%'
error: ...eVs22\TESTLOFFF_ONLINE\bin\server\scriptjx2\lib\file.lua:57: unexpected symbol near '%'
error: ...eVs22\TESTLOFFF_ONLINE\bin\server\scriptjx2\lib\file.lua:57: unexpected symbol near '%'
error: ...eVs22\TESTLOFFF_ONLINE\bin\server\scriptjx2\lib\file.lua:57: unexpected symbol near '%'
error: ...eVs22\TESTLOFFF_ONLINE\bin\server\scriptjx2\lib\file.lua:57: unexpected symbol near '%'
error: ...eVs22\TESTLOFFF_ONLINE\bin\server\scriptjx2\lib\file.lua:57: unexpected symbol near '%'
error: ...eVs22\TESTLOFFF_ONLINE\bin\server\scriptjx2\lib\file.lua:57: unexpected symbol near '%'
error: ...eVs22\TESTLOFFF_ONLINE\bin\server\scriptjx2\lib\file.lua:57: unexpected symbol near '%'
error: ...eVs22\TESTLOFFF_ONLINE\bin\server\scriptjx2\lib\file.lua:57: unexpected symbol near '%'
error: ...eVs22\TESTLOFFF_ONLINE\bin\server\scriptjx2\lib\file.lua:57: unexpected symbol near '%'
error: ...eVs22\TESTLOFFF_ONLINE\bin\server\scriptjx2\lib\file.lua:57: unexpected symbol near '%'
error: ...eVs22\TESTLOFFF_ONLINE\bin\server\scriptjx2\lib\file.lua:57: unexpected symbol near '%'
error: ...eVs22\TESTLOFFF_ONLINE\bin\server\scriptjx2\lib\file.lua:57: unexpected symbol near '%'
error: ...eVs22\TESTLOFFF_ONLINE\bin\server\scriptjx2\lib\file.lua:57: unexpected symbol near '%'
error: ...eVs22\TESTLOFFF_ONLINE\bin\server\scriptjx2\lib\file.lua:57: unexpected symbol near '%'
error: ...eVs22\TESTLOFFF_ONLINE\bin\server\scriptjx2\lib\file.lua:57: unexpected symbol near '%'
error: ...eVs22\TESTLOFFF_ONLINE\bin\server\scriptjx2\lib\file.lua:57: unexpected symbol near '%'
error: ...eVs22\TESTLOFFF_ONLINE\bin\server\scriptjx2\lib\file.lua:57: unexpected symbol near '%'
error: ...eVs22\TESTLOFFF_ONLINE\bin\server\scriptjx2\lib\file.lua:57: unexpected symbol near '%'
error: ...eVs22\TESTLOFFF_ONLINE\bin\server\scriptjx2\lib\file.lua:57: unexpected symbol near '%'
error: ...eVs22\TESTLOFFF_ONLINE\bin\server\scriptjx2\lib\file.lua:57: unexpected symbol near '%'
error: ...eVs22\TESTLOFFF_ONLINE\bin\server\scriptjx2\lib\file.lua:57: unexpected symbol near '%'
error: ...eVs22\TESTLOFFF_ONLINE\bin\server\scriptjx2\lib\file.lua:57: unexpected symbol near '%'
error: ...eVs22\TESTLOFFF_ONLINE\bin\server\scriptjx2\lib\file.lua:57: unexpected symbol near '%'
error: ...eVs22\TESTLOFFF_ONLINE\bin\server\scriptjx2\lib\file.lua:57: unexpected symbol near '%'
error: ...eVs22\TESTLOFFF_ONLINE\bin\server\scriptjx2\lib\file.lua:57: unexpected symbol near '%'
error: ...eVs22\TESTLOFFF_ONLINE\bin\server\scriptjx2\lib\file.lua:57: unexpected symbol near '%'
error: ...eVs22\TESTLOFFF_ONLINE\bin\server\scriptjx2\lib\file.lua:57: unexpected symbol near '%'
error: ...eVs22\TESTLOFFF_ONLINE\bin\server\scriptjx2\lib\file.lua:57: unexpected symbol near '%'
error: ...eVs22\TESTLOFFF_ONLINE\bin\server\scriptjx2\lib\file.lua:57: unexpected symbol near '%'
error: ...eVs22\TESTLOFFF_ONLINE\bin\server\scriptjx2\lib\file.lua:57: unexpected symbol near '%'
error: ...eVs22\TESTLOFFF_ONLINE\bin\server\scriptjx2\lib\file.lua:57: unexpected symbol near '%'
error: ...eVs22\TESTLOFFF_ONLINE\bin\server\scriptjx2\lib\file.lua:57: unexpected symbol near '%'
error: ...eVs22\TESTLOFFF_ONLINE\bin\server\scriptjx2\lib\file.lua:57: unexpected symbol near '%'
error: ...eVs22\TESTLOFFF_ONLINE\bin\server\scriptjx2\lib\file.lua:57: unexpected symbol near '%'
error: ...eVs22\TESTLOFFF_ONLINE\bin\server\scriptjx2\lib\file.lua:57: unexpected symbol near '%'
error: ...eVs22\TESTLOFFF_ONLINE\bin\server\scriptjx2\lib\file.lua:57: unexpected symbol near '%'
error: ...eVs22\TESTLOFFF_ONLINE\bin\server\scriptjx2\lib\file.lua:57: unexpected symbol near '%'
error: ...eVs22\TESTLOFFF_ONLINE\bin\server\scriptjx2\lib\file.lua:57: unexpected symbol near '%'
error: ...eVs22\TESTLOFFF_ONLINE\bin\server\scriptjx2\lib\file.lua:57: unexpected symbol near '%'
error: ...eVs22\TESTLOFFF_ONLINE\bin\server\scriptjx2\lib\file.lua:57: unexpected symbol near '%'
error: ...eVs22\TESTLOFFF_ONLINE\bin\server\scriptjx2\lib\file.lua:57: unexpected symbol near '%'
error: ...eVs22\TESTLOFFF_ONLINE\bin\server\scriptjx2\lib\file.lua:57: unexpected symbol near '%'
error: ...eVs22\TESTLOFFF_ONLINE\bin\server\scriptjx2\lib\file.lua:57: unexpected symbol near '%'
error: ...eVs22\TESTLOFFF_ONLINE\bin\server\scriptjx2\lib\file.lua:57: unexpected symbol near '%'
error: ...eVs22\TESTLOFFF_ONLINE\bin\server\scriptjx2\lib\file.lua:57: unexpected symbol near '%'
error: ...eVs22\TESTLOFFF_ONLINE\bin\server\scriptjx2\lib\file.lua:57: unexpected symbol near '%'
error: ...eVs22\TESTLOFFF_ONLINE\bin\server\scriptjx2\lib\file.lua:57: unexpected symbol near '%'
error: ...eVs22\TESTLOFFF_ONLINE\bin\server\scriptjx2\lib\file.lua:57: unexpected symbol near '%'
error: ...eVs22\TESTLOFFF_ONLINE\bin\server\scriptjx2\lib\file.lua:57: unexpected symbol near '%'
error: ...eVs22\TESTLOFFF_ONLINE\bin\server\scriptjx2\lib\file.lua:57: unexpected symbol near '%'
error: ...eVs22\TESTLOFFF_ONLINE\bin\server\scriptjx2\lib\file.lua:57: unexpected symbol near '%'
error: ...eVs22\TESTLOFFF_ONLINE\bin\server\scriptjx2\lib\file.lua:57: unexpected symbol near '%'
error: ...eVs22\TESTLOFFF_ONLINE\bin\server\scriptjx2\lib\file.lua:57: unexpected symbol near '%'
error: ...eVs22\TESTLOFFF_ONLINE\bin\server\scriptjx2\lib\file.lua:57: unexpected symbol near '%'
error: ...eVs22\TESTLOFFF_ONLINE\bin\server\scriptjx2\lib\file.lua:57: unexpected symbol near '%'
error: ...eVs22\TESTLOFFF_ONLINE\bin\server\scriptjx2\lib\file.lua:57: unexpected symbol near '%'
error: ...eVs22\TESTLOFFF_ONLINE\bin\server\scriptjx2\lib\file.lua:57: unexpected symbol near '%'
error: ...eVs22\TESTLOFFF_ONLINE\bin\server\scriptjx2\lib\file.lua:57: unexpected symbol near '%'
error: ...eVs22\TESTLOFFF_ONLINE\bin\server\scriptjx2\lib\file.lua:57: unexpected symbol near '%'
error: ...eVs22\TESTLOFFF_ONLINE\bin\server\scriptjx2\lib\file.lua:57: unexpected symbol near '%'
error: ...eVs22\TESTLOFFF_ONLINE\bin\server\scriptjx2\lib\file.lua:57: unexpected symbol near '%'
error: ...eVs22\TESTLOFFF_ONLINE\bin\server\scriptjx2\lib\file.lua:57: unexpected symbol near '%'
error: ...eVs22\TESTLOFFF_ONLINE\bin\server\scriptjx2\lib\file.lua:57: unexpected symbol near '%'
error: ...eVs22\TESTLOFFF_ONLINE\bin\server\scriptjx2\lib\file.lua:57: unexpected symbol near '%'
error: ...eVs22\TESTLOFFF_ONLINE\bin\server\scriptjx2\lib\file.lua:57: unexpected symbol near '%'
error: ...eVs22\TESTLOFFF_ONLINE\bin\server\scriptjx2\lib\file.lua:57: unexpected symbol near '%'
error: ...eVs22\TESTLOFFF_ONLINE\bin\server\scriptjx2\lib\file.lua:57: unexpected symbol near '%'
error: ...eVs22\TESTLOFFF_ONLINE\bin\server\scriptjx2\lib\file.lua:57: unexpected symbol near '%'
error: ...eVs22\TESTLOFFF_ONLINE\bin\server\scriptjx2\lib\file.lua:57: unexpected symbol near '%'
error: ...eVs22\TESTLOFFF_ONLINE\bin\server\scriptjx2\lib\file.lua:57: unexpected symbol near '%'
error: ...eVs22\TESTLOFFF_ONLINE\bin\server\scriptjx2\lib\file.lua:57: unexpected symbol near '%'
error: ...eVs22\TESTLOFFF_ONLINE\bin\server\scriptjx2\lib\file.lua:57: unexpected symbol near '%'
error: ...eVs22\TESTLOFFF_ONLINE\bin\server\scriptjx2\lib\file.lua:57: unexpected symbol near '%'
error: ...eVs22\TESTLOFFF_ONLINE\bin\server\scriptjx2\lib\file.lua:57: unexpected symbol near '%'
error: ...eVs22\TESTLOFFF_ONLINE\bin\server\scriptjx2\lib\file.lua:57: unexpected symbol near '%'
error: ...eVs22\TESTLOFFF_ONLINE\bin\server\scriptjx2\lib\file.lua:57: unexpected symbol near '%'
error: ...eVs22\TESTLOFFF_ONLINE\bin\server\scriptjx2\lib\file.lua:57: unexpected symbol near '%'
error: ...eVs22\TESTLOFFF_ONLINE\bin\server\scriptjx2\lib\file.lua:57: unexpected symbol near '%'
error: ...eVs22\TESTLOFFF_ONLINE\bin\server\scriptjx2\lib\file.lua:57: unexpected symbol near '%'
error: ...eVs22\TESTLOFFF_ONLINE\bin\server\scriptjx2\lib\file.lua:57: unexpected symbol near '%'
error: ...eVs22\TESTLOFFF_ONLINE\bin\server\scriptjx2\lib\file.lua:57: unexpected symbol near '%'
error: ...eVs22\TESTLOFFF_ONLINE\bin\server\scriptjx2\lib\file.lua:57: unexpected symbol near '%'
error: ...eVs22\TESTLOFFF_ONLINE\bin\server\scriptjx2\lib\file.lua:57: unexpected symbol near '%'
error: ...eVs22\TESTLOFFF_ONLINE\bin\server\scriptjx2\lib\file.lua:57: unexpected symbol near '%'
error: ...eVs22\TESTLOFFF_ONLINE\bin\server\scriptjx2\lib\file.lua:57: unexpected symbol near '%'
error: ...eVs22\TESTLOFFF_ONLINE\bin\server\scriptjx2\lib\file.lua:57: unexpected symbol near '%'
error: ...eVs22\TESTLOFFF_ONLINE\bin\server\scriptjx2\lib\file.lua:57: unexpected symbol near '%'
error: ...eVs22\TESTLOFFF_ONLINE\bin\server\scriptjx2\lib\file.lua:57: unexpected symbol near '%'
error: ...eVs22\TESTLOFFF_ONLINE\bin\server\scriptjx2\lib\file.lua:57: unexpected symbol near '%'
error: ...eVs22\TESTLOFFF_ONLINE\bin\server\scriptjx2\lib\file.lua:57: unexpected symbol near '%'
error: ...eVs22\TESTLOFFF_ONLINE\bin\server\scriptjx2\lib\file.lua:57: unexpected symbol near '%'
error: ...eVs22\TESTLOFFF_ONLINE\bin\server\scriptjx2\lib\file.lua:57: unexpected symbol near '%'
error: ...eVs22\TESTLOFFF_ONLINE\bin\server\scriptjx2\lib\file.lua:57: unexpected symbol near '%'
error: ...eVs22\TESTLOFFF_ONLINE\bin\server\scriptjx2\lib\file.lua:57: unexpected symbol near '%'
error: ...eVs22\TESTLOFFF_ONLINE\bin\server\scriptjx2\lib\file.lua:57: unexpected symbol near '%'
error: ...eVs22\TESTLOFFF_ONLINE\bin\server\scriptjx2\lib\file.lua:57: unexpected symbol near '%'
error: ...eVs22\TESTLOFFF_ONLINE\bin\server\scriptjx2\lib\file.lua:57: unexpected symbol near '%'
error: ...eVs22\TESTLOFFF_ONLINE\bin\server\scriptjx2\lib\file.lua:57: unexpected symbol near '%'
error: ...eVs22\TESTLOFFF_ONLINE\bin\server\scriptjx2\lib\file.lua:57: unexpected symbol near '%'
error: ...eVs22\TESTLOFFF_ONLINE\bin\server\scriptjx2\lib\file.lua:57: unexpected symbol near '%'
error: ...eVs22\TESTLOFFF_ONLINE\bin\server\scriptjx2\lib\file.lua:57: unexpected symbol near '%'
error: ...eVs22\TESTLOFFF_ONLINE\bin\server\scriptjx2\lib\file.lua:57: unexpected symbol near '%'
error: ...eVs22\TESTLOFFF_ONLINE\bin\server\scriptjx2\lib\file.lua:57: unexpected symbol near '%'
error: ...eVs22\TESTLOFFF_ONLINE\bin\server\scriptjx2\lib\file.lua:57: unexpected symbol near '%'
error: ...eVs22\TESTLOFFF_ONLINE\bin\server\scriptjx2\lib\file.lua:57: unexpected symbol near '%'
error: ...eVs22\TESTLOFFF_ONLINE\bin\server\scriptjx2\lib\file.lua:57: unexpected symbol near '%'
error: ...eVs22\TESTLOFFF_ONLINE\bin\server\scriptjx2\lib\file.lua:57: unexpected symbol near '%'
error: ...eVs22\TESTLOFFF_ONLINE\bin\server\scriptjx2\lib\file.lua:57: unexpected symbol near '%'
error: ...eVs22\TESTLOFFF_ONLINE\bin\server\scriptjx2\lib\file.lua:57: unexpected symbol near '%'
error: ...eVs22\TESTLOFFF_ONLINE\bin\server\scriptjx2\lib\file.lua:57: unexpected symbol near '%'
error: ...eVs22\TESTLOFFF_ONLINE\bin\server\scriptjx2\lib\file.lua:57: unexpected symbol near '%'
error: ...eVs22\TESTLOFFF_ONLINE\bin\server\scriptjx2\lib\file.lua:57: unexpected symbol near '%'
error: ...eVs22\TESTLOFFF_ONLINE\bin\server\scriptjx2\lib\file.lua:57: unexpected symbol near '%'
error: ...eVs22\TESTLOFFF_ONLINE\bin\server\scriptjx2\lib\file.lua:57: unexpected symbol near '%'
error: ...eVs22\TESTLOFFF_ONLINE\bin\server\scriptjx2\lib\file.lua:57: unexpected symbol near '%'
error: ...eVs22\TESTLOFFF_ONLINE\bin\server\scriptjx2\lib\file.lua:57: unexpected symbol near '%'
error: ...eVs22\TESTLOFFF_ONLINE\bin\server\scriptjx2\lib\file.lua:57: unexpected symbol near '%'
error: ...eVs22\TESTLOFFF_ONLINE\bin\server\scriptjx2\lib\file.lua:57: unexpected symbol near '%'
error: ...eVs22\TESTLOFFF_ONLINE\bin\server\scriptjx2\lib\file.lua:57: unexpected symbol near '%'
error: ...eVs22\TESTLOFFF_ONLINE\bin\server\scriptjx2\lib\file.lua:57: unexpected symbol near '%'
error: ...eVs22\TESTLOFFF_ONLINE\bin\server\scriptjx2\lib\file.lua:57: unexpected symbol near '%'
error: ...eVs22\TESTLOFFF_ONLINE\bin\server\scriptjx2\lib\file.lua:57: unexpected symbol near '%'
error: ...eVs22\TESTLOFFF_ONLINE\bin\server\scriptjx2\lib\file.lua:57: unexpected symbol near '%'
error: ...eVs22\TESTLOFFF_ONLINE\bin\server\scriptjx2\lib\file.lua:57: unexpected symbol near '%'
error: ...eVs22\TESTLOFFF_ONLINE\bin\server\scriptjx2\lib\file.lua:57: unexpected symbol near '%'
error: ...eVs22\TESTLOFFF_ONLINE\bin\server\scriptjx2\lib\file.lua:57: unexpected symbol near '%'
error: ...eVs22\TESTLOFFF_ONLINE\bin\server\scriptjx2\lib\file.lua:57: unexpected symbol near '%'
error: ...eVs22\TESTLOFFF_ONLINE\bin\server\scriptjx2\lib\file.lua:57: unexpected symbol near '%'
error: ...eVs22\TESTLOFFF_ONLINE\bin\server\scriptjx2\lib\file.lua:57: unexpected symbol near '%'
error: ...eVs22\TESTLOFFF_ONLINE\bin\server\scriptjx2\lib\file.lua:57: unexpected symbol near '%'
error: ...eVs22\TESTLOFFF_ONLINE\bin\server\scriptjx2\lib\file.lua:57: unexpected symbol near '%'
error: ...eVs22\TESTLOFFF_ONLINE\bin\server\scriptjx2\lib\file.lua:57: unexpected symbol near '%'
error: ...eVs22\TESTLOFFF_ONLINE\bin\server\scriptjx2\lib\file.lua:57: unexpected symbol near '%'
error: ...eVs22\TESTLOFFF_ONLINE\bin\server\scriptjx2\lib\file.lua:57: unexpected symbol near '%'
error: ...eVs22\TESTLOFFF_ONLINE\bin\server\scriptjx2\lib\file.lua:57: unexpected symbol near '%'
error: ...eVs22\TESTLOFFF_ONLINE\bin\server\scriptjx2\lib\file.lua:57: unexpected symbol near '%'
error: ...eVs22\TESTLOFFF_ONLINE\bin\server\scriptjx2\lib\file.lua:57: unexpected symbol near '%'
error: ...eVs22\TESTLOFFF_ONLINE\bin\server\scriptjx2\lib\file.lua:57: unexpected symbol near '%'
error: ...eVs22\TESTLOFFF_ONLINE\bin\server\scriptjx2\lib\file.lua:57: unexpected symbol near '%'
error: ...eVs22\TESTLOFFF_ONLINE\bin\server\scriptjx2\lib\file.lua:57: unexpected symbol near '%'
error: ...eVs22\TESTLOFFF_ONLINE\bin\server\scriptjx2\lib\file.lua:57: unexpected symbol near '%'
error: ...eVs22\TESTLOFFF_ONLINE\bin\server\scriptjx2\lib\file.lua:57: unexpected symbol near '%'
error: ...eVs22\TESTLOFFF_ONLINE\bin\server\scriptjx2\lib\file.lua:57: unexpected symbol near '%'
error: ...eVs22\TESTLOFFF_ONLINE\bin\server\scriptjx2\lib\file.lua:57: unexpected symbol near '%'
error: ...eVs22\TESTLOFFF_ONLINE\bin\server\scriptjx2\lib\file.lua:57: unexpected symbol near '%'
error: ...eVs22\TESTLOFFF_ONLINE\bin\server\scriptjx2\lib\file.lua:57: unexpected symbol near '%'
error: ...eVs22\TESTLOFFF_ONLINE\bin\server\scriptjx2\lib\file.lua:57: unexpected symbol near '%'
error: ...eVs22\TESTLOFFF_ONLINE\bin\server\scriptjx2\lib\file.lua:57: unexpected symbol near '%'
error: ...eVs22\TESTLOFFF_ONLINE\bin\server\scriptjx2\lib\file.lua:57: unexpected symbol near '%'
error: ...eVs22\TESTLOFFF_ONLINE\bin\server\scriptjx2\lib\file.lua:57: unexpected symbol near '%'
error: ...eVs22\TESTLOFFF_ONLINE\bin\server\scriptjx2\lib\file.lua:57: unexpected symbol near '%'
error: ...eVs22\TESTLOFFF_ONLINE\bin\server\scriptjx2\lib\file.lua:57: unexpected symbol near '%'
error: ...eVs22\TESTLOFFF_ONLINE\bin\server\scriptjx2\lib\file.lua:57: unexpected symbol near '%'
error: ...eVs22\TESTLOFFF_ONLINE\bin\server\scriptjx2\lib\file.lua:57: unexpected symbol near '%'
error: ...eVs22\TESTLOFFF_ONLINE\bin\server\scriptjx2\lib\file.lua:57: unexpected symbol near '%'
error: ...eVs22\TESTLOFFF_ONLINE\bin\server\scriptjx2\lib\file.lua:57: unexpected symbol near '%'
error: ...eVs22\TESTLOFFF_ONLINE\bin\server\scriptjx2\lib\file.lua:57: unexpected symbol near '%'
error: ...eVs22\TESTLOFFF_ONLINE\bin\server\scriptjx2\lib\file.lua:57: unexpected symbol near '%'
error: ...eVs22\TESTLOFFF_ONLINE\bin\server\scriptjx2\lib\file.lua:57: unexpected symbol near '%'
error: ...eVs22\TESTLOFFF_ONLINE\bin\server\scriptjx2\lib\file.lua:57: unexpected symbol near '%'
error: ...eVs22\TESTLOFFF_ONLINE\bin\server\scriptjx2\lib\file.lua:57: unexpected symbol near '%'
error: ...eVs22\TESTLOFFF_ONLINE\bin\server\scriptjx2\lib\file.lua:57: unexpected symbol near '%'
error: ...eVs22\TESTLOFFF_ONLINE\bin\server\scriptjx2\lib\file.lua:57: unexpected symbol near '%'
error: ...eVs22\TESTLOFFF_ONLINE\bin\server\scriptjx2\lib\file.lua:57: unexpected symbol near '%'
error: ...eVs22\TESTLOFFF_ONLINE\bin\server\scriptjx2\lib\file.lua:57: unexpected symbol near '%'
error: ...eVs22\TESTLOFFF_ONLINE\bin\server\scriptjx2\lib\file.lua:57: unexpected symbol near '%'
error: ...eVs22\TESTLOFFF_ONLINE\bin\server\scriptjx2\lib\file.lua:57: unexpected symbol near '%'
error: ...eVs22\TESTLOFFF_ONLINE\bin\server\scriptjx2\lib\file.lua:57: unexpected symbol near '%'
error: ...eVs22\TESTLOFFF_ONLINE\bin\server\scriptjx2\lib\file.lua:57: unexpected symbol near '%'
error: ...eVs22\TESTLOFFF_ONLINE\bin\server\scriptjx2\lib\file.lua:57: unexpected symbol near '%'
error: ...eVs22\TESTLOFFF_ONLINE\bin\server\scriptjx2\lib\file.lua:57: unexpected symbol near '%'
error: ...eVs22\TESTLOFFF_ONLINE\bin\server\scriptjx2\lib\file.lua:57: unexpected symbol near '%'
error: ...eVs22\TESTLOFFF_ONLINE\bin\server\scriptjx2\lib\file.lua:57: unexpected symbol near '%'
error: ...eVs22\TESTLOFFF_ONLINE\bin\server\scriptjx2\lib\file.lua:57: unexpected symbol near '%'
error: ...eVs22\TESTLOFFF_ONLINE\bin\server\scriptjx2\lib\file.lua:57: unexpected symbol near '%'
error: ...eVs22\TESTLOFFF_ONLINE\bin\server\scriptjx2\lib\file.lua:57: unexpected symbol near '%'
error: ...eVs22\TESTLOFFF_ONLINE\bin\server\scriptjx2\lib\file.lua:57: unexpected symbol near '%'
error: ...eVs22\TESTLOFFF_ONLINE\bin\server\scriptjx2\lib\file.lua:57: unexpected symbol near '%'
error: ...eVs22\TESTLOFFF_ONLINE\bin\server\scriptjx2\lib\file.lua:57: unexpected symbol near '%'
error: ...eVs22\TESTLOFFF_ONLINE\bin\server\scriptjx2\lib\file.lua:57: unexpected symbol near '%'
error: ...eVs22\TESTLOFFF_ONLINE\bin\server\scriptjx2\lib\file.lua:57: unexpected symbol near '%'
error: ...eVs22\TESTLOFFF_ONLINE\bin\server\scriptjx2\lib\file.lua:57: unexpected symbol near '%'
error: ...eVs22\TESTLOFFF_ONLINE\bin\server\scriptjx2\lib\file.lua:57: unexpected symbol near '%'
error: ...eVs22\TESTLOFFF_ONLINE\bin\server\scriptjx2\lib\file.lua:57: unexpected symbol near '%'
error: ...eVs22\TESTLOFFF_ONLINE\bin\server\scriptjx2\lib\file.lua:57: unexpected symbol near '%'
error: ...eVs22\TESTLOFFF_ONLINE\bin\server\scriptjx2\lib\file.lua:57: unexpected symbol near '%'
error: ...eVs22\TESTLOFFF_ONLINE\bin\server\scriptjx2\lib\file.lua:57: unexpected symbol near '%'
error: ...eVs22\TESTLOFFF_ONLINE\bin\server\scriptjx2\lib\file.lua:57: unexpected symbol near '%'
error: ...eVs22\TESTLOFFF_ONLINE\bin\server\scriptjx2\lib\file.lua:57: unexpected symbol near '%'
error: ...eVs22\TESTLOFFF_ONLINE\bin\server\scriptjx2\lib\file.lua:57: unexpected symbol near '%'
error: ...eVs22\TESTLOFFF_ONLINE\bin\server\scriptjx2\lib\file.lua:57: unexpected symbol near '%'
error: ...eVs22\TESTLOFFF_ONLINE\bin\server\scriptjx2\lib\file.lua:57: unexpected symbol near '%'
error: ...eVs22\TESTLOFFF_ONLINE\bin\server\scriptjx2\lib\file.lua:57: unexpected symbol near '%'
error: ...eVs22\TESTLOFFF_ONLINE\bin\server\scriptjx2\lib\file.lua:57: unexpected symbol near '%'
error: ...eVs22\TESTLOFFF_ONLINE\bin\server\scriptjx2\lib\file.lua:57: unexpected symbol near '%'
error: ...eVs22\TESTLOFFF_ONLINE\bin\server\scriptjx2\lib\file.lua:57: unexpected symbol near '%'
error: ...eVs22\TESTLOFFF_ONLINE\bin\server\scriptjx2\lib\file.lua:57: unexpected symbol near '%'
error: ...eVs22\TESTLOFFF_ONLINE\bin\server\scriptjx2\lib\file.lua:57: unexpected symbol near '%'
error: ...eVs22\TESTLOFFF_ONLINE\bin\server\scriptjx2\lib\file.lua:57: unexpected symbol near '%'
error: ...eVs22\TESTLOFFF_ONLINE\bin\server\scriptjx2\lib\file.lua:57: unexpected symbol near '%'
error: ...eVs22\TESTLOFFF_ONLINE\bin\server\scriptjx2\lib\file.lua:57: unexpected symbol near '%'
error: ...eVs22\TESTLOFFF_ONLINE\bin\server\scriptjx2\lib\file.lua:57: unexpected symbol near '%'
error: ...eVs22\TESTLOFFF_ONLINE\bin\server\scriptjx2\lib\file.lua:57: unexpected symbol near '%'
error: ...eVs22\TESTLOFFF_ONLINE\bin\server\scriptjx2\lib\file.lua:57: unexpected symbol near '%'
error: ...eVs22\TESTLOFFF_ONLINE\bin\server\scriptjx2\lib\file.lua:57: unexpected symbol near '%'
error: ...eVs22\TESTLOFFF_ONLINE\bin\server\scriptjx2\lib\file.lua:57: unexpected symbol near '%'
error: ...eVs22\TESTLOFFF_ONLINE\bin\server\scriptjx2\lib\file.lua:57: unexpected symbol near '%'
error: ...eVs22\TESTLOFFF_ONLINE\bin\server\scriptjx2\lib\file.lua:57: unexpected symbol near '%'
error: ...eVs22\TESTLOFFF_ONLINE\bin\server\scriptjx2\lib\file.lua:57: unexpected symbol near '%'
error: ...eVs22\TESTLOFFF_ONLINE\bin\server\scriptjx2\lib\file.lua:57: unexpected symbol near '%'
error: ...eVs22\TESTLOFFF_ONLINE\bin\server\scriptjx2\lib\file.lua:57: unexpected symbol near '%'
error: ...eVs22\TESTLOFFF_ONLINE\bin\server\scriptjx2\lib\file.lua:57: unexpected symbol near '%'
error: ...eVs22\TESTLOFFF_ONLINE\bin\server\scriptjx2\lib\file.lua:57: unexpected symbol near '%'
error: ...eVs22\TESTLOFFF_ONLINE\bin\server\scriptjx2\lib\file.lua:57: unexpected symbol near '%'
error: ...eVs22\TESTLOFFF_ONLINE\bin\server\scriptjx2\lib\file.lua:57: unexpected symbol near '%'
error: ...eVs22\TESTLOFFF_ONLINE\bin\server\scriptjx2\lib\file.lua:57: unexpected symbol near '%'
error: ...eVs22\TESTLOFFF_ONLINE\bin\server\scriptjx2\lib\file.lua:57: unexpected symbol near '%'
error: ...eVs22\TESTLOFFF_ONLINE\bin\server\scriptjx2\lib\file.lua:57: unexpected symbol near '%'
error: ...eVs22\TESTLOFFF_ONLINE\bin\server\scriptjx2\lib\file.lua:57: unexpected symbol near '%'
error: ...eVs22\TESTLOFFF_ONLINE\bin\server\scriptjx2\lib\file.lua:57: unexpected symbol near '%'
error: ...eVs22\TESTLOFFF_ONLINE\bin\server\scriptjx2\lib\file.lua:57: unexpected symbol near '%'
error: ...eVs22\TESTLOFFF_ONLINE\bin\server\scriptjx2\lib\file.lua:57: unexpected symbol near '%'
error: ...eVs22\TESTLOFFF_ONLINE\bin\server\scriptjx2\lib\file.lua:57: unexpected symbol near '%'
error: ...eVs22\TESTLOFFF_ONLINE\bin\server\scriptjx2\lib\file.lua:57: unexpected symbol near '%'
error: ...eVs22\TESTLOFFF_ONLINE\bin\server\scriptjx2\lib\file.lua:57: unexpected symbol near '%'
error: ...eVs22\TESTLOFFF_ONLINE\bin\server\scriptjx2\lib\file.lua:57: unexpected symbol near '%'
error: ...eVs22\TESTLOFFF_ONLINE\bin\server\scriptjx2\lib\file.lua:57: unexpected symbol near '%'
error: ...eVs22\TESTLOFFF_ONLINE\bin\server\scriptjx2\lib\file.lua:57: unexpected symbol near '%'
error: ...eVs22\TESTLOFFF_ONLINE\bin\server\scriptjx2\lib\file.lua:57: unexpected symbol near '%'
error: ...eVs22\TESTLOFFF_ONLINE\bin\server\scriptjx2\lib\file.lua:57: unexpected symbol near '%'
error: ...eVs22\TESTLOFFF_ONLINE\bin\server\scriptjx2\lib\file.lua:57: unexpected symbol near '%'
error: ...eVs22\TESTLOFFF_ONLINE\bin\server\scriptjx2\lib\file.lua:57: unexpected symbol near '%'
error: ...eVs22\TESTLOFFF_ONLINE\bin\server\scriptjx2\lib\file.lua:57: unexpected symbol near '%'
error: ...eVs22\TESTLOFFF_ONLINE\bin\server\scriptjx2\lib\file.lua:57: unexpected symbol near '%'
error: ...eVs22\TESTLOFFF_ONLINE\bin\server\scriptjx2\lib\file.lua:57: unexpected symbol near '%'
error: ...eVs22\TESTLOFFF_ONLINE\bin\server\scriptjx2\lib\file.lua:57: unexpected symbol near '%'
error: ...eVs22\TESTLOFFF_ONLINE\bin\server\scriptjx2\lib\file.lua:57: unexpected symbol near '%'
error: ...eVs22\TESTLOFFF_ONLINE\bin\server\scriptjx2\lib\file.lua:57: unexpected symbol near '%'
error: ...eVs22\TESTLOFFF_ONLINE\bin\server\scriptjx2\lib\file.lua:57: unexpected symbol near '%'
error: ...eVs22\TESTLOFFF_ONLINE\bin\server\scriptjx2\lib\file.lua:57: unexpected symbol near '%'
error: ...eVs22\TESTLOFFF_ONLINE\bin\server\scriptjx2\lib\file.lua:57: unexpected symbol near '%'
error: ...eVs22\TESTLOFFF_ONLINE\bin\server\scriptjx2\lib\file.lua:57: unexpected symbol near '%'
error: ...eVs22\TESTLOFFF_ONLINE\bin\server\scriptjx2\lib\file.lua:57: unexpected symbol near '%'
error: ...eVs22\TESTLOFFF_ONLINE\bin\server\scriptjx2\lib\file.lua:57: unexpected symbol near '%'
error: ...eVs22\TESTLOFFF_ONLINE\bin\server\scriptjx2\lib\file.lua:57: unexpected symbol near '%'
error: ...eVs22\TESTLOFFF_ONLINE\bin\server\scriptjx2\lib\file.lua:57: unexpected symbol near '%'
error: ...eVs22\TESTLOFFF_ONLINE\bin\server\scriptjx2\lib\file.lua:57: unexpected symbol near '%'
error: ...eVs22\TESTLOFFF_ONLINE\bin\server\scriptjx2\lib\file.lua:57: unexpected symbol near '%'
error: ...eVs22\TESTLOFFF_ONLINE\bin\server\scriptjx2\lib\file.lua:57: unexpected symbol near '%'
error: ...eVs22\TESTLOFFF_ONLINE\bin\server\scriptjx2\lib\file.lua:57: unexpected symbol near '%'
error: ...eVs22\TESTLOFFF_ONLINE\bin\server\scriptjx2\lib\file.lua:57: unexpected symbol near '%'
error: ...eVs22\TESTLOFFF_ONLINE\bin\server\scriptjx2\lib\file.lua:57: unexpected symbol near '%'
error: ...eVs22\TESTLOFFF_ONLINE\bin\server\scriptjx2\lib\file.lua:57: unexpected symbol near '%'
error: ...eVs22\TESTLOFFF_ONLINE\bin\server\scriptjx2\lib\file.lua:57: unexpected symbol near '%'
error: ...eVs22\TESTLOFFF_ONLINE\bin\server\scriptjx2\lib\file.lua:57: unexpected symbol near '%'
error: ...eVs22\TESTLOFFF_ONLINE\bin\server\scriptjx2\lib\file.lua:57: unexpected symbol near '%'
error: ...eVs22\TESTLOFFF_ONLINE\bin\server\scriptjx2\lib\file.lua:57: unexpected symbol near '%'
error: ...eVs22\TESTLOFFF_ONLINE\bin\server\scriptjx2\lib\file.lua:57: unexpected symbol near '%'
error: ...eVs22\TESTLOFFF_ONLINE\bin\server\scriptjx2\lib\file.lua:57: unexpected symbol near '%'
error: ...eVs22\TESTLOFFF_ONLINE\bin\server\scriptjx2\lib\file.lua:57: unexpected symbol near '%'
error: ...eVs22\TESTLOFFF_ONLINE\bin\server\scriptjx2\lib\file.lua:57: unexpected symbol near '%'
error: ...eVs22\TESTLOFFF_ONLINE\bin\server\scriptjx2\lib\file.lua:57: unexpected symbol near '%'
error: ...eVs22\TESTLOFFF_ONLINE\bin\server\scriptjx2\lib\file.lua:57: unexpected symbol near '%'
error: ...eVs22\TESTLOFFF_ONLINE\bin\server\scriptjx2\lib\file.lua:57: unexpected symbol near '%'
error: ...eVs22\TESTLOFFF_ONLINE\bin\server\scriptjx2\lib\file.lua:57: unexpected symbol near '%'
error: ...eVs22\TESTLOFFF_ONLINE\bin\server\scriptjx2\lib\file.lua:57: unexpected symbol near '%'
error: ...eVs22\TESTLOFFF_ONLINE\bin\server\scriptjx2\lib\file.lua:57: unexpected symbol near '%'
error: ...eVs22\TESTLOFFF_ONLINE\bin\server\scriptjx2\lib\file.lua:57: unexpected symbol near '%'
error: ...eVs22\TESTLOFFF_ONLINE\bin\server\scriptjx2\lib\file.lua:57: unexpected symbol near '%'
error: ...eVs22\TESTLOFFF_ONLINE\bin\server\scriptjx2\lib\file.lua:57: unexpected symbol near '%'
error: ...eVs22\TESTLOFFF_ONLINE\bin\server\scriptjx2\lib\file.lua:57: unexpected symbol near '%'
error: ...eVs22\TESTLOFFF_ONLINE\bin\server\scriptjx2\lib\file.lua:57: unexpected symbol near '%'
error: ...eVs22\TESTLOFFF_ONLINE\bin\server\scriptjx2\lib\file.lua:57: unexpected symbol near '%'
error: ...eVs22\TESTLOFFF_ONLINE\bin\server\scriptjx2\lib\file.lua:57: unexpected symbol near '%'
error: ...eVs22\TESTLOFFF_ONLINE\bin\server\scriptjx2\lib\file.lua:57: unexpected symbol near '%'
error: ...eVs22\TESTLOFFF_ONLINE\bin\server\scriptjx2\lib\file.lua:57: unexpected symbol near '%'
error: ...eVs22\TESTLOFFF_ONLINE\bin\server\scriptjx2\lib\file.lua:57: unexpected symbol near '%'
error: ...eVs22\TESTLOFFF_ONLINE\bin\server\scriptjx2\lib\file.lua:57: unexpected symbol near '%'
error: ...eVs22\TESTLOFFF_ONLINE\bin\server\scriptjx2\lib\file.lua:57: unexpected symbol near '%'
error: ...eVs22\TESTLOFFF_ONLINE\bin\server\scriptjx2\lib\file.lua:57: unexpected symbol near '%'
error: ...eVs22\TESTLOFFF_ONLINE\bin\server\scriptjx2\lib\file.lua:57: unexpected symbol near '%'
error: ...eVs22\TESTLOFFF_ONLINE\bin\server\scriptjx2\lib\file.lua:57: unexpected symbol near '%'
error: ...eVs22\TESTLOFFF_ONLINE\bin\server\scriptjx2\lib\file.lua:57: unexpected symbol near '%'
error: ...eVs22\TESTLOFFF_ONLINE\bin\server\scriptjx2\lib\file.lua:57: unexpected symbol near '%'
error: ...eVs22\TESTLOFFF_ONLINE\bin\server\scriptjx2\lib\file.lua:57: unexpected symbol near '%'
error: ...eVs22\TESTLOFFF_ONLINE\bin\server\scriptjx2\lib\file.lua:57: unexpected symbol near '%'
error: ...eVs22\TESTLOFFF_ONLINE\bin\server\scriptjx2\lib\file.lua:57: unexpected symbol near '%'
error: ...eVs22\TESTLOFFF_ONLINE\bin\server\scriptjx2\lib\file.lua:57: unexpected symbol near '%'
error: ...eVs22\TESTLOFFF_ONLINE\bin\server\scriptjx2\lib\file.lua:57: unexpected symbol near '%'
error: ...eVs22\TESTLOFFF_ONLINE\bin\server\scriptjx2\lib\file.lua:57: unexpected symbol near '%'
error: ...eVs22\TESTLOFFF_ONLINE\bin\server\scriptjx2\lib\file.lua:57: unexpected symbol near '%'
error: ...eVs22\TESTLOFFF_ONLINE\bin\server\scriptjx2\lib\file.lua:57: unexpected symbol near '%'
error: ...eVs22\TESTLOFFF_ONLINE\bin\server\scriptjx2\lib\file.lua:57: unexpected symbol near '%'
error: ...eVs22\TESTLOFFF_ONLINE\bin\server\scriptjx2\lib\file.lua:57: unexpected symbol near '%'
error: ...eVs22\TESTLOFFF_ONLINE\bin\server\scriptjx2\lib\file.lua:57: unexpected symbol near '%'
error: ...eVs22\TESTLOFFF_ONLINE\bin\server\scriptjx2\lib\file.lua:57: unexpected symbol near '%'
error: ...eVs22\TESTLOFFF_ONLINE\bin\server\scriptjx2\lib\file.lua:57: unexpected symbol near '%'
error: ...eVs22\TESTLOFFF_ONLINE\bin\server\scriptjx2\lib\file.lua:57: unexpected symbol near '%'
error: ...eVs22\TESTLOFFF_ONLINE\bin\server\scriptjx2\lib\file.lua:57: unexpected symbol near '%'
error: ...eVs22\TESTLOFFF_ONLINE\bin\server\scriptjx2\lib\file.lua:57: unexpected symbol near '%'
error: ...eVs22\TESTLOFFF_ONLINE\bin\server\scriptjx2\lib\file.lua:57: unexpected symbol near '%'
error: ...eVs22\TESTLOFFF_ONLINE\bin\server\scriptjx2\lib\file.lua:57: unexpected symbol near '%'
error: ...eVs22\TESTLOFFF_ONLINE\bin\server\scriptjx2\lib\file.lua:57: unexpected symbol near '%'
error: ...eVs22\TESTLOFFF_ONLINE\bin\server\scriptjx2\lib\file.lua:57: unexpected symbol near '%'
error: ...eVs22\TESTLOFFF_ONLINE\bin\server\scriptjx2\lib\file.lua:57: unexpected symbol near '%'
error: ...eVs22\TESTLOFFF_ONLINE\bin\server\scriptjx2\lib\file.lua:57: unexpected symbol near '%'
error: ...eVs22\TESTLOFFF_ONLINE\bin\server\scriptjx2\lib\file.lua:57: unexpected symbol near '%'
error: ...eVs22\TESTLOFFF_ONLINE\bin\server\scriptjx2\lib\file.lua:57: unexpected symbol near '%'
error: ...eVs22\TESTLOFFF_ONLINE\bin\server\scriptjx2\lib\file.lua:57: unexpected symbol near '%'
error: ...eVs22\TESTLOFFF_ONLINE\bin\server\scriptjx2\lib\file.lua:57: unexpected symbol near '%'
error: ...eVs22\TESTLOFFF_ONLINE\bin\server\scriptjx2\lib\file.lua:57: unexpected symbol near '%'
error: ...eVs22\TESTLOFFF_ONLINE\bin\server\scriptjx2\lib\file.lua:57: unexpected symbol near '%'
error: ...eVs22\TESTLOFFF_ONLINE\bin\server\scriptjx2\lib\file.lua:57: unexpected symbol near '%'
error: ...eVs22\TESTLOFFF_ONLINE\bin\server\scriptjx2\lib\file.lua:57: unexpected symbol near '%'
error: ...eVs22\TESTLOFFF_ONLINE\bin\server\scriptjx2\lib\file.lua:57: unexpected symbol near '%'
error: ...eVs22\TESTLOFFF_ONLINE\bin\server\scriptjx2\lib\file.lua:57: unexpected symbol near '%'
error: ...eVs22\TESTLOFFF_ONLINE\bin\server\scriptjx2\lib\file.lua:57: unexpected symbol near '%'
error: ...eVs22\TESTLOFFF_ONLINE\bin\server\scriptjx2\lib\file.lua:57: unexpected symbol near '%'
error: ...eVs22\TESTLOFFF_ONLINE\bin\server\scriptjx2\lib\file.lua:57: unexpected symbol near '%'
error: ...eVs22\TESTLOFFF_ONLINE\bin\server\scriptjx2\lib\file.lua:57: unexpected symbol near '%'
error: ...eVs22\TESTLOFFF_ONLINE\bin\server\scriptjx2\lib\file.lua:57: unexpected symbol near '%'
error: ...eVs22\TESTLOFFF_ONLINE\bin\server\scriptjx2\lib\file.lua:57: unexpected symbol near '%'
error: ...eVs22\TESTLOFFF_ONLINE\bin\server\scriptjx2\lib\file.lua:57: unexpected symbol near '%'
error: ...eVs22\TESTLOFFF_ONLINE\bin\server\scriptjx2\lib\file.lua:57: unexpected symbol near '%'
error: ...eVs22\TESTLOFFF_ONLINE\bin\server\scriptjx2\lib\file.lua:57: unexpected symbol near '%'
error: ...eVs22\TESTLOFFF_ONLINE\bin\server\scriptjx2\lib\file.lua:57: unexpected symbol near '%'
error: ...eVs22\TESTLOFFF_ONLINE\bin\server\scriptjx2\lib\file.lua:57: unexpected symbol near '%'
error: ...eVs22\TESTLOFFF_ONLINE\bin\server\scriptjx2\lib\file.lua:57: unexpected symbol near '%'
error: ...eVs22\TESTLOFFF_ONLINE\bin\server\scriptjx2\lib\file.lua:57: unexpected symbol near '%'
error: ...eVs22\TESTLOFFF_ONLINE\bin\server\scriptjx2\lib\file.lua:57: unexpected symbol near '%'
error: ...eVs22\TESTLOFFF_ONLINE\bin\server\scriptjx2\lib\file.lua:57: unexpected symbol near '%'
error: ...eVs22\TESTLOFFF_ONLINE\bin\server\scriptjx2\lib\file.lua:57: unexpected symbol near '%'
error: ...eVs22\TESTLOFFF_ONLINE\bin\server\scriptjx2\lib\file.lua:57: unexpected symbol near '%'
error: ...eVs22\TESTLOFFF_ONLINE\bin\server\scriptjx2\lib\file.lua:57: unexpected symbol near '%'
error: ...eVs22\TESTLOFFF_ONLINE\bin\server\scriptjx2\lib\file.lua:57: unexpected symbol near '%'
error: ...eVs22\TESTLOFFF_ONLINE\bin\server\scriptjx2\lib\file.lua:57: unexpected symbol near '%'
error: ...eVs22\TESTLOFFF_ONLINE\bin\server\scriptjx2\lib\file.lua:57: unexpected symbol near '%'
error: ...eVs22\TESTLOFFF_ONLINE\bin\server\scriptjx2\lib\file.lua:57: unexpected symbol near '%'
error: ...eVs22\TESTLOFFF_ONLINE\bin\server\scriptjx2\lib\file.lua:57: unexpected symbol near '%'
error: ...eVs22\TESTLOFFF_ONLINE\bin\server\scriptjx2\lib\file.lua:57: unexpected symbol near '%'
error: ...eVs22\TESTLOFFF_ONLINE\bin\server\scriptjx2\lib\file.lua:57: unexpected symbol near '%'
error: ...eVs22\TESTLOFFF_ONLINE\bin\server\scriptjx2\lib\file.lua:57: unexpected symbol near '%'
error: ...eVs22\TESTLOFFF_ONLINE\bin\server\scriptjx2\lib\file.lua:57: unexpected symbol near '%'
error: ...eVs22\TESTLOFFF_ONLINE\bin\server\scriptjx2\lib\file.lua:57: unexpected symbol near '%'
error: ...eVs22\TESTLOFFF_ONLINE\bin\server\scriptjx2\lib\file.lua:57: unexpected symbol near '%'
error: ...eVs22\TESTLOFFF_ONLINE\bin\server\scriptjx2\lib\file.lua:57: unexpected symbol near '%'
error: ...eVs22\TESTLOFFF_ONLINE\bin\server\scriptjx2\lib\file.lua:57: unexpected symbol near '%'
error: ...eVs22\TESTLOFFF_ONLINE\bin\server\scriptjx2\lib\file.lua:57: unexpected symbol near '%'
error: ...eVs22\TESTLOFFF_ONLINE\bin\server\scriptjx2\lib\file.lua:57: unexpected symbol near '%'
error: ...eVs22\TESTLOFFF_ONLINE\bin\server\scriptjx2\lib\file.lua:57: unexpected symbol near '%'
error: ...eVs22\TESTLOFFF_ONLINE\bin\server\scriptjx2\lib\file.lua:57: unexpected symbol near '%'
error: ...eVs22\TESTLOFFF_ONLINE\bin\server\scriptjx2\lib\file.lua:57: unexpected symbol near '%'
error: ...eVs22\TESTLOFFF_ONLINE\bin\server\scriptjx2\lib\file.lua:57: unexpected symbol near '%'
error: ...eVs22\TESTLOFFF_ONLINE\bin\server\scriptjx2\lib\file.lua:57: unexpected symbol near '%'
error: ...eVs22\TESTLOFFF_ONLINE\bin\server\scriptjx2\lib\file.lua:57: unexpected symbol near '%'
error: ...eVs22\TESTLOFFF_ONLINE\bin\server\scriptjx2\lib\file.lua:57: unexpected symbol near '%'
error: ...eVs22\TESTLOFFF_ONLINE\bin\server\scriptjx2\lib\file.lua:57: unexpected symbol near '%'
error: ...eVs22\TESTLOFFF_ONLINE\bin\server\scriptjx2\lib\file.lua:57: unexpected symbol near '%'
error: ...eVs22\TESTLOFFF_ONLINE\bin\server\scriptjx2\lib\file.lua:57: unexpected symbol near '%'
error: ...eVs22\TESTLOFFF_ONLINE\bin\server\scriptjx2\lib\file.lua:57: unexpected symbol near '%'
error: ...eVs22\TESTLOFFF_ONLINE\bin\server\scriptjx2\lib\file.lua:57: unexpected symbol near '%'
error: ...eVs22\TESTLOFFF_ONLINE\bin\server\scriptjx2\lib\file.lua:57: unexpected symbol near '%'
error: ...eVs22\TESTLOFFF_ONLINE\bin\server\scriptjx2\lib\file.lua:57: unexpected symbol near '%'
error: ...eVs22\TESTLOFFF_ONLINE\bin\server\scriptjx2\lib\file.lua:57: unexpected symbol near '%'
error: ...eVs22\TESTLOFFF_ONLINE\bin\server\scriptjx2\lib\file.lua:57: unexpected symbol near '%'
error: ...eVs22\TESTLOFFF_ONLINE\bin\server\scriptjx2\lib\file.lua:57: unexpected symbol near '%'
error: ...eVs22\TESTLOFFF_ONLINE\bin\server\scriptjx2\lib\file.lua:57: unexpected symbol near '%'
error: ...eVs22\TESTLOFFF_ONLINE\bin\server\scriptjx2\lib\file.lua:57: unexpected symbol near '%'
error: ...eVs22\TESTLOFFF_ONLINE\bin\server\scriptjx2\lib\file.lua:57: unexpected symbol near '%'
